kepid_x,kepoi_name,koi_tce_plnt_num,koi_pdisposition,koi_score,koi_period,koi_max_mult_ev,koi_prad,koi_prad_err1,koi_prad_err2,koi_ror,koi_ror_err1,koi_ror_err2,radius,radius_err1,radius_err2,teff,corrected_prad,corrected_prad_err1,corrected_prad_err2,rowid,kepid_y,fpp_koi_period,fpp_prob,fpEffectiveness,obsFpRate,reliability,fpp_prob_use,totalReliability
10872983,K00756.01,1,CANDIDATE,1.0,11.09432054,55.204865000000005,3.9,1.27,-0.42,0.036779,0.005115,-0.001065,1.145,0.083,-0.076,6046,4.608810579772841,0.7228082225299449,-0.3337557292634899,1274,10872983,11.094,3.6e-05,0.9877356790447688,0.0026246855488317174,0.999967324561021,3.6e-05,0.9999313257373368
10872983,K00756.02,2,CANDIDATE,1.0,4.13443512,33.546658,2.77,0.9,-0.3,0.026133,0.001968,-0.002055,1.145,0.083,-0.076,6046,3.274750452192927,0.3422987466622759,-0.3369870357811267,1275,10872983,4.134,6.3e-06,0.9877356790447888,0.014969574811678835,0.999811304047037,6.3e-06,0.9998050052358215
10872983,K00756.03,3,CANDIDATE,0.992,2.56658897,12.325094,1.59,0.52,-0.17,0.014983,0.003935,-0.001417,1.145,0.083,-0.076,6046,1.877533617464762,0.5115364365167363,-0.21693376575950496,1276,10872983,2.567,7.8e-05,0.9877356790447888,0.08577706139143798,0.9988350110242902,7.8e-05,0.9987571018934303
7938496,K00900.01,1,CANDIDATE,1.0,13.81020318,40.226162,4.56,1.33,-0.88,0.0365949999999999,0.0001,-0.003401,1.097,0.097,-0.087,5942,4.393512179949019,0.38867287158145575,-0.5367780272720285,680,7938496,13.81,0.046,0.9877356790447888,0.01014702039228628,0.9998727169409944,0.046,0.9538785719617087
6362874,K01128.01,1,CANDIDATE,1.0,0.974868896,24.318182,1.16,0.12,-0.06,0.012716,0.000388,-0.000161,0.842,0.036,-0.034,5487,1.1717799601057135,0.06154965140900325,-0.04958795833264916,1793,6362874,0.975,0.00027,0.9877356790447888,0.030967891725650884,0.9996031958201675,0.00027,0.999333302957296
3660924,K01214.01,1,CANDIDATE,1.0,4.24153629,14.714512,1.44,0.39,-0.28,0.012577,0.000571,-0.000505,1.221,0.107,-0.097,5776,1.6806457457997734,0.16587171796605846,-0.1496004977145607,1523,3660924,4.242,0.001,0.9877356790447888,0.07296745540086051,0.9990226795501128,0.001,0.9980236568705627
10724369,K01302.01,1,CANDIDATE,1.0,55.6391882,38.47574,3.13,0.97,-0.32,0.0298029999999999,0.002837,-0.003148,0.991,0.077,-0.07,5949,3.232340419094502,0.39717890115074167,-0.41072933650544813,1358,10724369,55.639,0.0012,0.9877356790447888,0.02631976550622474,0.999664364084458,0.0012,0.9984647668475567
10730034,K01305.01,1,CANDIDATE,1.0,2.633852528,20.749485,1.38,0.07,-0.12,0.0144319999999999,0.0006349999999999,-0.000588,0.859,0.042,-0.04,5113,1.3567603387868015,0.08924328316574663,-0.08394769245593922,1361,10730034,2.634,1.1e-05,0.9877356790447888,0.043120470377146544,0.9994404627661249,1.1e-05,0.9994294689210345
10730034,K01305.02,2,CANDIDATE,0.978,6.18670882,11.189779,1.21,0.06,-0.1,0.01265,0.000839,-0.000473,0.859,0.042,-0.04,5113,1.18923352866222,0.09799108949078511,-0.07102105185660279,1362,10730034,6.187,0.00028,0.9877356790447888,0.10004966188871091,0.998619616223007,0.00028,0.9983400027304646
10713616,K01311.01,1,CANDIDATE,0.939,83.5781976,46.45182,6.63,0.88,-2.06,0.023697,0.003251,-0.000729,1.077,0.047,-0.044,6065,2.7931388628397933,0.40211133598118787,-0.14284532973884895,1406,10713616,83.578,0.044,0.9877356790447874,0.022734093010271888,0.9997111531405003,0.044,0.9557238624023182
6631721,K00160.01,1,CANDIDATE,1.0,13.73808249,63.54221999999999,3.84,1.09,-0.73,0.029865,0.000405,-0.001208,1.11,0.083,-0.075,6375,3.6280139936760634,0.27570921210499794,-0.2857040257593567,368,6631721,13.738,0.42,0.9877356782010298,0.0013371221607684123,0.9999833752556344,0.42,0.579990357648268
4455231,K01332.01,1,CANDIDATE,1.0,19.30581662,30.262682,4.0,0.62,-0.93,0.0240669999999999,0.000823,-0.00035,1.07,0.058,-0.055,5665,2.818312788352619,0.18062786599988134,-0.1505528681784745,1496,4455231,19.306,0.0026,0.9877356790447888,0.026496352992668525,0.999662050908053,0.0026,0.9970629295756921
4455231,K01332.02,3,CANDIDATE,0.999,6.09747233,13.949024,2.22,0.34,-0.52,0.013336,0.000669,-0.000588,1.07,0.058,-0.055,5665,1.5616827749811226,0.11534030973516164,-0.10575930288060029,1497,4455231,6.097,0.00037,0.9877356790447888,0.08024713725963921,0.9989166690125957,0.00037,0.998547069845061
4455231,K01332.03,2,CANDIDATE,0.991,56.637918000000006,17.116478,3.68,0.57,-0.85,0.022163,0.000785,-0.0010019999999999,1.07,0.058,-0.055,5665,2.595349080826831,0.16805323715910664,-0.1776656291989025,1498,4455231,56.638,0.014,0.9877356790447888,0.15074986897277257,0.9977959365813626,0.014,0.9838267934692235
8255887,K00908.01,1,CANDIDATE,1.0,4.7083264510000005,619.7065,10.6,2.85,-2.56,0.080242,0.0001629999999999,-0.0001149999999999,1.142,0.095,-0.086,5560,10.028853894223507,0.8345228827415899,-0.7553744383687864,763,8255887,4.708,0.0012,3.996316425595284e-291,9.495503484735586e-25,0.0,0.0012,0.0
11460018,K00769.01,1,CANDIDATE,1.0,4.280963604,52.913242,2.3,0.58,-0.19,0.025377,0.0001409999999999,-0.000935,0.961,0.083,-0.075,5644,2.6689910840202615,0.2309929089285384,-0.23034380584856295,668,11460018,4.281,6.9e-07,0.9877356790447883,0.002805630969650446,0.9999650655833914,6.9e-07,0.9999643756074961
5881688,K00843.01,1,CANDIDATE,1.0,4.190425659,245.59174,6.21,2.05,-0.82,0.050076,0.00173,-0.000957,1.194,0.103,-0.094,6073,6.543610086961992,0.6080672302404925,-0.5301198187169903,1055,5881688,4.19,0.00015,2.3115750886486235e-89,1.4062046089851812e-10,0.0,0.00015,0.0
6022556,K00844.01,1,CANDIDATE,1.0,3.709870784,88.43494,4.35,0.64,-0.28,0.040686,0.000711,-0.000254,1.042,0.063,-0.058,5722,4.639766975270577,0.29200603285875515,-0.2598788696020507,1056,6022556,3.71,1.1e-09,0.00013562236459003642,0.00012544949893617544,0.07501817289228863,1.1e-09,0.07501817280976864
6276477,K00849.01,1,CANDIDATE,1.0,10.35533116,43.478497,2.47,0.59,-0.31,0.024674,0.000863,-0.00039,0.856,0.066,-0.06,5501,2.3115153443241883,0.19570454033254742,-0.16609047666020524,1061,6276477,10.355,0.00042,0.9877356790447888,0.007163392948333806,0.9999104132546628,0.00042,0.9994904508810959
6291653,K00850.01,1,CANDIDATE,0.999,10.526294577,488.70584,8.24,1.48,-0.8,0.0951429999999999,0.000586,-0.00148,0.954,0.078,-0.071,5386,9.933645825792839,0.8144861043129843,-0.7552726041658893,1062,6291653,10.526,0.005,9.046534614124028e-221,9.781042147485023e-20,0.0,0.005,0.0
6422070,K00852.01,1,CANDIDATE,0.876,3.76181843,29.971922,2.66,0.73,-0.26,0.025656,0.0002009999999999,-0.004673,1.113,0.096,-0.087,5653,3.1251262505663226,0.2706623101204767,-0.619416318863208,1097,6422070,3.762,2.8e-05,0.9877356790447888,0.020191556041906235,0.9997441229255674,2.8e-05,0.9997161300901254
8552202,K00914.01,1,CANDIDATE,1.0,3.886655224,41.233078000000006,1.87,0.36,-0.15,0.023262,0.002814,-0.001107,1.004,0.085,-0.077,5662,2.5560198360181223,0.3774025634249138,-0.23070116422799594,771,8552202,3.887,1.5e-05,0.9877356790447888,0.007675366113708924,0.9999039608973429,1.5e-05,0.9998889623379295
10154388,K00991.01,1,CANDIDATE,0.999,12.06222962,27.932955,1.62,0.21,-0.13,0.0159449999999999,0.000269,-0.000666,0.871,0.038,-0.036,5547,1.5199389144695348,0.07109703506254007,-0.08931412655900449,1833,10154388,12.062,0.002,0.9877356790447888,0.028136869875584346,0.9996405210691318,0.002,0.9976412400269935
8240904,K01070.01,1,CANDIDATE,1.0,6.61836309,27.650803000000003,2.98,0.49,-0.66,0.0211,0.000735,-0.000478,1.121,0.071,-0.066,5530,2.5886392005411527,0.18711589334806703,-0.1633016690509162,1517,8240904,6.618,5.1e-06,0.9877356790447888,0.025986853134212652,0.9996687227297558,5.1e-06,0.9996636244192699
8280511,K01151.01,1,CANDIDATE,1.0,10.43547031,29.555204,1.22,0.13,-0.09,0.013143,0.0003799999999999,-0.000267,0.856,0.037,-0.035,5528,1.2312655495846967,0.06402919375925938,-0.05621526760194538,1884,8280511,10.435,6.1e-06,0.9877356790447888,0.023766845041885507,0.9996977121113675,6.1e-06,0.9996916139553236
8280511,K01151.02,2,CANDIDATE,0.997,7.41084314,21.517443,0.94,0.1,-0.08,0.010073,0.000381,-0.000304,0.856,0.037,-0.035,5528,0.9436611033224263,0.05420087701643478,-0.04795646268673822,1885,8280511,7.411,4.7e-05,0.9877356790447888,0.04421867618141722,0.9994255530046215,4.7e-05,0.9993785800036303
8280511,K01151.03,3,CANDIDATE,0.975,5.24970432,12.187006,0.67,0.07,-0.06,0.007159,0.000399,-0.000335,0.856,0.037,-0.035,5528,0.6706710849484017,0.04730310896001016,-0.04167624636248891,1886,8280511,5.25,0.001,0.9877356790447888,0.09096511561573731,0.9987574980130534,0.001,0.9977587405150403
8280511,K01151.04,4,CANDIDATE,0.895,17.453294500000002,8.376621,0.76,0.08,-0.06,0.008165,0.000399,-0.000474,0.856,0.037,-0.035,5528,0.7649154083815756,0.04990353516152457,-0.05431399313979842,1887,8280511,17.453,0.0024,0.9877356790447888,0.15038427385005493,0.9978022279479863,0.0024,0.9954075026009113
11359879,K00128.01,1,CANDIDATE,0.996,4.942783419,1927.6256,10.62,1.44,-0.73,0.099444,0.000194,-0.0002109999999999,1.229,0.056,-0.053,5514,13.375620043606846,0.610025155971372,-0.5775145707133815,196,11359879,4.943,0.055,0.0,2.6512273520787914e-74,0.0,0.055,0.0
8240904,K01070.02,2,CANDIDATE,1.0,107.7214092,20.731815,4.75,0.79,-1.05,0.033622,0.00121,-0.000603,1.121,0.071,-0.066,5530,4.1248922843883715,0.3004849819499986,-0.253874863903723,1518,8240904,107.721,0.00043,0.9877356790447888,0.25971506126277727,0.9956438684361989,0.00043,0.9952157415727713
8280511,K01151.05,5,CANDIDATE,0.795,21.7203362,7.773399,0.8,0.08,-0.07,0.00856,0.000482,-0.0005269999999999,0.856,0.037,-0.035,5528,0.801919889252454,0.05692488760378525,-0.05926680249146032,1888,8280511,21.72,0.27,0.9877356790447888,0.16857252503819656,0.9974825248867658,0.27,0.728162243167339
12070811,K00785.01,1,CANDIDATE,1.0,12.3935651,31.608551,2.66,0.54,-0.23,0.032536,2.5e-05,-0.0046619999999999,0.793,0.065,-0.059,5557,2.8237146195570104,0.23146218733711998,-0.45589481847725116,754,12070811,12.394,2.7e-05,0.9877356790447888,0.02070849746297632,0.9997374334675241,2.7e-05,0.9997104405568205
12110942,K00786.01,1,CANDIDATE,1.0,3.689920099,31.786789,1.89,0.54,-0.2,0.018878,0.000671,-0.00037,1.201,0.104,-0.094,5880,2.481318107318147,0.23226496794990525,-0.20020468297536406,755,12110942,3.69,1e-05,0.9877356790447888,0.017262373446900677,0.9997818949662161,1e-05,0.9997718971472664
6849310,K00864.01,1,CANDIDATE,1.0,4.311780262,68.72953000000001,3.11,0.39,-0.21,0.030716,0.000643,-0.0004309999999999,0.879,0.051,-0.048,5522,2.954860548514976,0.18225996363934147,-0.1665993954572819,1145,6849310,4.312,4e-07,0.9877354968463253,0.0007078530618264939,0.9999912045120458,4e-07,0.999990804515564
6849310,K00864.02,2,CANDIDATE,1.0,20.0504494,29.427977,2.69,0.33,-0.18,0.026569,0.000508,-0.000927,0.879,0.051,-0.048,5522,2.5559216666719102,0.1561404844128028,-0.16562908863411135,1146,6849310,20.05,5.1e-05,0.9877356790447888,0.02884517281129353,0.9996312029506583,5.1e-05,0.9995802217593078
10426656,K01161.01,1,CANDIDATE,1.0,6.05729966,27.37242,1.94,0.21,-0.26,0.017666,0.000605,-0.000458,1.233,0.057,-0.054,5330,2.3838820215517247,0.13714930508781914,-0.1213250346208233,1933,10426656,6.057,1.5e-05,0.9877356790447888,0.02632629686870083,0.9996642785429785,1.5e-05,0.9996492835788003
10426656,K01161.02,2,CANDIDATE,0.991,10.93725572,20.159246,2.41,0.27,-0.32,0.021998,0.002892,-0.003403,1.233,0.057,-0.054,5330,2.968449943965517,0.4136759833839955,-0.47725504595563356,1934,10426656,10.937,0.0017,0.9877356790447888,0.05284652550076604,0.9993072144063512,0.0017,0.9976083921418604
6441738,K01246.01,1,CANDIDATE,1.0,19.03723442,22.91305,5.74,1.29,-0.93,0.018189,0.0007769999999999,-0.000452,1.145,0.057,-0.054,5248,2.27928044904669,0.1495154453869891,-0.12150393921743907,1762,6441738,19.037,0.00031,0.9877356790447888,0.04888874294183144,0.9993617654441838,0.00031,0.999051963296896
12470844,K00790.01,1,CANDIDATE,1.0,8.47237911,39.867977,2.59,0.37,-0.22,0.030119,0.000904,-0.000397,0.834,0.066,-0.06,5354,2.7490969422036238,0.2326761436221435,-0.2010688748490618,760,12470844,8.472,1.2e-05,0.9877356790447888,0.009439376465455179,0.9998816781332481,1.2e-05,0.9998696795531106
12470844,K00790.02,2,CANDIDATE,0.989,60.41893689999999,15.139797,2.36,0.34,-0.2,0.027422,0.001196,-0.000917,0.834,0.066,-0.06,5354,2.502929590926252,0.2261636228102725,-0.19856877086476646,761,12470844,60.419,0.00047,0.9877356790447888,0.1850148310902211,0.9971812302395503,0.00047,0.9967125550613377
6849310,K00864.03,3,CANDIDATE,1.0,9.76734503,17.335663,2.67,0.33,-0.18,0.026407,0.0018789999999999,-0.004856,0.879,0.051,-0.048,5522,2.5403373650421597,0.2332337302953341,-0.48730627385010855,1147,6849310,9.767,0.0017,0.9877356790447888,0.0652125366644089,0.9991337944135354,0.0017,0.9974352669630324
10426656,K01161.03,3,CANDIDATE,0.961,2.97136658,19.352438,1.52,0.17,-0.2,0.013899,0.000395,-0.000575,1.233,0.057,-0.054,5330,1.8755562219827586,0.10177810682979509,-0.11299387367691095,1935,10426656,2.971,1.5e-05,0.9877356790447888,0.048742080423637195,0.9993637782055877,1.5e-05,0.9993487877489147
10528068,K01162.01,1,CANDIDATE,0.999,158.6850022,89.57583000000001,3.08,0.44,-0.49,0.027275,0.000603,-0.000218,1.123,0.049,-0.046,5751,3.3521849440756353,0.16397017530698335,-0.1399007947498326,1936,10528068,158.685,3e-06,8.078172050420638e-13,0.002338151967783248,0.0,3e-06,0.0
10468940,K01163.01,1,CANDIDATE,1.0,2.936527336,29.484695,1.92,0.21,-0.26,0.01755,0.003477,-0.000647,0.794,0.036,-0.034,5359,1.525039452240121,0.30995135002655266,-0.08617162154542299,1937,10468940,2.937,6.9e-05,0.9877356790447888,0.020720199941988773,0.9997372819503526,6.9e-05,0.9996683000778981
10468940,K01163.02,2,CANDIDATE,1.0,8.01500821,22.859743,2.0,0.22,-0.27,0.018282,0.003879,-0.001133,0.794,0.036,-0.034,5359,1.58864793537629,0.3446829251558641,-0.11967032499886797,1972,10468940,8.015,0.00062,0.9877356790447888,0.03997675127455573,0.9994829547967194,0.00062,0.9988632753647455
2713049,K00794.01,1,CANDIDATE,1.0,2.539183147,34.037075,2.06,0.29,-0.28,0.017724,0.000507,-0.0004799999999999,1.029,0.056,-0.052,5525,1.9960001600176187,0.1227173462635243,-0.11443830116631891,799,2713049,2.539,4.8e-05,0.9877356790447888,0.013917539495128898,0.9998247524342766,4.8e-05,0.9997767608461597
9334289,K00934.01,1,CANDIDATE,1.0,5.826657507999999,61.85785,4.09,0.6,-0.49,0.035356,0.000729,-0.000371,0.931,0.07,-0.064,5561,3.6024358993833374,0.28085990653727827,-0.2505117492638483,860,9334289,5.827,5.8e-06,0.9877356790021836,0.0013270435307055038,0.9999835007331414,5.8e-06,0.9999777008288372
9334289,K00934.02,3,CANDIDATE,0.998,12.41216347,18.328804,2.58,0.38,-0.31,0.0222699999999999,0.00099,-0.000547,0.931,0.07,-0.064,5561,2.2690985258305965,0.1981980154906968,-0.16564327105720905,861,9334289,12.412,0.00015,0.9877356790447888,0.06311282535320333,0.9991635632719442,0.00015,0.9990136887374534
9334289,K00934.03,2,CANDIDATE,1.0,18.74649011,19.490282,3.05,0.45,-0.37,0.026327,0.000298,-0.001573,0.931,0.07,-0.064,5561,2.682467754357538,0.20396202465029836,-0.24431860291253124,862,9334289,18.746,0.0064,0.9877356790447888,0.0644492603711817,0.9991446312947677,0.0064,0.9927501056544813
10351231,K01166.01,1,CANDIDATE,0.994,7.6746614,18.007523000000003,2.8,0.89,-0.29,0.025638,0.000394,-0.005301,0.988,0.084,-0.076,6063,2.7721998994462624,0.23951247862362482,-0.6115718182845351,1976,10351231,7.675,0.11,0.9877356790447888,0.059406000379401795,0.9992157927094152,0.11,0.8893020555113795
10482160,K01170.01,1,CANDIDATE,0.965,7.34373964,25.57594,1.84,0.4,-0.14,0.022075,0.000666,-0.000678,0.899,0.069,-0.062,5757,2.171920175638686,0.17911538350072764,-0.16397005152151264,1979,10482160,7.344,0.035,0.9877356790447888,0.031410955793145345,0.9995973345522123,0.035,0.9646114278428849
3329204,K01095.01,1,CANDIDATE,0.997,51.59809554,81.96965,6.57,1.9,-0.59,0.070071,0.001149,-0.001167,1.125,0.1,-0.091,5681,8.627287949518625,0.7798093676059282,-0.7124899915072463,1650,3329204,51.598,0.5,0.0018467724807180563,0.000561645248502933,0.6962684558382229,0.5,0.34813422791911147
8612847,K01264.01,1,CANDIDATE,1.0,14.13175309,33.003277000000004,3.02,0.76,-0.25,0.033654,0.000337,-0.004031,0.783,0.066,-0.06,5616,2.883911362226278,0.24479766760386584,-0.41006959191176123,1850,8612847,14.132,3.8e-05,0.9877356790447888,0.019002407159555174,0.9997594842930317,3.8e-05,0.9997214934326286
3641726,K00804.01,1,CANDIDATE,1.0,9.02930689,47.37303,2.57,0.44,-0.26,0.028718,0.000882,-0.000544,0.892,0.071,-0.065,5349,2.8035125281902844,0.2391848580601191,-0.2110816120409387,843,3641726,9.029,2.4e-05,0.9877356790447888,0.004980459578029918,0.999937850079734,2.4e-05,0.9999138515713321
2716853,K01022.01,1,CANDIDATE,1.0,18.82744023,25.10813,2.7,0.78,-0.25,0.028791,0.001045,-0.000663,0.939,0.084,-0.075,5687,2.9587331486439714,0.28563554848368533,-0.24594635821747632,1332,2716853,18.827,0.00012,0.9877356790447888,0.04055751869524736,0.9994751258323371,0.00012,0.9993551888172372
8564587,K01270.01,1,CANDIDATE,1.0,5.729317577000001,41.12044,2.41,0.38,-0.2,0.028094,0.003956,-0.0013109999999999,0.825,0.037,-0.035,5320,2.536594125188774,0.3748643588408163,-0.15997478752702707,1856,8564587,5.729,0.0013,0.9877356790447888,0.00803230718399506,0.9998994584567968,0.0013,0.998599589160803
8564587,K01270.02,2,CANDIDATE,1.0,11.60908533,21.786615,1.71,0.26,-0.15,0.019868,0.000851,-0.000294,0.825,0.037,-0.035,5320,1.7938724310974072,0.11124940253180979,-0.08060033171357485,1857,8564587,11.609,0.01,0.9877356790447888,0.04675804848354665,0.9993909457254091,0.01,0.989397036268155
9513865,K00943.01,1,CANDIDATE,1.0,3.6014653360000004,42.125446,2.31,0.11,-0.18,0.0247639999999999,0.000907,-0.000389,0.856,0.05,-0.047,5053,2.3199467450289357,0.1599470854783341,-0.13249066606291918,904,9513865,3.601,0.00016,0.9877356790447888,0.007065409092478646,0.9999116473788651,0.00016,0.9997516615152844
5735762,K00148.01,2,CANDIDATE,1.0,4.77800306,83.910446,1.85,0.13,-0.14,0.0193759999999999,0.000441,-0.00016,0.846,0.036,-0.034,5192,1.7939814351875063,0.08657325729149595,-0.07360472958332272,286,5735762,4.778,1.1e-06,0.03201902968860492,0.00019007758759215652,0.9942525907634142,1.1e-06,0.9942514970855644
3859628,K01191.01,1,CANDIDATE,1.0,8.17242644,31.579298,3.29,0.44,-0.19,0.033266,0.000847,-0.005804,0.905,0.054,-0.05,5705,3.294827013749056,0.2137480878591425,-0.6029897134763268,1394,3859628,8.172,0.0019,0.9877356790447888,0.0191489925295808,0.9997575927230682,0.0019,0.9978580532968944
8806072,K01273.01,1,CANDIDATE,0.927,40.05881661,46.182766,3.43,0.98,-0.31,0.03618,9.5e-05,-0.003812,0.861,0.066,-0.059,5668,3.4092211153410514,0.2614872963005173,-0.4284895834632424,1892,8806072,40.059,0.0049,0.9877356790447888,0.010077108256540748,0.9998736028380807,0.0049,0.9949742221841741
8804283,K01276.01,1,CANDIDATE,1.0,22.79020351,40.07861,2.57,0.36,-0.36,0.02233,0.000728,-0.00039,0.98,0.046,-0.044,5478,2.394959945255474,0.13687214490732177,-0.11537800531788359,1894,8804283,22.79,0.00017,0.9877356790447888,0.012223224269933679,0.999846351001088,0.00017,0.9996763771214178
8804283,K01276.02,2,CANDIDATE,1.0,13.26079792,14.653385,1.47,0.2,-0.21,0.0127599999999999,0.00065,-0.0004969999999999,0.98,0.046,-0.044,5478,1.3685485401459745,0.09479781691962397,-0.08134426226446388,1895,8804283,13.261,0.00053,0.9877356790447888,0.08622893639445355,0.9988282947013786,0.00053,0.9982989157051868
4275191,K00813.01,1,CANDIDATE,1.0,3.895936525,375.5263,7.34,1.53,-0.65,0.08689,0.000424,-0.00262,1.063,0.098,-0.088,5557,10.108495390605334,0.9332260178320401,-0.8906090888413619,889,4275191,3.896,0.00012,2.05467559783076e-159,1.6688942753418765e-15,0.0,0.00012,0.0
4476123,K00814.01,1,CANDIDATE,0.999,22.36646466,25.599396,2.32,0.38,-0.16,0.028938,0.000601,-0.001166,0.987,0.089,-0.08,5395,3.1258571032909637,0.2892450849118475,-0.2829415459905592,890,4476123,22.366,9.2e-05,0.9877356790447888,0.04159169274595318,0.9994611612841551,9.2e-05,0.999369210857317
4664847,K00816.01,1,CANDIDATE,1.0,7.748094238999999,106.29421,5.52,1.7,-0.56,0.046615,0.0026449999999999,-0.001294,1.14,0.123,-0.108,5973,5.815860695633022,0.7089832330051297,-0.5741420584035077,892,4664847,7.748,0.00045,2.0123593246426664e-14,2.858195496233235e-05,0.0,0.00045,0.0
9761882,K00948.01,1,CANDIDATE,1.0,24.58716355,30.480999,2.37,0.41,-0.21,0.028979,0.005072,-0.00156,0.911,0.076,-0.069,5474,2.8892507021300027,0.5601932383282059,-0.26847628958170344,944,9761882,24.587,0.00038,0.9877356790447888,0.02875406733234213,0.9996324022554671,0.00038,0.99925254194261
8609450,K01278.01,2,CANDIDATE,1.0,24.8056775,32.728817,2.16,0.22,-0.22,0.022674,0.0006309999999999,-0.000465,1.162,0.067,-0.062,5600,2.883485195633023,0.18461175758593346,-0.16482526588603882,1897,8609450,24.806,4.8e-05,0.9877356790447888,0.02385522837619322,0.9996965605015419,4.8e-05,0.9996485750666377
8609450,K01278.02,1,CANDIDATE,1.0,44.3471936,31.948462,2.45,0.25,-0.25,0.0257319999999999,0.000605,-0.000582,1.162,0.067,-0.062,5600,3.2723754544424737,0.20376624317105085,-0.18964130283739317,1898,8609450,44.347,3.6e-05,0.9877356790447888,0.03690066382236742,0.9995242641703607,3.6e-05,0.9994882812968505
8609450,K01278.03,4,CANDIDATE,0.896,9.220769099999998,11.264972,1.02,0.11,-0.1,0.010738,0.000475,-0.000721,1.162,0.067,-0.062,5600,1.3655669061792095,0.09923977091799562,-0.1171152265957407,1899,8609450,9.221,0.00024,0.9877356790447888,0.10489241778228175,0.9985449710784068,0.00024,0.9983053202853479
8609450,K01278.04,3,CANDIDATE,0.992,13.639664800000002,11.99926,1.1,0.11,-0.11,0.0115859999999999,0.000609,-0.000569,1.162,0.067,-0.062,5600,1.4734082859929396,0.11495889292115569,-0.10684783440842122,1900,8609450,13.64,0.00047,0.9877356790447888,0.10699819905790932,0.9985122604825936,0.00047,0.9980429597201668
8628758,K01279.01,1,CANDIDATE,1.0,14.37457572,42.90383,1.94,0.29,-0.24,0.016643,0.000446,-0.000215,1.065,0.048,-0.045,5768,1.9398344892870627,0.10171613558371877,-0.0857100379156087,1902,8628758,14.375,9e-08,0.9877356790447888,0.008138733083327746,0.9998981153775589,9e-08,0.9998980253867286
8628758,K01279.02,2,CANDIDATE,0.971,9.65188331,16.245525,1.08,0.16,-0.14,0.009238,0.000463,-0.000271,1.065,0.048,-0.045,5768,1.0767404321356655,0.07257633484474199,-0.05538595205138588,1938,8628758,9.652,7.7e-05,0.9877356790447888,0.07110372825106749,0.9990495529674676,7.7e-05,0.9989726261518891
757450,K00889.01,1,CANDIDATE,0.999,8.884922995,474.02078,10.51,0.56,-0.57,0.114124,0.000396,-0.000266,0.962,0.047,-0.044,5332,12.015324732821545,0.5885059740547137,-0.550270580560343,1286,757450,8.885,0.0027,9.032732611749553e-213,3.410889953841517e-19,0.0,0.0027,0.0
9766437,K00949.01,1,CANDIDATE,1.0,12.53248222,52.609734,3.24,0.94,-0.32,0.032795,0.002946,-0.00159,1.052,0.09,-0.081,5997,3.775781295305814,0.4683886279100736,-0.34355493101907547,945,9766437,12.532,1.5e-05,0.9877356790447879,0.0033827661586474126,0.9999578549716689,1.5e-05,0.9999428556038443
5735762,K00148.02,1,CANDIDATE,1.0,9.673958488,134.0802,2.63,0.2,-0.19,0.027629,0.000307,-0.000293,0.846,0.036,-0.034,5192,2.5581086433111,0.11250560164208279,-0.10632711908316012,287,5735762,9.674,1.3e-05,1.6822184275403373e-29,2.628147117711362e-06,0.0,1.3e-05,0.0
5358241,K00829.01,1,CANDIDATE,1.0,18.64932728,36.000114,3.12,0.47,-0.28,0.027096,0.000733,-0.000426,1.09,0.074,-0.068,5776,3.2323258633274605,0.23622195594785023,-0.20795453574801342,939,5358241,18.649,1.4e-05,0.9877356790447888,0.0160289235120763,0.9997977331134175,1.4e-05,0.9997837359451539
9820483,K00953.01,1,CANDIDATE,1.0,3.584101048,152.47115,4.66,1.34,-0.44,0.046303,0.0006889999999999,-0.000371,0.971,0.091,-0.082,5739,4.920529226041404,0.46691780153053625,-0.4174000123021828,1705,9820483,3.584,2.3e-06,4.05342565528256e-39,4.6900059992238895e-07,0.0,2.3e-06,0.0
5735762,K00148.03,3,CANDIDATE,0.998,42.89645024,44.07612,2.0,0.15,-0.15,0.02097,0.000602,-0.0002299999999999,0.846,0.036,-0.034,5192,1.9415664066826075,0.09966317499844893,-0.08088351972415726,288,5735762,42.896,0.00017,0.9877356790447888,0.01276548716031469,0.9998394464808026,0.00017,0.9996694737749009
10682541,K00751.01,1,CANDIDATE,1.0,4.99677968,24.283327,2.78,0.52,-0.23,0.030014,0.004603,-0.002436,0.847,0.072,-0.065,5339,2.7822153615970295,0.4878472778035444,-0.3107690857510752,1268,10682541,4.997,0.0022,0.9877356790447888,0.0335119559423011,0.999569467385827,0.0022,0.9973704145575781
5358241,K00829.02,3,CANDIDATE,0.998,9.75192101,24.258644,2.76,0.43,-0.24,0.0240419999999999,0.000898,-0.005325,1.09,0.074,-0.068,5776,2.8680092414422234,0.22223202980037998,-0.6599450383582502,962,5358241,9.752,7.8e-05,0.9877356790447888,0.03672939425027433,0.9995265564288348,7.8e-05,0.9994485933574333
5358241,K00829.03,2,CANDIDATE,1.0,38.557654600000006,32.640865000000005,4.02,0.62,-0.36,0.03498,0.003036,-0.005546,1.09,0.074,-0.068,5776,4.172821032595016,0.45980567567476105,-0.7109648831614903,963,5358241,38.558,0.0038,0.9877356790447888,0.03120791453617739,0.9996000212382881,0.0038,0.9958015411575826
6869184,K01732.01,1,CANDIDATE,1.0,43.316742700000006,21.455402,2.42,0.53,-0.19,0.0286209999999999,0.001201,-0.000633,1.073,0.095,-0.086,5654,3.3609958891423237,0.3293020184852877,-0.27944868479198937,2020,6869184,43.317,5.4e-05,0.9877356790447888,0.08572812249536611,0.9988357380160012,5.4e-05,0.9987818008861483
8396405,K01733.01,1,CANDIDATE,0.938,19.18109525,14.985963,1.72,0.09,-0.1,0.026864,0.001238,-0.000951,1.134,0.102,-0.091,5214,3.334012233073244,0.3369532303351475,-0.29242091009446625,2021,8396405,19.181,0.0024,0.9877356790447888,0.09329872353314972,0.9987223431121129,0.0024,0.9963254094886439
6604328,K01736.01,1,CANDIDATE,1.0,31.0033072,17.33398,2.72,0.72,-0.31,0.023218,0.000991,-0.000687,1.019,0.103,-0.091,6090,2.589300448244399,0.28410243745032354,-0.2435950221532994,2024,6604328,31.003,0.00017,0.9877356790447888,0.09552555846971231,0.9986886275607897,0.00017,0.9985188504941044
4365645,K01738.01,1,CANDIDATE,0.999,4.16787814,27.731834000000003,1.07,0.1,-0.04,0.011622,0.000334,-0.0004269999999999,0.854,0.036,-0.034,5251,1.0862310111376792,0.055418166819596125,-0.05884649080233774,2025,4365645,4.168,0.026,0.9877356790447888,0.024632260544128325,0.9996864270091801,0.026,0.9736945799069414
8832512,K01821.01,1,CANDIDATE,1.0,9.97682072,50.714653000000006,2.85,0.73,-0.46,0.028075,0.0011279999999999,-0.000548,0.856,0.066,-0.06,5500,2.6301286087339544,0.22867182165736788,-0.19136946384381537,2423,8832512,9.977,2.9e-05,0.9877356790447888,0.0037950332081185534,0.9999526990739268,2.9e-05,0.9999237004456537
7269493,K01961.01,1,CANDIDATE,1.0,1.907810683,39.49102,0.91,0.09,-0.04,0.010107,0.000124,-0.0004089999999999,1.149,0.05,-0.047,5435,1.2709420534073748,0.057462502597352735,-0.07312952863378869,2520,7269493,1.908,0.00038,0.9877356790447888,0.008588478282562819,0.9998924364751013,0.00038,0.9995124773492406
7887791,K01964.01,1,CANDIDATE,1.0,2.229326354,35.477276,0.6,0.08,-0.03,0.006393,0.000223,-0.000245,1.025,0.045,-0.042,5587,0.7171533401239618,0.040212874755603506,-0.04023521463586703,2523,7887791,2.229,0.0021,0.9877356790447888,0.012221289120523612,0.9998463756273669,0.0021,0.9977466982385494
11657891,K01965.01,1,CANDIDATE,1.0,2.514628496,28.595043,1.27,0.31,-0.11,0.013835,0.000511,-0.000318,0.836,0.062,-0.057,5662,1.2658110908004025,0.10487395813706289,-0.09107753969345642,2524,11657891,2.515,0.00019,0.9877356790447888,0.022175499791876906,0.9997184112708206,0.00019,0.9995284647726791
8107225,K00235.01,1,CANDIDATE,1.0,5.63252508,62.67986,2.04,0.28,-0.16,0.023204,0.003018,-0.00058,0.894,0.067,-0.061,5216,2.2703030429146738,0.3407966203887739,-0.1649759212543697,67,8107225,5.633,4e-05,0.9877356789291276,0.0012306519745452595,0.9999847006557339,4e-05,0.9999447012677076
9209624,K02443.01,1,CANDIDATE,0.996,6.79164656,15.718208,1.01,0.15,-0.14,0.009257,0.000486,-0.0003259999999999,1.142,0.051,-0.048,5772,1.156963940315882,0.07974424753409506,-0.06344190843433874,2865,9209624,6.792,4.8e-05,0.9877356790447888,0.0704554557101359,0.9990588752651358,4.8e-05,0.9990109204391231
9209624,K02443.02,2,CANDIDATE,0.991,11.8376933,11.67936,1.0,0.15,-0.15,0.009122,0.000283,-0.000658,1.142,0.051,-0.048,5772,1.1400912891391894,0.061994798641911306,-0.09518132231212481,2866,9209624,11.838,0.0019,0.9877356790447888,0.1063044255405014,0.9985230543863578,0.0019,0.9966258605830237
3354846,K02444.01,1,CANDIDATE,0.995,18.5525162,17.103079,2.53,0.65,-0.21,0.027989,0.0076319999999999,-0.002961,0.806,0.068,-0.062,5569,2.468913529417317,0.7047069195826388,-0.32293742062655156,2867,3354846,18.553,0.0066,0.9877356790447888,0.07792535613086261,0.9989506618028807,0.0066,0.9923575874349817
9153570,K02625.01,1,CANDIDATE,0.95,3.81371423,11.01746,1.37,0.32,-0.12,0.015334,0.000833,-0.001101,0.84,0.077,-0.069,5547,1.4096724125346085,0.1502068293513574,-0.1537956157877891,3056,9153570,3.814,0.00029,0.9877356790447888,0.0972669593072868,0.998662145859812,0.00029,0.9983725338375126
10004519,K01572.01,1,CANDIDATE,1.0,9.80321143,46.059982,2.99,0.99,-0.31,0.0276029999999999,0.003288,-0.001359,0.878,0.074,-0.067,6170,2.6523709152089006,0.38703271383548044,-0.24087193335755425,2663,10004519,9.803,1.3e-05,0.9877356790447888,0.005666088559444354,0.9999292455315313,1.3e-05,0.9999162464513394
11337372,K01650.01,1,CANDIDATE,1.0,6.53194024,32.68434,3.09,0.3,-0.4,0.0289649999999999,0.00113,-0.003692,0.954,0.049,-0.046,5301,3.024164167033717,0.19505526730291214,-0.4121315101307819,2364,11337372,6.532,1.2e-05,0.9877356790447888,0.01687993883093371,0.9997868098790331,1.2e-05,0.9997748124373146
11337372,K01650.02,2,CANDIDATE,1.0,100.8276725,30.88894,4.35,0.43,-0.57,0.040808,0.0057079999999999,-0.002786,0.954,0.049,-0.046,5301,4.260662569594764,0.6348674691806261,-0.35611335161316277,2365,11337372,100.828,0.00058,0.9877356790447888,0.1123601520570873,0.99842826873,0.00058,0.9978491803341366
11337833,K01651.01,1,CANDIDATE,0.994,51.3011844,16.529358,2.07,0.65,-0.17,0.020447,0.00105,-0.000654,0.962,0.075,-0.068,6032,2.1527228699660204,0.20096817971590258,-0.1670209052195275,2366,11337833,51.301,0.0011,0.9877356790447888,0.14409453745269396,0.9979096236422071,0.0011,0.9968119230562007
7132798,K00220.02,2,CANDIDATE,1.0,4.12511935,16.764023,0.88,0.19,-0.08,0.00976,0.0003509999999999,-0.000407,1.001,0.076,-0.069,5598,1.0692206821042032,0.08982606204182995,-0.08613998187106656,611,7132798,4.125,4.8e-05,0.9877356790447888,0.06163120824097683,0.9991844888710923,4.8e-05,0.9991365280156265
10480915,K02040.01,1,CANDIDATE,1.0,19.58561177,22.337149,3.09,0.41,-0.34,0.028415,0.001542,-0.007209,1.016,0.045,-0.043,5618,3.1595470280644347,0.22131814288590654,-0.8126669243241837,2266,10480915,19.586,0.44,0.9877356790447888,0.051801272175602736,0.9993216656292088,0.44,0.559620132752357
3448130,K02043.01,1,CANDIDATE,0.983,78.54611059999999,23.548868,3.55,0.58,-0.64,0.023284,0.000745,-0.0004179999999999,1.176,0.056,-0.053,5814,2.9967351920463123,0.17192308784033913,-0.1453774916596091,2269,3448130,78.546,0.0015,0.9877356790447888,0.134485634518755,0.9980706794881842,0.0015,0.9965735734689519
9532052,K02115.01,1,CANDIDATE,0.999,15.72585941,29.69453,2.69,0.25,-0.11,0.032661,0.001103,-0.00067,0.819,0.066,-0.06,5332,2.9274995369210925,0.255793912384459,-0.22271813094696036,3360,9532052,15.726,0.00017,0.9877356790447888,0.02597639033542553,0.9996688596653455,0.00017,0.9994989159592024
7987866,K02363.01,1,CANDIDATE,0.999,3.13877646,18.053844,0.97,0.13,-0.11,0.012262,0.000227,-0.000775,0.821,0.061,-0.056,5242,1.1017623429083816,0.08436325648778231,-0.10245326360741293,3167,7987866,3.139,0.059,0.9877356790447888,0.054437942466925605,0.9992851508073483,0.059,0.9403273269097148
6516185,K02445.01,1,CANDIDATE,0.989,47.3659328,13.911759,11.97,3.3,-1.42,0.1215059999999999,72.29213,-6.679799000000001,0.978,0.088,-0.08,5708,13.005289810533592,7737.725811257002,-714.9673105663951,2868,6516185,47.366,1.0,0.9877356790447888,0.16378166954109477,0.9975680850850305,1.0,0.0
9813499,K01505.01,1,CANDIDATE,1.0,5.03257009,23.779182,2.53,0.82,-0.21,0.025553,0.00163,-0.006439,1.101,0.113,-0.1,5970,3.0790211320318397,0.37207478615484285,-0.8247319784077145,1600,9813499,5.033,0.0028,0.9877356790447888,0.0349893932053402,0.9995497983423067,0.0028,0.9967510589069483
7668663,K01898.01,1,CANDIDATE,1.0,6.498014700000001,33.229843,1.87,0.27,-0.28,0.015491,1.8e-05,-0.002648,1.181,0.05,-0.047,5727,2.0022246656651146,0.08480011106234601,-0.35140937482206974,2164,7668663,6.498,0.00025,0.9877356790447888,0.016097632386364233,0.9997968518996764,0.00025,0.9995469026867014
8543100,K01975.01,1,CANDIDATE,0.998,7.56052209,29.601961,2.4,0.73,-0.24,0.02342,0.00072,-0.0004799999999999,0.925,0.097,-0.086,5895,2.370893680782784,0.25908747280826494,-0.22572142010683355,2569,8543100,7.561,5.2e-06,0.9877356790447888,0.022408886236653672,0.9997153797522415,5.2e-06,0.9997101812322667
9405595,K02125.01,1,CANDIDATE,1.0,23.3593589,19.423765,2.98,0.99,-0.33,0.027068,0.001116,-0.004807,1.012,0.086,-0.078,6244,2.997920666247168,0.28316486761860693,-0.5803799320908561,2709,9405595,23.359,0.0034,0.9877356790447888,0.07047615660297232,0.9990585777828553,0.0034,0.9956617786183937
10863608,K02368.01,1,CANDIDATE,0.999,8.07127043,15.912708,1.53,0.42,-0.14,0.016427,0.000666,-0.000815,0.932,0.084,-0.076,5766,1.6755508990057892,0.1655909584935145,-0.1599347438893543,3206,10863608,8.071,0.00082,0.9877356790447888,0.07098258113535333,0.999051296077361,0.00082,0.9982320740145775
5602588,K02369.01,1,CANDIDATE,1.0,11.01819178,18.041595,2.64,0.82,-0.27,0.024936,7.8e-05,-0.003631,1.161,0.103,-0.092,6075,3.1684179472690666,0.28126600835808213,-0.5252543045957014,3207,5602588,11.018,4.9e-05,0.9877356790447888,0.06298468599248559,0.9991653756606041,4.9e-05,0.9991164165571969
5602588,K02369.03,2,CANDIDATE,0.968,7.2274321,7.709472,1.28,0.39,-0.14,0.012051,0.0008789999999999,-0.000766,1.161,0.103,-0.092,6075,1.5312241210514725,0.17586349764363146,-0.15554990443516484,3208,5602588,7.227,0.00017,0.9877356790447888,0.13319797314906667,0.998091990802476,0.00017,0.9979223151640396
11030711,K01429.01,1,CANDIDATE,0.997,205.912735,45.572163,4.68,0.68,-0.32,0.044194,0.001142,-0.000763,1.151,0.076,-0.071,5644,5.567011143311099,0.39473356863525566,-0.35660053191369373,1955,11030711,205.913,0.00013,0.9877356785742569,0.2147967444007002,0.9966033688694873,0.00013,0.9964738104315343
12020218,K01507.01,1,CANDIDATE,1.0,21.3588236,26.81022,2.52,0.8,-0.27,0.023225,0.00074,-0.000511,1.004,0.086,-0.078,6170,2.551954289894286,0.2332266477871573,-0.20605688839050543,1602,12020218,21.359,0.0023,0.9877356790447888,0.036874644299212396,0.9995246124661298,0.0023,0.9972257058574577
4918309,K01582.01,1,CANDIDATE,1.0,186.4361811,59.845184,11.32,1.8,-3.35,0.075675,0.006964,-0.00613,1.11,0.063,-0.059,5406,9.193033951831111,0.9939514865709072,-0.8906789656276348,2012,4918309,186.436,0.9,0.9851556017385135,0.051147596420280377,0.9991877600731488,0.9,0.09991877600731486
11502867,K00195.01,1,CANDIDATE,1.0,3.217518511,1264.7878,11.38,1.51,-0.93,0.115425,0.000279,-0.000341,0.905,0.042,-0.04,5720,11.432255397763026,0.5312768526663253,-0.5064205528412342,501,11502867,3.218,0.00024,0.0,3.3360474450232635e-49,0.0,0.00024,0.0
6705142,K01758.01,1,CANDIDATE,1.0,5.59728249,33.809470000000005,3.28,0.69,-0.3,0.034955,0.000347,-0.001703,0.926,0.092,-0.082,5610,3.5424501606154037,0.3537021891747035,-0.3580370360768895,2110,6705142,5.597,0.0057,0.9877356790447888,0.01505301575105011,0.999810236174419,0.0057,0.9941113178282248
11773328,K01906.01,1,CANDIDATE,1.0,8.710442022,34.502525,3.61,0.76,-0.3,0.0408959999999999,0.002797,-0.008726,0.996,0.08,-0.073,5416,4.457831269066185,0.4702771316334693,-1.0057213112154477,2210,11773328,8.71,0.64,0.9877356790447888,0.01505808599741219,0.9998101712798497,0.64,0.35993166166074586
7265298,K02051.01,1,CANDIDATE,0.862,25.762684600000004,33.93693,2.66,0.43,-0.27,0.022795,0.000463,-0.000707,1.212,0.069,-0.065,5738,3.0236092968160078,0.18276360652307697,-0.18732184821153733,2178,7265298,25.763,4.4e-05,0.9877356790447888,0.021917633994727515,0.9997217590759002,4.4e-05,0.9996777713185009
7265298,K02051.02,2,CANDIDATE,0.995,11.0317836,13.435833,1.45,0.24,-0.14,0.012457,0.000281,-0.001042,1.212,0.069,-0.065,5738,1.6523404698590483,0.1011840883891104,-0.16418280201189478,2179,7265298,11.032,0.001,0.9877356790447888,0.09129488839694842,0.9987525410686031,0.001,0.9977537885275345
8041216,K00237.01,1,CANDIDATE,1.0,8.508333104,76.45331,2.6,0.37,-0.28,0.023076,0.000538,-0.000256,1.133,0.051,-0.049,5767,2.8613691850616663,0.1450504411683869,-0.12775501095716163,69,8041216,8.508,1.2e-05,0.9834729550935262,0.0003917698736911197,0.9999934138138857,1.2e-05,0.99998141389292
2439243,K02280.01,1,CANDIDATE,1.0,26.0203329,22.805443,4.53,0.71,-0.87,0.033353,0.005946,-0.002514,0.91,0.06,-0.056,5624,3.3216949897747297,0.6313773450169746,-0.3232207656243465,2814,2439243,26.02,0.00021,0.9877356790447888,0.056128223504868534,0.999261635067439,0.00021,0.9990517901240749
7604328,K02458.01,2,CANDIDATE,0.998,4.35407371,14.586295000000002,1.63,0.39,-0.25,0.016467,0.0028309999999999,-0.001393,0.76,0.059,-0.054,5455,1.3696560917442737,0.2583645198768597,-0.1513115114071371,2949,7604328,4.354,2.6e-05,0.9877356790447888,0.07387754582218653,0.9990095174886529,2.6e-05,0.9989835432411982
7375348,K00266.01,1,CANDIDATE,1.0,25.30893566,41.147057,1.77,0.29,-0.28,0.01257,0.001403,-0.00116,1.209,0.051,-0.048,5949,1.6632021364523029,0.19845393469862582,-0.1670873338436993,253,7375348,25.309,7.4e-06,0.9877356790447888,0.011703040934572436,0.9998529672666836,7.4e-06,0.9998455683547258
7604328,K02458.02,1,CANDIDATE,1.0,2.9365879460000004,17.808668,1.77,0.41,-0.28,0.017796,0.002094,-0.002652,0.76,0.059,-0.054,5455,1.480196745532343,0.20866133226541375,-0.24437195684981897,2950,7604328,2.937,0.0003,0.9877356790447888,0.05534237960603275,0.9992725784509436,0.0003,0.9989727966774083
5374403,K02556.01,1,CANDIDATE,0.983,40.8366307,15.720275,1.5,0.18,-0.13,0.014897,0.000551,-0.00072,0.866,0.038,-0.036,5529,1.4118877346149006,0.08102695173091365,-0.09000794717514213,3350,5374403,40.837,0.0025,0.9877356790447888,0.1283790495576686,0.9981711871636019,0.0025,0.995675759195693
6719086,K01357.01,1,CANDIDATE,1.0,3.014330766,46.91396,2.87,0.6,-0.35,0.027625,0.000991,-0.0004349999999999,0.805,0.066,-0.06,5209,2.4337817081707778,0.21780451890625133,-0.1854039640602786,1630,6719086,3.014,0.026,0.9877356790447888,0.004611078369455703,0.9999424808490954,0.026,0.9739439763470189
11014932,K01432.01,1,CANDIDATE,1.0,6.88595222,28.989138,2.68,0.39,-0.31,0.024611,0.000385,-0.005234,0.999,0.053,-0.049,5616,2.6907800823212935,0.14883061377270018,-0.5872683396899431,1960,11014932,6.886,3.6e-05,0.9877356790447888,0.023308544543246722,0.9997036802946805,3.6e-05,0.9996676909621899
11014932,K01432.02,2,CANDIDATE,0.997,15.0549356,14.513995,1.6,0.22,-0.19,0.0146449999999999,0.000705,-0.000531,0.999,0.053,-0.049,5616,1.6011732276459743,0.11470501844160001,-0.09766447487064166,1321,11014932,15.055,0.00012,0.9877356790447888,0.09001937657722929,0.9987716938625912,0.00012,0.9986518412593277
11014932,K01432.03,3,CANDIDATE,0.999,2.92721119,14.135632,1.29,0.18,-0.15,0.011806,0.000554,-0.000498,0.999,0.053,-0.049,5616,1.2907784995280644,0.09142329514339717,-0.08350374629652718,1322,11014932,2.927,2.2e-06,0.9877356790447888,0.07466423933496968,0.9989981191757635,2.2e-06,0.9989959213799013
11014932,K01432.04,4,CANDIDATE,0.998,38.2856338,11.1404295,1.77,0.26,-0.2,0.01626,0.001124,-0.000428,0.999,0.053,-0.049,5616,1.7777450789705511,0.15491011812455768,-0.0989594337799666,1323,11014932,38.286,0.00015,0.9877356790447888,0.1727855726613851,0.997406464827082,0.00015,0.9972568538573579
7456001,K01517.01,1,CANDIDATE,1.0,40.0686713,47.246983,3.1,0.85,-0.46,0.028574,0.000591,-0.00037,1.153,0.091,-0.082,6026,3.60565195780896,0.2941839913554122,-0.2606454684449655,1646,7456001,40.069,0.0002,0.9877356790447888,0.0091936290348845,0.9998847871416877,0.0002,0.9996848101842594
5357901,K00188.01,1,CANDIDATE,0.995,3.797018259,1567.476,10.07,0.75,-0.47,0.108759,0.000367,-0.0007639999999999,0.864,0.04,-0.038,5167,10.284007954190786,0.4773745051289328,-0.45803881685491077,468,5357901,3.797,0.00087,0.0,1.1468912767223171e-60,0.0,0.00087,0.0
5470739,K01585.01,1,CANDIDATE,1.0,19.17893976,28.67196,2.4,0.71,-0.22,0.024928,0.0008269999999999,-0.000596,1.096,0.092,-0.083,5767,2.990070620689655,0.26988282040131606,-0.23745482214573957,2015,5470739,19.179,0.00027,0.9877356790447888,0.030247791366371887,0.9996127105584883,0.00027,0.9993428151266376
11046458,K00214.01,1,CANDIDATE,1.0,3.311864148,436.30713,9.06,1.16,-0.33,0.0885669999999999,0.00112,-0.001394,1.053,0.047,-0.045,5461,10.206662657421962,0.47349936765845607,-0.4648253166094469,569,11046458,3.312,0.15,3.682161645630199e-192,8.213626096240276e-18,0.0,0.15,0.0
8226050,K01910.01,1,CANDIDATE,0.995,34.2685741,27.756182,2.44,0.11,-0.2,0.02559,0.003394,-0.001809,0.797,0.035,-0.033,5080,2.2320918561225778,0.31184806394952247,-0.18286417784741843,2251,8226050,34.269,0.00091,0.9877356790447888,0.043393675075660915,0.9994367568087675,0.00091,0.9985272693600716
4254466,K02134.01,1,CANDIDATE,0.912,42.3006282,20.131565,2.54,0.44,-0.27,0.020615,0.000816,-0.000742,1.126,0.059,-0.055,5852,2.5404180236911653,0.16682515109856855,-0.1541385125432056,2752,4254466,42.301,0.022,0.9877356790447888,0.09352319433979449,0.9987189520034235,0.022,0.9767471350593482
7663405,K01519.01,1,CANDIDATE,1.0,5.1443645,17.12765,1.55,0.11,-0.15,0.0156919999999999,0.000904,-0.00043,0.859,0.045,-0.043,5148,1.4752136388748964,0.11486921953969659,-0.08418703164638715,2395,7663405,5.144,5e-05,0.9877356790447888,0.06095165285876996,0.9991940644736941,5e-05,0.9991441047704704
7663405,K01519.02,2,CANDIDATE,0.742,57.132855000000006,8.49427,1.81,0.13,-0.17,0.018363,0.001173,-0.001186,0.859,0.045,-0.043,5148,1.726315832950541,0.14261501945016042,-0.14106468887284604,2396,7663405,57.133,0.12,0.9877356790447888,0.2752628251122595,0.9952840435066725,0.12,0.8758499582858719
9818462,K01521.01,1,CANDIDATE,1.0,25.9421582,24.828281,1.95,0.16,-0.07,0.022458,0.004078,-0.001127,1.071,0.069,-0.064,5170,2.632352248395419,0.5071854327374765,-0.20541148695214606,2398,9818462,25.942,5.5e-05,0.9877356790447888,0.04741242851964409,0.9993819977506759,5.5e-05,0.9993270317407996
12266636,K01522.01,1,CANDIDATE,0.998,33.3856176,32.242672,2.48,0.7,-0.37,0.0222349999999999,0.003493,-0.000774,1.064,0.08,-0.073,5833,2.589179843317381,0.4509334996848267,-0.19919752067397303,2399,12266636,33.386,0.001,0.9877356790447888,0.029265426010435337,0.9996256678589254,0.001,0.9986260421910664
12266636,K01522.02,2,CANDIDATE,0.958,12.654896,8.532306,1.02,0.28,-0.16,0.0091209999999999,0.000587,-0.000583,1.064,0.08,-0.073,5833,1.0621052102944761,0.10511650217277645,-0.09959332675859092,2400,12266636,12.655,0.00024,0.9877356790447888,0.1371951297841491,0.998025628502881,0.00024,0.9977861023520403
5360920,K01675.01,1,CANDIDATE,1.0,14.62399621,20.084682,21.92,5.02,-2.02,0.246245,68.33064,-0.053561,0.934,0.09,-0.08,5753,25.17084253570979,6984.669266398015,-5.884138508616649,2456,5360920,14.624,0.98,0.9877356790447888,0.056915802340453285,0.9992506492257909,0.98,0.019985012984515837
8226050,K01910.02,2,CANDIDATE,0.949,18.3848331,7.823833500000001,1.15,0.06,-0.09,0.0120819999999999,0.00305,-0.001317,0.797,0.035,-0.033,5080,1.0538543886546603,0.2700321375917709,-0.12288373774140712,2252,8226050,18.385,0.0063,0.9877356790447888,0.15905939583464765,0.9976514664336825,0.0063,0.9913662621951503
9364609,K02137.01,1,CANDIDATE,0.997,14.97436238,21.028004,1.28,0.09,-0.09,0.014655,0.000623,-0.00045,0.831,0.035,-0.034,5311,1.3328163208689905,0.07975892562930999,-0.068180748503951,2757,9364609,14.974,0.0051,0.9877356790447888,0.052999827307494515,0.9993050922390232,0.0051,0.9942086362686042
8233702,K02140.01,1,CANDIDATE,1.0,41.6977582,22.457796,2.26,0.6,-0.21,0.02375,0.000837,-0.000529,0.937,0.076,-0.069,5730,2.4354917371948153,0.21538376847553595,-0.18737242788618158,2760,8233702,41.698,0.038,0.9877356790447888,0.07684857306066849,0.9989663687564377,0.038,0.961005646743693
10531955,K02208.01,1,CANDIDATE,1.0,2.3445125890000003,20.373524,0.97,0.14,-0.13,0.00784,0.001027,-0.0008039999999999,1.144,0.048,-0.046,5821,0.9815796425874653,0.13501677250467384,-0.10812329901853963,3154,10531955,2.345,0.0028,0.9877356790447888,0.04425432886209835,0.9994250683927203,0.0028,0.9966266782012206
8410415,K02291.01,1,CANDIDATE,0.985,44.2993483,19.371254,2.68,0.22,-0.21,0.026848,0.010782,-0.001527,0.777,0.036,-0.034,5310,2.2830552081550466,0.9229433240637787,-0.16383393719940617,2893,8410415,44.299,0.12,0.9877356790447888,0.10284039820169602,0.9985766988317684,0.12,0.8787474949719561
7375348,K00266.02,2,CANDIDATE,1.0,47.7439509,14.065318,1.74,0.28,-0.28,0.0123489999999999,0.000572,-0.003625,1.209,0.051,-0.048,5949,1.6339604759784667,0.10236678042725612,-0.4840097153829831,254,7375348,47.744,0.049,0.9877356790447888,0.1629607241124966,0.9975826481080049,0.049,0.9487010983507126
5436013,K02471.01,1,CANDIDATE,1.0,25.8859397,13.981552,1.66,0.09,-0.16,0.016887,0.000256,-0.003742,0.873,0.039,-0.037,5196,1.6134302779228542,0.07611455977363968,-0.3640016912787602,2997,5436013,25.886,0.0053,0.9877356790447888,0.11349035540397495,0.9984104351267854,0.0053,0.9931188598206134
6837146,K01362.01,1,CANDIDATE,1.0,20.51360192,27.987392,2.58,0.36,-0.23,0.033497,0.005477,-0.002532,0.856,0.066,-0.06,5310,3.1380736600805434,0.5672838732583778,-0.3234921464144549,1663,6837146,20.514,0.0014,0.9877356790447888,0.03286778978858189,0.9995780243228202,0.0014,0.9981786150887683
6936909,K01363.01,1,CANDIDATE,1.0,3.546531809,23.153551,2.18,0.66,-0.23,0.02022,0.0036829999999999,-0.001047,1.234,0.1,-0.09,5993,2.73073631953184,0.5443991678539557,-0.2442523286313664,1664,6936909,3.547,8.1e-05,0.9877356790447888,0.03586245016052625,0.9995381470457085,8.1e-05,0.9994571844557978
6936909,K01363.02,2,CANDIDATE,0.983,5.70070626,11.391634,2.03,0.63,-0.2,0.018897,0.004997,-0.001143,1.234,0.1,-0.09,5993,2.5520635128681097,0.7058295370511606,-0.241811668729974,1665,6936909,5.701,0.0013,0.9877356790447888,0.09763723478498569,0.9986565018571233,0.0013,0.9973582484047091
8692861,K00172.01,1,CANDIDATE,1.0,13.7223682,82.31395,2.23,0.28,-0.27,0.021681,0.0004089999999999,-0.000171,1.226,0.054,-0.051,5637,2.909063727693179,0.13938905336013124,-0.12316914023724343,428,8692861,13.722,1.4e-07,0.08027758747574967,0.0002601729770504344,0.9970184805268326,1.4e-07,0.9970183409442454
8260902,K02144.01,1,CANDIDATE,0.991,38.6715843,21.972872,2.45,0.83,-0.38,0.024605,0.004088,-0.00255,1.06,0.084,-0.076,5432,2.854385919015857,0.5254241971517049,-0.3597131637238297,2797,8260902,38.672,0.00085,0.9877356790447888,0.07566570329168482,0.9989835810080254,0.00085,0.9981344449641686
10203349,K02212.01,1,CANDIDATE,1.0,17.14648756,24.467686,3.64,0.55,-0.84,0.02359,3.8e-05,-0.0042689999999999,1.099,0.057,-0.054,5556,2.837325027844198,0.1472297640750956,-0.5320508980645999,3193,10203349,17.146,0.0079,0.9877356790447888,0.041463454604856995,0.999462894532263,0.0079,0.9915671376654581
4248120,K02216.01,1,CANDIDATE,1.0,23.34036251,15.966751,2.21,0.53,-0.36,0.022658,0.00122,-0.000741,0.983,0.079,-0.072,5530,2.437578136766927,0.235802383639795,-0.19552940534774724,3197,4248120,23.34,0.055,0.9877356790447888,0.0929334575768614,0.9987278576431742,0.055,0.9437978254727996
6846911,K02477.01,1,CANDIDATE,0.998,14.02634692,15.594649,2.66,0.79,-0.42,0.021529,0.001942,-0.003062,0.993,0.077,-0.07,5970,2.3396805346872642,0.2783102004463434,-0.3713964062768348,3036,6846911,14.026,0.12,0.9877356790447888,0.08108447425035686,0.998904367562603,0.12,0.8790358434550907
7501646,K02572.01,1,CANDIDATE,1.0,6.37705295,15.772048000000002,2.15,0.52,-0.21,0.02038,0.000962,-0.001093,0.86,0.071,-0.065,5672,1.9181655487037501,0.18241726998310387,-0.17776782414249573,2740,7501646,6.377,0.58,0.9877356790447888,0.06962246637979244,0.999070834758535,0.58,0.41960975059858474
11032227,K01440.01,1,CANDIDATE,0.996,7.19304935,17.257557000000002,1.59,0.49,-0.17,0.014669,0.000654,-0.000443,1.174,0.114,-0.102,6185,1.8847426620626726,0.20138444566652747,-0.17336134116232688,1370,11032227,7.193,6.2e-05,0.9877356790447888,0.06261341810744792,0.9991706240340369,6.2e-05,0.9991086754553468
11356260,K01441.01,1,CANDIDATE,0.986,8.50698069,18.6186,1.9,0.53,-0.29,0.017613,0.002787,-0.002036,0.805,0.064,-0.058,5822,1.551717546642965,0.2747862811054238,-0.21136246196236524,1371,11356260,8.507,6.2e-05,0.9877356790447888,0.05736971179178276,0.9992443093589921,6.2e-05,0.9991823562118118
8692861,K00172.02,2,CANDIDATE,0.693,242.467406,18.011978,1.73,0.21,-0.22,0.016782,0.000636,-0.000454,1.226,0.054,-0.051,5637,2.2517368884344324,0.13083852649104727,-0.11173483104929081,429,8692861,242.467,0.0086,0.9877356790447888,0.856490524072384,0.9258954712699219,0.0086,0.9179327702170005
7691260,K01528.01,1,CANDIDATE,1.0,3.989544192,22.076683,0.93,0.14,-0.06,0.012443,0.000558,-0.000384,0.852,0.036,-0.034,5229,1.1602408484142963,0.07148805330936488,-0.058530458627201486,2440,7691260,3.99,0.0032,0.9877356790447888,0.039583085686308916,0.9994882561734625,0.0032,0.9962898937537075
10006581,K01595.01,1,CANDIDATE,1.0,40.109781700000006,34.499313,3.11,0.48,-0.54,0.024334,0.000859,-0.0004379999999999,1.224,0.074,-0.069,5504,3.2597055894789833,0.22820802166867998,-0.1928976477203656,2098,10006581,40.11,0.0043,0.9877356790447888,0.02746016621914705,0.9996494108034969,0.0043,0.9953509183370419
10004738,K01598.01,1,CANDIDATE,0.986,56.4758069,56.98060600000001,3.22,0.25,-0.14,0.035104,0.000743,-0.004436,0.85,0.037,-0.035,5497,3.2655699219733196,0.15806153411423718,-0.434016390986317,2102,10004738,56.476,0.0038,0.9877356790141316,0.005438963917454321,0.9999320972280359,0.0038,0.9961323552585694
6034945,K01683.01,1,CANDIDATE,0.997,9.11500269,23.985239,1.78,0.56,-0.23,0.015881,0.003283,-0.000997,0.925,0.07,-0.064,5962,1.6076926790995467,0.353919003932931,-0.15020014347284788,2499,6034945,9.115,0.00015,0.9877356790447888,0.037135215275853915,0.9995211236290721,0.00015,0.9993711954605278
6152974,K00216.01,1,CANDIDATE,1.0,20.172024672,198.6218,6.24,0.27,-0.55,0.066137,0.000106,-0.001452,0.817,0.036,-0.034,5062,5.91357355985716,0.26074593402855245,-0.27824357462667687,571,6152974,20.172,0.0015,8.074536793961972e-65,1.1568314168731856e-08,0.0,0.0015,0.0
9411166,K01922.01,1,CANDIDATE,1.0,1.954525966,35.474197,2.38,0.38,-0.3,0.019224,0.002724,-0.001151,1.166,0.075,-0.07,5739,2.4531593740246667,0.381745561962002,-0.20799700170591384,2300,9411166,1.955,6.3e-05,0.9877356790447888,0.01215989445103359,0.9998471568721234,6.3e-05,0.9997841665012405
9411166,K01922.03,2,CANDIDATE,1.0,105.65526509999998,31.695293,4.22,0.66,-0.55,0.033986,0.000495,-0.001041,1.166,0.075,-0.07,5739,4.336926471369242,0.2860239718574054,-0.2922950291601406,2301,9411166,105.655,0.0012,0.9877356790447888,0.11476853422062108,0.9983902117313431,0.0012,0.9971921434772655
10384798,K01997.01,1,CANDIDATE,1.0,38.505224,28.735064,2.45,0.68,-0.24,0.025468,0.003671,-0.001238,0.939,0.071,-0.065,5974,2.6172420488925243,0.4260082917983724,-0.2213806108352055,1999,10384798,38.505,0.00033,0.9877356790447888,0.04328381555067032,0.9994382472817696,0.00033,0.9991084326601665
8802693,K02000.01,1,CANDIDATE,1.0,26.41044199,24.82197,2.45,0.43,-0.19,0.03051,0.0056229999999999,-0.001876,0.796,0.066,-0.059,5448,2.6579005745028947,0.537141919193902,-0.25596896889448584,2002,8802693,26.41,0.00085,0.9877356790447888,0.04785218510714603,0.9993759776211749,0.00085,0.9985265080401969
9580992,K02217.01,1,CANDIDATE,1.0,37.8034121,15.283957,2.95,0.54,-0.23,0.033027,0.00172,-0.009639,0.764,0.059,-0.053,5329,2.7615056788950416,0.25721912180177925,-0.8284061244000669,3198,9580992,37.803,0.059,0.9877356790447888,0.1260298397258459,0.9982094784811589,0.059,0.9393151192507706
11403389,K02482.01,1,CANDIDATE,1.0,45.0909201,12.797429,2.44,0.7,-0.24,0.024803,0.000157,-0.006779,0.913,0.073,-0.066,5790,2.478326076374905,0.19877750191112503,-0.7006526637912975,3040,11403389,45.091,0.0056,0.9877356790447888,0.17113016285811378,0.9974364429097168,0.0056,0.9918507988294223
6924203,K01370.01,1,CANDIDATE,0.995,6.8833761,24.844032,1.69,0.45,-0.13,0.019546,0.000649,-0.000627,1.101,0.087,-0.079,5679,2.3552047527372264,0.20186868281914505,-0.1851121324583555,1699,6924203,6.883,0.0021,0.9877356790447888,0.033123340130003995,0.9995746310224303,0.0021,0.9974755242972831
11669125,K01535.01,1,CANDIDATE,0.956,70.6981724,31.932688,1.63,0.22,-0.1,0.017221,0.000549,-0.000341,0.931,0.04,-0.038,5811,1.7546540508903852,0.0938742710224584,-0.0796015236186695,2482,11669125,70.698,3.5e-05,0.9877356790447888,0.06031168791509022,0.9992030695453439,3.5e-05,0.9991680974379098
10004738,K01598.02,2,CANDIDATE,1.0,92.8747294,30.277075,2.64,0.21,-0.11,0.0288509999999999,0.000143,-0.004974,0.85,0.037,-0.035,5497,2.6838809770639225,0.11758267836862207,-0.4757235521873678,2103,10004738,92.875,5.5e-05,0.9877356790447888,0.1025932403148351,0.9985805105272134,5.5e-05,0.9985255885991344
10004738,K01598.03,3,CANDIDATE,1.0,13.93068791,12.670836,1.4,0.11,-0.06,0.015266,0.001413,-0.003094,0.85,0.037,-0.035,5497,1.4201284876038256,0.1452556757233317,-0.29370127289565545,2137,10004738,13.931,0.0002,0.9877356790447888,0.10205061667252151,0.9985888715669009,0.0002,0.9983891537925875
9955598,K01925.01,1,CANDIDATE,0.999,68.95844699999999,27.269234,1.11,0.05,-0.04,0.011473,0.001696,-0.001469,0.898,0.038,-0.036,5455,1.127552535521017,0.17337561653275804,-0.151282557266735,2304,9955598,68.958,0.0076,0.9877356790447888,0.08522942998323499,0.998843141703301,0.0076,0.9912519338263559
9641481,K02152.01,1,CANDIDATE,0.999,42.1918331,19.753057,2.35,0.32,-0.33,0.0198889999999999,0.000913,-0.0005009999999999,1.223,0.065,-0.061,5522,2.662090774902453,0.18695303833827862,-0.14875053206459243,2842,9641481,42.192,6.2e-05,0.9877356790447888,0.09617392887457046,0.9986787796345945,6.2e-05,0.9986168615502572
6287313,K02221.01,1,CANDIDATE,0.995,10.62788695,19.41287,1.87,0.6,-0.21,0.016923,0.000421,-0.000792,1.246,0.116,-0.104,6082,2.3076973556821043,0.22237996927371181,-0.2208288620053761,3239,6287313,10.628,0.0012,0.9877356790447888,0.05588159886735507,0.9992650714362081,0.0012,0.9980659533504846
9643874,K01457.01,1,CANDIDATE,1.0,8.027681122999999,459.2871,8.43,2.25,-0.75,0.087025,0.000503,-0.0018149999999999,1.047,0.092,-0.083,5569,9.971814001934936,0.8781179164299003,-0.817406658295302,1421,9643874,8.028,0.0013,8.767384588331151e-205,1.2129529522014643e-18,0.0,0.0013,0.0
6696462,K01693.01,1,CANDIDATE,1.0,3.403743926,48.45203,10.77,2.74,-0.98,0.115663,14.71942,-0.0549809999999999,0.985,0.088,-0.079,5596,12.468497964935187,1586.7572476909015,-6.010734593383468,2542,6696462,3.404,0.99,0.9877356790447888,0.0040650798867073665,0.9999493195000613,0.99,0.009999493195000621
6152974,K00216.02,2,CANDIDATE,0.992,7.51854537,14.684393,1.42,0.06,-0.12,0.015061,0.000723,-0.000621,0.817,0.036,-0.034,5062,1.3466642179870374,0.08775110378318665,-0.07889163247518947,572,6152974,7.519,0.0046,0.9877356790447888,0.0776026695128896,0.9989553726564407,0.0046,0.9943601779422211
2449431,K02009.01,1,CANDIDATE,0.936,86.74908070000001,29.13543,2.23,0.31,-0.22,0.021098,0.000723,-0.000361,1.106,0.049,-0.046,5579,2.5537587672413795,0.14303709581568652,-0.1148513491323753,2047,2449431,86.749,0.023,0.9877356790447888,0.10076360455420598,0.9986086621991732,0.023,0.9756406629685922
10864531,K02080.01,1,CANDIDATE,0.526,83.4887405,18.74674,2.95,0.93,-0.31,0.028709,0.000634,-0.001146,0.928,0.081,-0.073,5910,2.915744715328467,0.2625185582610547,-0.25720476069405857,3181,10864531,83.489,0.0011,0.9877356790447888,0.20635819821586107,0.9967715061861662,0.0011,0.9956750575293614
5211199,K02158.01,1,CANDIDATE,0.944,4.5620407,20.322367,2.82,0.53,-0.98,0.010314,2.6e-05,-0.00211,0.936,0.04,-0.037,5332,1.0565411862572365,0.04522981788629444,-0.22014140005052965,2882,5211199,4.562,0.00072,0.9877356790447888,0.046319012962252,0.9993969422021513,0.00072,0.9986773764037656
5211199,K02158.02,2,CANDIDATE,1.0,6.68231249,10.110915,2.09,0.39,-0.72,0.007642,0.000278,-0.001592,0.936,0.04,-0.037,5332,0.7828279760885981,0.043933574856828785,-0.16599063515411708,2883,5211199,6.682,0.0014,0.9877356790447888,0.10978451677707572,0.9984687407794554,0.0014,0.9970708845423641
11520459,K02226.01,1,CANDIDATE,1.0,8.46354384,21.742273,2.51,0.57,-0.29,0.025894,0.000831,-0.0011619999999999,0.871,0.07,-0.064,5427,2.4683159768751572,0.21360331595662552,-0.21251780855336408,3244,11520459,8.464,0.052,0.9877356790447888,0.04425868346036199,0.9994250092000189,0.052,0.9474549087216179
10132832,K02313.01,1,CANDIDATE,1.0,16.07673148,16.923792000000002,2.14,0.66,-0.22,0.020172,0.001031,-0.000637,1.107,0.09,-0.082,5957,2.443880893342562,0.2346902009708126,-0.19679183644585532,2983,10132832,16.077,0.0017,0.9877356790447888,0.07560804087244782,0.9989844189431556,0.0017,0.9972861454309522
6062929,K02315.01,1,CANDIDATE,0.994,22.1334224,14.530282,1.76,0.24,-0.13,0.022996,0.001555,-0.000686,0.866,0.073,-0.066,5165,2.1794838118550213,0.23552825775992836,-0.17837508185091583,2985,6062929,22.133,0.15,0.9877356790447888,0.1018668800187598,0.9985917003913699,0.15,0.8488029453326644
7211221,K01379.01,1,CANDIDATE,1.0,5.62154315,29.15205,1.37,0.17,-0.12,0.013022,0.001892,-0.0011279999999999,1.015,0.043,-0.041,5637,1.44652914689781,0.21892198539049562,-0.13825643723011996,1730,7211221,5.622,3.3e-05,0.9877356790447888,0.0224391223370872,0.9997149869015813,3.3e-05,0.9996819963070136
12120943,K01458.01,1,CANDIDATE,0.978,8.98128472,149.7421,7.19,1.95,-0.78,0.064401,0.00075,-0.001249,1.201,0.122,-0.108,5977,8.464846245862697,0.8655084868484738,-0.7787036682680316,1456,12120943,8.981,0.00024,6.522392301301673e-38,6.612373045682354e-07,0.0,0.00024,0.0
5282049,K01545.01,1,CANDIDATE,0.926,5.910371418,876.2924,12.62,3.84,-1.28,0.120663,4.4e-05,-0.0001139999999999,1.094,0.095,-0.086,6200,14.446907644632521,1.2545414323200137,-1.1357621437009704,2492,5282049,5.91,0.00023,0.0,1.8444629652493e-34,0.0,0.00023,0.0
6504954,K01790.01,1,CANDIDATE,0.999,130.3543929,112.924736,7.7,2.53,-0.84,0.06946,0.0035859999999999,-0.003026,1.09,0.09,-0.082,5970,8.285996252831612,0.8068934505662979,-0.7203259297081043,2249,6504954,130.354,0.0011,5.103180885853235e-24,0.00017572275154877982,0.0,0.0011,0.0
9072190,K01933.01,1,CANDIDATE,0.999,49.1011093,34.77833,3.28,0.77,-0.56,0.027082,0.003671,-0.000963,1.017,0.053,-0.05,5402,3.014290760414044,0.43774753819753354,-0.18289415457117034,2383,9072190,49.101,0.001,0.9877356790447888,0.031801411831819955,0.9995921647859002,0.001,0.9985925726211142
10864531,K02080.02,2,CANDIDATE,1.0,34.0607677,17.713583,2.96,0.94,-0.31,0.0288819999999999,0.003842,-0.002842,0.928,0.081,-0.073,5910,2.9333149489050996,0.4667011308914684,-0.369535155149068,3182,10864531,34.061,0.015,0.9877356790447888,0.09784717270183219,0.9986532997757204,0.015,0.9836735002790845
9205938,K02162.01,1,CANDIDATE,1.0,108.593113,20.233814,1.68,0.21,-0.21,0.016727,0.000707,-0.000466,0.922,0.041,-0.039,5678,1.6878445028630757,0.10355101931103233,-0.08548840230012898,2888,9205938,108.593,0.00013,0.9877356790447888,0.27148302863625495,0.995372933110247,0.00013,0.9952435346289427
9205938,K02162.02,2,CANDIDATE,0.92,199.66876,11.090614,1.45,0.18,-0.18,0.014438,0.000867,-0.000597,0.922,0.041,-0.039,5678,1.4568720590863329,0.1088609891627637,-0.0861773100205995,2889,9205938,199.669,0.0012,0.9877356790447888,0.8266367916308242,0.9407947034432731,0.0012,0.9396657497991412
9210387,K02416.01,1,CANDIDATE,1.0,5.90608902,11.781019,1.77,0.55,-0.19,0.016855,0.001118,-0.000732,0.948,0.084,-0.076,5966,1.7487210983513717,0.1935561468182352,-0.15944206077203546,2729,9210387,5.906,0.00077,0.9877356790447888,0.09503098631272787,0.9986961299988848,0.00077,0.9979271339787856
9480310,K01470.01,1,CANDIDATE,1.0,15.43400996,51.55364,4.3,1.27,-0.43,0.04136,0.003111,-0.002676,0.963,0.089,-0.08,5900,4.359034164359426,0.5194215981277874,-0.45899117314438576,1501,9480310,15.434,0.0017,0.9877356790447883,0.003923395616192427,0.9999510928755624,0.0017,0.9982511760176739
7626370,K01706.01,1,CANDIDATE,1.0,1.921437488,40.189835,1.77,0.41,-0.24,0.019017,0.000574,-0.003352,0.827,0.036,-0.034,5238,1.7211985505757612,0.09117444637866318,-0.3115274287319346,2589,7626370,1.921,4.9e-05,0.9877356790447888,0.008086774390032922,0.9998987711246524,4.9e-05,0.9998497760848674
7703955,K01707.01,1,CANDIDATE,0.998,96.109323,21.122614,4.01,0.54,-0.54,0.0365329999999999,0.0009539999999999,-0.008185,1.049,0.058,-0.055,5792,4.194153111140813,0.2564605739065368,-0.9650628605854865,2590,7703955,96.109,0.12,0.9877356790447888,0.21284580545860096,0.9966425616431699,0.12,0.8770454542459895
7703955,K01707.02,2,CANDIDATE,0.995,265.47847,15.090573,4.2,0.57,-0.57,0.038304,0.099656,-0.008892,1.049,0.058,-0.055,5792,4.397471895796627,11.443541374459572,-1.0465549267251986,2591,7703955,265.478,0.49,0.9877356790447888,0.9208464530227306,0.855549315422153,0.49,0.436330150865298
7750419,K01708.01,1,CANDIDATE,1.0,32.7737631,18.888723,5.0,0.78,-1.17,0.029843,0.0010689999999999,-0.008458,1.225,0.06,-0.057,5640,4.000939859284546,0.24277925287693106,-1.1491130898335653,2592,7750419,32.774,0.67,0.9877356790447888,0.08714863875406903,0.9988146044129554,0.67,0.32960881945627524
2832589,K01942.01,1,CANDIDATE,1.0,10.84969477,34.495014000000005,2.67,0.38,-0.21,0.031398,0.003218,-0.001247,0.863,0.068,-0.061,5251,2.9654884473005283,0.38337424175737267,-0.24043388053553552,2392,2832589,10.85,0.0036,0.9877356790447888,0.015700580987308844,0.9998019425147834,0.0036,0.9962026555217302
2832589,K01942.02,2,CANDIDATE,1.0,2.4337034980000003,7.266451400000001,1.66,0.24,-0.12,0.019596,0.010984,-0.004758,0.863,0.068,-0.061,5251,1.8508093385980366,1.0476204944292105,-0.4680399318362001,2393,2832589,2.434,0.34,0.9877356790447888,0.1269827425831736,0.9981939713321047,0.34,0.658808021079189
5005121,K02237.01,1,CANDIDATE,0.994,76.421501,17.667220999999998,2.81,0.42,-0.51,0.021656,0.001009,-0.001096,1.241,0.075,-0.069,5561,2.941260427762397,0.22444795627932249,-0.22113741789920494,3323,5005121,76.422,0.0043,0.9877356790447888,0.1992789815338393,0.9969098253032852,0.0043,0.9926231130544811
8007644,K02328.01,1,CANDIDATE,0.407,25.2034128,19.676186,2.42,0.67,-0.24,0.024063,0.001062,-0.000714,0.978,0.089,-0.08,5831,2.5755624307513214,0.2604910549507396,-0.22411252076558977,3029,8007644,25.203,0.00011,0.9877356790447888,0.07139812341614218,0.9990453152044934,0.00011,0.9989354202198208
8379705,K02507.01,1,CANDIDATE,1.0,11.1296971,13.063752,1.93,0.62,-0.2,0.0183139999999999,0.00037,-0.001411,1.115,0.123,-0.108,6122,2.23481476953812,0.2506314925230051,-0.2765935616842678,3133,8379705,11.13,0.016,0.9877356790447888,0.0941850587706003,0.9987089433504367,0.016,0.9827296002568296
11133306,K00276.01,1,CANDIDATE,0.999,41.74598855,92.42659,2.4,0.12,-0.13,0.018741,0.000401,-0.000169,1.199,0.053,-0.05,5978,2.459208772700101,0.12077140460952435,-0.10492284117194937,302,11133306,41.746,0.0051,1.294865731854235e-08,0.00018614388936163167,0.0,0.0051,0.0
7499398,K01473.01,1,CANDIDATE,1.0,23.02028478,99.735855,7.58,2.11,-0.71,0.072584,0.000288,-0.0073849999999999,0.96,0.082,-0.074,5613,7.6259786760634265,0.6520880907978472,-0.9734321967057971,1504,7499398,23.02,0.024,1.2311073146873372e-11,6.825182667142048e-05,0.0,0.024,0.0
11656918,K01945.01,1,CANDIDATE,0.992,62.13859789999999,29.333271000000003,5.14,0.83,-2.47,0.029043,0.003176,-0.002375,0.926,0.043,-0.041,5123,2.9433093982192298,0.3496828108985951,-0.2737056856531796,2430,11656918,62.139,0.037,0.9877356790447888,0.0637776088407539,0.9991541526858606,0.037,0.9621854490364837
10844890,K01946.01,1,CANDIDATE,1.0,8.29482811,35.33945,2.76,0.79,-0.34,0.026936,0.001291,-0.00506,0.95,0.072,-0.065,5773,2.800529580921218,0.2511308134794173,-0.559896346792604,2431,10844890,8.295,0.0013,0.9877356790447888,0.013901026994823694,0.9998249632882862,0.0013,0.9985251908360114
12253474,K01947.01,1,CANDIDATE,1.0,6.422943288,29.156603000000004,1.66,0.56,-0.19,0.014946,0.000359,-0.000495,1.247,0.055,-0.052,6102,2.0397403494525546,0.10244041029793217,-0.10862033981838423,2432,12253474,6.423,0.0035,0.9877356790447888,0.022776167367258317,0.9997106061075899,0.0035,0.9962116189862134
4544907,K02024.01,1,CANDIDATE,0.99,46.8776724,28.888874,2.62,0.35,-0.23,0.024183,0.002284,-0.0031579999999999,1.149,0.056,-0.053,5501,3.040980674537503,0.3231968724564924,-0.42116021568521156,2132,4544907,46.878,0.00015,0.9877356790447888,0.04994197857541826,0.9993472928341975,0.00015,0.9991973907402725
5705819,K02091.01,1,CANDIDATE,1.0,8.77997349,25.702608,2.12,0.3,-0.16,0.025421,0.007993,-0.00077,0.982,0.09,-0.081,5191,2.732043274194563,0.8947714858798183,-0.24006576314722886,3228,5705819,8.78,0.022,0.9877356790447888,0.03193225394061691,0.9995904314604841,0.022,0.9775994419683535
8081899,K02426.01,1,CANDIDATE,0.986,4.16056658,14.0594635,0.7,0.14,-0.06,0.007855,0.000466,-0.000312,0.941,0.04,-0.038,5481,0.8089455092971305,0.05903869910066117,-0.045821064656098254,2776,8081899,4.161,0.003,0.9877356790447888,0.0768145685258628,0.9989668641812072,0.003,0.9959699635886635
8935810,K01395.01,1,CANDIDATE,1.0,6.230335,31.010340000000003,3.7,0.74,-0.31,0.0391959999999999,0.0035399999999999,-0.004581,0.973,0.091,-0.082,5477,4.17386160577648,0.5426633225136317,-0.6014116167370208,1813,8935810,6.23,2.1e-05,0.9877356790447888,0.019370049738719045,0.9997547390826166,2.1e-05,0.9997337442330958
12403119,K01478.01,1,CANDIDATE,0.961,76.13622222,280.73087000000004,4.78,0.6,-0.31,0.049061,0.0005269999999999,-0.000172,0.941,0.04,-0.038,5591,5.052536681301912,0.2215243375656775,-0.20480188115743453,1511,12403119,76.136,3.2e-06,7.6339548494253e-112,2.6726642602512805e-11,0.0,3.2e-06,0.0
9836959,K01715.01,1,CANDIDATE,0.855,105.0145774,25.757719,2.29,0.32,-0.28,0.0201569999999999,0.000726,-0.004354,1.168,0.05,-0.047,5868,2.576630802164598,0.1441483193585362,-0.5661387456321924,2634,9836959,105.015,0.0045,0.9877356790447888,0.17683239785283225,0.9973326725620759,0.0045,0.9928446755355467
4644952,K01805.01,1,CANDIDATE,1.0,6.94135824,80.585655,2.96,0.33,-0.23,0.030784,0.000461,-0.004264,0.848,0.036,-0.035,5527,2.85696130480745,0.1286109533790165,-0.4129223630603353,2334,4644952,6.941,0.012,0.6119110335660375,0.0002649860136089739,0.9998318948337386,0.012,0.9878339120957337
4644952,K01805.02,3,CANDIDATE,1.0,31.7821117,27.72263,2.08,0.23,-0.16,0.021609,0.0009539999999999,-0.000587,0.848,0.036,-0.035,5527,2.0054598764158067,0.12283032740608524,-0.09909132706554137,2335,4644952,31.782,0.00051,0.9877356790447888,0.04153867720094022,0.9994618778908058,0.00051,0.9989521523330814
4644952,K01805.03,2,CANDIDATE,1.0,4.36273233,39.210094,1.76,0.2,-0.14,0.01828,0.003118,-0.0016359999999999,0.848,0.036,-0.035,5527,1.6965063881198086,0.29819931466419514,-0.16719990377101893,2336,4644952,4.363,3.1e-05,0.9877356790447888,0.009227894007703366,0.9998843537400023,3.1e-05,0.9998533573250363
7747425,K01952.01,1,CANDIDATE,0.997,8.010392900000001,29.24046,1.88,0.27,-0.27,0.0154729999999999,0.000569,-0.000281,1.213,0.057,-0.054,5615,2.0540867542316756,0.12256643282006907,-0.0987594494133467,2437,7747425,8.01,8.9e-06,0.9877356790447888,0.02330937443540468,0.9997036694925351,8.9e-06,0.9996947721298767
7747425,K01952.02,2,CANDIDATE,0.967,27.6666375,20.440506,2.04,0.3,-0.29,0.016826,0.004971,-0.000575,1.213,0.057,-0.054,5615,2.233701526963252,0.6682104669053526,-0.12535907226210258,2471,7747425,27.667,0.015,0.9877356790447888,0.07017725077574935,0.999062871925289,0.015,0.9840769288464096
7747425,K01952.03,4,CANDIDATE,1.0,5.19559398,14.557533,1.18,0.17,-0.17,0.009719,0.000616,-0.00032,1.213,0.057,-0.054,5615,1.2902261464730684,0.10179957561002187,-0.07144051583963888,2472,7747425,5.196,0.00078,0.9877356790447888,0.07518367424005683,0.998990582513363,0.00078,0.9982113698590026
7102316,K02028.01,1,CANDIDATE,0.998,57.24885179999999,27.801964,3.19,0.88,-0.29,0.034581,0.001352,-0.000618,0.765,0.068,-0.062,5642,2.895225789784168,0.2811468446936545,-0.2402826279683854,2218,7102316,57.249,2.9e-05,0.9877356790447888,0.06608907364835402,0.9991213276226432,2.9e-05,0.9990923531041421
7102316,K02028.02,2,CANDIDATE,1.0,37.055172600000006,22.671307,3.19,0.88,-0.29,0.034562,0.004149,-0.005407,0.765,0.068,-0.062,5642,2.8936350523848478,0.4322287807933667,-0.5098300871856214,2219,7102316,37.055,7.2e-05,0.9877356790447888,0.06944734799612909,0.9990733462652285,7.2e-05,0.9990014129842975
7102316,K02028.03,3,CANDIDATE,0.985,142.545,11.702783,2.52,0.69,-0.23,0.02727,0.001603,-0.0010609999999999,0.765,0.068,-0.062,5642,2.2831267831298767,0.24330700740114733,-0.2052553319239924,2220,7102316,142.545,0.001,0.9877356790447888,0.6018696726409679,0.9812293217640824,0.001,0.9802480924423184
8505920,K02094.01,1,CANDIDATE,0.974,42.426964700000006,19.70963,3.44,0.55,-0.45,0.031124,0.001898,-0.010655,1.012,0.055,-0.052,5329,3.447143594512962,0.2815806953907816,-1.1933150092820453,3268,8505920,42.427,0.48,0.9877356790447888,0.09690445722292197,0.9986676668914615,0.48,0.51930718678356
8505920,K02094.02,2,CANDIDATE,0.998,198.680859,12.916696,2.79,0.45,-0.36,0.0252419999999999,0.005279,-0.002498,1.012,0.055,-0.052,5329,2.795681744399687,0.6040961220265124,-0.31173720033031505,3269,8505920,198.681,0.00064,0.9877356790447888,0.8003012982193686,0.9502399227895476,0.00064,0.9496317692389623
10158729,K02097.01,1,CANDIDATE,0.919,58.601926,16.360394,2.06,0.68,-0.22,0.018557,0.000604,-0.000878,1.057,0.082,-0.074,6250,2.146674565709162,0.18059836790684794,-0.1813896707322723,3272,10158729,58.602,0.0065,0.9877356790447888,0.164581394307776,0.9975538709811503,0.0065,0.9910697708197729
9034103,K01402.01,1,CANDIDATE,1.0,7.13969705,24.798525,2.24,0.65,-0.26,0.020664,0.0008439999999999,-0.000495,1.106,0.11,-0.098,6014,2.5012262378555246,0.2689257442963872,-0.2295838724391937,1820,9034103,7.14,6.5e-06,0.9877356790447888,0.033411974287623485,0.999570796264064,6.5e-06,0.9995642990538882
10213902,K01723.01,1,CANDIDATE,0.992,59.6222627,29.14388,3.63,0.97,-0.41,0.03337,0.002386,-0.004511,0.884,0.082,-0.074,6108,3.228434110873395,0.37811144127239993,-0.5133252500569381,2677,10213902,59.622,0.0032,0.9877356790447888,0.0618577936472341,0.999181292976331,0.0032,0.9959839128388067
10214162,K01724.01,1,CANDIDATE,1.0,17.42393582,29.249092,3.29,1.04,-0.41,0.031088,0.000258,-0.005361,0.829,0.071,-0.064,6018,2.820530299270073,0.2426967699811188,-0.5329061353822351,2678,10214162,17.424,0.00033,0.9877356790447888,0.027862069609208083,0.9996441325633183,0.00033,0.9993142499995723
7747425,K01952.04,3,CANDIDATE,1.0,42.4729078,16.694304000000002,2.03,0.29,-0.29,0.016741,0.000567,-0.00065,1.213,0.057,-0.054,5615,2.2224175242417568,0.12873252655528328,-0.13127981750541817,2473,7747425,42.473,0.0015,0.9877356790447888,0.12256748844471617,0.9982655398330978,0.0015,0.9967681415233483
9071593,K02257.01,1,CANDIDATE,1.0,32.563524900000004,21.8976,2.05,0.15,-0.12,0.021865,0.000656,-0.000947,0.813,0.045,-0.043,5229,1.9454652728574124,0.1224843210439653,-0.13299458040918588,2719,9071593,32.564,0.00029,0.9877356790447888,0.06815189603412848,0.9990918960127042,0.00029,0.9988021593628605
7778767,K02523.01,1,CANDIDATE,0.998,13.0313583,16.700882,2.88,0.43,-0.4,0.024587,0.005876,-0.003054,1.08,0.07,-0.065,5513,2.90611470739995,0.7196156429290715,-0.4011161913893987,3215,7778767,13.031,0.00013,0.9877356790447888,0.07285838554019294,0.9990242552244746,0.00013,0.9988943820712954
7778767,K02523.02,2,CANDIDATE,0.763,2.61090223,9.254996,1.8,0.27,-0.25,0.0153509999999999,0.006659,-0.00206,1.08,0.07,-0.065,5513,1.814445311477461,0.7958126754687563,-0.2668534933930509,3216,7778767,2.611,0.017,0.9877356790447888,0.10931179604923323,0.9984761434183915,0.017,0.9815020489802788
9602613,K02612.01,1,CANDIDATE,0.856,4.61225043,11.438283,0.51,0.06,-0.05,0.004852,0.000306,-0.000215,1.035,0.043,-0.041,5495,0.549597309023408,0.04150634997601788,-0.03266639004182305,2920,9602613,4.612,0.12,0.9877356790447888,0.095429664483198,0.99869008287074,0.12,0.8788472729262512
9602613,K02612.02,2,CANDIDATE,0.952,7.57299816,8.334758,0.53,0.06,-0.05,0.005049,0.0002819999999999,-0.000339,1.035,0.043,-0.041,5495,0.5719119565661966,0.039810902361987685,-0.04458449241656993,2921,9602613,7.573,0.66,0.9877356790447888,0.12777993038495977,0.9981809721955431,0.66,0.3393815305464846
8025596,K02615.01,1,CANDIDATE,0.997,4.69505576,14.638098,1.49,0.44,-0.15,0.014207,0.000759,-0.000571,1.088,0.107,-0.095,5999,1.6916664314120313,0.18933078893994496,-0.16260661448011945,2924,8025596,4.695,0.00047,0.9877356790447888,0.07402406701731938,0.9990073960273947,0.00047,0.9985378625512619
9726659,K01491.01,1,CANDIDATE,1.0,3.148661555,27.554878,2.15,0.4,-0.29,0.022587,0.003257,-0.001402,1.103,0.101,-0.091,5258,2.726575449550088,0.46574060052147254,-0.2815041700646744,1671,9726659,3.149,1.3e-05,0.9877356790447888,0.024525131362654686,0.9996878250700493,1.3e-05,0.9996748291283233
7132798,K00220.01,1,CANDIDATE,1.0,2.422084188,399.3786,3.55,0.75,-0.32,0.039181,0.000376,-0.000179,1.001,0.076,-0.069,5598,4.292329461631637,0.3284840369902039,-0.2965239808930667,610,7132798,2.422,6.7e-05,3.3346742111623607e-172,2.0238631915438252e-16,0.0,6.7e-05,0.0
8491277,K00234.01,1,CANDIDATE,1.0,9.61375316,83.48201,3.27,0.97,-0.53,0.026947,0.003355,-0.001042,1.185,0.09,-0.082,5997,3.4947187360779006,0.5096717088640588,-0.2770247276221334,33,8491277,9.614,1.6e-05,0.031563863866042964,0.00021685641947736536,0.9933450116846789,1.6e-05,0.993329118164492
9225395,K02107.01,1,CANDIDATE,0.979,81.3153052,18.805635,2.55,0.3,-0.33,0.0239169999999999,0.001266,-0.0008529999999999,0.779,0.037,-0.035,5321,2.039048786354761,0.1450142767375724,-0.1169682610849622,3317,9225395,81.315,0.0012,0.9877356790447888,0.19868489347821286,0.9969213218928671,0.0012,0.9957250163065957
10709622,K02108.01,1,CANDIDATE,0.998,51.3283527,26.047709,3.06,0.96,-0.48,0.025029,0.003642,-0.000918,1.168,0.093,-0.085,6119,3.1994092547193556,0.5306910512737667,-0.2607329462733766,3318,10709622,51.328,8e-05,0.9877356790447888,0.06843467335046902,0.9990878512886956,8e-05,0.9990079242605925
9071593,K02257.02,2,CANDIDATE,0.514,59.284064,10.66435,1.81,0.13,-0.11,0.0193,0.000286,-0.0017739999999999,0.813,0.045,-0.043,5229,1.7172412424490309,0.0983977170879541,-0.18210985945649225,2720,9071593,59.284,0.0021,0.9877356790447888,0.24692693167126292,0.9959286905887174,0.0021,0.9938372403384811
5097868,K02435.01,1,CANDIDATE,1.0,6.80243431,12.355037,2.6,0.72,-0.22,0.029185,0.010173,-0.015735,0.952,0.078,-0.071,5836,3.040745702869368,1.0887978192841627,-1.6550191064058741,2822,5097868,6.802,0.99,0.9877356790447888,0.09226825754404613,0.9987378889694666,0.99,0.009987378889694675
9205907,K02528.01,1,CANDIDATE,0.997,12.02295362,16.464874,3.28,0.95,-0.32,0.034126,0.0006889999999999,-0.008376,1.16,0.106,-0.095,5982,4.332382883211678,0.4054381259435007,-1.120986692520688,3220,9205907,12.023,0.33,0.9877356790447888,0.07291876340768332,0.9990233830232952,0.33,0.6693456666256077
8081905,K02619.01,1,CANDIDATE,1.0,3.27645723,15.281276,1.71,0.52,-0.17,0.016307,0.000733,-0.0007019999999999,0.999,0.108,-0.095,5812,1.7828837025075508,0.20874109797416074,-0.18610687089501177,3049,8081905,3.276,3.5e-05,0.9877356790447888,0.06848232925940638,0.9990871693974581,3.5e-05,0.9990522013465292
11125797,K03371.01,1,CANDIDATE,0.998,58.1263775,10.819026,1.32,0.17,-0.04,0.0147949999999999,0.000925,-0.0006889999999999,1.07,0.051,-0.048,5406,1.7325357420400083,0.13620755732257944,-0.11202887321855697,4099,11125797,58.126,0.0044,0.9877356790447888,0.24028737850812762,0.9960727876620811,0.0044,0.991690067396368
11125797,K03371.02,2,CANDIDATE,1.0,12.25384348,10.144701,1.0,0.13,-0.03,0.011217,0.0004669999999999,-0.000866,1.07,0.051,-0.048,5406,1.313541968128618,0.08312905169029224,-0.11728758894656359,4100,11125797,12.254,0.0091,0.9877356790447888,0.12055837030430308,0.9982978684778256,0.0091,0.9892133578746775
6364582,K03456.01,1,CANDIDATE,1.0,30.8609783,11.603067,1.08,0.14,-0.05,0.011914,0.001818,-0.001653,1.223,0.055,-0.052,5627,1.594657825541153,0.2536820848034389,-0.23140570012738576,4514,6364582,30.861,0.00091,0.9877356790447888,0.14789899028738338,0.9978448530165719,0.00091,0.9969368142003269
2717158,K03459.01,1,CANDIDATE,1.0,13.2226149,11.174874,1.75,0.46,-0.16,0.018529,0.000118,-0.0043939999999999,1.17,0.1,-0.091,5931,2.3725823686446006,0.20334694644547752,-0.592127380862481,4517,2717158,13.223,0.00038,0.9877356790447888,0.11324160739402873,0.9984143640506081,0.00038,0.9980349665922689
6426592,K03554.01,1,CANDIDATE,0.522,394.67816267,2223.4897,52.16,12.5,-6.23,0.575438,0.010737,-0.010086,1.215,0.102,-0.092,5780,76.51705939607979,6.580403977252494,-5.947082487531427,4163,6426592,394.678,1.0,0.0,3.3065029979495097e-82,0.0,1.0,0.0
12784167,K03848.01,1,CANDIDATE,1.0,1.847892736,43.869167,1.51,0.35,-0.15,0.016387,0.000432,-0.0002549999999999,1.125,0.085,-0.077,5763,2.0176016844166873,0.1614537263844659,-0.1416176783181556,4629,12784167,1.848,2.8e-06,0.9877356790447888,0.005871099030802549,0.9999266703736581,2.8e-06,0.9999238705789811
10604521,K02797.01,1,CANDIDATE,1.0,0.868122253,15.958482,1.65,0.54,-0.17,0.013923,0.000495,-0.0004639999999999,1.043,0.101,-0.09,6116,1.5892806187547193,0.16394424329947876,-0.14701076528460347,3763,10604521,0.868,4.9e-05,0.9877356790447888,0.06201747488762101,0.9991790398100628,4.9e-05,0.9991300800371122
9468551,K02980.01,1,CANDIDATE,0.987,1.638652525,13.483118,1.29,0.41,-0.14,0.012008,0.000492,-0.0005769999999999,1.015,0.095,-0.085,6119,1.3338904927007298,0.13628538212152572,-0.1287875137834654,3905,9468551,1.639,0.00011,0.9877356790447888,0.07688718995724077,0.9989658060881852,0.00011,0.9988559198495154
7419318,K00313.02,2,CANDIDATE,1.0,8.43639829,61.167633,1.5,0.1,-0.08,0.017275,0.0016809999999999,-0.000554,0.856,0.036,-0.034,5188,1.618360524163101,0.1715584958183697,-0.08261725338770967,126,7419318,8.436,3.9e-06,0.9877356790204993,0.0014828809429610847,0.9999815603133999,3.9e-06,0.9999776603853148
9092504,K02716.01,1,CANDIDATE,1.0,0.962864171,25.515627,1.52,0.36,-0.15,0.0172639999999999,0.0022719999999999,-0.001323,0.969,0.095,-0.085,5704,1.83083269745783,0.3004525647946134,-0.21325359761116336,3404,9092504,0.963,5.4e-05,0.9877356790447888,0.02797607635340627,0.9996426345058761,5.4e-05,0.9995886538036127
9092504,K02716.02,2,CANDIDATE,0.956,6.46004728,12.190126,1.8,0.43,-0.17,0.020507,0.0031219999999999,-0.002472,0.969,0.095,-0.085,5704,2.174750123190914,0.39379745685920403,-0.3242171028006179,3405,9092504,6.46,0.0065,0.9877356790447888,0.09291477779416511,0.9987281395381566,0.0065,0.9922364066311586
5775129,K02802.01,1,CANDIDATE,0.988,3.84822189,14.959467000000002,1.72,0.28,-0.21,0.013198,0.000489,-0.000711,1.165,0.06,-0.056,5927,1.682741885697206,0.1067613557073181,-0.1214931215095364,3801,5775129,3.848,0.0044,0.9877356790447888,0.07102735828905496,0.9990506518599348,0.0044,0.9946548289917512
9898447,K02803.01,1,CANDIDATE,1.0,2.37752442,14.03587,0.53,0.07,-0.03,0.005152,0.0002529999999999,-0.000267,0.987,0.042,-0.039,5615,0.5565144721872641,0.036161818741032636,-0.03626798058523273,3802,9898447,2.378,0.0023,0.9877356790447888,0.07452397581690197,0.9990001528574363,0.0023,0.9967024525058642
8430964,K03078.01,1,CANDIDATE,1.0,2.98618134,11.3706,1.16,0.38,-0.13,0.010222,0.000551,-0.000645,1.189,0.114,-0.102,6173,1.3301517399635037,0.1463066072534134,-0.14165217317724257,3646,8430964,2.986,0.0002,0.9877356790447888,0.09322236940065208,0.9987234962209168,0.0002,0.9985237515216727
8078502,K03383.01,1,CANDIDATE,0.916,37.8862977,14.600046,2.09,0.48,-0.2,0.023418,0.00134,-0.000988,0.874,0.081,-0.073,5513,2.23998283293481,0.2439764631542312,-0.20960590416768196,4146,8078502,37.886,0.0002,0.9877356790447888,0.1329298765857772,0.9980964199472117,0.0002,0.9978968006632223
1995519,K02634.01,1,CANDIDATE,0.952,19.9401211,15.501348000000002,2.42,0.47,-0.2,0.0290589999999999,0.003888,-0.004141,0.965,0.096,-0.086,5623,3.0689614553706157,0.5116816957639069,-0.5158173237848908,2965,1995519,19.94,0.0027,0.9877356790447888,0.09078179485080541,0.9987602520245814,0.0027,0.996063599344115
6198182,K02636.01,1,CANDIDATE,0.957,3.88148385,15.536409,0.59,0.09,-0.04,0.005515,0.000385,-0.000266,0.993,0.042,-0.04,5854,0.5993468414139189,0.04892058008879212,-0.03766346450758765,2967,6198182,3.881,0.017,0.9877356790447888,0.06781954781702175,0.9990966466404583,0.017,0.9821120036475705
6211812,K02638.01,1,CANDIDATE,0.97,2.524017517,15.191005,1.5,0.31,-0.17,0.01576,0.0010789999999999,-0.000359,0.824,0.068,-0.062,5420,1.421238228039265,0.15239517216213497,-0.11173100352677534,2969,6211812,2.524,0.041,0.9877356790447888,0.06804866580588813,0.9990933719615067,0.041,0.9581305437110849
9020114,K03088.01,1,CANDIDATE,1.0,3.48412874,11.505404,1.16,0.17,-0.05,0.011556,0.000694,-0.000605,1.034,0.052,-0.049,5696,1.307710249307828,0.10243426090970469,-0.09234520101630841,3690,9020114,3.484,0.014,0.9877356790447888,0.09305061332946926,0.9987260893910662,0.014,0.9847439241395913
6615511,K03306.01,1,CANDIDATE,1.0,25.1593389,11.736576,1.76,0.53,-0.17,0.017285,0.000763,-0.001249,1.202,0.117,-0.104,5973,2.2738264140762645,0.24302498804662903,-0.2563231400753091,4504,6615511,25.159,9.2e-05,0.9877356790447888,0.13307216473942518,0.998094069587467,9.2e-05,0.998002244933065
9536108,K03472.01,1,CANDIDATE,0.972,10.43003118,9.283271,1.14,0.36,-0.12,0.010153,0.000875,-0.000504,1.082,0.084,-0.076,6277,1.2022785603133652,0.1394553866049747,-0.10340908550271881,4567,9536108,10.43,0.19,0.9877356790447888,0.12480917289227507,0.9982292937764349,0.19,0.8085657279589124
4673628,K04056.01,1,CANDIDATE,0.838,3.951383138,16.476116,23.51,5.67,-3.06,0.23944,6.708576,-0.124795,1.247,0.095,-0.086,5570,32.677333686131384,915.5495610554161,-17.179726226315868,5480,4673628,3.951,0.99,0.9877356790447888,0.06289910397487927,0.999166585846939,0.99,0.009991665858469398
6933567,K02643.01,1,CANDIDATE,0.918,9.08233411,15.25862,1.35,0.24,-0.13,0.015633,0.000831,-0.000724,0.826,0.065,-0.06,5354,1.4132071656493834,0.134203738042043,-0.12174338918959625,3005,6933567,9.082,0.0014,0.9877356790447888,0.07621523883446733,0.9989755900529087,0.0014,0.9975770242268347
3346154,K02723.01,1,CANDIDATE,1.0,1.952711161,21.784075,2.58,0.76,-0.26,0.024933,0.000925,-0.006212,1.062,0.082,-0.075,5741,2.8978940917128115,0.24824289847936107,-0.7504481356526652,3450,3346154,1.953,0.17,0.9877356790447888,0.03904482618186476,0.9994954977236281,0.17,0.8295812631106113
11905409,K03312.01,1,CANDIDATE,1.0,18.0939004,9.789039,1.91,0.48,-0.16,0.020174,0.000739,-0.001748,1.01,0.114,-0.1,5904,2.229958834319154,0.2646218040209995,-0.2933944618112735,4511,11905409,18.094,0.0033,0.9877356790447888,0.13679276306642904,0.9980323365662326,0.0033,0.994738829855564
5710069,K03396.01,1,CANDIDATE,0.951,36.2580749,11.612474,1.82,0.43,-0.15,0.019643,0.005756,-0.002111,1.228,0.121,-0.108,5818,2.6399131485653156,0.8161385290509833,-0.36659894737974286,4199,5710069,36.258,0.00092,0.9877356790447888,0.16155574945070358,0.9976075052521124,0.00092,0.9966897063472804
4150804,K03678.01,1,CANDIDATE,1.0,160.88451966,288.8604,9.09,3.04,-2.02,0.079769,0.000131,-0.0006519999999999,0.902,0.038,-0.036,5650,7.874520915649385,0.3319945233273854,-0.3208053418217861,4666,4150804,160.885,0.0053,2.175388779410272e-120,6.88355188810663e-11,0.0,0.0053,0.0
8554701,K03315.01,1,CANDIDATE,0.974,31.1748311,14.219389,1.31,0.4,-0.14,0.0129889999999999,0.000609,-0.000483,0.983,0.042,-0.04,6086,1.3973741026774371,0.08864046900718775,-0.07702772548211674,4548,8554701,31.175,0.00013,0.9877356790447888,0.12205749713976308,0.9982737600966272,0.00013,0.9981439845078146
9966219,K03401.01,1,CANDIDATE,0.996,17.9559673,10.403063,1.96,0.28,-0.33,0.014983,0.000866,-0.004997,0.951,0.054,-0.051,5637,1.559418751274226,0.12635083256127042,-0.5267644812886876,4241,9966219,17.956,0.0042,0.9877356790447888,0.13028991115632393,0.9981398882091549,0.0042,0.9939477006786764
9664142,K02654.01,1,CANDIDATE,0.978,13.5631157,13.206010999999998,1.75,0.51,-0.17,0.017929,0.003638,-0.001376,1.099,0.108,-0.096,5853,2.1564391871224515,0.48618159144686035,-0.25074597950827454,3789,9664142,13.563,0.0047,0.9877356790447888,0.09722215421115878,0.9986628284970068,0.0047,0.9939691132030709
7428736,K02827.01,1,CANDIDATE,0.993,7.06321927,14.2268095,1.21,0.19,-0.16,0.01355,0.000205,-0.001357,0.775,0.059,-0.053,5305,1.1492763064749558,0.08920428291286386,-0.1393723784438051,3892,7428736,7.063,0.00032,0.9877356790447888,0.07985175413653713,0.9989224698666963,0.00032,0.9986028146763389
11518201,K03104.01,1,CANDIDATE,0.981,1.236866732,11.330463,1.75,0.46,-0.19,0.018187,0.000867,-0.0061259999999999,0.793,0.063,-0.057,5621,1.5784023169991188,0.1462395900683194,-0.5436300970561716,3741,11518201,1.237,0.2,0.9877356790447888,0.09066382685001204,0.9987620236601656,0.2,0.7990096189281326
8753657,K00321.01,1,CANDIDATE,1.0,2.426304127,65.83189,1.41,0.21,-0.08,0.0132719999999999,0.001123,-0.000856,1.077,0.046,-0.044,5678,1.5643557829096282,0.14827433124191977,-0.11943413333718436,173,8753657,2.426,0.0052,0.9877356750135013,0.0008783429181484072,0.9999890843741428,0.0052,0.9947891411353973
3544595,K00069.01,1,CANDIDATE,1.0,4.72674037,244.8787,1.56,0.07,-0.07,0.015943,4e-05,-0.0008359999999999,0.943,0.04,-0.037,5648,1.6453761372545932,0.06991524105598308,-0.10775794243528598,519,3544595,4.727,0.00013,5.2731610332013606e-89,1.5122180887019334e-10,0.0,0.00013,0.0
10332213,K02919.01,1,CANDIDATE,1.0,2.522590567,11.662024,25.82,6.66,-2.23,0.274887,48.20747,-0.97084,0.908,0.069,-0.063,5591,27.316402654983637,4790.5313278738,-96.49409913258633,3637,10332213,2.523,1.0,0.9877356790447888,0.09035009601151234,0.9987667330130056,1.0,0.0
7347246,K03014.01,1,CANDIDATE,0.941,86.1160885,16.375875,3.11,1.06,-0.35,0.027076,0.001276,-0.000913,1.045,0.104,-0.093,6161,3.0965938827712054,0.340983389501649,-0.2947004169633669,4041,7347246,86.116,0.00056,0.9877356790447888,0.25174433968827425,0.9958225383715702,0.00056,0.9952648777500821
12072872,K03017.01,1,CANDIDATE,0.98,2.46288834,10.592159,0.67,0.18,-0.12,0.006346,0.000453,-0.0003129999999999,0.895,0.038,-0.036,5893,0.6215936350050341,0.051627089147452676,-0.039561038388140686,4077,12072872,2.463,0.51,0.9877356790447888,0.09821170361212324,0.9986477362203239,0.51,0.4893373907479587
11285870,K03110.01,1,CANDIDATE,0.972,4.48494315,11.137843,1.23,0.41,-0.13,0.0107459999999999,0.000478,-0.000721,1.114,0.088,-0.08,6217,1.3101332920337154,0.11877330405950931,-0.12875918511375226,3780,11285870,4.485,2.5e-05,0.9877356790447888,0.09749603328822232,0.9986586546972531,2.5e-05,0.9986336882308856
8753657,K00321.02,2,CANDIDATE,0.996,4.62334491,20.600616,0.77,0.12,-0.05,0.007238,0.000169,-0.000346,1.077,0.046,-0.044,5678,0.8531349575572613,0.04152782826550686,-0.05364733080983265,174,8753657,4.623,1.5e-05,0.9877356790447888,0.04531048041726932,0.9994106961509606,1.5e-05,0.9993957049905183
4271474,K03324.01,1,CANDIDATE,1.0,21.8634638,13.710323,2.37,0.44,-0.19,0.027476,0.001125,-0.002931,0.838,0.077,-0.069,5383,2.5198865123332492,0.25348872266551076,-0.3395703227372508,4596,4271474,21.863,0.059,0.9877356790447888,0.10808660442257315,0.9984952929607052,0.059,0.9395840706760236
5881813,K02744.01,1,CANDIDATE,0.987,109.6469948,22.06446,4.85,0.73,-1.7,0.030575,0.005278,-0.003381,0.939,0.053,-0.05,5337,3.142067521787692,0.5706560352054565,-0.3856357633437904,3541,5881813,109.647,0.0036,0.9877356790447888,0.24491106675321156,0.9959727084533994,0.0036,0.9923872067029671
5881813,K02744.02,2,CANDIDATE,0.579,11.615625,8.123982,2.84,0.43,-1.0,0.017915,0.000517,-0.006254,0.939,0.053,-0.05,5337,1.8410511742543418,0.11670911088725305,-0.650131566634726,3542,5881813,11.616,0.27,0.9877356790447888,0.1390174204917475,0.9979951696548474,0.27,0.7285364738480385
6974658,K02925.01,1,CANDIDATE,0.999,0.7165318509999999,14.491310999999998,1.11,0.33,-0.2,0.009893,0.000392,-0.001756,0.858,0.036,-0.034,5552,0.9289637185061668,0.05361124231068394,-0.16894957477174855,3677,6974658,0.717,0.13,0.9877356790447888,0.06969852872524464,0.9990697435957228,0.13,0.8691906769282788
11618601,K03022.01,1,CANDIDATE,0.828,2.76263737,11.600199,1.25,0.38,-0.12,0.012679,0.00041,-0.0009,0.799,0.065,-0.059,5772,1.1087030360716084,0.09705917674540757,-0.11356142309100396,4083,11618601,2.763,0.0016,0.9877356790447888,0.09118165488282069,0.998754243531655,0.0016,0.9971562367420043
11618601,K03022.02,2,CANDIDATE,0.972,5.05368985,10.617677,1.21,0.37,-0.11,0.012312,0.000589,-0.000882,0.799,0.065,-0.059,5772,1.0766110718600554,0.10160559843183688,-0.11076338074784749,4084,11618601,5.054,0.0022,0.9877356790447888,0.10257730164777072,0.9985807562629835,0.0022,0.996383878599205
7503885,K03417.01,1,CANDIDATE,1.0,91.078624,12.420644,3.26,1.03,-0.44,0.029618,0.00233,-0.00483,1.148,0.093,-0.084,5915,3.721183379184495,0.42020394733894106,-0.6651234395346571,4293,7503885,91.079,0.0041,0.9877356790447888,0.3433309333259027,0.993508140064839,0.0041,0.9894347566905731
12456601,K02745.01,1,CANDIDATE,0.995,15.64588656,23.488997,2.18,0.67,-0.22,0.021809,0.000821,-0.0005679999999999,1.046,0.085,-0.077,5896,2.4966110747231314,0.22359171623286586,-0.19494826997167714,3576,12456601,15.646,0.00023,0.9877356790447888,0.043749638205380435,0.9994319250758289,0.00023,0.9992020557330615
11075737,K00292.01,1,CANDIDATE,1.0,2.586639524,57.04997,1.44,0.19,-0.16,0.013613,0.000151,-0.00032,0.988,0.043,-0.041,5780,1.4719540225899825,0.06611069265290241,-0.07020245959877608,630,11075737,2.587,0.00023,0.9877356790447133,0.001893739017900537,0.999976441582546,0.00023,0.999746447000982
6523351,K03117.01,1,CANDIDATE,0.976,6.06664931,11.132266,0.87,0.12,-0.04,0.008919,0.001139,-0.001701,0.922,0.039,-0.037,5569,0.8999751970488296,0.12107184175859674,-0.17539866102081936,3821,6523351,6.067,0.081,0.9877356790447888,0.10029039545398874,0.9986159245900674,0.081,0.917728034698272
3545135,K02755.01,1,CANDIDATE,0.995,8.48299282,18.021414,0.8,0.11,-0.06,0.007876,9.3e-05,-0.000482,0.975,0.041,-0.039,5827,0.8404149682230052,0.0367073763540572,-0.061443852456362545,3621,3545135,8.483,0.0075,0.9877356790447888,0.06022541457001285,0.9992042825762938,0.0075,0.9917102504569716
10064256,K02849.01,1,CANDIDATE,1.0,5.95958637,12.840978,1.02,0.25,-0.08,0.0104269999999999,0.000535,-0.000482,0.816,0.061,-0.055,5452,0.9311786028190194,0.08442929816752,-0.07610572723674637,4020,10064256,5.96,0.17,0.9877356790447888,0.087458391094819,0.9988099873625147,0.17,0.8290122895108871
3747817,K04103.01,1,CANDIDATE,0.999,184.77271,16.886051000000002,2.41,0.22,-0.1,0.027576,0.0013599999999999,-0.000793,0.989,0.046,-0.044,5273,2.9847710081802163,0.20234064247474673,-0.15811580221064603,4962,3747817,184.773,0.00071,0.9877356790447888,0.6860372876987423,0.972868586850983,0.00071,0.9721778501543188
6432345,K02757.01,1,CANDIDATE,0.998,234.635652,21.258717,2.56,0.25,-0.19,0.0264589999999999,0.000972,-0.000832,0.876,0.039,-0.037,5422,2.5366525671406897,0.146416037246125,-0.1335730495236852,3623,6432345,234.636,0.038,0.9877356790447888,0.7962930809753666,0.9514633355218062,0.038,0.9153077287719775
12602314,K02853.01,1,CANDIDATE,0.992,1.4070201180000002,15.100548000000002,1.12,0.04,-0.09,0.012061,0.000618,-0.000503,0.844,0.04,-0.038,5018,1.1140616377422603,0.07775815620702474,-0.06837119430773762,4025,12602314,1.407,0.00052,0.9877356790447888,0.06717122453661531,0.9991059041135095,0.00052,0.9985863690433705
6357290,K03040.01,1,CANDIDATE,0.882,4.8099878,12.766799,1.59,0.43,-0.17,0.015608,0.000808,-0.000769,0.882,0.078,-0.07,5988,1.5066046279889251,0.15438673002431666,-0.1407390488241648,3471,6357290,4.81,0.0011,0.9877356790447888,0.08619196615745778,0.9988288444480738,0.0011,0.997730132719181
4366323,K03258.01,1,CANDIDATE,0.736,40.3511707,10.252698,1.88,0.38,-0.17,0.020966,0.001574,-0.001,1.047,0.098,-0.088,5665,2.4024022104517995,0.288260214704333,-0.23216803641633918,3573,4366323,40.351,0.0031,0.9877356790447888,0.19025091576400885,0.9970827136757057,0.0031,0.993991757263311
7364176,K00373.01,1,CANDIDATE,1.0,135.1879934,62.985138,2.32,0.31,-0.2,0.023453,0.000441,-0.000185,0.945,0.04,-0.038,5731,2.4255691911810975,0.11234437389029643,-0.0993950308130006,414,7364176,135.188,0.81,0.9873472611300094,0.01484378744516771,0.9998069124616886,0.81,0.1899633133677208
8934103,K04009.01,1,CANDIDATE,0.997,175.13891999999998,16.485638,3.06,0.45,-0.59,0.022585,0.001209,-0.00079,0.948,0.054,-0.05,5518,2.3432136461741755,0.18316455325878575,-0.1482962098311884,5262,8934103,175.139,0.0067,0.9877356790447888,0.6525656145513535,0.9766786249391202,0.0067,0.970134878152028
8934103,K04009.02,2,CANDIDATE,0.93,77.79271800000001,8.293034,2.17,0.31,-0.42,0.015988,0.000343,-0.002315,0.948,0.054,-0.05,5518,1.6587690845708531,0.10096616697383497,-0.25562106977181986,5296,8934103,77.793,0.77,0.9877356790447888,0.3662773668539335,0.9928234844353236,0.77,0.22834940142012441
3747817,K04103.02,2,CANDIDATE,0.868,14.2378417,7.9679656,1.1,0.1,-0.04,0.012587,0.002031,-0.000569,0.989,0.046,-0.044,5273,1.3623916695664484,0.22878202672373815,-0.08641076701549089,4963,3747817,14.238,0.037,0.9877356790447888,0.14695159905984112,0.9978610363272526,0.037,0.9609401779831442
8686097,K00374.01,1,CANDIDATE,0.992,172.70460830000002,79.35191999999999,2.85,0.45,-0.44,0.023415,0.000463,-0.0001889999999999,1.224,0.052,-0.049,5851,3.1365992593757865,0.14698100740865122,-0.12809345181581291,438,8686097,172.705,3.6e-05,5.395303619550912e-08,0.007463142329420223,0.0,3.6e-05,0.0
5475042,K03050.01,1,CANDIDATE,0.892,1.242639742,13.234499,1.02,0.21,-0.09,0.011446,0.00073,-0.000432,0.955,0.077,-0.07,5520,1.1963012838220486,0.1229837184950153,-0.09862886855078348,3513,5475042,1.243,0.00049,0.9877356790447888,0.07788303106013263,0.9989512798881094,0.00049,0.9984617937609642
8827575,K03052.01,1,CANDIDATE,0.977,10.12956201,12.274704,0.78,0.07,-0.04,0.008451,0.0002279999999999,-0.000743,1.134,0.048,-0.045,5383,1.0488288185565064,0.05264590603217149,-0.10116921635774745,3515,8827575,10.13,0.51,0.9877356790447888,0.09847355066769532,0.9986437370730946,0.51,0.48933543116581635
8827575,K03052.02,2,CANDIDATE,0.87,15.6112238,11.277081,0.91,0.09,-0.05,0.009854,0.000226,-0.00072,1.134,0.048,-0.045,5383,1.2229510327837905,0.058875540961378356,-0.10168495914412733,3516,8827575,15.611,0.12,0.9877356790447888,0.1170836689961096,0.9983534324997324,0.12,0.8785510205997645
2716801,K03053.01,1,CANDIDATE,0.959,42.5217006,12.974654,2.45,0.75,-0.25,0.024534,0.000699,-0.001465,1.048,0.103,-0.092,5911,2.8139287664233574,0.28794590608713083,-0.29875490932577414,3517,2716801,42.522,0.00066,0.9877356790447888,0.16202988191458487,0.9975991261065461,0.00066,0.9969407106833158
2716801,K03053.02,2,CANDIDATE,0.553,9.476705699999998,8.125606,1.38,0.43,-0.14,0.013848,0.001053,-0.001018,1.048,0.103,-0.092,5911,1.5882972836647369,0.1973679012225249,-0.1818617960986294,3518,2716801,9.477,0.0017,0.9877356790447888,0.134080298384563,0.9980773948000334,0.0017,0.9963806632288733
7091432,K03353.01,1,CANDIDATE,1.0,11.55532445,14.371882,1.7,0.21,-0.18,0.019441,0.0003399999999999,-0.005256,1.014,0.076,-0.069,5149,2.1574463805373774,0.1660458047286675,-0.6014713545703804,4734,7091432,11.555,0.00018,0.9877356790447888,0.08554221514370886,0.9988384989772244,0.00018,0.9986587080474085
7288306,K03443.01,1,CANDIDATE,0.985,96.169569,17.212970000000002,2.07,0.33,-0.14,0.0269839999999999,0.001402,-0.0008,1.05,0.095,-0.086,5340,3.1008380380065326,0.32352072169781065,-0.2700996607944381,4431,7288306,96.17,0.0016,0.9877356790447888,0.27562489769491655,0.9952754799465289,0.0016,0.9936830391786143
6346809,K02775.01,1,CANDIDATE,1.0,17.57704569,17.63702,27.21,6.98,-3.74,0.27658,6.781329,-0.007175,0.788,0.06,-0.055,5653,23.85231001887742,584.8258790040849,-1.7760915984388346,3674,6346809,17.577,1.0,0.9877356790447888,0.0733402167785268,0.9990172916643636,1.0,0.0
7769819,K02778.01,1,CANDIDATE,1.0,2.21571296,17.881384,1.7,0.36,-0.25,0.0172289999999999,0.002531,-0.002032,0.842,0.07,-0.063,5417,1.5876531088912569,0.267989659896777,-0.22175094870241785,3710,7769819,2.216,0.0014,0.9877356790447888,0.05428463535299185,0.9992872795079935,0.0014,0.9978882773166823
12164564,K02780.01,1,CANDIDATE,0.996,3.35184041,18.348112,1.88,0.6,-0.19,0.0170939999999999,0.0008,-0.00055,1.242,0.122,-0.109,6198,2.3235324980493193,0.25281821763041046,-0.21718932449716433,3712,12164564,3.352,9.3e-05,0.9877356790447888,0.0533415941618247,0.9993003586630365,9.3e-05,0.9992074237296807
8681833,K02865.01,1,CANDIDATE,0.982,1.3115589090000002,15.153018,1.15,0.35,-0.12,0.010897,0.000487,-0.000507,1.064,0.093,-0.084,5926,1.2689135485779008,0.124567729908555,-0.11627990610794457,3411,8681833,1.312,9.5e-05,0.9877356790447888,0.0667688622002117,0.9991116430171356,9.5e-05,0.9990167274110491
7216284,K03056.01,1,CANDIDATE,0.972,6.69958851,11.795227,1.24,0.22,-0.09,0.01426,0.00094,-0.000711,0.919,0.086,-0.077,5296,1.4342289765290712,0.16417055464244348,-0.1398370285199735,3554,7216284,6.7,9e-05,0.9877356790447888,0.09626356370860754,0.9986774170830898,9e-05,0.9985875361155523
3234843,K03057.01,1,CANDIDATE,0.997,29.727220000000003,16.292034,3.02,0.91,-0.29,0.031506,0.0059409999999999,-0.002502,0.782,0.052,-0.048,5815,2.6963947779385853,0.539139737642906,-0.2706370716243759,3555,3234843,29.727,0.054,0.9877356790447888,0.10137617667553371,0.9985992496298124,0.054,0.9446748901498024
3234843,K03057.02,2,CANDIDATE,1.0,10.61368712,16.158089999999998,2.06,0.63,-0.19,0.021552,0.001085,-0.000688,0.782,0.052,-0.048,5815,1.8444962944877925,0.15383799323110467,-0.12761329770465385,3556,3234843,10.614,0.0001,0.9877356790447888,0.07286736020494201,0.999024125586256,0.0001,0.9989242231736973
4263529,K03358.01,1,CANDIDATE,1.0,10.10404351,47.393806,4.05,0.91,-0.39,0.04465,0.001947,-0.0107,0.857,0.037,-0.035,5530,4.187798150799145,0.25697696430901396,-1.0180402157825557,4739,4263529,10.104,0.81,0.9877356790447888,0.005076410149888963,0.9999366466271178,0.81,0.18998796285915232
11651712,K03363.01,1,CANDIDATE,0.997,14.53260546,23.430363,1.69,0.51,-0.17,0.016627,0.00062,-0.000368,1.19,0.054,-0.051,6003,2.1654308206959474,0.12718339117919975,-0.10444899010293962,4779,11651712,14.533,0.00073,0.9877356790447888,0.0430593908622823,0.9994412910059245,0.00073,0.9987116988634902
3446746,K00385.01,1,CANDIDATE,1.0,13.14496741,33.60837,1.59,0.16,-0.13,0.016418,0.0020559999999999,-0.00074,0.907,0.039,-0.037,5411,1.6297124902781273,0.21578193020034453,-0.09907344874797228,471,3446746,13.145,2.3e-05,0.9877356790447888,0.017704728142082033,0.999776205208559,2.3e-05,0.9997532103558392
5966322,K00303.01,1,CANDIDATE,0.995,60.92818866,81.35701999999999,2.78,0.39,-0.38,0.024899,0.000574,-0.000221,1.015,0.043,-0.041,5638,2.7658677030109486,0.13339974025784573,-0.11439005756959097,80,5966322,60.928,0.00076,0.0013766727375888305,0.0007108088707328022,0.4840202665979064,0.00076,0.483652411195292
7419318,K00313.01,1,CANDIDATE,1.0,18.73577127,70.01182,2.1,0.14,-0.12,0.024162,2e-05,-0.002357,0.856,0.036,-0.034,5188,2.2635500425371253,0.09521446654151955,-0.23841131538341764,125,7419318,18.736,1.1e-05,0.9877311052709833,0.000838792397969443,0.9999895723695639,1.1e-05,0.9999785724842678
11177676,K03281.01,1,CANDIDATE,0.958,47.0320478,10.485104,1.98,0.42,-0.31,0.017222,0.00107,-0.000846,0.859,0.041,-0.039,5375,1.6190497889818778,0.12684778656800605,-0.10829976636704547,3751,11177676,47.032,0.0028,0.9877356790447888,0.20778418082986938,0.9967433451291691,0.0028,0.9939524637628073
11624249,K00356.01,1,CANDIDATE,1.0,1.82708193,263.46945,5.95,3.57,-3.56,0.030822,0.000294,-0.000109,0.915,0.05,-0.047,5311,3.086493493738988,0.17121112981232273,-0.1589164938480202,375,11624249,1.827,2.7e-06,6.912263356060057e-99,2.822463101883532e-11,0.0,2.7e-06,0.0
11662184,K02791.01,1,CANDIDATE,0.995,27.5722144,18.632256,1.94,0.31,-0.17,0.016268,0.000138,-0.001088,1.235,0.063,-0.059,5910,2.1987941709665244,0.1137054867139062,-0.18071879856311818,3756,11662184,27.572,0.00041,0.9877356790447888,0.08105227655525515,0.998904840998467,0.00041,0.9984952900136576
7019524,K02877.01,1,CANDIDATE,0.981,5.30873978,13.079889,1.08,0.33,-0.12,0.010322,0.000503,-0.000439,0.954,0.073,-0.066,5914,1.0776945462496852,0.09776771555499815,-0.08751946715918944,3460,7019524,5.309,0.00021,0.9877356790447888,0.08481865132326752,0.9988492341437787,0.00021,0.9986394758046084
9457948,K04694.01,1,CANDIDATE,1.0,19.2527652,9.532886,1.24,0.39,-0.14,0.010815,0.000661,-0.000709,1.227,0.098,-0.089,6258,1.4522939967436448,0.14605964721898423,-0.14199103383487732,4990,9457948,19.253,0.0015,0.9877356790447888,0.14218615183562308,0.9979418974381933,0.0015,0.996444984592036
7269974,K00456.02,2,CANDIDATE,1.0,4.309381978,29.807705,1.89,0.28,-0.25,0.015879,0.0004769999999999,-0.000254,1.066,0.049,-0.047,5539,1.852523854738233,0.10172492172787173,-0.08688720220450064,225,7269974,4.309,1.0,0.9877356790447888,0.020692508286763306,0.9997376404806063,1.0,0.0
12404305,K00486.01,1,CANDIDATE,1.0,22.18332255,59.862904,2.78,0.38,-0.39,0.024673,0.000545,-0.000362,1.068,0.049,-0.046,5565,2.88387655971558,0.14684875778822337,-0.13122081426237242,321,12404305,22.183,1.1e-05,0.9877356790220438,0.002171951502392445,0.9999729730410127,1.1e-05,0.9999619733383093
7801070,K04361.01,1,CANDIDATE,0.974,75.87813440000001,11.199573,3.39,0.91,-0.49,0.031915,0.000401,-0.0037939999999999,1.157,0.092,-0.084,5579,4.04121227402152,0.32532793948571787,-0.5629196779810149,5230,7801070,75.878,0.39,0.9877356790447888,0.3018942930417805,0.9946304674343245,0.39,0.6067245851349379
7427764,K04364.01,1,CANDIDATE,1.0,4.56383697,10.996368,1.22,0.24,-0.13,0.013,0.000815,-0.001022,0.794,0.063,-0.058,5408,1.1296588535112004,0.1142350917416314,-0.12122859862989073,5232,7427764,4.564,0.00049,0.9877356790447888,0.09872368498554882,0.9986399146424445,0.00049,0.9981505810842697
6276791,K04477.01,2,CANDIDATE,0.999,5.30179786,8.380222,1.22,0.33,-0.11,0.012946,0.000607,-0.000878,1.095,0.094,-0.085,5749,1.5514335450226526,0.1517530277454732,-0.1599204086742868,4933,6276791,5.302,0.0011,0.9877356790447888,0.12249447879367759,0.9982667172207,0.0011,0.9971686238317573
7905106,K04582.01,1,CANDIDATE,0.828,4.22426989,8.32915,0.35,0.05,-0.02,0.0036229999999999,0.001032,-0.0003259999999999,0.941,0.039,-0.037,5735,0.3731138867197229,0.10739940276683893,-0.03663852024181637,5293,7905106,4.224,0.97,0.9877356790447888,0.12072380130639886,0.998295212115396,0.97,0.029948856363461906
9413156,K04700.01,1,CANDIDATE,1.0,3.83488354,9.321168,1.2,0.26,-0.11,0.0142189999999999,0.000946,-0.001009,0.855,0.082,-0.073,5515,1.330511475349223,0.15530196881569677,-0.14771244200599074,4996,9413156,3.835,0.084,0.9877356790447888,0.11108853281618687,0.9984482795348784,0.084,0.9145786240539486
9413156,K04700.02,2,CANDIDATE,0.573,66.47762,7.323951200000001,1.83,0.39,-0.16,0.021656,0.001049,-0.001939,0.855,0.082,-0.073,5515,2.0264123011578157,0.21772763373708431,-0.25070683392287313,4997,9413156,66.478,0.0035,0.9877356790447888,0.3353184216457599,0.9937360751818,0.0035,0.9902579989186637
11709124,K00435.04,4,CANDIDATE,1.0,3.93276627,24.820826,1.5,0.2,-0.15,0.014124,0.000318,-0.000513,1.071,0.05,-0.048,5688,1.6555055283790585,0.0858063118830314,-0.09550233783707633,93,11709124,3.933,1.3e-05,0.9877356790447888,0.031388313410034605,0.9995976342169512,1.3e-05,0.9995846394477064
3663494,K06352.01,1,CANDIDATE,0.88,5.11683678,8.210594,1.16,0.36,-0.12,0.011703,0.000539,-0.0012109999999999,1.197,0.101,-0.092,5955,1.5331152763497358,0.14737686934680347,-0.19761683494970517,6409,3663494,5.117,0.011,0.9877356790447888,0.12370092058356683,0.9982472364145452,0.011,0.9872665168139851
6276791,K04477.02,1,CANDIDATE,0.973,9.32867952,11.328061,1.62,0.44,-0.15,0.017152,0.001098,-0.000752,1.095,0.094,-0.085,5749,2.0554756808457086,0.22011208920342218,-0.18324842661479812,4934,6276791,9.329,0.0035,0.9877356790447888,0.10457418845995872,0.9985499009784591,0.0035,0.9950549763250345
11709124,K00435.05,2,CANDIDATE,0.915,62.3026877,33.319363,3.05,0.4,-0.3,0.028719,0.002725,-0.002048,1.071,0.05,-0.048,5688,3.366218016816637,0.3559712918898847,-0.2835227297643291,94,11709124,62.303,0.00035,0.9877356790447888,0.04605001765554499,0.99940061349256,0.00035,0.9990508232778377
10525077,K05800.01,1,CANDIDATE,0.989,11.006795,9.177401,1.34,0.42,-0.19,0.011693,0.000108,-0.001411,1.156,0.099,-0.09,6091,1.479337408066952,0.1274253401454144,-0.2124418975082938,5595,10525077,11.007,0.0089,0.9877356790447888,0.12706388578801103,0.9981926492767711,0.0089,0.9893087346982078
11015323,K00479.01,1,CANDIDATE,1.0,34.18884323,77.942184,2.97,0.35,-0.26,0.0293769999999999,0.00061,-0.000293,0.94,0.041,-0.039,5515,3.0221690419707925,0.14599331411440664,-0.12896001492485767,278,11015323,34.189,3.6e-05,0.6575687616483472,0.0005680419028005169,0.9997040220594411,3.6e-05,0.9996680327146469
8439323,K04153.01,1,CANDIDATE,1.0,4.62602867,13.297741,1.65,0.44,-0.15,0.018932,0.000491,-0.002568,0.958,0.075,-0.068,5834,1.9849312105461867,0.16370144156320982,-0.3038789794674782,5140,8439323,4.626,0.37,0.9877356790447888,0.08234305854383311,0.9988858352707932,0.37,0.6292980762205997
10526887,K04261.01,1,CANDIDATE,0.741,1.450889836,13.255707999999998,1.21,0.38,-0.17,0.010797,0.00045,-0.000528,0.886,0.075,-0.068,6046,1.0469363499559527,0.09878285600932563,-0.09527654437787039,4878,10526887,1.451,0.00042,0.9877356790447888,0.07804233063316249,0.998948953295297,0.00042,0.998529394734913
12554634,K04714.01,1,CANDIDATE,1.0,2.049602348,9.185251,1.08,0.18,-0.08,0.012687,0.0009199999999999,-0.000906,0.852,0.068,-0.061,5356,1.182992497294236,0.1275682779390565,-0.11962651764159972,5041,12554634,2.05,0.091,0.9877356790447888,0.10883806894023657,0.9984835539382785,0.091,0.9076215505298951
3745690,K00442.01,1,CANDIDATE,0.982,13.54057461,42.19916,2.17,0.31,-0.26,0.019582,0.000507,-0.000359,1.085,0.049,-0.047,5767,2.325253142933551,0.12104483681454613,-0.10937471737667544,139,3745690,13.541,0.00033,0.9877356790447888,0.008511719815436336,0.9998934060637272,0.00033,0.9995634412397262
2161949,K06259.01,1,CANDIDATE,0.813,4.78113942,8.089111,1.14,0.31,-0.22,0.009326,0.000654,-0.000727,1.047,0.08,-0.073,5683,1.0686255372829094,0.11082853808021949,-0.11176281386587086,6792,2161949,4.781,0.016,0.9877356790447888,0.1241393231337394,0.9982401440924026,0.016,0.9822683017869241
2161949,K06259.02,2,CANDIDATE,0.967,7.18864064,7.6470246,1.3,0.36,-0.24,0.010693,0.000681,-0.000924,1.047,0.08,-0.073,5683,1.225264086442864,0.12187698885760286,-0.1360444663983846,6793,2161949,7.189,0.39,0.9877356790447888,0.13373993060076797,0.9980830289096955,0.39,0.6088306476349142
6607644,K04159.01,1,CANDIDATE,0.987,0.971915957,14.952725,0.79,0.05,-0.07,0.008139,9.1e-05,-0.000712,0.886,0.04,-0.038,5197,0.7892020887553486,0.03670626150873453,-0.07689054737973,5181,6607644,0.972,0.00011,0.9877356790447888,0.06744720784126457,0.9991019648937013,0.00011,0.9989920636775629
3645438,K04385.01,2,CANDIDATE,1.0,7.298141999999999,12.195742,1.6,0.09,-0.1,0.017565,0.0007099999999999,-0.001176,0.847,0.052,-0.049,5122,1.6282272548294738,0.11968301049228987,-0.14407047250183078,5284,3645438,7.298,0.00045,0.9877356790447888,0.09426096469946285,0.998707794572993,0.00045,0.9982583760654352
3645438,K04385.02,1,CANDIDATE,0.911,386.370512,13.001594,2.96,0.17,-0.19,0.032485,0.0018399999999999,-0.001359,0.847,0.052,-0.049,5122,3.0112702745878424,0.2515335837177498,-0.21498250129490493,5318,3645438,386.371,0.0046,0.9877356790447888,0.9877271212352536,0.0007059524189451105,0.0046,0.0007027050378179629
3645438,K04385.03,3,CANDIDATE,0.946,17.369511199999998,8.176327,1.45,0.08,-0.09,0.0159319999999999,0.00244,-0.000843,0.847,0.052,-0.049,5122,1.4768526401333912,0.24367761845682845,-0.11578454656327718,5319,3645438,17.37,0.029,0.9877356790447888,0.15241683358987412,0.9977671817250301,0.029,0.9688319334550042
6186182,K04496.01,1,CANDIDATE,0.967,96.384483,9.164617,2.41,0.74,-0.24,0.022095,0.001442,-0.001471,0.884,0.075,-0.068,5919,2.1376161726025673,0.22880926053524833,-0.21746547590156518,4981,6186182,96.384,0.0012,0.9877356790447888,0.4347965370126659,0.9904482262239223,0.0012,0.9892596883524536
2976017,K04849.01,1,CANDIDATE,0.994,3.19938075,8.471165,0.62,0.1,-0.04,0.008036,0.0004799999999999,-0.000674,0.808,0.06,-0.055,5483,0.7106156118801913,0.06772126766302805,-0.07675977317521185,6185,2976017,3.199,0.014,0.9877356790447888,0.11732856156371024,0.9983495307469691,0.014,0.9843726373165115
11709124,K00435.06,6,CANDIDATE,0.997,9.91937693,14.60874,1.32,0.17,-0.13,0.012428,0.000548,-0.000407,1.071,0.05,-0.048,5688,1.456713587276617,0.09354551722827441,-0.08085901423397925,95,11709124,9.919,4.8e-05,0.9877356790447888,0.08151718005400468,0.9988980018231478,4.8e-05,0.9988500547190603
3745690,K00442.02,2,CANDIDATE,1.0,1.7323464030000002,33.456579999999995,1.37,0.19,-0.16,0.0123349999999999,0.000393,-0.0002299999999999,1.085,0.049,-0.047,5767,1.4647123643185131,0.08095285674970354,-0.06907675522312885,140,3745690,1.732,1.6e-05,0.9877356790447888,0.014404461296106029,0.9998185315800824,1.6e-05,0.999802534483577
6511182,K05288.01,1,CANDIDATE,0.994,29.5632952,7.9092245,1.9,0.51,-0.16,0.0210169999999999,0.00158,-0.001464,0.885,0.073,-0.066,5595,2.0356234750975237,0.22718448755379012,-0.2077317870576608,5579,6511182,29.563,0.15,0.9877356790447888,0.18929026644503102,0.9971008835445374,0.15,0.8475357510128568
4078311,K04166.01,1,CANDIDATE,1.0,9.84262076,14.454476,2.41,0.58,-0.21,0.022683,0.001133,-0.001009,1.031,0.087,-0.079,5585,2.559426213834004,0.2509753021285569,-0.22676633582972283,5221,4078311,9.843,0.0057,0.9877356790447888,0.0824165931513248,0.9988847509229029,0.0057,0.9931911078426423
5444548,K00409.01,1,CANDIDATE,1.0,13.24931848,74.35540999999999,2.86,0.43,-0.34,0.0243229999999999,0.001754,-0.001066,1.068,0.049,-0.046,5799,2.8429671933677207,0.242990490560423,-0.17469601961011075,587,5444548,13.249,0.00043,0.9871950975437898,0.0005160367744246756,0.9999933030338123,0.00043,0.9995633059135077
6520753,K04504.01,1,CANDIDATE,0.995,4.13029832,10.777867,1.44,0.33,-0.14,0.016301,0.001241,-0.001231,0.876,0.075,-0.068,5490,1.5627942664862822,0.1790473749017697,-0.16924796589711727,5023,6520753,4.13,0.00017,0.9877356790447888,0.09966975742791735,0.9986254380162235,0.00017,0.9984556716917607
6520753,K04504.02,2,CANDIDATE,0.809,8.119342999999999,9.522111,1.5,0.34,-0.15,0.016902,0.001455,-0.001299,0.876,0.075,-0.068,5490,1.6204127778756607,0.19673648635230082,-0.17700657485954968,5024,6520753,8.119,0.048,0.9877356790447888,0.11778555335127203,0.9983422439289735,0.048,0.9504218162203828
7266212,K04737.01,1,CANDIDATE,0.994,7.79534033,8.4187355,1.07,0.35,-0.12,0.009322,0.000538,-0.000739,1.185,0.094,-0.085,6156,1.2089571402277877,0.11859630464783093,-0.12924925735998524,5079,7266212,7.795,0.00075,0.9877356790447888,0.12744806103729797,0.9981863866230578,0.00075,0.9974377468330905
8360041,K04854.01,1,CANDIDATE,0.984,2.63527677,7.9871445,0.76,0.05,-0.06,0.008055,0.002778,-0.000676,0.817,0.035,-0.033,5215,0.7202297507393656,0.2503010623257196,-0.06708027653639673,5520,8360041,2.635,0.027,0.9877356790447888,0.1205967370317377,0.9982972525037563,0.027,0.9713432266861549
6425597,K04861.01,1,CANDIDATE,0.977,29.1206519,8.623144,1.6,0.38,-0.14,0.01865,0.00118,-0.001566,1.092,0.097,-0.088,5671,2.2288709822552226,0.24307548471992116,-0.2593999136783609,5526,6425597,29.121,0.069,0.9877356790447888,0.178658856110643,0.9972991296573286,0.069,0.928485489710973
9583881,K00467.01,1,CANDIDATE,1.0,18.00932214,230.01062,4.96,1.57,-0.39,0.05176,0.002682,-0.0013599999999999,1.077,0.084,-0.076,5815,6.100893258243141,0.5712741870886255,-0.4593934886970482,351,9583881,18.009,7.2e-06,1.2225778326425597e-81,7.171766197532523e-10,0.0,7.2e-06,0.0
5802637,K04398.01,1,CANDIDATE,0.979,7.3422467,10.581186,1.6,0.34,-0.14,0.017463,0.001096,-0.001074,0.838,0.072,-0.065,5573,1.6015714865655675,0.1704077039445529,-0.15853824163025138,5365,5802637,7.342,0.047,0.9877356790447888,0.10706658473710504,0.9985111956127697,0.047,0.9515811694189694
4545570,K04506.01,1,CANDIDATE,0.997,5.60473115,10.654026,1.11,0.19,-0.09,0.013128,0.000795,-0.000789,0.893,0.075,-0.068,5401,1.2830201662471683,0.13284658669876198,-0.12446331150842038,5026,4545570,5.605,0.00093,0.9877356790447888,0.10327777637085532,0.9985699483895302,0.00093,0.9976412783375279
11805075,K00436.01,1,CANDIDATE,0.804,199.83920527,624.0963,21.48,4.95,-1.75,0.2263929999999999,0.003101,-0.0031079999999999,1.22,0.095,-0.086,5457,30.227781953498603,2.389941089810351,-2.170843394016814,96,11805075,199.839,0.9,4.496218795654287e-303,2.926969395373691e-23,0.0,0.9,0.0
3745690,K00442.03,3,CANDIDATE,0.868,7.0257409,15.921431,1.56,0.23,-0.18,0.014129,0.002189,-0.001547,1.085,0.049,-0.047,5767,1.677739845598414,0.2707495586752375,-0.19755165157033683,141,3745690,7.026,0.0014,0.9877356790447888,0.06959900199558192,0.99907117133407,0.0014,0.9976724716942024
9011877,K05597.01,1,CANDIDATE,0.996,7.77710639,10.173459,0.73,0.03,-0.06,0.007848,0.000504,-0.000589,0.868,0.036,-0.034,5067,0.745524937830355,0.056994291346744684,-0.06311464800945586,6023,9011877,7.777,0.00026,0.9877356790447888,0.11134958745743143,0.9984441761266118,0.00026,0.9981845806408189
11152511,K05874.01,1,CANDIDATE,0.534,287.33114,15.635027,2.07,0.26,-0.25,0.018829,0.000332,-0.001241,1.203,0.052,-0.05,5422,2.4789989249150515,0.11572769519495357,-0.1931624660581,5719,11152511,287.331,0.97,0.9877356790447888,0.9427157968274257,0.7956622185412342,0.97,0.023869866556237046
9946525,K00398.01,1,CANDIDATE,0.963,51.84688984,188.06175,8.73,0.7,-0.42,0.095348,0.0007469999999999,-0.001326,0.815,0.039,-0.037,5228,8.504575719544423,0.4123855926595895,-0.4038063442012066,509,9946525,51.847,0.0092,1.1120892157474822e-60,5.395963690061948e-08,0.0,0.0092,0.0
10063208,K04292.01,1,CANDIDATE,0.995,9.3281912,11.1252775,0.59,0.09,-0.03,0.006063,0.000354,-0.000298,1.056,0.044,-0.042,5524,0.7007045572615151,0.050261306580284965,-0.04430342688616426,4973,10063208,9.328,0.014,0.9877356790447888,0.10624029478816996,0.9985240513027162,0.014,0.9845447145844781
6520519,K04749.01,1,CANDIDATE,0.825,1.97650073,8.173038499999999,0.97,0.31,-0.1,0.009654,0.000659,-0.000642,0.998,0.085,-0.077,5792,1.0544385892902088,0.11509171125021066,-0.10740357086759159,5121,6520519,1.977,0.00071,0.9877356790447888,0.11754854725762473,0.998346023976762,0.00071,0.9976371982997385
11904151,K00072.02,1,CANDIDATE,0.982,45.29422297,93.40869,2.26,0.12,-0.09,0.019806,0.000328,-0.000128,1.087,0.046,-0.044,5676,2.356187102850491,0.10707292650646816,-0.09658256823861422,526,11904151,45.294,9.9e-05,2.560987957182784e-09,0.00018312072681008588,0.0,9.9e-05,0.0
6869373,K05331.01,1,CANDIDATE,0.884,31.5034587,7.505692999999999,1.17,0.11,-0.05,0.012966,0.001021,-0.001235,1.122,0.067,-0.063,5268,1.592143946073496,0.157344898057402,-0.1760394762442177,5665,6869373,31.503,0.11,0.9877356790447888,0.2007462648411413,0.996881357704305,0.11,0.8872244083568315
9141355,K05622.01,1,CANDIDATE,0.954,469.61309000000006,13.892415,3.24,0.64,-0.28,0.038837,0.000267,-0.0070819999999999,0.863,0.054,-0.051,5474,3.6680895225113264,0.23090243458378454,-0.7031313963195966,6066,9141355,469.613,0.0011,0.9877356790447543,0.992568426188873,0.0,0.0011,0.0
4274071,K06399.01,1,CANDIDATE,0.827,6.76890076,8.565714999999999,1.24,0.34,-0.23,0.010077,0.000683,-0.000638,1.243,0.147,-0.126,5737,1.3708370788289703,0.1868558862331661,-0.16383581665182367,6578,4274071,6.769,0.00056,0.9877356790447888,0.1238402949240381,0.9982449824350564,0.00056,0.9976859652448928
7257966,K04185.01,1,CANDIDATE,0.992,3.035206175,14.005139000000002,3.59,0.8,-0.37,0.037643,0.015802,-0.009981,0.84,0.072,-0.065,5505,3.46056466838661,1.4826697405063065,-0.9558412281137516,5272,7257966,3.035,0.47,0.9877356790447888,0.07560142801550675,0.998984515032774,0.47,0.5294617929673703
6879171,K04188.01,1,CANDIDATE,0.992,6.96352699,11.156775,1.4,0.34,-0.59,0.007579,0.000346,-0.000308,1.054,0.045,-0.043,6040,0.8742506695507174,0.05464568313306326,-0.05034263469376972,5308,6879171,6.964,0.00043,0.9877356790447888,0.10168571473094284,0.9985944884938716,0.00043,0.9981650928638192
9946525,K00398.02,2,CANDIDATE,1.0,4.180048081,102.849686,3.44,0.27,-0.17,0.037538,0.000838,-0.000584,0.815,0.039,-0.037,5228,3.3482061853448277,0.1767982760645884,-0.16068203425977842,510,9946525,4.18,2.1e-05,2.169340125278216e-12,3.600249561274454e-05,0.0,2.1e-05,0.0
7596240,K04295.01,1,CANDIDATE,1.0,13.3997555,11.532616,1.51,0.46,-0.18,0.012052,0.00058,-0.000607,1.207,0.097,-0.088,6401,1.5920248733324944,0.1491282507610665,-0.14107373862963316,5009,7596240,13.4,0.0003,0.9877356790447888,0.11048682472575817,0.9984577283580778,0.0003,0.9981581910395704
7661893,K04296.01,1,CANDIDATE,0.992,2.49385348,10.817567,0.59,0.06,-0.05,0.006317,0.000397,-0.000367,0.97,0.041,-0.038,5615,0.670603887647873,0.050790190848190545,-0.04699007736120709,5010,7661893,2.494,0.35,0.9877356790447888,0.09653757167120917,0.9986732501736648,0.35,0.6491376126128822
6350882,K04410.01,1,CANDIDATE,1.0,5.04404366,9.920448,1.47,0.49,-0.17,0.01411,0.0009449999999999,-0.0008349999999999,1.026,0.095,-0.085,6039,1.5843744497231311,0.1810550796267138,-0.16130677100228372,5407,6350882,5.044,0.051,0.9877356790447888,0.10829134713250782,0.9984920965281485,0.051,0.9475689996052129
10016874,K00426.01,1,CANDIDATE,1.0,16.30141333,50.381355,3.84,1.19,-0.73,0.030924,0.003547,-0.002466,0.773,0.059,-0.054,6072,2.616125741945633,0.3604360180986854,-0.27734863662586473,11,10016874,16.301,6.2e-05,0.9877356790447888,0.004417941442360013,0.9999449007535477,6.2e-05,0.9998829041697009
4813750,K05088.01,1,CANDIDATE,0.627,49.1782244,7.6310887,1.79,0.37,-0.25,0.019512,0.001126,-0.001594,1.057,0.094,-0.085,5674,2.2571490071734206,0.23928902705652447,-0.25874228753838374,5972,4813750,49.178,0.00061,0.9877356790447888,0.2596158496111622,0.9956461159864913,0.00061,0.9950387718557395
9703198,K00469.01,1,CANDIDATE,1.0,10.32906563,106.57889,6.17,1.84,-0.66,0.053874,0.0008759999999999,-0.00725,1.082,0.085,-0.077,6228,6.379548424930783,0.511788817610818,-0.9711665743933066,353,9703198,10.329,0.81,1.0555038691523058e-14,2.9322349616303926e-05,0.0,0.81,0.0
11716643,K05929.01,1,CANDIDATE,0.939,466.002988,42.02669,4.92,1.32,-0.43,0.051475,0.005874,-0.005614,1.059,0.05,-0.048,5830,5.9658972741788325,0.7367610114587375,-0.7046098046414027,5767,11716643,466.003,0.2,0.02784258799851759,0.9776967494068791,0.0,0.2,0.0
5171707,K06532.01,1,CANDIDATE,1.0,0.813998812,9.265632,1.36,0.38,-0.2,0.012555,0.001396,-0.0007019999999999,1.094,0.097,-0.087,5705,1.5032025184054871,0.21377710415547665,-0.14613222088836614,6282,5171707,0.814,0.12,0.9877356790447888,0.10585587687379994,0.9985300241042853,0.12,0.878706421211771
9828127,K04192.01,1,CANDIDATE,1.0,18.0541469,15.734565,1.51,0.18,-0.09,0.015187,0.000711,-0.0005639999999999,0.942,0.045,-0.043,5505,1.5656920679901836,0.10472374624860203,-0.09213480194388993,5312,9828127,18.054,0.00061,0.9877356790447888,0.0861736849780025,0.998829116272416,0.00061,0.9982198305114898
9828127,K04192.02,2,CANDIDATE,0.995,32.0273169,7.998034,1.14,0.15,-0.06,0.011529,0.000717,-0.001019,0.942,0.045,-0.043,5505,1.1885733753775483,0.0932084053118809,-0.1182361761383208,5313,9828127,32.027,0.0049,0.9877356790447888,0.19555540501941351,0.9969816023659169,0.0049,0.9920963925143239
8773015,K04301.01,1,CANDIDATE,0.999,15.604841,13.681894,1.57,0.32,-0.48,0.008408,0.001667,-0.000583,1.156,0.049,-0.047,6254,1.0637363317392396,0.21566619274183066,-0.08550274104269745,5015,8773015,15.605,0.0036,0.9877356790447888,0.09707852932875516,0.9986650162665832,0.0036,0.9950698222080234
8773015,K04301.02,3,CANDIDATE,0.978,6.31915999,8.191573,1.04,0.21,-0.32,0.005591,0.000145,-0.000579,1.156,0.049,-0.047,6254,0.7073441758746538,0.03514941228145797,-0.07869519245742135,5016,8773015,6.319,0.0002,0.9877356790447888,0.12644986764424457,0.9982026472892677,0.0002,0.9980030067598098
10221505,K04768.01,1,CANDIDATE,0.957,3.43633133,9.665986,1.44,0.12,-0.13,0.020187,0.001292,-0.00161,0.852,0.071,-0.064,5201,1.8823259669645103,0.19778443114919314,-0.20622740744920756,5914,10221505,3.436,0.31,0.9877356790447888,0.1074066366089818,0.9985058980610335,0.31,0.688969069662113
8374077,K06179.01,1,CANDIDATE,0.979,16.2957847,11.015168,2.13,0.67,-0.22,0.019312,0.007287,-0.001127,1.045,0.097,-0.087,6063,2.2086505046564304,0.8582366582942048,-0.22455315645635326,5781,8374077,16.296,0.0056,0.9877356790447888,0.12087705969025679,0.998292750319309,0.0056,0.9927023109175208
8590149,K06182.01,1,CANDIDATE,0.56,19.2405821,7.109093700000001,1.19,0.06,-0.09,0.012881,0.001406,-0.000681,0.829,0.041,-0.039,5033,1.1686583500031462,0.14004600797903924,-0.08270504145152839,5818,8590149,19.241,0.17,0.9877356790447888,0.16990955258885154,0.997458470552921,0.17,0.8278905305589244
5461440,K00504.01,1,CANDIDATE,0.932,40.606895,28.843336,2.67,0.38,-0.3,0.023844,0.004691,-0.00075,0.865,0.041,-0.039,5548,2.2572448782406243,0.4567904461426369,-0.12409086768550662,1072,5461440,40.607,0.0062,0.9877356790447888,0.044611216132955586,0.9994202153809361,0.0062,0.9932238100455743
9946525,K00398.03,3,CANDIDATE,1.0,1.7293670769999998,36.352104,1.82,0.15,-0.09,0.019899,0.000599,-0.00049,0.815,0.039,-0.037,5228,1.7748935713723886,0.10034065382591083,-0.09166783792027657,511,9946525,1.729,1.1e-05,0.9877356790447888,0.011224582571419428,0.9998590466817612,1.1e-05,0.9998480482322477
7103919,K04310.01,1,CANDIDATE,0.986,10.7769944,11.672962,1.15,0.25,-0.17,0.012328,0.00084,-0.00073,0.966,0.074,-0.067,5455,1.3033264462622702,0.13362107169827211,-0.11885986257933787,5057,7103919,10.777,0.0056,0.9877356790447888,0.10440571599825506,0.9985525094780037,0.0056,0.9929606154249268
3547760,K04535.01,1,CANDIDATE,0.981,9.8480917,8.013927,0.88,0.11,-0.1,0.0107599999999999,0.00079,-0.000666,0.948,0.085,-0.076,5289,1.1163594789831257,0.12937186400256684,-0.11306763302244459,5117,3547760,9.848,0.059,0.9877356790447888,0.13606409718009527,0.9980444686278774,0.059,0.9391598449788328
4750669,K04649.01,1,CANDIDATE,0.842,3.38419892,9.775006,1.2,0.27,-0.11,0.013798,0.000625,-0.001201,0.931,0.08,-0.072,5613,1.4058833165429145,0.1365631470407586,-0.16369413511181047,4821,4750669,3.384,0.54,0.9877356790447888,0.10640207072286713,0.9985215362113927,0.54,0.4593199066572406
6717252,K04651.01,1,CANDIDATE,0.97,1.19260017,8.514938,0.77,0.21,-0.15,0.0069209999999999,0.00055,-0.00032,0.956,0.041,-0.039,5600,0.7241194237981269,0.0653896502680772,-0.04464950324536743,4856,6717252,1.193,0.0097,0.9877356790447888,0.11295003631081281,0.9984189665509148,0.0097,0.9887343025753709
4277304,K04774.01,1,CANDIDATE,0.986,51.567801,10.004025,1.3,0.24,-0.18,0.013584,0.000234,-0.001168,0.814,0.035,-0.033,5285,1.2101397689403472,0.056053497655751176,-0.11503776936281698,5954,4277304,51.568,0.012,0.9877356790447888,0.23005587995367366,0.9962899744811564,0.012,0.9843344947873826
5263167,K06546.01,1,CANDIDATE,0.783,3.39401963,8.603962,1.03,0.32,-0.12,0.009127,0.000676,-0.000575,1.142,0.103,-0.093,6181,1.1407162021457335,0.133129347966361,-0.11744846834653234,6328,5263167,3.394,0.00017,0.9877356790447888,0.11652548723989627,0.998362317651052,0.00017,0.9981925960570514
5791986,K00413.01,1,CANDIDATE,1.0,15.22895514,57.036846,3.0,0.64,-0.28,0.033813,0.00199,-0.003312,0.823,0.063,-0.057,5456,3.0455588463220487,0.2940734188307223,-0.36535387132704283,591,5791986,15.229,0.00087,0.9877356790444787,0.0024256311493060304,0.9999698086700273,0.00087,0.9990998349364844
6527078,K04657.01,1,CANDIDATE,0.521,7.57600886,10.2443905,0.54,0.09,-0.05,0.00635,0.0003689999999999,-0.0003819999999999,0.916,0.039,-0.037,5361,0.6365795085577649,0.045858257424350644,-0.04612684261878387,4861,6527078,7.576,0.2,0.9877356790447888,0.11035327816038044,0.9984598237512328,0.2,0.7987678590009862
6527078,K04657.02,2,CANDIDATE,0.969,10.4314847,8.862012,0.77,0.13,-0.07,0.009133,1e-05,-0.002547,0.916,0.039,-0.037,5361,0.9155717561666248,0.03899465517891875,-0.25799794427057066,4862,6527078,10.431,0.018,0.9877356790447888,0.12887882113235113,0.998163014416053,0.018,0.9801960801565641
8054719,K04776.01,1,CANDIDATE,0.969,7.5861587,10.027519,1.07,0.24,-0.17,0.011302,0.0017629999999999,-0.001623,1.233,0.099,-0.089,5934,1.5251123405172415,0.26756794848277593,-0.24512112585650356,5956,8054719,7.586,0.011,0.9877356790447888,0.11224283720734753,0.9984301172526614,0.011,0.9874473859628821
7098355,K00454.01,1,CANDIDATE,1.0,29.00789166,36.558846,2.64,0.43,-0.22,0.03013,0.002055,-0.002866,0.817,0.062,-0.057,5295,2.6940437479549457,0.27488149718160604,-0.3178004307515108,189,7098355,29.008,1.9e-05,0.9877356790447888,0.018639804401427505,0.9997641609712434,1.9e-05,0.999745165452185
11497977,K00483.01,1,CANDIDATE,1.0,4.79860021,73.07672,2.51,0.62,-0.2,0.027166,0.003261,-0.0011539999999999,0.849,0.064,-0.058,5631,2.524159779102693,0.35779116751734763,-0.20305832393831716,318,11497977,4.799,1.9e-06,0.9876931583905405,0.0004891663012235081,0.9999939019133562,1.9e-06,0.9999920019249426
12470954,K00439.01,1,CANDIDATE,1.0,1.902208647,343.7984,4.45,0.53,-0.33,0.043475,0.000407,-0.00022,0.973,0.043,-0.041,5400,4.629519168056254,0.2091334688179212,-0.19647903802465883,135,12470954,1.902,2.9e-05,3.3076962043596734e-142,2.5565996937034773e-14,0.0,2.9e-05,0.0
5374838,K05155.01,1,CANDIDATE,0.953,230.180357,52.774330000000006,7.57,0.89,-0.42,0.055626,0.000867,-0.0004769999999999,1.227,0.093,-0.085,6313,7.469746265636799,0.5780133558495852,-0.5214134607994783,6101,5374838,230.18,0.0067,0.9876797190968722,0.18994707581376824,0.9970750146733417,0.0067,0.9903946120750303
5791986,K00413.02,2,CANDIDATE,1.0,24.67458244,25.773003,2.33,0.5,-0.22,0.026266,0.00235,-0.002941,0.823,0.063,-0.057,5456,2.3657956601749306,0.27856711873693746,-0.3114777248104833,592,5791986,24.675,0.00036,0.9877356790447888,0.04280118242720055,0.99944479115106,0.00036,0.9990849910262456
8937762,K04668.01,1,CANDIDATE,0.978,15.07277287,10.633059,1.73,0.36,-0.13,0.020577,0.002973,-0.0037,1.132,0.086,-0.078,5521,2.549247136106217,0.41613417422747156,-0.4908896008700349,4905,8937762,15.073,0.59,0.9877356790447888,0.12188385698305863,0.9982765567258997,0.59,0.4092933882576189
8278073,K04799.01,1,CANDIDATE,0.994,12.0729757,9.005999000000001,1.69,0.28,-0.43,0.009058,0.000941,-0.00044,1.031,0.046,-0.043,5438,1.022055400295746,0.1155554689616311,-0.06543623987378736,6003,8278073,12.073,0.0063,0.9877356790447888,0.13108188528230338,0.9981268757194243,0.0063,0.9918386764023919
9947389,K04460.01,1,CANDIDATE,0.972,284.727213,10.6837435,2.02,0.3,-0.29,0.017149,0.000917,-0.001235,1.085,0.052,-0.049,5503,2.0363479801944377,0.14622390769902305,-0.173099476801815,4852,9947389,284.727,0.32,0.9877356790447888,0.9583510096963845,0.7142916762235394,0.32,0.48571833983200674
11709124,K00435.01,1,CANDIDATE,1.0,20.5498184,93.74424,4.04,0.54,-0.4,0.038064,0.002459,-0.001866,1.071,0.05,-0.048,5688,4.461566300780267,0.35560960909074046,-0.29634580389148,91,11709124,20.55,2.5e-05,2.770195473000438e-08,0.00010968767021563108,0.0,2.5e-05,0.0
7269974,K00456.01,1,CANDIDATE,1.0,13.69942266,99.55829,3.85,0.57,-0.51,0.032372,0.000428,-0.000181,1.066,0.049,-0.047,5539,3.776680031839919,0.18063813747915702,-0.16784762415647347,191,7269974,13.699,1.5e-05,4.4028648912191945e-11,5.778047059693467e-05,0.0,1.5e-05,0.0
5456979,K06579.01,1,CANDIDATE,0.997,2.6528082000000004,8.3019705,1.17,0.35,-0.13,0.0114939999999999,0.000498,-0.001242,1.122,0.105,-0.094,5778,1.4113915252328093,0.1455512299539002,-0.1929795783593956,6422,5456979,2.653,0.013,0.9877356790447888,0.11775197064681237,0.9983427796683538,0.013,0.9853643235326652
11509504,K04232.01,1,CANDIDATE,0.998,2.61576515,13.108171,1.06,0.31,-0.13,0.010133,0.000508,-0.0004759999999999,1.202,0.105,-0.095,6088,1.332987159608608,0.13425591892627048,-0.12255651112344115,5447,11509504,2.616,5.4e-06,0.9877356790447888,0.0806429739578999,0.9989108565058021,5.4e-06,0.9989054623871769
9509343,K04346.01,1,CANDIDATE,0.95,6.39269778,9.810187,1.21,0.1,-0.12,0.011795,0.000786,-0.00079,1.069,0.051,-0.049,5246,1.379936512632142,0.11309372076727583,-0.11199646398371871,5186,9509343,6.393,0.004,0.9877356790447888,0.11181045407793583,0.9984369260696946,0.004,0.9944431783654158
4060229,K04570.01,1,CANDIDATE,0.996,35.0175053,11.686475,2.13,0.33,-0.36,0.017393,0.003939,-0.001947,1.227,0.064,-0.06,5944,2.335621773958595,0.5427971391753387,-0.2853103698219327,5249,4060229,35.018,0.0049,0.9877356790447888,0.15744683915871377,0.9976797253249615,0.0049,0.9927910946708692
7287677,K04815.01,1,CANDIDATE,0.848,18.3721835,8.597889,1.12,0.32,-0.08,0.012401,0.005157,-0.001285,0.799,0.062,-0.057,5937,1.0843935917914675,0.45873242645731227,-0.13642051600609367,6089,7287677,18.372,0.12,0.9877356790447888,0.1502112423020748,0.9978052036849184,0.12,0.8780685792427282
11709124,K00435.03,5,CANDIDATE,0.884,33.0405509,21.18267,2.36,0.32,-0.23,0.022276,0.000348,-0.0009279999999999,1.071,0.05,-0.048,5688,2.6110196226403217,0.12853999482888373,-0.15976654486754518,92,11709124,33.041,0.01,0.9877356790447888,0.07284585292382438,0.9990244362527824,0.01,0.9890341918902545
8037038,K05466.01,1,CANDIDATE,1.0,4.09513876,9.745558,1.75,0.56,-0.18,0.0166009999999999,5.9e-05,-0.004803,1.047,0.092,-0.083,5858,1.9022359580134542,0.16728633658244174,-0.5706403569711287,5845,8037038,4.095,0.011,0.9877356790447888,0.10797563740744573,0.99849702475884,0.011,0.9875135574864927
7191646,K04358.01,1,CANDIDATE,0.948,106.957467,9.884124,2.4,0.75,-0.24,0.022719,0.014227,-0.001653,1.143,0.108,-0.096,6075,2.8419661286968285,1.7998295677201803,-0.31580412196999463,5194,7191646,106.957,0.025,0.9877356790447888,0.47021045223832014,0.9889797446241098,0.025,0.964255251008507
10554999,K00534.02,2,CANDIDATE,1.0,2.735900074,37.10211,1.56,0.24,-0.13,0.018704,0.000558,-0.000407,0.83,0.037,-0.035,5299,1.6990104178202867,0.09113485045053349,-0.08062152569210433,1294,10554999,2.736,0.0013,0.9877356790447888,0.010727798527913147,0.9998653527249032,0.0013,0.9985655277663609
2577353,K07635.01,1,CANDIDATE,0.872,60.458443,8.224685000000001,1.59,0.46,-0.31,0.012311,0.001614,-0.000484,1.106,0.086,-0.078,5865,1.4901566112194817,0.22714045138698158,-0.12031865794426928,7170,2577353,60.458,0.11,0.9877356790447888,0.2932142538456547,0.9948488990415154,0.11,0.8854155201469487
7834712,K07850.01,1,CANDIDATE,0.966,66.119119,10.450334,3.0,0.85,-0.34,0.026737,0.001826,-0.001966,1.157,0.125,-0.11,5828,3.385552015369368,0.43272077016167754,-0.4069115370060607,7231,7834712,66.119,0.19,0.9877356790447888,0.2762324560416994,0.9952610910284925,0.19,0.8061614837330789
9650579,K07953.01,1,CANDIDATE,0.335,432.96905,7.316128,1.43,0.33,-0.12,0.014757,0.002398,-0.000741,1.001,0.079,-0.072,5580,1.6166485251856277,0.29204795388595556,-0.14181462475483095,7653,9650579,432.969,0.23,0.9877356790447888,0.9923680107080127,0.0,0.23,0.0
9570741,K00586.01,1,CANDIDATE,1.0,15.77980122,33.72235,2.11,0.62,-0.2,0.02126,0.000686,-0.000341,0.943,0.072,-0.066,5941,2.194110059463881,0.1818705282768183,-0.1575453742171313,915,9570741,15.78,0.00014,0.9877356790447888,0.01844136920187323,0.9997667188313765,0.00014,0.9996267514907401
9941859,K00528.02,2,CANDIDATE,1.0,96.6781852,37.79153,3.29,0.59,-0.53,0.028035,0.000534,-0.000841,0.897,0.04,-0.038,5387,2.7521776210514726,0.13345522677630012,-0.14286303268791972,1252,9941859,96.678,0.017,0.9877356790447888,0.06010229971703069,0.9992060132250455,0.017,0.9822195110002198
5888187,K07749.01,1,CANDIDATE,0.656,133.6348207,8.24968,1.89,0.12,-0.19,0.018879,0.000914,-0.001786,0.812,0.035,-0.033,5202,1.6777160967153284,0.10875149469873907,-0.1727417804145354,6916,5888187,133.635,0.99,0.9877356790447888,0.6316323868168537,0.9787095071039315,0.99,0.009787095071039323
11714107,K08063.01,1,CANDIDATE,0.471,405.35457,8.28041,2.11,0.56,-0.24,0.021319,0.001292,-0.001702,0.903,0.074,-0.067,5650,2.106871437657312,0.21473969417656827,-0.2296279386130566,7905,11714107,405.355,0.023,0.9877356790447888,0.9910597375944054,0.0,0.023,0.0
9941859,K00528.03,3,CANDIDATE,1.0,20.55280311,33.833244,2.99,0.53,-0.48,0.025416,0.004202,-0.001099,0.897,0.04,-0.038,5387,2.4950721033224266,0.4272492979597533,-0.15103740223847992,1253,9941859,20.553,0.074,0.9877356790447888,0.02001601060631653,0.999746392958455,0.074,0.9257651598795293
4165473,K00550.01,1,CANDIDATE,1.0,13.02363236,43.55852,2.3,0.3,-0.19,0.022266,0.00073,-0.000342,0.95,0.043,-0.04,5627,2.314990779952177,0.12938368839391867,-0.10375640020182055,691,4165473,13.024,4.2e-05,0.9877356790447888,0.007491633552812099,0.9999062772300797,4.2e-05,0.9998642811664361
11068630,K07404.01,1,CANDIDATE,0.91,1.817079849,8.821142,1.39,0.45,-0.14,0.013225,0.000788,-0.0012699999999999,1.117,0.107,-0.095,5808,1.6167106881607098,0.18238354228204448,-0.20738800956151224,7164,11068630,1.817,0.22,0.9877356790447888,0.11150482820591809,0.9984417348191712,0.22,0.7787845531589536
8873873,K08174.01,1,CANDIDATE,0.665,295.06066,7.372084,0.64,0.07,-0.07,0.007668,0.000543,-0.000546,1.055,0.078,-0.071,5332,0.8853561726025673,0.09063891806606049,-0.08674345390901059,7755,8873873,295.061,0.018,0.9877356790447888,0.9718260905497965,0.5717038153387971,0.018,0.5614131466626987
8329346,K08275.01,1,CANDIDATE,0.229,389.875816,7.391050999999999,3.76,0.63,-0.29,0.043549,0.001432,-0.005272,0.866,0.079,-0.071,5289,4.12742827111125,0.4002345798476096,-0.6034664038210182,8044,8329346,389.876,0.74,0.9877356790447888,0.9903505552452024,0.0,0.74,0.0
5780715,K00506.01,1,CANDIDATE,0.9,1.583160478,73.8492,3.27,1.05,-0.36,0.029555,0.000722,-0.00399,1.077,0.091,-0.082,6063,3.483614765212056,0.306399863013919,-0.5399332247883538,1111,5780715,1.583,0.019,0.9876585452248574,0.0004294756105937679,0.9999946311088973,0.019,0.9809947331178283
11137061,K07411.01,1,CANDIDATE,0.67,1.88912273,8.133816,0.59,0.1,-0.05,0.0072209999999999,0.000442,-0.000322,0.935,0.071,-0.064,5413,0.7389114758211577,0.07206928340608786,-0.06036392833680481,7205,11137061,1.889,0.41,0.9877356790447888,0.11772643994364036,0.9983431869281886,0.41,0.5890224802876314
6277410,K07774.01,1,CANDIDATE,0.851,6.32589574,8.370732,1.14,0.31,-0.1,0.012726,0.000826,-0.0013289999999999,0.885,0.073,-0.066,5749,1.232590014944626,0.12937364979286567,-0.15817370062522748,7001,6277410,6.326,0.28,0.9877356790447888,0.12474924544244113,0.9982302651657268,0.28,0.7187257909193232
8760760,K07088.01,1,CANDIDATE,1.0,2.68814059,7.9685,0.92,0.17,-0.07,0.011448,0.000709,-0.001308,0.994,0.085,-0.077,5636,1.2453730427888243,0.13149208551359232,-0.1719118892493864,7490,8760760,2.688,0.59,0.9877356790447888,0.12087879339888837,0.9982927224657621,0.59,0.40930001621096246
6501635,K00560.01,1,CANDIDATE,1.0,23.67513153,33.20943,2.76,0.43,-0.23,0.032391,0.005035,-0.003773,0.817,0.062,-0.056,5309,2.896208796548578,0.5009843702221219,-0.3914329629759142,735,6501635,23.675,1.8e-05,0.9877356790447888,0.02240940508015407,0.9997153730112327,1.8e-05,0.9996973781345185
6451936,K00511.01,1,CANDIDATE,1.0,8.00579096,62.001522,2.36,0.55,-0.42,0.023088,0.000498,-0.000318,1.102,0.053,-0.05,6032,2.784526554744526,0.14677171720678026,-0.1320326431882023,1157,6451936,8.006,0.0001,0.9877356789796352,0.0013674412914802493,0.9999829977758867,0.0001,0.9998829994761091
6664842,K06750.01,1,CANDIDATE,0.788,5.21395046,8.140921,1.24,0.19,-0.27,0.008015,0.0007019999999999,-0.000695,1.156,0.053,-0.05,5523,1.0140160203246915,0.10024554650285449,-0.09825930225136698,6333,6664842,5.214,0.005,0.9877356790447888,0.12456727666328947,0.998233213959338,0.005,0.9932420478895413
6451936,K00511.02,2,CANDIDATE,1.0,4.26374378,21.07471,1.28,0.3,-0.22,0.012564,0.000302,-0.000551,1.102,0.053,-0.05,6032,1.515280302919708,0.0814714075066935,-0.09561796168501879,1158,6451936,4.264,0.00012,0.9877356790447888,0.04326347756165145,0.9994385231713511,0.00012,0.9993185905485705
4073017,K07681.01,1,CANDIDATE,1.0,6.05552018,7.941939,0.92,0.17,-0.07,0.010451,0.000886,-0.000673,0.852,0.065,-0.059,5352,0.9744978788698716,0.11114145858690816,-0.09215170981642722,7348,4073017,6.056,0.062,0.9877356790447888,0.12829653046100398,0.9981725356941714,0.062,0.9362858384811328
8555967,K07894.01,1,CANDIDATE,0.837,347.97611,8.54345,1.62,0.49,-0.15,0.016926,0.001239,-0.000797,1.017,0.078,-0.071,5995,1.8839038996664987,0.19973545988247768,-0.15864098885063485,7929,8555967,347.976,0.014,0.9877356790447888,0.9850742539028968,0.1805250458837352,0.014,0.17799769524136289
7447895,K06878.01,1,CANDIDATE,1.0,2.4056253030000003,8.087268,1.11,0.23,-0.09,0.012218,0.009025,-0.001084,0.955,0.073,-0.067,5450,1.2769883877107977,0.9483029082487267,-0.14443822041411739,6742,7447895,2.406,0.92,0.9877356790447888,0.11920282682083451,0.9983195971549896,0.92,0.07986556777239913
9651602,K07215.01,1,CANDIDATE,0.971,3.90735046,8.902447,0.83,0.16,-0.06,0.009441,0.0007509999999999,-0.000758,0.797,0.065,-0.059,5497,0.8234927398848477,0.09381684165667273,-0.08993153755137738,7235,9651602,3.907,0.0011,0.9877356790447888,0.11488825676337794,0.9983883144848775,0.0011,0.9972900873389442
11296724,K07437.01,1,CANDIDATE,0.668,1.9997244,8.192667,0.84,0.2,-0.09,0.008536,0.0016179999999999,-0.000235,1.025,0.094,-0.084,5838,0.9575505883463377,0.2016308882883814,-0.0827820541483044,7297,11296724,2.0,0.0038,0.9877356790447888,0.11741813556200871,0.9983481030677015,0.0038,0.9945543802760443
6768616,K06765.01,1,CANDIDATE,0.955,13.05609,7.9362965,1.3,0.39,-0.16,0.011992,0.00074,-0.000742,0.966,0.078,-0.071,6078,1.2678042459098917,0.12884074865012035,-0.12180532372865567,6380,6768616,13.056,0.0017,0.9877356790447888,0.144425326777619,0.9979040148347269,0.0017,0.9962075780095079
6838050,K00512.01,1,CANDIDATE,1.0,6.51003001,40.47481,2.78,0.75,-0.5,0.022098,0.000731,-0.000339,0.967,0.073,-0.067,5638,2.3386374443430653,0.1927525874822246,-0.16596008961320052,1159,6838050,6.51,2.1e-05,0.9877356790447888,0.008623129245877088,0.9998919987259283,2.1e-05,0.999871000993955
7592922,K06890.01,1,CANDIDATE,0.952,2.15888911,8.309589,0.72,0.1,-0.07,0.0091849999999999,0.000659,-0.000717,0.776,0.061,-0.055,5269,0.7800534061162765,0.08301962956745562,-0.08224712788944376,6783,7592922,2.159,0.012,0.9877356790447888,0.1166857881162349,0.9983597671270243,0.012,0.9863794499215001
8248103,K07002.01,1,CANDIDATE,0.78,4.83014159,8.7853,1.3,0.35,-0.15,0.012676,0.001418,-0.000539,1.237,0.104,-0.095,5693,1.7160715278756609,0.24014129726175346,-0.15064432317284382,6444,8248103,4.83,0.66,0.9877356790447888,0.11778939617147655,0.9983421826224919,0.66,0.3394363420916472
10454313,K00532.01,1,CANDIDATE,1.0,4.2216261930000005,69.103584,2.87,0.96,-0.32,0.02667,0.000138,-0.002798,1.238,0.098,-0.089,6123,3.613492153599295,0.2866542421230897,-0.4595631426846382,1290,10454313,4.222,8.3e-10,0.9877353920844937,0.0006839371684625654,0.9999915018108898,8.3e-10,0.999991500980897
4384909,K07693.01,1,CANDIDATE,0.655,6.41097179,7.288214999999999,1.4,0.32,-0.13,0.013772,0.0009339999999999,-0.001371,0.837,0.071,-0.064,5383,1.2615542403095896,0.13701062284458748,-0.1583581806567879,7394,4384909,6.411,0.0029,0.9877356790447888,0.1356160583657881,0.998051918180503,0.0029,0.9951575676177795
10515564,K08211.01,1,CANDIDATE,0.266,5.0487451,7.110107000000001,0.67,0.15,-0.05,0.007408,0.000642,-0.000688,0.886,0.068,-0.062,5450,0.7183203186508936,0.08315457649742147,-0.08352973404093492,7848,10515564,5.049,0.017,0.9877356790447888,0.1343250422359042,0.998073340815567,0.017,0.9811060940217023
11656721,K00541.01,1,CANDIDATE,1.0,13.64617478,38.652847,2.06,0.47,-0.16,0.022774,0.0007639999999999,-0.000383,0.904,0.07,-0.063,5569,2.25315569267556,0.19013977374086682,-0.1615303460000339,643,11656721,13.646,3.6e-05,0.9877356790447888,0.011585725398355014,0.9998544584527186,3.6e-05,0.9998184636922143
10586619,K07345.01,1,CANDIDATE,0.902,377.501257,10.777698,2.16,0.32,-0.1,0.021072,0.001439,-0.000832,1.082,0.055,-0.052,5764,2.495263845456834,0.21242523738193334,-0.1552014489041072,6945,10586619,377.501,0.0062,0.9877356790447888,0.9878530051523616,0.0,0.0062,0.0
11411639,K07445.01,1,CANDIDATE,0.948,6.933574,7.7034254,1.3,0.25,-0.1,0.0150419999999999,0.001942,-0.001098,0.864,0.075,-0.068,5510,1.4223378998238012,0.22127916434054903,-0.15267876410829367,7338,11411639,6.934,0.46,0.9877356790447888,0.1325979166246183,0.9981019003665219,0.46,0.5389750261979218
10353968,K00618.01,1,CANDIDATE,1.0,9.07098164,48.7044,2.94,0.83,-0.28,0.028977,0.000837,-0.00036,0.775,0.06,-0.055,5672,2.4577549470645605,0.20308996551927114,-0.1770738224829569,1079,10353968,9.071,5.6e-05,0.9877356790447888,0.004440332345076692,0.99994462025539,5.6e-05,0.9998886233566557
11669239,K00542.01,1,CANDIDATE,0.999,41.8854433,38.99938,3.28,0.88,-0.6,0.02918,0.000194,-0.004752,0.93,0.07,-0.064,5735,2.9699674647621443,0.22441629008834627,-0.52507431498275,644,11669239,41.885,0.00025,0.9877356790447888,0.019359165634885045,0.9997548796162631,0.00025,0.999504940896359
8096395,K07587.01,1,CANDIDATE,0.897,366.088938,21.286785,2.57,0.78,-0.31,0.024943,0.000487,-0.0034969999999999,1.014,0.079,-0.071,5941,2.7680255681160335,0.22232365581106373,-0.4337833006919047,7044,8096395,366.089,0.0017,0.9877356790447859,0.9752712397629975,0.5103048088306497,0.0017,0.5094372906556376
10676824,K00599.01,1,CANDIDATE,1.0,6.45442931,39.361523,2.48,0.75,-0.26,0.02404,0.003567,-0.00172,1.022,0.081,-0.074,6092,2.688863864837654,0.4523170445654446,-0.2737075030795073,988,10676824,6.454,0.21,0.9877356790447888,0.009484079518728334,0.9998811124185892,0.21,0.7899060788106855
12068975,K00623.01,1,CANDIDATE,0.284,10.34973276,33.091286,1.44,0.04,-0.05,0.011865,7.7e-05,-0.0017629999999999,1.169,0.05,-0.047,6003,1.5179788108010321,0.0656694831752725,-0.23366494343391375,1119,12068975,10.35,0.00011,0.9877356790447888,0.017540550855755992,0.9997783175258353,0.00011,0.9996683419109075
12068975,K00623.02,3,CANDIDATE,0.985,15.67750191,26.38406,1.42,0.05,-0.05,0.011755,0.000883,-0.001655,1.169,0.05,-0.047,6003,1.5039056823401713,0.1299984383359027,-0.22020083632867263,1120,12068975,15.678,2.6e-06,0.9877356790447888,0.03434232774693892,0.9995584200977617,2.6e-06,0.9995558212458695
12068975,K00623.03,2,CANDIDATE,0.973,5.59931543,32.674694,1.22,0.04,-0.04,0.010106,2.2e-05,-0.0015689999999999,1.169,0.05,-0.047,6003,1.2929366929587214,0.0553725515815699,-0.20735562847851954,1121,12068975,5.599,4.9e-06,0.9877356790447888,0.01659404588348549,0.9997904815758768,4.9e-06,0.9997855826025172
12068975,K00623.04,4,CANDIDATE,0.992,25.2100146,9.88221,0.95,0.04,-0.03,0.007878,0.001957,-0.000685,1.169,0.05,-0.047,6003,1.0078918728605588,0.2540578926905668,-0.09655237659307152,1122,12068975,25.21,0.0056,0.9877356790447888,0.15297437790190446,0.9977575389222401,0.0056,0.9921700967042755
6187508,K06672.01,1,CANDIDATE,1.0,2.28494301,8.627483999999999,1.0,0.18,-0.09,0.0115599999999999,0.00095,-0.000794,0.883,0.069,-0.062,5396,1.117125571985895,0.126683329689556,-0.10972776061823415,6732,6187508,2.285,0.28,0.9877356790447888,0.1141081660720019,0.9984006673887014,0.28,0.7188484805198649
6878408,K06786.01,1,CANDIDATE,0.556,455.62395,13.303884,3.0,0.87,-0.3,0.030751,0.001444,-0.001736,1.001,0.104,-0.091,5883,3.368812007724012,0.38409535626850805,-0.36050152454778606,6432,6878408,455.624,0.044,0.9877356790447852,0.9922421276960222,0.0,0.044,0.0
10665749,K07359.01,1,CANDIDATE,0.965,4.237447181,7.679031,2.26,0.68,-0.29,0.020826,0.003595,-0.006118,1.082,0.098,-0.089,5993,2.466133487352127,0.4807467635632296,-0.7523331682533232,7026,10665749,4.237,0.71,0.9877356790447888,0.12689814550304215,0.9981953493993173,0.71,0.2894766513258021
6947623,K06793.01,1,CANDIDATE,0.972,3.62657392,8.468717,0.79,0.16,-0.07,0.009052,0.000641,-0.000615,0.834,0.063,-0.058,5416,0.8262168571608355,0.08554723981665678,-0.08032752533755089,6471,6947623,3.627,0.063,0.9877356790447888,0.11821697332865122,0.9983353579274047,0.063,0.9354402303779783
11669239,K00542.02,2,CANDIDATE,0.992,13.81733587,17.675926,2.04,0.55,-0.37,0.0181759999999999,0.000592,-0.004919,0.93,0.07,-0.064,5735,1.8499701384344223,0.1517226735292549,-0.5165932605281558,645,11669239,13.817,0.0016,0.9877356790447888,0.06828923088172469,0.9990899319412916,0.0016,0.9974913880501854
5709725,K00555.01,2,CANDIDATE,1.0,3.701765401,28.447165,1.63,0.12,-0.17,0.0166669999999999,0.002127,-0.001338,0.856,0.04,-0.037,5252,1.5614017282909545,0.21220023812231278,-0.14236148773646434,730,5709725,3.702,1.8e-05,0.9877356790447888,0.022971562048349763,0.9997080650515182,1.8e-05,0.9996900703063474
11032748,K08039.01,1,CANDIDATE,0.798,43.9438891,7.9631405,1.12,0.33,-0.08,0.0117489999999999,0.000511,-0.001165,0.752,0.058,-0.053,6008,0.9669459529322847,0.08561880488527432,-0.11763180876694541,7838,11032748,43.944,0.0093,0.9877356790447888,0.2352487486740245,0.9961804702989316,0.0093,0.9869159919251516
10718726,K00600.01,1,CANDIDATE,1.0,3.595769013,37.563694,2.39,0.38,-0.38,0.0183,5.6000000000000006e-05,-0.000906,1.212,0.063,-0.06,5763,2.427376623458344,0.1263939752338403,-0.16994759878692256,989,10718726,3.596,9.2e-07,0.9877356790447888,0.010481520372389504,0.9998684765660657,9.2e-07,0.9998675566870673
12554485,K08238.01,1,CANDIDATE,0.444,495.662346,8.735097999999999,2.73,0.56,-0.33,0.030468,0.001593,-0.008092,0.991,0.075,-0.068,5515,3.304464244840171,0.3039620048344119,-0.906450652296665,7919,12554485,495.662,0.04,0.9877356790447877,0.9933792361535098,0.0,0.04,0.0
4644604,K00628.01,1,CANDIDATE,1.0,14.48584765,43.133007,2.88,0.45,-0.37,0.024271,0.000185,-0.004016,0.979,0.043,-0.041,5784,2.600481794503524,0.11592647693845641,-0.443856935690115,1165,4644604,14.486,0.009,0.9877356790447888,0.007996135853934777,0.9998999148680593,0.009,0.9909008156342467
10554999,K00534.01,1,CANDIDATE,1.0,6.400157105,39.781902,2.52,0.37,-0.22,0.030148,7.900000000000001e-05,-0.004767,0.83,0.037,-0.035,5299,2.738546090485779,0.12229049672004287,-0.44815294814456613,1293,10554999,6.4,0.0002,0.9877356790447888,0.009136092141646039,0.9998855148316322,0.0002,0.999685537728666
5709725,K00555.02,1,CANDIDATE,0.97,86.49437040000001,30.617346,3.07,0.21,-0.33,0.031289,0.002529,-0.002635,0.856,0.04,-0.037,5252,2.9312232961238354,0.27366735526120284,-0.27746919123156527,731,5709725,86.494,0.0072,0.9877356790447888,0.08924047610154866,0.998783363271778,0.0072,0.9915921230562211
7902204,K06931.01,1,CANDIDATE,0.972,2.54031121,9.051803,1.2,0.34,-0.09,0.012081,0.000686,-0.001034,1.192,0.136,-0.118,5778,1.5760231604580919,0.20085352472036944,-0.20624319888700104,6212,7902204,2.54,0.0065,0.9877356790447888,0.1109124915171708,0.9984510452937431,0.0065,0.9919611134993338
8443812,K07041.01,1,CANDIDATE,0.888,8.361373200000001,7.563681,0.79,0.12,-0.09,0.009364,0.0006889999999999,-0.000695,1.122,0.09,-0.081,5470,1.1498408075761393,0.12515972412337897,-0.11905395044223573,7314,8443812,8.361,0.0047,0.9877356790447888,0.13727139766666943,0.9980243562962051,0.0047,0.9933336418216129
8625925,K00580.01,1,CANDIDATE,1.0,6.521209629,58.743534,2.54,0.61,-0.25,0.025899,0.003411,-0.000683,1.074,0.086,-0.078,5822,3.0441828338472186,0.46921758708043915,-0.23521030455385877,871,8625925,6.521,0.0003,0.9877356790438244,0.0017643489702723779,0.9999780540604863,0.0003,0.9996780606442682
9941859,K00528.01,1,CANDIDATE,1.0,9.57665962,66.11585,2.88,0.51,-0.46,0.024495,0.000538,-0.000227,0.897,0.04,-0.038,5387,2.4046581354612386,0.11953221881227206,-0.10427850561010696,1251,9941859,9.577,0.0011,0.9877356661719213,0.0009851725272615268,0.9999877554286666,0.0011,0.998887768897695
5796675,K00652.01,1,CANDIDATE,1.0,16.080657264000003,253.61078,4.43,0.38,-0.23,0.049706,0.000873,-0.000288,1.154,0.052,-0.049,5303,6.277664184306568,0.30360353865972906,-0.26902616193444884,1261,5796675,16.081,0.003,2.8568214812187847e-94,8.811986613353004e-11,0.0,0.003,0.0
6678383,K00111.02,3,CANDIDATE,1.0,23.66834635,99.441605,2.32,0.31,-0.26,0.021099,0.000762,-0.001355,1.062,0.045,-0.043,5979,2.4522788048389126,0.13653241932725504,-0.18617552730875508,63,6678383,23.668,1.5e-05,1.6487102980264964e-11,7.091846062297915e-05,0.0,1.5e-05,0.0
9873254,K00717.01,1,CANDIDATE,1.0,14.70749512,29.69435,2.04,0.35,-0.34,0.0146169999999999,0.000536,-0.000293,1.206,0.05,-0.048,5676,1.9292522277560904,0.10678269395155134,-0.08597470413432723,1005,9873254,14.707,0.0018,0.9877356790447888,0.025478310437595162,0.9996753750608897,0.0018,0.99787595938578
9873254,K00717.02,2,CANDIDATE,1.0,0.900375925,11.478353,0.82,0.13,-0.14,0.005833,0.0002529999999999,-0.000364,1.206,0.05,-0.048,5676,0.7698794721558015,0.046193892090067405,-0.05698317011595258,1006,9873254,0.9,0.0012,0.9877356790447888,0.08907196133333663,0.9987858853174192,0.0012,0.9975873422550383
6678383,K00111.03,2,CANDIDATE,0.978,51.75530504,99.92415,2.61,0.35,-0.3,0.023742,0.001263,-0.000966,1.062,0.045,-0.043,5979,2.7594674337402467,0.18767153353820784,-0.15839618974074446,64,6678383,51.755,0.00057,3.7823492852213693e-13,0.00011768127300193646,0.0,0.00057,0.0
10002866,K00723.01,2,CANDIDATE,1.0,3.936993144,76.264,3.36,0.74,-0.25,0.036449,0.0020859999999999,-0.003685,0.816,0.039,-0.037,5431,3.2550617525799144,0.2427068230946236,-0.36066971323280994,1088,10002866,3.937,0.0018,0.9857213717725388,0.0003642829129226209,0.9999947212712174,0.0018,0.9981947307729292
10002866,K00723.02,3,CANDIDATE,1.0,28.08185982,58.22654,3.63,0.8,-0.27,0.039445,0.000254,-0.0014529999999999,0.816,0.039,-0.037,5431,3.5226182016108734,0.169881631326448,-0.20579141640899604,1089,10002866,28.082,0.00038,0.9877356790389794,0.002809355482659747,0.9999650190768112,0.00038,0.999585032369562
10002866,K00723.03,1,CANDIDATE,1.0,10.08881066,82.97855,4.71,1.04,-0.35,0.05115,0.001702,-0.0094709999999999,0.816,0.039,-0.037,5431,4.56792802668009,0.2660198358756782,-0.8707949821163505,1090,10002866,10.089,0.11,0.05454822801509643,0.00022870337126578677,0.9960351146338053,0.11,0.8864712520240867
10221013,K00728.01,1,CANDIDATE,1.0,7.189379172000001,297.57898,11.94,3.85,-1.54,0.10163,0.0026969999999999,-0.002479,0.995,0.082,-0.075,6214,11.066963101717844,0.9581704426936968,-0.8767845829912356,1095,10221013,7.189,0.45,1.5246265803608615e-117,1.598566108685822e-12,0.0,0.45,0.0
8962094,K00700.01,1,CANDIDATE,1.0,30.86436512,46.549694,2.23,0.28,-0.1,0.024615,0.000186,-0.002856,0.905,0.039,-0.036,5677,2.437989747593129,0.10666546090806907,-0.29903502714889063,839,8962094,30.864,0.0054,0.9877356790447888,0.008171101286014497,0.9998977068384272,0.0054,0.9944982592214997
8962094,K00700.02,2,CANDIDATE,1.0,9.36059705,33.322113,1.42,0.17,-0.07,0.0156509999999999,0.001047,-0.001573,0.905,0.039,-0.036,5677,1.550151433661581,0.12335400029830564,-0.1675567861557056,840,8962094,9.361,0.00094,0.9877356790447888,0.016873435768048475,0.9997868934210067,0.00094,0.9988470937411909
8962094,K00700.03,3,CANDIDATE,0.997,14.6672293,25.679129,1.21,0.15,-0.05,0.013386,0.002676,-0.000566,0.905,0.039,-0.036,5677,1.3258147780329725,0.27113231780963404,-0.0769683138670173,874,8962094,14.667,0.0033,0.9877356790447888,0.03575441303581268,0.9995395899885428,0.0033,0.9962411093415806
8962094,K00700.04,4,CANDIDATE,0.976,68.1609897,17.723257,1.45,0.18,-0.07,0.015986,0.000292,-0.000699,0.905,0.039,-0.036,5677,1.5833314688207905,0.07410823989954823,-0.0935949990589325,875,8962094,68.161,0.046,0.9877356790447888,0.17410552034202087,0.9973824755688506,0.046,0.9515028816926835
6678383,K00111.01,1,CANDIDATE,0.999,11.427550984000002,148.07863999999998,2.35,0.32,-0.27,0.021404,8e-06,-0.0008039999999999,1.062,0.045,-0.043,5979,2.4877281169141705,0.10541630912470072,-0.13739818390937608,62,6678383,11.428,6.4e-08,3.901992778341268e-37,8.019279173307273e-07,0.0,6.4e-08,0.0
