kepid_x,kepoi_name,koi_tce_plnt_num,koi_pdisposition,koi_score,koi_period,koi_max_mult_ev,koi_prad,koi_prad_err1,koi_prad_err2,koi_ror,koi_ror_err1,koi_ror_err2,radius,radius_err1,radius_err2,teff,corrected_prad,corrected_prad_err1,corrected_prad_err2,rowid,kepid_y,fpp_koi_period,fpp_prob,fpEffectiveness,obsFpRate,reliability,fpp_prob_use,totalReliability
10854555,K00755.01,1,CANDIDATE,1.0,2.525591777,33.1919,2.75,0.88,-0.35,0.024064,0.003751,-0.001522,0.878,0.075,-0.067,6031,2.3123085789076265,0.4110068770525991,-0.2291811025543193,1273,10854555,2.526,0.001,0.9950871621754362,0.005634723825370302,0.9999720232031373,0.001,0.9989720511799342
9579641,K00115.03,3,CANDIDATE,0.871,3.43591631,7.4337807,0.55,0.08,-0.07,0.004612,0.000197,-0.000565,1.036,0.045,-0.042,5779,0.5229166974578404,0.031856115876833624,-0.06747728722289185,103,9579641,3.436,0.04,0.9581180778749936,0.14445467331725803,0.9926193239561684,0.04,0.9529145509979216
10538176,K01301.01,1,CANDIDATE,1.0,12.69905011,25.154327,2.62,0.22,-0.17,0.027241,0.00624,-0.001791,0.774,0.051,-0.048,5291,2.307530566291216,0.5500116066046409,-0.208554339663708,1356,10538176,12.699,0.00075,0.995087162175436,0.018547481081020202,0.9999066988605811,0.00075,0.9991567688364357
10744335,K01304.01,1,CANDIDATE,0.984,4.59726613,14.917146,1.69,0.53,-0.17,0.0161669999999999,0.000745,-0.000763,0.952,0.095,-0.085,5999,1.6844178783035386,0.1851445301839753,-0.17011200983786867,1360,10744335,4.597,0.00016,0.9950871274814045,0.06046754509915872,0.9996822504551212,0.00016,0.9995223012950483
10973814,K01307.02,2,CANDIDATE,1.0,20.34237838,23.735342000000003,2.88,0.44,-0.36,0.024633,0.0054009999999999,-0.003071,0.922,0.044,-0.042,5514,2.48560253715706,0.5577495335536528,-0.3299185605840311,1401,10973814,20.342,0.11,0.9950871621754338,0.024830782398389883,0.9998742865558125,0.11,0.8898881150346731
4072526,K01329.01,1,CANDIDATE,0.995,33.1996355,30.042027,2.85,0.15,-0.25,0.0296069999999999,0.0013369999999999,-0.000679,0.768,0.036,-0.034,5103,2.488508218474696,0.16197363797780778,-0.1240731439967517,1492,4072526,33.2,0.00018,0.9950871621754362,0.013248506464619,0.9999337126840477,0.00018,0.9997537246157646
4077526,K01336.01,1,CANDIDATE,1.0,10.21864532,22.117716,2.33,0.75,-0.33,0.019663,0.000404,-0.000743,0.986,0.05,-0.047,6100,2.1218278713503644,0.11609412860042259,-0.12906593767914487,1536,4077526,10.219,0.011,0.9950871621753843,0.026435243063656615,0.9998659429159288,0.011,0.9888674175438535
4077526,K01336.02,2,CANDIDATE,1.0,15.573637,18.62881,2.94,0.95,-0.41,0.02484,2.1e-05,-0.00466,0.986,0.05,-0.047,6100,2.6804762408759126,0.13594567541650973,-0.5188378533010114,1537,4077526,15.574,0.032,0.9950871621421131,0.044366816001704744,0.9997707874735078,0.032,0.9677781222743556
4077526,K01336.03,3,CANDIDATE,1.0,40.1015561,14.215785999999998,2.92,0.95,-0.4,0.024714,0.003509,-0.0032869999999999,0.986,0.05,-0.047,6100,2.6668796222627735,0.4020805461287109,-0.37679134593982455,1538,4077526,40.102,0.054,0.9950870527485994,0.10600730073923957,0.9994145594100933,0.054,0.9454461732019482
10358759,K00738.02,2,CANDIDATE,1.0,13.28689997,28.055307,2.78,0.22,-0.13,0.029278,0.000786,-0.000482,0.748,0.043,-0.04,5730,2.3967705513465893,0.1520660843153117,-0.13410572510926103,1183,10358759,13.287,0.00045,0.9950871621754362,0.01285539093126916,0.9999357052051924,0.00045,0.9994857341378501
10601284,K00749.01,1,CANDIDATE,1.0,5.349553819,48.504196,2.55,0.16,-0.24,0.025706,0.0008449999999999,-0.000453,0.88,0.049,-0.046,5190,2.475714903095897,0.1600816044444253,-0.13656850051448605,1229,10601284,5.35,1.2e-05,0.9950871621754362,0.000789756500340195,0.9999960978169664,1.2e-05,0.9999840978637926
10601284,K00749.02,2,CANDIDATE,0.98,3.94105221,22.749151,1.7,0.11,-0.16,0.017105,0.000703,-0.000557,0.88,0.049,-0.046,5190,1.6473626164107724,0.11400892391573068,-0.10145433000085052,1230,10601284,3.941,2.6e-06,0.9950871621754197,0.022290879989967077,0.9998874387642965,2.6e-06,0.9998848390569558
10601284,K00749.03,3,CANDIDATE,0.971,8.10904807,9.776852,1.3,0.09,-0.12,0.013127,0.0008699999999999,-0.000503,0.88,0.049,-0.046,5190,1.2642460722376039,0.10943524637901755,-0.08193938481982145,1231,10601284,8.109,0.0014,0.994604678738025,0.11736344836060991,0.9992786969563484,0.0014,0.9978797067806096
11018648,K00759.01,1,CANDIDATE,1.0,32.62876672,61.372303,3.36,0.76,-0.33,0.03852,0.000971,-0.000365,0.785,0.038,-0.036,5586,3.309324776617166,0.18061539375292412,-0.1549709429954223,1314,11018648,32.629,2.9e-06,0.9950871621754362,0.00021732823681009563,0.9999989267970544,2.9e-06,0.9999960268001666
11018648,K00759.02,2,CANDIDATE,0.978,91.7732862,14.678595,2.12,0.48,-0.21,0.0243199999999999,0.007051,-0.001216,0.785,0.038,-0.036,5586,2.0893763906367897,0.6141500671791063,-0.1417565727766681,1315,11018648,91.773,0.03,0.9950871252439969,0.19181772309395123,0.9988281986478944,0.03,0.9688633526884576
11138155,K00760.01,1,CANDIDATE,1.0,4.959319244,670.4895,12.21,1.96,-1.46,0.103379,0.001245,-7.4e-05,1.046,0.063,-0.059,5714,11.834433320821796,0.7268906552914118,-0.6675791476343043,1316,11138155,4.959,0.071,0.9950871621754362,2.5999361116865546e-39,1.0,0.071,0.929
8260218,K01066.01,1,CANDIDATE,1.0,5.714817602999999,529.8256,9.29,2.47,-0.99,0.101045,0.000109,-0.000195,1.235,0.153,-0.133,5695,13.657312331283036,1.6920226712756292,-1.4710236140599136,1512,8260218,5.715,0.00033,0.9950871621754362,2.778222865799089e-31,1.0,0.00033,0.99967
8222813,K01069.01,1,CANDIDATE,1.0,8.70420525,60.56746,2.86,0.13,-0.24,0.030316,0.0035689999999999,-0.00099,0.862,0.042,-0.039,5073,2.859977522401208,0.3643927163931227,-0.15958061967320455,1515,8222813,8.704,1.2e-05,0.9950871621754362,0.00017019924315110822,0.9999991595674735,1.2e-05,0.9999871595775587
8222813,K01069.02,2,CANDIDATE,1.0,2.46697039,24.837725,1.56,0.07,-0.13,0.016558,0.003196,-0.000833,0.862,0.042,-0.039,5073,1.562063194877926,0.31096497012869273,-0.10568925573298413,1516,8222813,2.467,0.00014,0.9950871621754358,0.01667772876102072,0.999916263976023,0.00014,0.9997762756990662
10538176,K01301.02,2,CANDIDATE,1.0,37.5142128,24.432262,2.68,0.22,-0.18,0.027815,0.000649,-0.001083,0.774,0.051,-0.048,5291,2.3561529569909387,0.1646966536743727,-0.17252963236919946,1357,10538176,37.514,0.00013,0.9950871621754356,0.029007359845179603,0.9998525096625823,0.00013,0.9997225288363262
8972058,K00159.01,1,CANDIDATE,1.0,8.99088621,72.13723,2.78,0.46,-0.39,0.021706,5.2e-05,-0.001717,1.147,0.05,-0.048,5881,2.724750068808205,0.11895647754619669,-0.2438383995043853,366,8972058,8.991,2.5e-06,0.9950871621754362,3.7398574121488127e-05,0.9999998153528574,2.5e-06,0.999997315353319
10973814,K01307.01,1,CANDIDATE,0.999,44.8520997,27.30246,3.35,0.51,-0.42,0.02861,0.002579,-0.003349,0.922,0.044,-0.042,5514,2.8869032837276616,0.29445334719477795,-0.3626187720547153,1400,10973814,44.852,0.049,0.9950871621754362,0.022307802270858483,0.999887351362897,0.049,0.950892871146115
8972058,K00159.02,2,CANDIDATE,1.0,2.403640701,15.105959,1.24,0.2,-0.17,0.0096709999999999,0.0009429999999999,-0.001849,1.147,0.05,-0.048,5881,1.2139987982789957,0.1296654911979713,-0.23759961948891975,367,8972058,2.404,0.0066,0.9950871375163591,0.057316768780386974,0.9996998147058044,0.0066,0.993101795928746
10928043,K01315.01,1,CANDIDATE,1.0,6.84639884,29.791174,1.9,0.35,-0.28,0.013285,8.4e-05,-0.001997,1.202,0.052,-0.049,6065,1.7476299630317138,0.07640788209901317,-0.27219241212820405,1444,10928043,6.846,0.0011,0.9950871621754362,0.009347250891685959,0.9999534163241063,0.0011,0.9988534675661498
4076098,K01323.01,1,CANDIDATE,1.0,3.990105908,246.02412,7.45,2.18,-0.73,0.074711,0.003166,-0.002293,1.1,0.103,-0.093,5926,8.994161680405236,0.9244119963531174,-0.8089701259029654,1452,4076098,3.99,0.00012,0.9950871621754362,4.187109135371321e-15,1.0,0.00012,0.99988
4282872,K01325.01,1,CANDIDATE,1.0,10.035381809,139.00804,4.42,1.13,-0.38,0.0485709999999999,0.00075,-0.000314,0.873,0.073,-0.066,5813,4.640606503759743,0.39460681143947346,-0.3521165799864444,1454,4282872,10.035,9.2e-05,0.9950871621754362,5.820324182143095e-09,0.9999999999712645,9.2e-05,0.9999079999712672
4077526,K01336.04,4,CANDIDATE,1.0,4.45814897,11.357054,1.61,0.52,-0.22,0.013643,0.003627,-0.001228,0.986,0.05,-0.047,6100,1.4722116487226278,0.3984449095031722,-0.14994814113839366,1539,4077526,4.458,0.00066,0.9950611720669398,0.09294293386627218,0.9994914239760296,0.00066,0.9988317596362054
4243911,K01337.01,1,CANDIDATE,1.0,1.922799706,24.998684,1.28,0.11,-0.05,0.014398,0.0006519999999999,-0.000412,0.8,0.036,-0.034,5191,1.2605950918701232,0.08047738927197175,-0.06458717866504479,1540,4243911,1.923,5.3e-05,0.995087162175436,0.016207145035339043,0.9999186656202289,5.3e-05,0.999865669930951
4466677,K01338.01,1,CANDIDATE,1.0,3.222975318,26.349789,1.47,0.4,-0.21,0.014062,0.0004089999999999,-0.000413,0.986,0.046,-0.044,5823,1.5174258010948907,0.08342366155346918,-0.08106464382714938,1541,4466677,3.223,0.00015,0.9950871621754362,0.013865844062082881,0.9999305804786159,0.00015,0.9997805908915441
4466677,K01338.02,2,CANDIDATE,0.999,42.0370662,12.082628,1.66,0.45,-0.24,0.015824,0.0037479999999999,-0.00108,0.986,0.046,-0.044,5823,1.7075626423357664,0.4122163765990106,-0.13924264059753375,1542,4466677,42.037,0.0018,0.9950814383136942,0.13892409967994013,0.9992025276138936,0.0018,0.9974039630641885
4466677,K01338.03,3,CANDIDATE,0.754,21.0112068,7.701652,1.4,0.38,-0.2,0.0133789999999999,0.003282,-0.0020239999999999,0.986,0.046,-0.044,5823,1.4437234954379452,0.36050738527173,-0.22771308889922462,1543,4466677,21.011,0.02,0.973936563184704,0.17403922929961624,0.9943611733573697,0.02,0.9744739498902223
10358759,K00738.01,1,CANDIDATE,1.0,10.3392408,38.329365,2.98,0.23,-0.15,0.031329,0.0008029999999999,-0.000429,0.748,0.043,-0.04,5730,2.564670558205387,0.16142500564579262,-0.14157317054816979,1182,10358759,10.339,0.00072,0.9950871621754362,0.003225148621563751,0.9999840256216962,0.00072,0.9992640371232485
9579641,K00115.01,1,CANDIDATE,1.0,5.412203927,163.47614,2.94,0.43,-0.38,0.024775,6e-05,-0.0018859999999999,1.036,0.045,-0.042,5779,2.80903321325195,0.122203492213546,-0.24227109869262597,101,9579641,5.412,7.1e-06,0.9950871621754362,2.1867751137752e-10,0.9999999999989204,7.1e-06,0.9999928999989204
9579641,K00115.02,2,CANDIDATE,1.0,7.12594387,39.793564,1.79,0.26,-0.23,0.0151199999999999,0.000323,-0.002193,1.036,0.045,-0.042,5779,1.7143322778756491,0.08298262831470106,-0.2581766478146036,102,9579641,7.126,5.1e-05,0.9950871621754362,0.00254039574064404,0.9999874258868456,5.1e-05,0.9999364265281254
11153539,K00762.01,1,CANDIDATE,1.0,4.49876511,26.501581,2.1,0.65,-0.22,0.0198169999999999,0.000458,-0.000789,1.176,0.101,-0.091,6075,2.5505197260256605,0.2268423449239249,-0.22195369955218094,1318,11153539,4.499,4.9e-07,0.9950871621754362,0.013848589265554176,0.9999306680780994,4.9e-07,0.999930178112072
8395660,K00116.01,1,CANDIDATE,1.0,13.57078281,76.76886999999999,2.64,0.4,-0.27,0.023908,0.000413,-0.002627,1.049,0.046,-0.044,5854,2.7447461905990433,0.12936305107022236,-0.3228184613238006,104,8395660,13.571,0.0035,0.9950871621754362,2.1765590295233476e-05,0.9999998925389184,0.0035,0.9964998929150323
11391957,K00765.01,1,CANDIDATE,1.0,8.35389523,36.34974,2.52,0.54,-0.24,0.029305,0.000955,-0.000532,0.722,0.056,-0.051,5592,2.315593804587214,0.1948116589250979,-0.1688823162437016,664,11391957,8.354,0.0003,0.9950871621754362,0.004059619415933137,0.9999798755840852,0.0003,0.99967988162141
5792202,K00841.01,2,CANDIDATE,1.0,15.33528675,84.09906,5.0,0.49,-0.18,0.0559999999999999,0.001045,-0.005222,0.761,0.049,-0.046,5251,4.663974200855768,0.31266584103734174,-0.5182969371546153,1014,5792202,15.335,0.048,0.9950871621754362,8.528086272023588e-06,0.9999999578956862,0.048,0.9519999599166932
5792202,K00841.02,1,CANDIDATE,1.0,31.33046135,110.02644,6.5,0.64,-0.23,0.072904,0.000828,-0.002069,0.761,0.049,-0.046,5251,6.071828127485526,0.39699398063520797,-0.40546109769120064,1015,5792202,31.33,0.019,0.9950871621754362,3.57718975845458e-07,0.9999999982339075,0.019,0.9809999982674632
5792202,K00841.03,3,CANDIDATE,1.0,6.54626149,24.029488,2.19,0.22,-0.08,0.024555,0.005751,-0.001612,0.761,0.049,-0.046,5251,2.0450694018216717,0.49674460471231935,-0.18249932384936468,1016,5792202,6.546,0.0013,0.9950871621754347,0.01962689714028882,0.9999011602669974,0.0013,0.9986012887586503
8247638,K00907.01,1,CANDIDATE,1.0,16.51410989,43.083504,2.72,0.27,-0.24,0.028718,0.000169,-0.000905,0.828,0.045,-0.042,5527,2.6023636472438962,0.14225951732989017,-0.15540446008427103,726,8247638,16.514,9.1e-05,0.9950871621754362,0.0018932051917969542,0.9999906353407512,9.1e-05,0.9998996361929352
8247638,K00907.02,2,CANDIDATE,1.0,30.1329298,32.878609999999995,3.14,0.32,-0.27,0.03322,0.003077,-0.00395,0.828,0.045,-0.042,5527,3.0103252441479986,0.32328514603357733,-0.38915036193979785,727,8247638,30.133,0.0034,0.9950871621754362,0.008767124154119758,0.9999563330595569,0.0034,0.9965564815271545
8247638,K00907.03,4,CANDIDATE,1.0,4.79090809,16.134592,1.36,0.14,-0.12,0.014349,0.000597,-0.000504,0.828,0.045,-0.042,5527,1.3002756450415303,0.08899737934902026,-0.08022513448904872,728,8247638,4.791,0.00091,0.9950871585699687,0.05214253740261568,0.9997284056364714,0.00091,0.9988186527873422
8247638,K00907.04,3,CANDIDATE,1.0,99.6415962,19.405544,2.64,0.27,-0.23,0.027879,0.001176,-0.000776,0.828,0.045,-0.042,5527,2.526335264346841,0.1738043677970834,-0.1461731602304489,729,8247638,99.642,0.036,0.9950871621699902,0.12535583801367764,0.9992924054682559,0.036,0.9633178788713986
7626506,K00150.01,1,CANDIDATE,1.0,8.408878137,132.78516000000002,2.28,0.19,-0.2,0.025693,0.000347,-0.0001419999999999,0.913,0.039,-0.037,5551,2.5672552465548706,0.11501434908602381,-0.10500296894854225,290,7626506,8.409,1.7e-05,0.9950871621754362,1.2870161227246076e-08,0.9999999999364588,1.7e-05,0.9999829999364599
11414511,K00767.01,1,CANDIDATE,1.0,2.816504904,1328.3038,12.21,1.62,-0.87,0.117059,0.001834,-0.000297,0.96,0.047,-0.044,5534,12.298708225522274,0.6322042194530382,-0.5645538099948059,666,11414511,2.817,0.00098,0.9950871621754362,7.535661888989128e-77,1.0,0.00098,0.99902
8490993,K00911.01,1,CANDIDATE,1.0,4.093578461,31.433712,2.85,0.8,-0.34,0.026123,4.2e-05,-0.004349,0.944,0.081,-0.073,6077,2.6988484643845956,0.231615570200548,-0.4954143850710245,766,8490993,4.094,0.00063,0.9950871621754362,0.007251333000469576,0.9999639379972908,0.00063,0.9993339607163525
8490993,K00911.02,2,CANDIDATE,0.999,105.145959,10.855937,3.43,0.96,-0.42,0.031397,0.000123,-0.008187,0.944,0.081,-0.073,6077,3.2437218250692172,0.2786177662365562,-0.8822352578125798,767,8490993,105.146,0.11,0.9950446723829933,0.3222058239296293,0.9976326343203138,0.11,0.8878930445450793
2854698,K00986.01,1,CANDIDATE,1.0,8.18739443,40.58191,1.92,0.13,-0.14,0.020743,0.000388,-0.000741,0.931,0.041,-0.039,5251,2.113511931805311,0.10112409765486903,-0.11635711830541964,1827,2854698,8.187,0.00026,0.9950871621754362,0.0023268752257743835,0.9999884852072142,0.00026,0.9997284882010603
2854698,K00986.02,2,CANDIDATE,0.881,76.04981629999999,12.8004465,1.75,0.11,-0.13,0.018858,0.00107,-0.000699,0.931,0.041,-0.039,5251,1.921448585546187,0.13800782651621638,-0.10747639785663593,1828,2854698,76.05,0.0054,0.9950858632230092,0.19438572532231058,0.9988084180928676,0.0054,0.9934148526351662
7295235,K00987.01,1,CANDIDATE,1.0,3.1792672860000004,41.68947,1.21,0.14,-0.06,0.0129169999999999,0.000373,-0.000349,0.916,0.038,-0.036,5511,1.2949129940221396,0.06545197880975034,-0.06175799463236187,1829,7295235,3.179,0.0017,0.9950871621754362,0.0018705007795916163,0.9999907478576269,0.0017,0.9982907635862689
8313667,K01145.01,1,CANDIDATE,0.996,30.5872153,22.413473,2.32,0.39,-0.24,0.01965,0.000729,-0.00033,1.094,0.05,-0.048,5944,2.352682555688397,0.13849277779516167,-0.11052878182310098,1844,8313667,30.587,1.0,0.9950871621754088,0.033991143632061196,0.9998262775388884,1.0,0.0
7626506,K00150.02,2,CANDIDATE,1.0,28.5742692,87.12114,2.32,0.19,-0.2,0.0261089999999999,0.0005269999999999,-0.000231,0.913,0.039,-0.037,5551,2.608822139582799,0.12325414606193989,-0.10821469158643342,291,7626506,28.574,2.4e-06,0.9950871621754362,6.96021700927415e-06,0.9999999656365224,2.4e-06,0.9999975656366049
8395660,K00116.02,2,CANDIDATE,0.998,43.84439721,65.59482,2.87,0.43,-0.3,0.025934,2.7e-05,-0.003042,1.049,0.046,-0.044,5854,2.9773401249370752,0.13059698729293368,-0.3708924847810193,105,8395660,43.844,0.00035,0.9950871621754362,0.00014708808206567194,0.999999273705636,0.00035,0.999649273959839
11507101,K00773.01,1,CANDIDATE,1.0,38.3775486,31.946487,2.82,0.37,-0.34,0.024901,0.000184,-0.001271,0.972,0.05,-0.047,5476,2.64890576711553,0.13765924299728588,-0.1862427404784746,672,11507101,38.378,0.001,0.9950871621754362,0.011152697107696015,0.9999443170828981,0.001,0.9989443727658152
11812062,K00776.01,1,CANDIDATE,1.0,3.728732147,360.1958,6.02,1.22,-0.52,0.068178,0.002209,-0.001842,0.798,0.064,-0.058,5497,5.954298516675057,0.5150351737258184,-0.4617010887458798,710,11812062,3.729,2.9e-05,0.9950871621754362,1.2807596609528931e-21,1.0,2.9e-05,0.999971
6392727,K00851.01,1,CANDIDATE,1.0,4.583520948,212.06973,5.39,1.6,-0.53,0.056287,0.001029,-0.0004059999999999,1.021,0.089,-0.08,5815,6.289517065803548,0.5601809069925868,-0.4948960382369189,1063,6392727,4.584,0.0008,0.9950871621754362,3.6523608968770565e-13,0.9999999999999982,0.0008,0.9991999999999982
8628973,K00916.01,1,CANDIDATE,1.0,3.314947362,105.955894,3.94,1.11,-0.37,0.038195,0.0001899999999999,-0.003621,0.846,0.067,-0.061,5609,3.5363914593820787,0.28062076776302997,-0.42121072930051107,773,8628973,3.315,0.00019,0.9950871621754362,4.0517644781895715e-07,0.9999999979996054,0.00019,0.9998099979999854
8672910,K00918.01,1,CANDIDATE,0.996,39.6431552,487.53952,10.98,0.72,-0.99,0.1116849999999999,7.4e-05,-0.0001419999999999,0.815,0.04,-0.037,5236,9.961756295227147,0.4889651053704706,-0.45242883521412247,808,8672910,39.643,0.008,0.9950871621754362,1.1792631347020028e-28,1.0,0.008,0.992
8644288,K00137.01,2,CANDIDATE,1.0,7.641567589,366.27887,4.91,0.3,-0.33,0.042627,0.000225,-8.6e-05,0.923,0.039,-0.037,5356,4.305959350569468,0.183356070164136,-0.1728300586256785,238,8644288,7.642,6.5e-06,0.9950871621754362,6.100150250984718e-22,1.0,6.5e-06,0.9999935
8395660,K00116.03,3,CANDIDATE,0.95,6.1648760000000005,11.552998,0.79,0.13,-0.08,0.007192,0.002592,-0.000407,1.049,0.046,-0.044,5854,0.8256740255474452,0.2997679068608927,-0.05816087345183957,106,8395660,6.165,0.21,0.9950692407065448,0.0928794543131738,0.9994926412532535,0.21,0.7895991865900703
8689031,K00920.01,1,CANDIDATE,1.0,21.80451611,43.653084,2.6,0.47,-0.19,0.0336529999999999,0.004907,-0.002737,0.782,0.061,-0.056,5481,2.8801426224200766,0.47627702048989407,-0.3121036593463063,810,8689031,21.805,0.00018,0.9950871621754362,0.0018981742597264338,0.9999906107147227,0.00018,0.9998106124047941
8826878,K00922.01,1,CANDIDATE,1.0,5.15448142,44.139656,2.94,0.63,-0.39,0.0304149999999999,0.001275,-0.005944,0.821,0.065,-0.059,5431,2.732841433661582,0.24482141210528072,-0.5690430477842503,814,8826878,5.154,0.0005,0.9950871621754362,0.0013962260657855205,0.9999930970640587,0.0005,0.9994931005155268
1718189,K00993.01,1,CANDIDATE,1.0,21.85362905,19.608992,1.75,0.47,-0.16,0.018296,0.003946,-0.001116,0.825,0.037,-0.035,5830,1.651937286055877,0.3639039471662222,-0.12273841719880735,1871,1718189,21.854,0.0024,0.9950871621701948,0.04283256230281009,0.9997790685999428,0.0024,0.997379598835303
1718189,K00993.02,2,CANDIDATE,1.0,13.0607936,16.736902,1.45,0.38,-0.13,0.015111,0.005684,-0.001135,0.825,0.037,-0.035,5830,1.3643651251415807,0.5168406655619205,-0.1176954183603398,1872,1718189,13.061,0.91,0.9950871610404765,0.05425309101798415,0.9997167819281764,0.91,0.08997451037353585
1431122,K00994.01,1,CANDIDATE,0.99,4.298920099999999,15.994445,2.12,0.27,-0.27,0.019694,0.0019809999999999,-0.005939,0.873,0.04,-0.038,5300,1.8816187536810973,0.20798085801181415,-0.5733088710877868,1874,1431122,4.299,0.029,0.9950871574868119,0.05269876875791778,0.9997253471638482,0.029,0.9707333120960966
8644288,K00137.02,1,CANDIDATE,1.0,14.85890852,399.39264,5.94,0.37,-0.4,0.05159,7.5e-05,-0.00057,0.923,0.039,-0.037,5356,5.211355312264032,0.2203284046962193,-0.21669553294558258,239,8644288,14.859,0.014,0.9950871621754362,8.755620935280093e-24,1.0,0.014,0.986
8229696,K01072.01,1,CANDIDATE,0.998,10.12805158,33.04488,1.95,0.24,-0.11,0.02174,0.002811,-0.0017829999999999,0.885,0.042,-0.039,5676,2.105650394852756,0.29002175911979433,-0.19604481453299377,1520,8229696,10.128,3.1e-06,0.9950871621754362,0.006415682063791568,0.9999681206534873,3.1e-06,0.9999650207523132
6690082,K01240.01,1,CANDIDATE,1.0,2.1395563,40.34683,1.76,0.27,-0.24,0.014957,0.000254,-0.000507,0.988,0.044,-0.042,5534,1.6172788008431915,0.07708336198400975,-0.08793192119000111,1622,6690082,2.14,7.2e-05,0.9950871621754362,0.0021968160159781687,0.9999891302362385,7.2e-05,0.9999171310188615
6690082,K01240.02,2,CANDIDATE,1.0,4.807103253999999,23.289696,2.96,0.45,-0.41,0.025102,0.000111,-0.005209,0.988,0.044,-0.042,5534,2.714242993833375,0.12147162793051063,-0.5749385534475872,1623,6690082,4.807,0.25,0.9950871621754303,0.021054955387901853,0.9998938139861632,0.25,0.7499203604896224
6784235,K00863.01,1,CANDIDATE,1.0,3.167893418,55.665585,2.62,0.78,-0.26,0.025513,0.000588,-0.000292,1.071,0.096,-0.086,5895,2.9904356092845457,0.27676887887652224,-0.24255523363055387,1144,6784235,3.168,0.0004,0.9950871621754362,0.00029876361341047656,0.9999985245354519,0.0004,0.9995985251256377
8951215,K00924.01,1,CANDIDATE,1.0,39.4759093,20.340858,4.06,1.31,-0.44,0.036074,0.001545,-0.006936,0.928,0.075,-0.068,6225,3.6637491678832124,0.33510783212818523,-0.7538573180830109,816,8951215,39.476,0.12,0.9950871621741914,0.04997498993275659,0.9997402898150031,0.12,0.8797714550372027
9140402,K00928.01,1,CANDIDATE,1.0,2.494170338,37.2115,2.42,0.24,-0.12,0.026777,0.0009199999999999,-0.00062,0.805,0.042,-0.039,5569,2.3590723185407754,0.14737271625857842,-0.12667248817700819,853,9140402,2.494,0.00086,0.9950871621754362,0.0033296533014365174,0.9999835062737308,0.00086,0.9991235204583354
2165002,K00999.01,1,CANDIDATE,1.0,16.56806842,31.120844,2.54,0.15,-0.11,0.032537,0.0011,-0.0008449999999999,0.727,0.038,-0.035,4987,2.5887813655140954,0.16115178389457457,-0.14160934683727205,1878,2165002,16.568,9.7e-05,0.9950871621754362,0.009052467952688494,0.9999548988474475,9.7e-05,0.9998579032222593
2165002,K00999.02,2,CANDIDATE,1.0,47.3329299,13.270042000000002,2.18,0.13,-0.09,0.0279269999999999,0.000971,-0.001898,0.727,0.038,-0.035,4987,2.221990263229919,0.13949091119308313,-0.18506270920607137,1879,2165002,47.333,0.041,0.9950865470535173,0.12982189945197797,0.9992633422601057,0.041,0.9582935452274414
6693640,K01245.01,1,CANDIDATE,1.0,13.71938426,36.90624,1.98,0.61,-0.22,0.016377,0.000385,-0.000221,1.141,0.088,-0.08,6387,2.0450477323338783,0.16488931624296513,-0.14601793150994885,1761,6693640,13.719,0.00018,0.9950871621754362,0.004081686005392403,0.9999797657468835,0.00018,0.9997997693890491
6541920,K00157.01,2,CANDIDATE,1.0,13.02493307,94.94626,2.88,0.19,-0.18,0.025235,0.0004059999999999,-0.000174,1.098,0.048,-0.045,5657,3.0324182719292727,0.14125744027802836,-0.1260260624697251,337,6541920,13.025,4e-07,0.9950871621754362,1.983361910011403e-06,0.9999999902079385,4e-07,0.9999995902079424
8395660,K00116.04,4,CANDIDATE,0.952,23.9800854,10.87813,1.31,0.2,-0.13,0.011879,0.000305,-0.002656,1.049,0.046,-0.044,5854,1.3637627571576894,0.06929967993243814,-0.31023993941328193,107,8395660,23.98,0.0015,0.995029030935168,0.1267352436883514,0.999274968659809,0.0015,0.9977760562068194
6862328,K00865.01,1,CANDIDATE,1.0,119.0207044,165.9875,8.98,1.23,-1.35,0.077431,0.000688,-0.000272,0.904,0.049,-0.046,5451,7.660669993833376,0.42077744588960275,-0.39074062066473686,1148,6862328,119.021,0.00064,0.9950871621754362,8.294038147106306e-10,0.9999999999959052,0.00064,0.9993599999959079
9166862,K00931.01,1,CANDIDATE,0.999,3.855603916,1321.7062,13.61,3.8,-1.35,0.119176,0.000279,-0.000403,0.991,0.087,-0.078,6033,12.925457228668511,1.1351307137052578,-1.018280224164915,857,9166862,3.856,0.0038,0.9950871621754362,1.8200324976505736e-76,1.0,0.0038,0.9962
8644288,K00137.03,3,CANDIDATE,1.0,3.504691252,50.787594,2.03,0.13,-0.14,0.017643,0.001689,-0.001489,0.923,0.039,-0.037,5356,1.7822047252233828,0.18649373274901898,-0.16651591270119914,240,8644288,3.505,7.5e-05,0.9950871621754362,0.0005696505764872133,0.9999971859791397,7.5e-05,0.9999221861901911
10157458,K01083.01,1,CANDIDATE,1.0,7.33685101,18.445663,1.52,0.45,-0.14,0.016434,0.000754,-0.000395,0.91,0.073,-0.066,5795,1.636696412975082,0.1512526462355271,-0.12505411620744988,1604,10157458,7.337,9.3e-05,0.9950871621268796,0.04045239430199098,0.9997918631321819,9.3e-05,0.9996988824889106
10157458,K01083.02,2,CANDIDATE,0.819,4.57797412,7.873112700000001,0.96,0.28,-0.09,0.010324,0.00065,-0.000754,0.91,0.073,-0.066,5795,1.0281887408759123,0.10485098777960103,-0.10582932866672184,1605,10157458,4.578,0.0006,0.9784872754765828,0.13947355881123844,0.9964365727495753,0.0006,0.9958387108059256
10337517,K01165.01,1,CANDIDATE,1.0,7.053934488,48.294144,2.36,0.2,-0.17,0.025075,0.000226,-0.00413,0.856,0.036,-0.035,5357,2.3490819185753837,0.10103638347728437,-0.3986513413025359,1974,10337517,7.054,0.01,0.9950871621754362,0.0008323222757757691,0.9999958873244791,0.01,0.9899959284512343
10337517,K01165.02,2,CANDIDATE,1.0,4.29263699,9.91662,0.68,0.06,-0.05,0.0072349999999999,0.0004019999999999,-0.000495,0.856,0.036,-0.035,5357,0.6777909344324095,0.04723179903168534,-0.05402278224152805,1975,10337517,4.293,0.00092,0.9947087830212774,0.10990318367759276,0.9993432007562112,0.00092,0.9984238050115154
10122255,K01086.01,1,CANDIDATE,1.0,27.6652847,32.011665,2.21,0.64,-0.35,0.019867,0.000674,-0.000306,1.123,0.087,-0.079,6036,2.441717993912031,0.20650514021107935,-0.17583718300177634,1608,10122255,27.665,1.1e-06,0.9950871621754362,0.009469172189207101,0.9999528028991577,1.1e-06,0.9999517029510745
3247268,K01089.01,1,CANDIDATE,0.934,86.67856052,229.12724,9.83,1.48,-1.2,0.083303,0.000106,-0.000883,1.099,0.054,-0.051,5822,10.01940172931349,0.4924741499431636,-0.47693377835536305,1611,3247268,86.679,0.0044,0.9950871621754362,1.2925108921396854e-13,0.9999999999999993,0.0044,0.9955999999999994
6541920,K00157.02,3,CANDIDATE,1.0,22.687155,93.95543,3.2,0.21,-0.21,0.028022,0.000553,-0.000183,1.098,0.048,-0.045,5657,3.3673241456707776,0.1615096420007721,-0.1397461640047726,360,6541920,22.687,3.2e-06,0.9950871621754362,2.602231924582899e-06,0.9999999871525056,3.2e-06,0.9999967871525467
3342970,K00800.01,1,CANDIDATE,1.0,2.711504086,48.726124,3.12,1.02,-0.34,0.0265329999999999,0.000651,-0.000276,1.216,0.092,-0.084,6214,3.5310461001761757,0.28084820651677184,-0.24667094243334386,805,3342970,2.712,2.1e-10,0.9950871621754362,0.000738050462117166,0.9999963534849461,2.1e-10,0.9999963532749468
3342970,K00800.02,2,CANDIDATE,1.0,7.21203748,40.04205,3.32,1.09,-0.36,0.028255,0.0007019999999999,-0.000335,1.216,0.092,-0.084,6214,3.7602120966524035,0.2994365999253309,-0.26354964251647156,806,3342970,7.212,0.00049,0.9950871621754362,0.002462116760528297,0.99998781429805,0.00049,0.9994978202690439
3351888,K00801.01,1,CANDIDATE,1.0,1.625522174,712.5235,9.73,1.41,-1.42,0.0805429999999999,8.7e-05,-0.0001149999999999,0.971,0.055,-0.051,5543,8.559147041294352,0.4849007998071029,-0.4497196290863963,807,3351888,1.626,0.00034,0.9950871621754362,9.908110974849783e-42,1.0,0.00034,0.99966
3453214,K00802.01,1,CANDIDATE,1.0,19.620346923,353.8584,13.6,1.82,-0.92,0.137595,1e-05,-0.003638,0.953,0.063,-0.058,5710,14.35089572575824,0.9486956737620825,-0.9522619349811273,841,3453214,19.62,0.19,0.9950871621754362,3.715363888389814e-21,1.0,0.19,0.81
7109675,K00872.01,1,CANDIDATE,1.0,33.60123371,173.7981,8.46,0.4,-0.5,0.083298,0.00069,-0.002152,0.809,0.039,-0.037,5149,7.375076870028946,0.36074571818090706,-0.38739718282352686,1193,7109675,33.601,0.0056,0.9950871621754362,8.51531290081496e-11,0.9999999999995796,0.0056,0.9943999999995818
7109675,K00872.02,2,CANDIDATE,1.0,6.76652928,16.790316,1.97,0.09,-0.12,0.019382,0.0003799999999999,-0.0009339999999999,0.809,0.039,-0.037,5149,1.716052484992449,0.08930675816133966,-0.11400992776781907,1194,7109675,6.767,1.0,0.9950871611191002,0.0493883549731919,0.9997434967752749,1.0,0.0
9406990,K00937.01,1,CANDIDATE,1.0,20.83426731,38.21066,2.74,0.69,-0.22,0.028495,0.000673,-0.000659,0.798,0.064,-0.058,5537,2.4885994929838913,0.20806148498013122,-0.1898115047096587,980,9406990,20.834,0.00012,0.9950871621754362,0.003817484243646557,0.9999810805005185,0.00012,0.9998610827708584
3247268,K01089.02,2,CANDIDATE,1.0,12.21828097,81.52411,5.1,0.76,-0.62,0.043209,0.003588,-0.0035329999999999,1.099,0.054,-0.051,5822,5.197031671391265,0.5014437267921836,-0.4886060204281945,1612,3247268,12.218,0.11,0.9950871621754362,1.1426681588254992e-05,0.9999999435847661,0.11,0.8899999497904418
7366258,K00880.01,2,CANDIDATE,1.0,26.44439337,67.97784,3.91,0.43,-0.29,0.038511,0.00088,-0.000357,0.854,0.046,-0.043,5427,3.5993669308142455,0.21060139291456034,-0.18427867847743593,1237,7366258,26.444,0.0098,0.9950871621754362,8.337880513355449e-05,0.9999995883167624,0.0098,0.9901995923512581
8559644,K00139.01,1,CANDIDATE,1.0,224.7789355,153.20587,7.67,1.33,-1.2,0.056891,0.000478,-0.000822,1.123,0.049,-0.046,5873,6.992086293433802,0.3106913530250701,-0.3037034304877859,242,8559644,224.779,0.0018,0.9950871621754362,2.0902254671032758e-08,0.9999999998968037,0.0018,0.9981999998969894
3231341,K01102.01,1,CANDIDATE,1.0,12.33343853,26.762255,4.12,0.61,-0.84,0.030411,5.720139,-0.005212,1.111,0.059,-0.055,5896,3.6976705621853765,695.5111780247653,-0.6596345776718453,1655,3231341,12.333,0.99,0.9950871621754362,0.014991015697532528,0.9999248615603846,0.99,0.009999248615603855
3231341,K01102.02,2,CANDIDATE,1.0,8.14515981,24.346912,3.43,0.5,-0.7,0.025296,0.001749,-0.005273,1.111,0.059,-0.055,5896,3.0757382046312607,0.2681490329560386,-0.6589760805278432,1656,3231341,8.145,0.016,0.9950871621754354,0.019278157493887765,0.9999029510187796,0.016,0.9839045038024791
3231341,K01102.03,3,CANDIDATE,1.0,18.9985279,15.231214,43.17,6.37,-8.74,0.318792,73.13847,-6.931319,1.111,0.059,-0.055,5896,38.761888588346345,8892.899764143122,-842.7805944541504,1657,3231341,18.999,1.0,0.995087144005491,0.07083798252086672,0.9996236016989479,1.0,0.0
6541920,K00157.03,1,CANDIDATE,1.0,31.99552485,102.289505,4.12,0.27,-0.26,0.036106,0.0002549999999999,-0.002135,1.098,0.048,-0.045,5657,4.338755463692424,0.19213166956483752,-0.3121548049687383,361,6541920,31.996,0.044,0.9950871621754362,9.979611660387951e-07,0.999999995072968,0.044,0.9559999952897573
8813698,K01268.01,1,CANDIDATE,0.996,268.9410974,133.10529,13.57,2.3,-2.31,0.095141,0.000859,-0.0017329999999999,1.18,0.059,-0.056,5803,12.286641166310094,0.624267480802944,-0.6245694006380584,1854,8813698,268.941,0.42,0.9950871621754362,5.591765170507772e-07,0.999999997239292,0.42,0.5799999983987895
3935914,K00809.01,1,CANDIDATE,1.0,1.5947453740000002,1015.921,11.3,3.09,-1.33,0.115879,0.000387,-0.000621,1.129,0.103,-0.093,5934,14.317992687940471,1.3071222751952234,-1.1819205300581839,849,3935914,1.595,0.00016,0.9950871621754362,4.884866090991797e-59,1.0,0.00016,0.99984
7366258,K00880.02,1,CANDIDATE,0.983,51.53997972,112.0813,5.51,0.62,-0.41,0.05435,0.000727,-0.000517,0.854,0.046,-0.043,5427,5.079732873458344,0.2819262327495996,-0.2602954622233705,1238,7366258,51.54,0.016,0.9950871621754362,3.67112093912241e-07,0.9999999981875328,0.016,0.9839999982165323
7366258,K00880.03,3,CANDIDATE,1.0,5.9022457820000005,43.151917,2.43,0.27,-0.18,0.023909,0.000453,-0.000375,0.854,0.046,-0.043,5427,2.2346151475899823,0.12759498711917744,-0.1178482475028288,1239,7366258,5.902,0.0011,0.9950871621754362,0.0016067965270557848,0.9999920543290991,0.0011,0.9988920630693371
7366258,K00880.04,4,CANDIDATE,1.0,2.382951591,23.52045,1.86,0.21,-0.13,0.018369,0.0037119999999999,-0.000508,0.854,0.046,-0.043,5427,1.7168282088786808,0.35904911939920586,-0.0986252762757689,1240,7366258,2.383,1.0,0.9950871621754322,0.019741096619126895,0.9999005735843494,1.0,0.0
3231341,K01102.04,5,CANDIDATE,0.999,4.24439049,12.186046,2.07,0.3,-0.42,0.015253,0.000215,-0.003249,1.111,0.059,-0.055,5896,1.854610801519632,0.10190001375785068,-0.4055743379282682,1680,3231341,4.244,0.00057,0.9950815913189669,0.08393171284837025,0.9995471397962006,0.00057,0.9989773979265167
3240158,K01106.01,1,CANDIDATE,1.0,7.42608123,32.02532,2.47,0.39,-0.23,0.019228,0.0006,-0.000345,1.103,0.059,-0.056,6047,2.3210958845330985,0.14373847836539885,-0.1249860614276542,1684,3240158,7.426,2.8e-05,0.9950871621754362,0.007046059860923177,0.9999649660964721,2.8e-05,0.9999369670774214
3240158,K01106.02,2,CANDIDATE,0.989,15.9868932,9.3422165,1.62,0.25,-0.15,0.012587,0.000161,-0.001423,1.103,0.059,-0.056,6047,1.5194317609017114,0.08356654422010966,-0.1883033391223804,1685,3240158,15.987,0.015,0.9940419724675778,0.1363931535405277,0.9990533830481237,0.015,0.9840675823024019
8583696,K01275.01,1,CANDIDATE,0.936,50.28635977,91.00462,3.88,0.62,-0.56,0.030461,0.000503,-0.000226,1.192,0.053,-0.05,5900,3.9737804395922467,0.18847798527148482,-0.16927274678662957,1893,8583696,50.286,0.0019,0.9950871621754362,5.742759231673874e-06,0.999999971647301,0.0019,0.9980999717011712
6541920,K00157.04,5,CANDIDATE,0.998,46.6856205,40.456486,2.52,0.16,-0.16,0.022055,0.000437,-0.000381,1.098,0.048,-0.045,5657,2.6502867044739498,0.12720475828671038,-0.11787316406101006,362,6541920,46.686,0.0035,0.9950871621754362,0.004148203180948217,0.9999794346259219,0.0035,0.9964795066047312
9605514,K00945.01,2,CANDIDATE,1.0,25.8474958,19.885572,2.4,0.75,-0.25,0.021322,0.000907,-0.00036,1.153,0.099,-0.09,6297,2.6905477372577398,0.25781498116696167,-0.2148735747003724,906,9605514,25.847,0.0032,0.9950871621723559,0.04374863280624331,0.9997741273114436,0.0032,0.996574850104047
9605514,K00945.02,1,CANDIDATE,0.999,40.715561,21.326845,2.7,0.84,-0.28,0.023993,0.000768,-0.000521,1.153,0.099,-0.09,6297,3.027591776569972,0.2774345838463174,-0.2452995846187353,940,9605514,40.716,0.12,0.9950871621752383,0.04494832029790029,0.9997676418559286,0.12,0.8797955248332172
8559644,K00139.02,2,CANDIDATE,1.0,3.341799486,35.878597,1.67,0.29,-0.26,0.01238,0.00202,-0.000237,1.123,0.049,-0.046,5873,1.521541690473194,0.2569879991596293,-0.06879566222459887,243,8559644,3.342,1.0,0.9950871621754362,0.004013462077263316,0.9999801053180752,1.0,0.0
3240158,K01106.03,3,CANDIDATE,0.949,13.2298203,7.897725599999999,1.5,0.24,-0.14,0.011692,0.002655,-0.001323,1.103,0.059,-0.056,6047,1.4113924007676817,0.3292685180278206,-0.1750442436599422,1686,3240158,13.23,0.098,0.9797976433031353,0.15491659633154184,0.9962202417986473,0.098,0.8985906581023799
7458762,K00887.01,1,CANDIDATE,1.0,7.41113177,42.620125,2.45,0.77,-0.25,0.0244379999999999,0.000303,-0.001726,1.104,0.09,-0.082,5849,2.952692286433414,0.24347669079544598,-0.30263443824224817,1284,7458762,7.411,0.00089,0.9950871621754362,0.0017612472618705488,0.9999912892166966,0.00089,0.9991012969692937
7663691,K00891.01,1,CANDIDATE,1.0,10.00653012,59.281075,3.52,1.11,-0.38,0.032174,0.000566,-0.003631,1.137,0.097,-0.088,6063,4.003584302888245,0.3487406613836924,-0.547869942579436,631,7663691,10.007,7.2e-08,0.9950871621754362,0.00020540045158901448,0.9999989857105407,7.2e-08,0.9999989137106138
6541920,K00157.05,4,CANDIDATE,0.997,118.3786735,57.47981600000001,3.4,0.22,-0.22,0.029761,0.000512,-0.000212,1.098,0.048,-0.045,5657,3.576294836175434,0.16801139921489391,-0.14876694755090664,363,6541920,118.379,0.00034,0.9950871621754362,0.001270031300077879,0.9999937217638509,0.00034,0.9996537238984512
8742590,K01281.01,1,CANDIDATE,0.989,49.4781446,17.370657,1.88,0.52,-0.17,0.020297,0.001022,-0.000583,0.834,0.063,-0.057,5776,1.852598712968789,0.16818471660637413,-0.13734393012926213,1940,8742590,49.478,0.067,0.9950871618774549,0.08249401430056508,0.9995561002886617,0.067,0.9325858415693214
5272878,K00826.01,1,CANDIDATE,1.0,6.365839713,58.17086,2.44,0.6,-0.21,0.026275,0.003895,-0.000741,0.943,0.076,-0.069,5776,2.7116764728322424,0.45754587654497375,-0.2126426869790724,936,5272878,6.366,0.00017,0.9950871621754362,0.00022530939554130718,0.9999988873758844,0.00017,0.9998288875650305
9823457,K00954.01,1,CANDIDATE,1.0,8.11528727,49.552048,3.1,0.9,-0.3,0.031988,0.0006519999999999,-0.005034,0.919,0.046,-0.044,5926,3.2172592216838662,0.17387778029722925,-0.5292182019656261,1706,9823457,8.115,0.0081,0.9950871621754362,0.0007166943223851058,0.999996459075745,0.0081,0.9918964877572315
9823457,K00954.02,2,CANDIDATE,1.0,36.9250409,30.908642,3.01,0.88,-0.29,0.031099,7.900000000000001e-05,-0.003502,0.919,0.046,-0.044,5926,3.1278462090517247,0.15676397778392678,-0.3827352101967176,1707,9823457,36.925,0.00032,0.9950871621754362,0.012495411267856617,0.9999375283844482,0.00032,0.9996175483753651
6131236,K01051.01,1,CANDIDATE,1.0,6.79685353,27.037577,2.01,0.62,-0.2,0.019,0.004477,-0.000843,1.109,0.096,-0.087,6061,2.306049380191291,0.5788856835001004,-0.20783647587770104,1424,6131236,6.797,0.0066,0.9950871621754362,0.013355481496534717,0.9999331702021763,0.0066,0.9933336112788419
5956342,K01052.01,1,CANDIDATE,1.0,17.02902786,24.106216,2.54,0.38,-0.41,0.0218389999999999,0.000718,-0.000538,0.973,0.059,-0.055,5839,2.3255680071576785,0.16040967197732628,-0.1433969989252475,1425,5956342,17.029,5.7e-05,0.9950871621754349,0.022583167519350796,0.9998859287115737,5.7e-05,0.9998289352136371
5956342,K01052.02,2,CANDIDATE,0.945,6.84619236,16.315655,1.67,0.25,-0.27,0.014341,0.000666,-0.000565,0.973,0.059,-0.055,5839,1.527129025626101,0.11663877015503525,-0.10522104765714663,1426,5956342,6.846,4.4e-05,0.9950871596234611,0.052454671652811646,0.9997266898820973,4.4e-05,0.9996827019077424
5956342,K01052.03,3,CANDIDATE,0.765,67.83216379999999,12.3348,2.39,0.35,-0.38,0.02055,0.001091,-0.0006349999999999,0.973,0.059,-0.055,5839,2.188306357758621,0.1763647484259472,-0.14097240732013266,1427,5956342,67.832,0.00062,0.9950839622725566,0.18532200599042567,0.9988761806966008,0.00062,0.9982568774645689
5956342,K01052.04,4,CANDIDATE,0.815,43.13121470000001,8.868775,2.39,0.35,-0.39,0.020505,0.005549,-0.001363,0.973,0.059,-0.055,5839,2.1835144460263023,0.6055480008775003,-0.19052567731641723,1428,5956342,43.131,0.026,0.9928515479644839,0.19983720606674474,0.998201850958732,0.026,0.972248602833805
2849805,K01116.01,1,CANDIDATE,1.0,3.749105745,32.216377,1.68,0.26,-0.13,0.015686,0.000628,-0.003078,1.056,0.045,-0.043,5751,1.81284045607853,0.10599737719815401,-0.3633047649736157,1721,2849805,3.749,0.00031,0.9950871621754362,0.006514907984257029,0.999967624369391,0.00031,0.9996576344058364
3962243,K01203.01,1,CANDIDATE,0.999,31.8841473,21.641197,3.7,0.6,-0.2,0.03477,1.3e-05,-0.007395,0.914,0.058,-0.053,5778,3.4780381553611877,0.22071084728178686,-0.7667215293479199,1480,3962243,31.884,0.017,0.9950871621753216,0.03817274484218686,0.9998040579647962,0.017,0.9828073889793947
3962243,K01203.02,2,CANDIDATE,0.985,14.12847677,18.86908,2.73,0.44,-0.15,0.0256579999999999,0.002889,-0.00293,0.914,0.058,-0.053,5778,2.566566091177941,0.33172105532196244,-0.3287092780312123,1481,3962243,14.128,0.0002,0.9950871621539825,0.04218609698524841,0.9997825499475816,0.0002,0.9995825934375921
10790387,K01288.01,1,CANDIDATE,1.0,117.93110803,200.66483,10.36,3.5,-1.17,0.088538,0.000473,-0.001248,1.225,0.073,-0.068,6392,11.86995989884848,0.7101894904863446,-0.6798150906764895,1946,10790387,117.931,0.0039,0.9950871621754362,8.584462746389851e-12,0.9999999999999576,0.0039,0.9960999999999577
6541920,K00157.06,6,CANDIDATE,1.0,10.30401132,40.980724,1.84,0.12,-0.12,0.016083,0.000396,-0.000175,1.098,0.048,-0.045,5657,1.9326484274792348,0.0969668008708836,-0.08195097878814989,364,6541920,10.304,0.0012,0.9950871621754362,0.002277720581750315,0.9999887290095805,0.0012,0.998788742534769
10797460,K00752.01,1,CANDIDATE,1.0,9.48803557,28.47082,2.26,0.26,-0.15,0.022344,0.000832,-0.000528,0.949,0.053,-0.05,5465,2.3206550527309338,0.15577014008678497,-0.13400300714597996,1269,10797460,9.488,0.00068,0.9950871621754362,0.01152985755449915,0.9999424120404489,0.00068,0.9992624512002614
10797460,K00752.02,2,CANDIDATE,0.969,54.4183827,20.109507,2.83,0.32,-0.19,0.027954,0.009078,-0.001347,0.949,0.053,-0.05,5465,2.903311463660961,0.9566847943322199,-0.20729408352518328,1270,10797460,54.418,0.0058,0.9950871621736435,0.06320644777926243,0.9996668891370634,0.0058,0.9938688211800684
7849854,K00897.01,1,CANDIDATE,1.0,2.052349884,943.8128,13.12,2.01,-1.18,0.11123,0.000372,-0.000762,1.142,0.067,-0.062,5855,13.901814743581673,0.8169296985216289,-0.7607244945894965,640,7849854,2.052,0.0013,0.9950871621754362,6.3839068392113225e-55,1.0,0.0013,0.9987
11449844,K00125.01,1,CANDIDATE,0.92,38.47876629,1014.9963,13.26,1.78,-0.59,0.138123,9.7e-05,-7e-05,0.814,0.035,-0.033,5510,12.30478027866222,0.5291458830323017,-0.49888142010419995,192,11449844,38.479,0.00094,0.9950871621754362,9.464029189783346e-59,1.0,0.00094,0.99906
3962243,K01203.03,3,CANDIDATE,0.829,48.64785429999999,10.06212,4.14,0.67,-0.23,0.038915,69.74292,-0.650998,0.914,0.058,-0.053,5778,3.892661915901082,6976.374373838318,-65.11962857358013,1482,3962243,48.648,0.97,0.994849296289032,0.18800038016054335,0.9988012953978196,0.97,0.029964038861934616
10879038,K01641.01,1,CANDIDATE,0.986,4.8538404,13.1556225,1.72,0.25,-0.1,0.016263,0.000166,-0.003677,0.916,0.053,-0.049,5774,1.6303452830984144,0.09578881727780189,-0.37879125027708593,2321,10879038,4.854,0.0014,0.9950862460324332,0.0752728494318245,0.9995980450035756,0.0014,0.9981986077405707
10990917,K01643.01,1,CANDIDATE,0.996,11.04605365,22.176304,1.8,0.61,-0.2,0.016086,0.000687,-0.0003799999999999,1.095,0.092,-0.083,6093,1.9277274837968787,0.1816880584078274,-0.15305171594120964,2323,10990917,11.046,0.00036,0.9950871621753898,0.026549089790855344,0.9998653498363707,0.00036,0.9995053983104295
7870032,K01818.01,1,CANDIDATE,1.0,16.87725775,48.815918,2.54,0.29,-0.15,0.026718,0.004895,-0.00086,0.854,0.038,-0.036,5497,2.4971536874528057,0.4708030538137576,-0.13244516360846123,2419,7870032,16.877,3.4e-06,0.9950871621754362,0.0008973185789735528,0.9999955658759375,3.4e-06,0.9999921658910136
9597058,K01819.01,1,CANDIDATE,1.0,12.05705659,43.550297,1.96,0.19,-0.11,0.021488,0.000167,-0.001493,0.811,0.034,-0.032,5365,1.9072178608104708,0.08131963436266076,-0.15239196470658492,2420,9597058,12.057,0.0057,0.9950871621754362,0.001668534688620326,0.999991748521254,0.0057,0.9942917955546828
8277797,K01820.01,1,CANDIDATE,1.0,4.33722007,50.629402,1.63,0.15,-0.11,0.017003,0.000553,-0.000265,0.812,0.034,-0.032,5390,1.5110020018248178,0.08011228083864634,-0.06403451311091715,2421,8277797,4.337,6e-06,0.9950871621754362,0.0005887304085848842,0.9999970916710218,6e-06,0.9999910916884718
8277797,K01820.02,2,CANDIDATE,0.973,1.653889476,23.63809,0.97,0.09,-0.07,0.010095,0.000543,-0.000289,0.812,0.034,-0.032,5390,0.8971102281021898,0.061151831656785435,-0.04369786174720655,2422,8277797,1.654,0.00042,0.9950871621754331,0.019241993621829368,0.9999031366446566,0.00042,0.9994831773272659
11074178,K01889.01,1,CANDIDATE,1.0,14.30517579,29.050053,3.05,0.85,-0.28,0.033025,0.000654,-0.005796,0.814,0.043,-0.04,5741,2.9420543189969792,0.16597736910758223,-0.536198501171658,2117,11074178,14.305,0.00013,0.9950871621754362,0.01146656869626946,0.9999427318148163,0.00013,0.9998127392596804
11074178,K01889.02,2,CANDIDATE,0.976,9.18189122,13.234464,2.17,0.61,-0.2,0.023538,0.002445,-0.006357,0.814,0.043,-0.04,5741,2.096898548389126,0.2443626335286302,-0.5756155270175198,2118,11074178,9.182,0.0061,0.995086385758795,0.07904147195048991,0.9995762055949501,0.0061,0.9934787907408209
9030537,K01892.01,1,CANDIDATE,1.0,62.56138789999999,28.120026,3.54,0.93,-0.31,0.038618,0.0004059999999999,-0.0047,0.821,0.068,-0.061,5662,3.4698954622766167,0.2897029180518348,-0.49477983265353553,2122,9030537,62.561,0.029,0.9950871621754362,0.025869737512895338,0.9998688868379189,0.029,0.9708726891196192
6949061,K01960.02,2,CANDIDATE,0.992,23.2218115,13.971096,2.42,0.39,-0.44,0.016108,0.00059,-0.003029,1.233,0.059,-0.056,5808,2.173642681034483,0.13098409804277858,-0.4204918025132969,2519,6949061,23.222,0.0053,0.9950869765166376,0.08731893783351956,0.9995276355528045,0.0053,0.9942301390843747
8950568,K02038.01,1,CANDIDATE,1.0,8.30537702,21.758528,1.69,0.18,-0.13,0.017763,0.036224,-0.001801,0.868,0.04,-0.038,5435,1.687405641014347,3.4419966489307803,-0.18635424963964214,2359,8950568,8.305,1.0,0.995087162175334,0.026932999777113855,0.9998633488509969,1.0,0.0
8950568,K02038.02,2,CANDIDATE,1.0,12.51353325,19.935074,1.88,0.19,-0.15,0.019678,0.004392,-0.000897,0.868,0.04,-0.038,5435,1.8693220854517993,0.4260206697397234,-0.1181446385927455,2360,8950568,12.514,1.0,0.9950871621724582,0.03605016664954829,0.9998153606982636,1.0,0.0
8950568,K02038.03,4,CANDIDATE,0.889,17.9134215,8.255046,1.39,0.15,-0.1,0.014619,0.003915,-0.002089,0.868,0.04,-0.038,5435,1.3887396873269569,0.3773736074359452,-0.20754999809507618,2262,8950568,17.913,0.00015,0.9873186687500116,0.15776147262079598,0.9975941234141867,0.00015,0.9974444842956747
8612275,K02111.01,1,CANDIDATE,1.0,3.289726319,19.873373,1.37,0.16,-0.08,0.013779,0.000598,-0.000342,0.918,0.043,-0.041,5468,1.3843434079096402,0.08839855127511044,-0.07073402967587461,3321,8612275,3.29,1.8e-06,0.9950871621719589,0.03189230876830918,0.9998373576672435,1.8e-06,0.9998355579599996
8612275,K02111.02,2,CANDIDATE,1.0,7.18644594,18.709436,2.19,0.27,-0.13,0.02206,6e-06,-0.003742,0.918,0.043,-0.041,5468,2.2163158123584195,0.10381610732712121,-0.3887627522454274,3355,8612275,7.186,0.11,0.9950871621456804,0.039046865827543,0.999799388751888,0.11,0.8898214559891804
5706595,K02183.02,2,CANDIDATE,1.0,4.57948235,17.950302,1.35,0.18,-0.1,0.012971,0.000601,-0.000478,1.058,0.06,-0.056,5570,1.501905413509942,0.10998792469167237,-0.0968655567064571,3023,5706595,4.579,0.0002,0.9950871620520069,0.04142166118696534,0.9997866605275884,0.0002,0.9995867031954828
12256520,K02264.01,1,CANDIDATE,0.999,33.2407985,17.635292,1.51,0.16,-0.05,0.01668,0.00067,-0.000661,0.855,0.038,-0.036,5391,1.5607941070979108,0.09350141692411275,-0.09024650190955645,2763,12256520,33.241,0.0047,0.9950871619798451,0.0640991273924246,0.9996618623054875,0.0047,0.9949634515526516
12256520,K02264.02,2,CANDIDATE,0.983,7.25101997,9.212867,0.91,0.1,-0.03,0.010066,0.000593,-0.0006219999999999,0.855,0.038,-0.036,5391,0.941903685974075,0.06950864069406461,-0.07042974616728875,2764,12256520,7.251,0.0026,0.9937065826428247,0.1238751908379047,0.9991045388985154,0.0026,0.9965068670973791
5514383,K00257.01,1,CANDIDATE,1.0,6.88341278,165.79648,2.63,0.07,-0.09,0.020209,0.000615,-0.000411,1.198,0.05,-0.048,6139,2.6496291777938583,0.13686093672976926,-0.11905534651846388,208,5514383,6.883,0.029,0.9950871621754362,1.6473874263545178e-10,0.9999999999991867,0.029,0.9709999999992102
1996180,K02534.01,1,CANDIDATE,0.999,3.02558494,20.523762,1.62,0.29,-0.25,0.011717,0.001295,-0.001317,1.171,0.056,-0.053,6123,1.5016087166341556,0.1808322912254327,-0.18195164426708446,3260,1996180,3.026,0.0026,0.9950871621743971,0.02924873377186016,0.9998512453985944,0.0026,0.997251632160558
1996180,K02534.02,2,CANDIDATE,0.922,5.42204257,8.699086,1.39,0.26,-0.21,0.010112,0.000749,-0.002153,1.171,0.056,-0.053,6123,1.295917670274352,0.11425706603629011,-0.2820860485174953,3261,1996180,5.422,0.00095,0.9914783222953608,0.12835281584222508,0.9987343706110781,0.00095,0.9977855729589975
8082001,K01570.01,1,CANDIDATE,1.0,6.33855946,47.97676,3.31,1.09,-0.37,0.029391,0.000526,-0.003988,1.015,0.084,-0.076,6108,3.2648547194343065,0.27644045352640023,-0.5059758056513587,2661,8082001,6.339,0.0011,0.9950871621754362,0.0008586911418188204,0.9999957569185111,0.0011,0.9988957615859007
5031857,K01573.01,1,CANDIDATE,1.0,24.81097206,91.72884,4.22,1.32,-0.44,0.041991,0.000673,-0.0003399999999999,1.175,0.093,-0.084,6086,5.399798321875786,0.4360626064665683,-0.3884962503010825,2664,5031857,24.811,0.023,0.9950871621754362,3.5963337182941456e-06,0.9999999822445023,0.023,0.9769999826528787
5031857,K01573.02,2,CANDIDATE,1.0,7.136922,13.640516,1.38,0.43,-0.15,0.0136759999999999,0.000537,-0.000309,1.175,0.093,-0.084,6086,1.7586540413415428,0.15538345344519994,-0.13185487295620044,2665,5031857,7.137,0.017,0.9950867939249557,0.07319494393650121,0.9996100609712261,0.017,0.9826166899347152
8197343,K01746.01,1,CANDIDATE,0.998,11.79161234,16.844379999999997,2.41,0.38,-0.42,0.018403,0.00085,-0.000552,1.18,0.061,-0.057,5620,2.376589035049081,0.16475277024101612,-0.13513344199325983,2064,8197343,11.792,0.0011,0.9950871612408592,0.05260101551874423,0.9997258851261281,0.0011,0.9986261866524894
7032421,K01747.01,1,CANDIDATE,1.0,20.55848388,17.007568,36.9,4.89,-2.09,0.361005,70.52246,-3.734483,0.998,0.047,-0.045,5571,39.430039665083065,7702.673026364885,-407.89521368602516,2065,7032421,20.558,1.0,0.9950871615113516,0.05818521139129883,0.9996949869123669,1.0,0.0
5124667,K01822.01,1,CANDIDATE,1.0,150.8783198,51.390972,4.37,0.65,-1.53,0.02302,0.0006519999999999,-0.000268,1.053,0.046,-0.043,5501,2.652877193241882,0.13811678226022384,-0.11264868616603756,2424,5124667,150.878,0.00048,0.9950871621754362,0.0045321893503558735,0.9999775222866044,0.00048,0.9994975330759068
2989404,K01824.01,1,CANDIDATE,1.0,3.553831111,54.74985,1.62,0.27,-0.18,0.013709,8.4e-05,-0.000925,1.101,0.049,-0.046,6015,1.651872605918072,0.07421007449719215,-0.1310957913145356,2460,2989404,3.554,2.3e-07,0.9950871621754362,0.0003388445361590607,0.9999983265259779,2.3e-07,0.9999980965263627
2989404,K01824.02,2,CANDIDATE,1.0,1.6783263,53.33878000000001,1.57,0.26,-0.18,0.01326,0.00063,-0.001923,1.101,0.049,-0.046,6015,1.5977701330858292,0.10401495113249058,-0.24113705807025754,2461,2989404,1.678,8.4e-06,0.9950871621754362,0.0003967756406721597,0.9999980403042176,8.4e-06,0.999989640320679
5375194,K01825.01,1,CANDIDATE,1.0,13.52252364,44.9959,2.11,0.2,-0.1,0.02369,0.0010019999999999,-0.000898,0.809,0.035,-0.033,5338,2.097476182513214,0.12690496052338104,-0.11679761117635078,2462,5375194,13.523,0.00027,0.9950871621754362,0.0014102708900212316,0.9999930275284412,0.00027,0.9997230294110085
5695524,K01897.01,1,CANDIDATE,0.938,59.7711433,29.686596,3.17,1.09,-0.43,0.025906,0.000407,-0.003575,1.171,0.053,-0.05,6214,3.3200200915869615,0.15906097228467844,-0.4795891434495509,2163,5695524,59.771,0.018,0.9950871621754362,0.020332330267402336,0.9998975340232635,0.018,0.9818993784108447
7948784,K01968.01,1,CANDIDATE,1.0,10.08744556,32.66846,3.15,0.9,-0.38,0.026351,1.1e-05,-0.00392,1.0,0.085,-0.077,6310,2.883902387993959,0.24513465908672558,-0.4830757959319636,2560,7948784,10.087,0.029,0.9950871621754362,0.0067346613385823335,0.9999665249074952,0.029,0.9709674956851778
9244756,K01969.01,1,CANDIDATE,1.0,16.34355902,27.110012,3.26,0.5,-0.29,0.02826,0.004091,-0.00215,0.955,0.051,-0.048,5727,2.9536496838031714,0.4557453446661035,-0.26932201487472374,2561,9244756,16.344,0.022,0.9950871621754362,0.015184478835005783,0.9999238769272307,0.022,0.9779255516348316
9650808,K01970.01,1,CANDIDATE,1.0,21.96401646,23.871181,2.57,0.72,-0.31,0.0246,0.0002279999999999,-0.0012029999999999,0.88,0.05,-0.047,5774,2.369197331990939,0.13639267663967536,-0.17156619870168147,2562,9650808,21.964,0.0014,0.9950871621754342,0.024973873665276373,0.9998735435568681,0.0014,0.9984737205958885
9650808,K01970.02,2,CANDIDATE,0.899,125.602323,19.515469,2.89,0.81,-0.35,0.0276459999999999,0.001152,-0.0007559999999999,0.88,0.05,-0.047,5774,2.6625540422854166,0.18760462527486146,-0.15976033894978045,2563,9650808,125.602,0.00073,0.995087162171473,0.17108551555719834,0.9989809985092211,0.00073,0.9982517423803093
8950568,K02038.04,3,CANDIDATE,0.998,25.2149143,8.677660000000001,1.19,0.13,-0.09,0.012512,0.001397,-0.000592,0.868,0.04,-0.038,5435,1.1885841006795874,0.14356791649256648,-0.07661761714643427,2263,8950568,25.215,0.0072,0.9916422990565936,0.164688946486495,0.9983383176514986,0.0072,0.9911502817644078
8164012,K02116.01,1,CANDIDATE,1.0,1.2527538809999998,25.040089,2.44,0.37,-0.56,0.0131069999999999,0.000152,-0.000478,1.119,0.054,-0.051,5911,1.6051545035395045,0.07966582644090861,-0.09369485559440306,3361,8164012,1.253,4.4e-07,0.995087162175436,0.01596588670500538,0.9999198960017623,4.4e-07,0.9999194560370082
9717943,K02273.01,1,CANDIDATE,0.999,6.11010439,14.305465,0.93,0.15,-0.05,0.007118,0.0003799999999999,-0.000455,1.215,0.052,-0.049,6213,0.9464936774792349,0.06476217166679213,-0.07153717596054436,2805,9717943,6.11,1.0,0.9950870547185005,0.06655319550112639,0.999647985794272,1.0,0.0
11566256,K02361.01,1,CANDIDATE,1.0,5.78387049,16.521729,2.07,0.62,-0.21,0.018724,0.000769,-0.000661,0.917,0.073,-0.066,6063,1.8791066252831614,0.16832546743712326,-0.15063923934557513,3164,11566256,5.784,0.0016,0.9950871604275411,0.05037790759988427,0.9997380847560841,0.0016,0.9981385038204743
12208631,K02449.01,1,CANDIDATE,1.0,53.3580444,16.338236,3.41,0.45,-0.41,0.030108,0.00032,-0.005825,0.807,0.041,-0.039,5481,2.6591258855398943,0.13802264472671674,-0.5302687766621831,2905,12208631,53.358,0.0014,0.9950871601784842,0.09825253896112629,0.9994620643387738,0.0014,0.9980628174486996
12208631,K02449.02,2,CANDIDATE,1.0,0.912351255,7.7193766,1.46,0.19,-0.18,0.012879,0.002496,-0.003356,0.807,0.041,-0.039,5481,1.137467858372137,0.22789455321594584,-0.30145484533745687,2906,12208631,0.912,0.13,0.9727700101768515,0.13551399849219423,0.9956120315073923,0.13,0.8661824674114313
8676148,K02544.01,1,CANDIDATE,1.0,28.6253502,14.582435999999998,2.38,0.71,-0.22,0.023158,0.001132,-0.000888,0.719,0.065,-0.059,5774,1.822272812012333,0.18727941897408346,-0.16505349944840855,3304,8676148,28.625,0.00033,0.9950871039806369,0.08722325346633818,0.9995282149347064,0.00033,0.9991983706237779
4650674,K01341.01,1,CANDIDATE,1.0,4.51436096,24.762657,1.84,0.31,-0.24,0.013852,0.000469,-0.000377,1.11,0.06,-0.056,5940,1.682747357790083,0.10732973640118405,-0.09646082941503634,1580,4650674,4.514,2.5e-05,0.9950871621754358,0.01734348238714449,0.9999128623447882,2.5e-05,0.9998878645232295
4275721,K01342.01,1,CANDIDATE,0.808,3.77359871,21.186813,1.29,0.33,-0.19,0.012228,0.000417,-0.000302,1.058,0.081,-0.073,6224,1.4158738259501635,0.11866606277883512,-0.10376241239449491,1581,4275721,3.774,3.1e-05,0.9950871621751344,0.02716341125901494,0.9998621471600673,3.1e-05,0.9998311514335053
4275721,K01342.02,2,CANDIDATE,1.0,8.18182189,21.606169,1.77,0.45,-0.26,0.016756,0.002523,-0.000823,1.058,0.081,-0.073,6224,1.9401686152781275,0.32773101238619523,-0.1643220047148087,1582,4275721,8.182,0.00054,0.9950871621753004,0.027414016324248437,0.9998608395048671,0.00054,0.9993209146515345
11177707,K01423.01,1,CANDIDATE,1.0,124.4197175,40.269047,10.3,1.77,-5.3,0.056842,0.002006,-0.000971,0.813,0.048,-0.045,5032,5.0575868758180205,0.3478808223692611,-0.2929689214696949,1913,11177707,124.42,0.036,0.9950871621754362,0.013143768808819598,0.9999342437059989,0.036,0.963936610932583
11254382,K01425.01,1,CANDIDATE,1.0,2.05388477,40.152252,2.74,0.42,-0.46,0.021331,0.000554,-0.000556,0.983,0.063,-0.058,5626,2.294817690677699,0.1586910874334219,-0.14802486042331756,1915,11254382,2.054,0.00057,0.9950871621754362,0.0022507369499082212,0.9999888628356188,0.00057,0.9994188691838025
11122894,K01426.01,3,CANDIDATE,1.0,38.86848956,55.260147,2.81,0.31,-0.25,0.0287259999999999,0.000605,-0.000261,0.888,0.04,-0.038,5618,2.7917181980870778,0.1388195542659762,-0.12212852052292948,1949,11122894,38.868,9.1e-05,0.9950871621754362,0.0005312573053106339,0.9999973757391394,9.1e-05,0.9999063759779472
11122894,K01426.02,1,CANDIDATE,0.907,74.92768653,135.41301,6.39,0.7,-0.58,0.06521,0.000667,-0.001362,0.888,0.04,-0.038,5618,6.3373927347092875,0.2927352865882293,-0.30177327002792714,1950,11122894,74.928,0.31,0.9950871621754362,2.4129452951261052e-08,0.9999999998808706,0.31,0.6899999999178007
12254792,K01506.01,1,CANDIDATE,1.0,40.4286676,31.592804,2.92,0.79,-0.26,0.032104,0.001088,-0.004091,0.92,0.072,-0.065,5813,3.2324396828593,0.2756739744698831,-0.4709835843169794,1601,12254792,40.429,0.00047,0.9950871621754362,0.012028305276771107,0.9999398921430247,0.00047,0.9994699203937175
5299459,K01576.01,1,CANDIDATE,1.0,10.41572666,57.242867,3.01,0.39,-0.26,0.0278899999999999,0.002401,-0.001684,0.931,0.04,-0.038,5511,2.841722401680081,0.2734134486481835,-0.2071092185933201,2671,5299459,10.416,0.00054,0.9950871621754362,0.00027004822813854067,0.9999986663866537,0.00054,0.9994586671068049
5299459,K01576.02,2,CANDIDATE,1.0,13.08424286,43.509666,2.71,0.35,-0.23,0.025138,0.002505,-0.001795,0.931,0.04,-0.038,5511,2.5613201051787065,0.2779482213506538,-0.21066396921969693,2005,5299459,13.084,0.0056,0.9950871621754362,0.0017028162433061786,0.9999915786979804,0.0056,0.9943916258572717
10904857,K00194.01,1,CANDIDATE,0.802,3.120828136,1089.1381,14.16,4.43,-1.48,0.130153,0.001033,-0.004862,1.059,0.086,-0.078,6122,15.084593063160709,1.2308366042476602,-1.2457757685016895,500,10904857,3.121,0.0059,0.9950871621754362,3.326391837610481e-63,1.0,0.0059,0.9941
11547505,K01655.01,1,CANDIDATE,1.0,0.938466959,41.280567,1.58,0.24,-0.24,0.013337,0.000445,-0.000221,0.918,0.04,-0.037,5505,1.3399367175622956,0.07353656741793521,-0.05839224508989065,2370,11547505,0.938,0.00011,0.9950871621754362,0.001909945190153589,0.9999905523786056,0.00011,0.9998805534178439
6209677,K01750.01,1,CANDIDATE,0.999,7.76845639,20.465412,1.35,0.15,-0.1,0.0134569999999999,0.000459,-0.000586,0.945,0.045,-0.043,5447,1.3917573276648523,0.08152150299410729,-0.08765590424746714,2068,6209677,7.768,0.0012,0.9950871621743018,0.03151779580433819,0.9998393297396762,0.0012,0.9986395225439886
6209677,K01750.02,2,CANDIDATE,0.999,2.53742164,10.3343725,0.93,0.1,-0.06,0.009301,0.000567,-0.000516,0.945,0.045,-0.043,5447,0.9619331875314623,0.07441061522209504,-0.06902022287697797,2069,6209677,2.537,0.093,0.994911746831902,0.10227819551079112,0.9994173262723021,0.093,0.906471514928978
6468138,K01826.01,1,CANDIDATE,0.987,134.2520474,52.910034,3.43,0.54,-0.53,0.026201,0.000658,-0.000263,1.102,0.048,-0.045,5818,3.1599696925182483,0.1588782077025933,-0.13287820034912193,2463,6468138,134.252,0.0019,0.9950871621754362,0.00291524314469509,0.9999855650923233,0.0019,0.9980855925186478
3937519,K00221.01,1,CANDIDATE,1.0,3.4130363530000003,455.0805,6.62,1.37,-1.12,0.055812,0.000216,-8.9e-05,0.867,0.039,-0.037,5398,5.295782482192298,0.23909863542479895,-0.2261599727383384,612,3937519,3.413,2.2e-05,0.9950871621754362,4.930353523376819e-27,1.0,2.2e-05,0.999978
9656252,K02044.01,1,CANDIDATE,1.0,16.92342126,32.034893,3.4,0.5,-0.22,0.031414,0.006162,-0.000936,1.012,0.073,-0.067,5794,3.479262590863327,0.7271574695488305,-0.2525990742246816,2270,9656252,16.923,2.9e-05,0.9950871621754362,0.008078259449829747,0.9999597920720543,2.9e-05,0.9999307932380843
11457726,K02047.01,1,CANDIDATE,1.0,6.22161107,24.55109,1.59,0.27,-0.09,0.0132639999999999,0.0001159999999999,-0.001535,1.215,0.055,-0.052,6277,1.7637387100427755,0.08131636908014142,-0.21762267668359456,2173,11457726,6.222,9.2e-07,0.9950871621754356,0.018266041828470865,0.9999081409522436,9.2e-07,0.9999072210367539
4262581,K02122.01,1,CANDIDATE,1.0,37.6468519,24.910862,5.37,0.81,-1.9,0.018542,0.000744,-0.000522,0.939,0.043,-0.041,5443,1.9054853962056377,0.11601668901430326,-0.09899452224903715,2706,4262581,37.647,0.0011,0.995087162175436,0.027340446402910435,0.9998612234619977,0.0011,0.9987613761161895
8591693,K02123.01,1,CANDIDATE,1.0,29.4557841,22.977419,2.19,0.68,-0.22,0.021147,0.000791,-0.000582,1.029,0.079,-0.072,6036,2.3814836032437703,0.20338068023375666,-0.17906095650697018,2707,8591693,29.456,0.0069,0.9950871621754265,0.031138811132712028,0.9998413238067094,0.0069,0.9929424186724432
3661886,K02279.01,1,CANDIDATE,1.0,27.0142622,18.630243,2.0,0.31,-0.28,0.015459,0.00058,-0.000433,1.194,0.054,-0.051,5949,2.02008284076894,0.11870540415452603,-0.1031822464107632,2812,3661886,27.014,0.00075,0.9950871621438224,0.05201923121824511,0.9997290833417362,0.00075,0.9989792865292298
7289317,K02450.01,1,CANDIDATE,0.968,16.83203175,18.114197,1.86,0.25,-0.18,0.016896,0.005297,-0.00061,0.828,0.039,-0.037,5519,1.531079329473949,0.48538995430056686,-0.08795754527614076,2907,7289317,16.832,0.00013,0.9950871620891701,0.04815736810308719,0.9997502135338979,0.00013,0.9996202460061385
7289317,K02450.02,2,CANDIDATE,0.982,7.1931193,9.669552,1.12,0.15,-0.11,0.010194,0.000638,-0.000657,0.828,0.039,-0.037,5519,0.923758444877926,0.07235767079491959,-0.07244645028395735,2908,7289317,7.193,0.00081,0.9944958677758713,0.11743445562730044,0.9992635649574109,0.00081,0.9984541614697954
4484336,K02547.01,1,CANDIDATE,0.922,8.94337724,15.455015,1.48,0.4,-0.26,0.013531,0.00055,-0.000573,1.19,0.056,-0.054,6074,1.7622207514787311,0.10958043787005294,-0.10937788053429376,3307,4484336,8.943,0.0028,0.9950871496512829,0.06006969152311416,0.9996844761698617,0.0028,0.996885359636586
11622985,K02550.01,1,CANDIDATE,1.0,18.0243482,14.808048,1.98,0.61,-0.2,0.019931,0.000266,-0.001448,0.914,0.08,-0.072,5955,1.9936950956141455,0.17651976743271533,-0.21364707225266205,3310,11622985,18.024,0.011,0.995087122102349,0.07360353219167433,0.99960773764573,0.011,0.9886120525316269
7303287,K01353.01,1,CANDIDATE,1.0,125.86540191,167.6314,12.37,1.94,-1.57,0.101632,0.000117,-0.000187,1.01,0.045,-0.043,5933,11.234022813994462,0.5006928212473117,-0.47872663436486323,1625,7303287,125.865,0.16,0.9950871621754362,7.387612372865994e-10,0.9999999999963527,0.16,0.8399999999969362
11122894,K01426.03,2,CANDIDATE,0.999,150.01895109999998,92.3644,32.6,3.6,-2.94,0.332851,66.94402,-0.154799,0.888,0.04,-0.038,5618,32.34791457047571,6505.912538272464,-15.107594293018709,1951,11122894,150.019,0.99,0.9950871621754362,2.068026164454531e-05,0.9999998978975143,0.99,0.009999998978975152
7901948,K01511.01,1,CANDIDATE,1.0,2.578852119,32.878040000000006,1.63,0.47,-0.14,0.017525,0.002717,-0.0008539999999999,0.861,0.069,-0.062,5743,1.6513709244431158,0.2882026736419124,-0.1435837201103128,1639,7901948,2.579,6.5e-05,0.9950871621754362,0.005875009630263259,0.9999708231168355,6.5e-05,0.9999058250133329
4650733,K01659.01,1,CANDIDATE,1.0,29.5390897,15.492322,2.51,0.79,-0.28,0.018587,0.000761,-0.000658,1.201,0.112,-0.1,6572,2.4430691630852,0.2488204085228201,-0.2210420309194733,2407,4650733,29.539,0.012,0.9950871514962523,0.0791446225716745,0.9995756714656917,0.012,0.9875807634081034
8651389,K01754.01,1,CANDIDATE,0.992,15.13590453,22.03249,2.57,0.74,-0.75,0.014946,0.000352,-0.000837,1.179,0.052,-0.049,6050,1.9285115252642837,0.09642436609415558,-0.1344916205853459,2107,8651389,15.136,0.0097,0.9950871621753766,0.028661326911825914,0.9998543210115185,0.0097,0.9901557340977067
11601584,K01831.01,1,CANDIDATE,1.0,51.8098276,46.575012,2.6,0.19,-0.16,0.028842,0.010862,-0.005247,0.843,0.036,-0.035,5191,2.6609480924679088,1.0085447155975025,-0.4965322161793766,2469,11601584,51.81,0.14,0.9950871621754362,0.002006120767728692,0.9999900756859049,0.14,0.8599914650898782
11601584,K01831.02,2,CANDIDATE,0.95,4.38536428,21.772156,1.15,0.09,-0.07,0.012779,0.000394,-0.000491,0.843,0.036,-0.035,5191,1.1789839703781777,0.06209885591553683,-0.06669401091850359,2470,11601584,4.385,1.5e-05,0.9950871621753349,0.02542548068681147,0.99987119716424,1.5e-05,0.9998561990962825
11601584,K01831.03,4,CANDIDATE,0.85,34.205785079,10.421222,1.1,0.09,-0.06,0.012235,0.0,0.0,0.843,0.036,-0.035,5191,1.1287948100459348,0.04820476057135665,-0.04686573944437453,2504,11601584,34.206,0.0015,0.9949571863262575,0.15175473428780775,0.9990932463074496,0.0015,0.9975946064379885
11601584,K01831.04,3,CANDIDATE,0.98,13.97945055,11.698665,1.97,0.15,-0.12,0.021836,0.000544,-0.004698,0.843,0.036,-0.035,5191,2.0145781342184748,0.09960132295700845,-0.44143169940598903,2505,11601584,13.979,0.14,0.9950739511303106,0.10120948088279275,0.9994425498030945,0.14,0.8595205928306613
11709244,K01832.01,1,CANDIDATE,1.0,4.544436472,45.03802,3.0,0.34,-0.25,0.029367,0.0032909999999999,-0.002376,0.823,0.039,-0.037,5446,2.645104741961364,0.3218349207224016,-0.2448278394115569,2506,11709244,4.544,0.0034,0.9950871621754362,0.001229999167923748,0.9999939199012489,0.0034,0.9965939405735846
11709244,K01832.02,2,CANDIDATE,0.974,12.76220558,19.995342,3.18,0.35,-0.27,0.03105,0.000725,-0.007999,0.823,0.039,-0.037,5446,2.796693643814498,0.14774330375703393,-0.7313637968827155,2507,11709244,12.762,0.13,0.9950871621727768,0.03590193975118824,0.9998161481477265,0.13,0.8698400488885221
11709244,K01832.03,3,CANDIDATE,0.999,38.7149617,18.331856,2.62,0.3,-0.21,0.025654,0.007245,-0.002014,0.823,0.039,-0.037,5446,2.310672423137427,0.6616846778228408,-0.20904128277171674,2508,11709244,38.715,0.015,0.9950871621231272,0.06342144669860844,0.9996656793171728,0.015,0.9846706941274151
9518318,K01978.01,1,CANDIDATE,1.0,6.51112385,31.28787,3.09,1.03,-0.34,0.028261,0.00072,-0.003896,0.889,0.046,-0.044,6032,2.7496204026082305,0.158585670214699,-0.40274587958125374,2608,9518318,6.511,0.011,0.9950871621754362,0.007654677103640229,0.9999619166316606,0.011,0.9889623355487123
9518318,K01978.02,2,CANDIDATE,1.0,23.85163321,23.321205,3.37,1.12,-0.37,0.030835,0.000664,-0.004272,0.889,0.046,-0.044,6032,3.0000546730273094,0.1681397502583846,-0.4413654433904732,2609,9518318,23.852,0.014,0.9950871621754309,0.027523603099930884,0.9998602674701658,0.014,0.9858622237255834
11769890,K01980.01,1,CANDIDATE,1.0,122.8799543,28.170069,2.7,0.28,-0.16,0.0287389999999999,0.0004849999999999,-0.004181,0.865,0.037,-0.035,5413,2.720640855383202,0.1251040381692485,-0.41082710663914135,2611,11769890,122.88,0.00028,0.9950871621754362,0.05993865394665931,0.9996852091538805,0.00028,0.9994052972953175
10153855,K01981.01,1,CANDIDATE,1.0,1.06378861,22.85753,1.61,0.41,-0.25,0.0147319999999999,0.0004769999999999,-0.000852,0.76,0.057,-0.051,5265,1.2253460583941522,0.10009935117697381,-0.10855076165707692,2612,10153855,1.064,0.0045,0.9950871621754226,0.021095598129035616,0.9998936045962762,0.0045,0.995394083375593
8956206,K02048.01,1,CANDIDATE,1.0,6.17998508,25.766874,2.12,0.14,-0.11,0.024584,0.001065,-0.000645,0.903,0.064,-0.059,5149,2.4295383190284423,0.2018117737886416,-0.17106056896522176,2174,8956206,6.18,2.2e-05,0.9950871621754362,0.015603408649312228,0.9999217434520837,2.2e-05,0.9998997451737278
9351920,K02129.01,1,CANDIDATE,1.0,8.79618433,22.175014,1.77,0.48,-0.17,0.015488,0.000601,-0.000365,0.835,0.065,-0.059,6142,1.4153546337780014,0.12310742489484287,-0.105422883349218,2713,9351920,8.796,0.0002,0.9950871621753892,0.025715647930568745,0.9998696884085916,0.0002,0.9996697144709099
10909127,K02200.01,1,CANDIDATE,1.0,3.17059731,16.098914999999998,1.69,0.18,-0.06,0.0183979999999999,0.00263,-0.002133,0.734,0.039,-0.037,5441,1.477917290523526,0.22539069496646244,-0.18684004609440974,3146,10909127,3.171,0.001,0.9950871582953505,0.05121058982102637,0.9997335218537211,0.001,0.9987337883318674
3661886,K02279.02,2,CANDIDATE,0.998,12.50945798,12.33673,1.54,0.24,-0.21,0.011945,2e-06,-0.001048,1.194,0.054,-0.051,5949,1.5608958880254216,0.07059376513995544,-0.15231303971041657,2813,3661886,12.509,0.0056,0.9950831016842924,0.09203554672883708,0.9994991373741744,0.0056,0.9939019422048789
11824786,K02371.01,1,CANDIDATE,0.996,12.94123564,18.872335,1.7,0.53,-0.17,0.0166289999999999,0.000725,-0.000425,1.149,0.095,-0.086,6119,2.0910750377076393,0.19545581975523652,-0.16538508476289082,3210,11824786,12.941,0.00052,0.9950871621540008,0.041472874486988956,0.9997863853487552,0.00052,0.9992664964283738
9364290,K02374.01,1,CANDIDATE,0.994,5.26211833,17.530895,1.95,0.31,-0.41,0.013665,0.002076,-0.0011099999999999,1.166,0.057,-0.054,5576,1.7437797984835137,0.2782939841842336,-0.16305074281017506,3246,9364290,5.262,0.00014,0.9950871619070636,0.044082602972984226,0.9997723235067257,0.00014,0.9996323553814348
9364290,K02374.02,2,CANDIDATE,0.998,12.1628195,13.138888,3.14,0.5,-0.66,0.02198,0.0007059999999999,-0.006353,1.166,0.057,-0.054,5576,2.8048503454568334,0.16406461803478467,-0.8210421752064762,3247,9364290,12.163,0.23,0.9950862467942317,0.08322440701039056,0.9995517293725432,0.23,0.7696548316168583
3102384,K00273.01,1,CANDIDATE,1.0,10.573751447,77.65751,2.07,0.05,-0.07,0.017524,1.7e-05,-0.001673,1.076,0.045,-0.043,5720,2.063616403976844,0.08632687517754235,-0.2135755339378844,297,3102384,10.574,0.042,0.9950871621754362,1.8536514864522273e-05,0.9999999084818065,0.042,0.9579999123255706
5350244,K02555.01,1,CANDIDATE,0.991,12.5722897,16.728004000000002,1.09,0.19,-0.13,0.008561,0.000516,-0.000449,1.12,0.049,-0.047,6084,1.0493635514724389,0.07815424943480317,-0.07048493184644107,3349,5350244,12.572,0.00012,0.9950871610190801,0.0539472185964306,0.9997184697286812,0.00012,0.9995985035123137
7303287,K01353.02,2,CANDIDATE,1.0,34.5439452,18.697369,2.67,0.42,-0.34,0.021969,0.003692,-0.0031079999999999,1.01,0.045,-0.043,5933,2.4283714499433677,0.4221986046263135,-0.35876601677771636,1626,7303287,34.544,0.023,0.9950871621484346,0.057248580875984535,0.999700195023277,0.023,0.9767070905377416
7303287,K01353.03,3,CANDIDATE,0.343,330.071558,8.542428,2.94,0.46,-0.38,0.024125,0.009852,-0.001664,1.01,0.045,-0.043,5933,2.6666876612446515,1.0954655967979239,-0.21614968291947176,1627,7303287,330.072,0.66,0.9939156625780593,0.9337664323135831,0.9136974029310516,0.66,0.3106571169965575
11075279,K01431.01,1,CANDIDATE,0.998,345.1589354,180.64433,7.79,1.13,-0.36,0.076581,0.000469,-0.000614,0.954,0.041,-0.039,5597,7.99563321510823,0.3470992282692274,-0.3330925830528474,1959,11075279,345.159,0.73,0.9950871621754362,3.3133390405665276e-09,0.9999999999836418,0.73,0.2699999999955833
12418724,K01516.01,1,CANDIDATE,1.0,20.55331441,33.710809999999995,3.19,1.02,-0.34,0.0263009999999999,1.9e-05,-0.002405,1.055,0.085,-0.077,6325,3.0367439613484657,0.24467640988796127,-0.35529193416964694,1645,12418724,20.553,0.005,0.9950871621754362,0.006844472122142204,0.9999659753239128,0.005,0.9949661454472932
7549209,K01518.01,1,CANDIDATE,1.0,27.5071114,27.182098,2.58,0.81,-0.26,0.026833,0.001557,-0.0046,1.132,0.1,-0.09,5783,3.3242916072866846,0.35135080278789,-0.6281906561233367,2394,7549209,27.507,0.0068,0.9950871621754362,0.017666256871979154,0.9999112114868589,0.0068,0.9931118152487483
3967760,K01760.01,1,CANDIDATE,0.677,5.52418625,17.317513,2.25,0.27,-0.29,0.02055,0.000308,-0.001366,0.846,0.046,-0.043,5325,1.9026795258620688,0.10731374190113421,-0.15921183337662087,2112,3967760,5.524,9.4e-05,0.9950871617768534,0.04544410048232862,0.9997649569113304,9.4e-05,0.9996709790053807
3967760,K01760.02,2,CANDIDATE,0.972,8.77514782,10.845035,1.91,0.23,-0.25,0.017427,0.000478,-0.001503,0.846,0.046,-0.043,5325,1.6135277906179208,0.09826389106927995,-0.16152783225996126,2113,3967760,8.775,0.00096,0.9950210952159678,0.10452105881111079,0.9994159500969326,0.00096,0.9984565107848397
3937519,K00221.02,2,CANDIDATE,1.0,5.89661966,12.109904,1.28,0.26,-0.22,0.0107599999999999,0.000616,-0.000459,0.867,0.039,-0.037,5398,1.0209743336269725,0.07433435908472799,-0.06160576598276117,613,3937519,5.897,0.0017,0.9950807904025657,0.08659441094940444,0.9995313342866957,0.0017,0.9978321310184083
10130039,K01909.01,1,CANDIDATE,0.999,12.75800092,32.72165,1.49,0.23,-0.21,0.012453,0.0003819999999999,-0.000171,1.008,0.043,-0.041,5782,1.373782487540901,0.07218235059635705,-0.058976420292644986,2214,10130039,12.758,9.7e-05,0.9950871621754362,0.006952833826717919,0.9999654328735649,9.7e-05,0.9998684362265762
10130039,K01909.02,2,CANDIDATE,1.0,5.47033376,25.334806,1.15,0.18,-0.16,0.00962,0.000354,-0.000173,1.008,0.043,-0.041,5782,1.061253314875409,0.0597880849525939,-0.04719684590043527,2215,10130039,5.47,6.2e-06,0.995087162175436,0.01633161474659618,0.9999180306072393,6.2e-06,0.9999118311154496
10130039,K01909.03,3,CANDIDATE,0.987,25.0985083,19.200647,1.59,0.24,-0.23,0.013257,0.001643,-0.001429,1.008,0.043,-0.041,5782,1.4624776710294487,0.19168800212471257,-0.16849343729404234,2216,10130039,25.099,0.018,0.9950871621643959,0.047173008089712816,0.9997555720726627,0.018,0.9817599717753548
6862721,K01982.01,1,CANDIDATE,1.0,4.88753111,27.71851,2.45,0.61,-0.2,0.023483,0.001425,-0.000837,0.707,0.063,-0.057,5568,1.8170063603857285,0.19588918690090043,-0.1601685960514853,2613,6862721,4.888,0.0011,0.9950871621754362,0.011894069749425742,0.9999405710195162,0.0011,0.9988406363913948
10094670,K01984.01,1,CANDIDATE,0.991,22.064020000000003,27.015203000000003,2.67,0.91,-0.28,0.022444,0.000314,-0.004028,1.162,0.051,-0.049,6232,2.8542357647873136,0.13148238110615384,-0.5261966389124826,2615,10094670,22.064,0.018,0.9950871621754362,0.01669165025169033,0.9999161928920909,0.018,0.9819177014200332
8257205,K01986.01,1,CANDIDATE,0.993,148.4601819,27.866648,3.61,0.24,-0.17,0.040286,0.005376,-0.004659,0.808,0.037,-0.035,5161,3.5624515356154047,0.5026051342780246,-0.4399423505295172,2650,8257205,148.46,0.014,0.9950871621754362,0.0879618650244524,0.9995238401903953,0.014,0.9855305064277298
8257205,K01986.02,2,CANDIDATE,0.989,7.12766417,13.530321,1.21,0.08,-0.06,0.013519,0.00079,-0.000552,0.808,0.037,-0.035,5161,1.195471933425623,0.08875292439023595,-0.0711637538395576,2651,8257205,7.128,0.012,0.995086710185612,0.07417253039824462,0.9996044289601524,0.012,0.9876091758126306
3248501,K02052.01,1,CANDIDATE,1.0,4.22464216,27.598013,4.31,1.43,-0.47,0.03465,0.03439,-0.006162,1.101,0.103,-0.092,6343,4.175168560439214,4.162207378094319,-0.820373394381955,2180,3248501,4.225,0.17,0.9950871621754362,0.011966244743620985,0.9999402060279962,0.17,0.8299503710032368
3128552,K02055.01,1,CANDIDATE,0.999,8.67890312,29.641619,2.56,0.39,-0.43,0.021018,0.000627,-0.000472,1.003,0.047,-0.044,5510,2.3071497086269814,0.12816062230559783,-0.1137017657933436,2308,3128552,8.679,3e-05,0.9950871621754362,0.009787433144837779,0.9999512009149257,3e-05,0.9999212023788983
3128552,K02055.02,2,CANDIDATE,0.986,4.02582434,18.971493,1.79,0.27,-0.3,0.014658,0.000623,-0.000413,1.003,0.047,-0.044,5510,1.6090113440410267,0.1017915357947614,-0.08388966683475944,2309,3128552,4.026,1.9e-05,0.9950871621569011,0.036130963625886,0.9998149313649903,1.9e-05,0.9997959348812944
3128552,K02055.03,3,CANDIDATE,1.0,2.50475282,14.726074,1.48,0.22,-0.25,0.01214,0.000589,-0.000413,1.003,0.047,-0.044,5510,1.3326100229675306,0.08988682922629837,-0.07397823165463645,2310,3128552,2.505,0.00058,0.9950871122304968,0.060154261913493066,0.999684001102299,0.00058,0.9991041843816597
4144576,K02202.01,1,CANDIDATE,1.0,0.8131663570000001,32.833220000000004,1.14,0.1,-0.06,0.011791,0.000561,-0.000217,0.809,0.035,-0.033,5237,1.043957014268185,0.06713415677809663,-0.046717702559851755,3148,4144576,0.813,0.00015,0.9950871621754362,0.005759592689464312,0.9999713996289833,0.00015,0.999821403919039
11073656,K02206.01,1,CANDIDATE,0.999,1.834277283,19.764223,1.64,0.45,-0.2,0.015647,0.000462,-0.000678,0.841,0.068,-0.062,5751,1.4401593024635038,0.12396687340096063,-0.12315233731085712,3152,11073656,1.834,0.03,0.9950871621711496,0.03167797148466646,0.9998384864894255,0.03,0.9698433318947427
9945370,K02285.01,1,CANDIDATE,1.0,37.9456138,21.172686,2.79,0.84,-0.23,0.0295019999999999,0.000999,-0.001007,0.761,0.073,-0.065,5861,2.457081551315119,0.24995318553706977,-0.22600636291158357,2852,9945370,37.946,0.00053,0.9950871621751693,0.04408554604223109,0.9997723076179207,0.00053,0.9992424282948832
8973129,K02286.01,1,CANDIDATE,1.0,24.1738244,17.771389000000003,2.21,0.26,-0.19,0.020897,0.0008449999999999,-0.0009449999999999,0.906,0.047,-0.044,5461,2.0720278862635286,0.13628625940053332,-0.13749872154987425,2853,8973129,24.174,0.0062,0.9950871620174286,0.055643180035366564,0.9997090977101182,0.0062,0.9935109013043154
10813132,K02378.01,1,CANDIDATE,0.836,4.76702759,12.08894,1.19,0.31,-0.17,0.0116049999999999,0.000794,-0.0004309999999999,0.885,0.067,-0.06,5629,1.1240143897086488,0.11469662855047506,-0.08688927763966314,3251,10813132,4.767,0.0026,0.9950805043910775,0.08551195741901531,0.9995377135370918,0.0026,0.9969389154818953
9837685,K02461.01,1,CANDIDATE,1.0,13.71218522,20.92898,2.47,0.6,-0.24,0.027248,0.007295,-0.001829,0.76,0.067,-0.061,5550,2.2663745179964763,0.638816420045178,-0.23713504214643702,2953,9837685,13.712,0.0034,0.9950871621749694,0.03232436840973155,0.9998350806752082,0.0034,0.9964356414009126
6605493,K02559.01,1,CANDIDATE,1.0,9.30991834,16.452355999999998,1.21,0.2,-0.14,0.010094,6.3e-05,-0.000731,1.129,0.049,-0.047,5806,1.247213198181475,0.05468744522556971,-0.10418214593196792,3353,6605493,9.31,0.00028,0.9950871602173467,0.05336132735863551,0.9997216995809923,0.00028,0.9994417775051097
6946199,K01359.01,2,CANDIDATE,1.0,37.10114179999999,47.76845,3.19,0.88,-0.35,0.034349,0.000266,-0.000959,0.99,0.052,-0.049,5986,3.721626180940095,0.19759249670147094,-0.21148653755277458,1635,6946199,37.101,0.00093,0.9950871621754362,0.0013837220925914493,0.9999931589693105,0.00093,0.9990631653314691
6946199,K01359.02,1,CANDIDATE,1.0,104.8205868,74.476715,6.45,1.78,-0.71,0.069522,0.000873,-0.0016,0.99,0.052,-0.049,5986,7.532530651585704,0.406797442184415,-0.4111552987753005,1658,6946199,104.821,0.27,0.9950871621754362,0.00011183227572325873,0.9999994478119062,0.27,0.7299995969026914
11288505,K01433.01,1,CANDIDATE,1.0,19.80787763,19.597445,2.08,0.52,-0.18,0.022635,0.001098,-0.000645,0.83,0.071,-0.064,5775,2.056089649666499,0.20219402559339011,-0.16902151270775767,1324,11288505,19.808,0.0006,0.9950871621700328,0.041682764379464804,0.999785257245496,0.0006,0.9991853860911487
11389771,K01436.01,1,CANDIDATE,1.0,2.508553286,21.959381,1.28,0.36,-0.13,0.013262,0.000557,-0.000285,0.955,0.043,-0.041,5814,1.3861041085137176,0.0853476805472739,-0.0665470025748882,1328,11389771,2.509,1.5e-06,0.995087162175364,0.024167196821998558,0.9998777293641442,1.5e-06,0.9998762295475502
11389771,K01436.02,2,CANDIDATE,1.0,13.75129636,20.443975,1.66,0.47,-0.16,0.01723,0.000469,-0.000615,0.955,0.043,-0.041,5814,1.8008274611439714,0.0947495953858984,-0.10054329999712842,1329,11389771,13.751,0.00034,0.9950871621742862,0.03439549561718811,0.9998241373579019,0.00034,0.9994841971512002
7046804,K00205.01,1,CANDIDATE,0.998,11.720123999,749.6936599999999,7.94,1.06,-0.71,0.094404,0.000387,-0.000773,0.846,0.063,-0.057,5215,8.740659754719356,0.6518856942575154,-0.5932427442018251,534,7046804,11.72,0.014,0.9950871621754362,8.706356298080233e-44,1.0,0.014,0.986
10657406,K01837.01,1,CANDIDATE,1.0,34.1732156,39.367767,2.37,0.22,-0.07,0.026045,0.002017,-0.003186,0.784,0.033,-0.031,5201,2.2347239327963755,0.19697444845409168,-0.28729293128382993,2550,10657406,34.173,2.4e-05,0.9950871621754362,0.003985603329163991,0.9999802439661415,2.4e-05,0.9999562444402863
10657406,K01837.02,2,CANDIDATE,1.0,1.682934607,28.915668,1.06,0.09,-0.04,0.011608,0.002872,-0.0009109999999999,0.784,0.033,-0.031,5201,0.9959944485275611,0.24996522044269975,-0.0875265663965965,2551,10657406,1.683,2.6e-05,0.9950871621754362,0.009719324611483662,0.9999515438296197,2.6e-05,0.9999255450894802
9965957,K01911.01,1,CANDIDATE,1.0,5.75321539,30.750694,3.14,0.77,-0.26,0.03095,1.4e-05,-0.0062229999999999,0.74,0.057,-0.052,5445,2.506546863201611,0.1930751821290547,-0.5338741354243838,2253,9965957,5.753,0.0029,0.9950871621754362,0.008119792678922523,0.9999595836563842,0.0029,0.9970597008637806
9704384,K01913.01,1,CANDIDATE,1.0,5.50860699,35.991122999999995,1.49,0.15,-0.12,0.015422,0.0011099999999999,-0.002439,0.894,0.038,-0.036,5448,1.5089042202995218,0.1261279717260901,-0.24624831715619636,2255,9704384,5.509,2.9e-06,0.9950871621754362,0.004081733690256831,0.9999797655095252,2.9e-06,0.9999768655682052
10779233,K01989.01,1,CANDIDATE,0.861,201.118319,21.656965,2.28,0.32,-0.2,0.021853,0.000775,-0.00036,0.982,0.042,-0.039,5646,2.348583520356154,0.13048855381890903,-0.10097963799838595,2654,10779233,201.118,0.00048,0.995087162175383,0.3192021375924088,0.997685171012021,0.00048,0.9972062821299352
10134152,K02056.01,1,CANDIDATE,1.0,39.3135699,25.298313,2.07,0.59,-0.19,0.020516,0.0006259999999999,-0.00036,0.877,0.067,-0.061,6060,1.9691361238988168,0.1619906374108855,-0.14125511346224456,2311,10134152,39.314,0.028,0.995087162175436,0.02664490633324159,0.9998648505767561,0.028,0.9718686347606069
8321314,K02293.01,1,CANDIDATE,1.0,15.03366411,17.912304000000002,1.7,0.21,-0.08,0.017431,0.0009029999999999,-0.000392,0.855,0.041,-0.038,5520,1.6310672710325949,0.11513985621692033,-0.08124367038993185,2895,8321314,15.034,0.00045,0.9950871620488884,0.04816626639274512,0.9997501650419038,0.00045,0.9993002774676351
9395024,K02383.01,1,CANDIDATE,0.998,4.37033233,15.337785,1.56,0.24,-0.24,0.0120629999999999,0.0006349999999999,-0.000423,1.105,0.062,-0.058,5654,1.4588178258714957,0.11223587665627924,-0.09208688549579085,3289,9395024,4.37,7.1e-05,0.9950871462872082,0.05722710837836894,0.999700313326002,7.1e-05,0.9996293346037558
4172013,K02386.01,1,CANDIDATE,1.0,16.2707207,14.665428,28.42,4.68,-3.11,0.2092159999999999,7.154314,-0.1599809999999999,1.071,0.079,-0.072,6117,24.522673791089844,838.5750448565291,-18.824058863517187,3292,4172013,16.271,1.0,0.9950871095339928,0.07313247894790119,0.999610445153396,1.0,0.0
12254378,K02387.01,1,CANDIDATE,0.999,2.032319072,22.259916,1.87,0.61,-0.2,0.016327,0.000638,-0.0004969999999999,1.038,0.093,-0.084,6156,1.8547577819343068,0.18129528735431802,-0.1603636133827865,3293,12254378,2.032,0.00049,0.995087162175395,0.023096078415088494,0.9998832766624584,0.00049,0.9993933338568938
11389771,K01436.03,3,CANDIDATE,0.98,5.41908491,15.080370000000002,1.38,0.39,-0.13,0.014334,0.003793,-0.000504,0.955,0.043,-0.041,5814,1.4981463045872134,0.4021309678832428,-0.08313643070069955,1330,11389771,5.419,0.00031,0.995087136653517,0.05993564190822683,0.9996852243380129,0.00031,0.999375321918468
11599038,K01437.01,1,CANDIDATE,1.0,7.01733571,12.549701,1.61,0.5,-0.2,0.0152139999999999,0.000267,-0.0010789999999999,1.013,0.085,-0.077,6052,1.6866940500566208,0.14459149645055305,-0.17534855998087076,1331,11599038,7.017,0.00013,0.9950843628253909,0.08338231425316844,0.9995506283910287,0.00013,0.9994206868093379
9573539,K00180.01,1,CANDIDATE,1.0,10.04556377,91.12792,2.19,0.28,-0.1,0.023478,0.000641,-0.000301,0.891,0.038,-0.036,5632,2.289403054775988,0.11593334722480829,-0.09704617334404002,460,9573539,10.046,4.3e-07,0.9950871621754362,3.1352625892439387e-06,0.9999999845208686,4.3e-07,0.9999995545208752
9824805,K01526.01,1,CANDIDATE,1.0,4.4444826,16.398657,1.71,0.5,-0.2,0.0145099999999999,2e-05,-0.00291,1.093,0.093,-0.084,6240,1.735685478699963,0.14770350229982984,-0.37277731603003683,2438,9824805,4.444,9.4e-06,0.9950871599652862,0.05021369503206088,0.9997389836102071,9.4e-06,0.999729586063761
10028140,K01591.01,1,CANDIDATE,1.0,19.65639342,20.412176,2.83,0.43,-0.22,0.0350829999999999,0.00033,-0.00939,0.763,0.06,-0.054,5288,2.929575648958587,0.23201516357489474,-0.8110529634657414,2093,10028140,19.656,0.15,0.9950871621742473,0.03753366966215242,0.9998074662868546,0.15,0.8498363463438263
5289854,K01593.01,1,CANDIDATE,0.964,9.69501146,16.746252,2.08,0.63,-0.2,0.020883,0.000814,-0.000858,0.892,0.089,-0.08,5896,2.0386430853888746,0.21837831516715966,-0.20111045992479537,2095,5289854,9.695,0.0014,0.9950871610435057,0.051721625461851134,0.9997307177522846,0.0014,0.9983310947474314
5289854,K01593.02,2,CANDIDATE,1.0,15.3825394,15.541253,2.14,0.64,-0.22,0.021393,0.001015,-0.000743,0.892,0.089,-0.08,5896,2.0884303752202364,0.23073399641985895,-0.2008570399998562,2096,5289854,15.383,0.00044,0.9950871518025078,0.06492172304585803,0.9996572209301625,0.00044,0.9992173717529532
5526717,K01677.01,1,CANDIDATE,0.994,52.069002000000005,21.926264,2.92,0.42,-0.52,0.021433,0.000692,-0.000784,1.25,0.068,-0.064,5565,2.9320841657752332,0.1854827373258587,-0.18449942608621667,2458,5526717,52.069,0.051,0.9950871621753744,0.048852922940146,0.9997464204771039,0.051,0.9487593530327716
7765528,K01840.01,1,CANDIDATE,1.0,7.03932913,39.687874,4.67,0.8,-0.73,0.034474,0.001021,-0.002667,1.17,0.063,-0.059,5847,4.414291358230556,0.27127415796954835,-0.4076448645967591,2555,7765528,7.039,0.41,0.9950871621754362,0.0025725600463774928,0.999987266273626,0.41,0.5899924871014394
7765528,K01840.02,2,CANDIDATE,0.842,9.3888216,7.657936999999999,20.91,3.59,-3.27,0.154393,72.62439,-0.751287,1.17,0.063,-0.059,5847,19.769556351780768,9299.333389633324,-96.20519190812921,2556,7765528,9.389,1.0,0.9710228022383097,0.15171469998665169,0.9946628098263167,1.0,0.0
7779077,K01842.01,1,CANDIDATE,1.0,16.84183355,31.661684,3.08,0.82,-0.45,0.027911,0.0052049999999999,-0.001982,0.833,0.063,-0.057,5602,2.544508194232947,0.5120522899358447,-0.25092680387552097,2558,7779077,16.842,0.031,0.9950871621754362,0.008470600898002134,0.9999578225879011,0.031,0.9689591300876762
10074466,K01917.01,1,CANDIDATE,0.999,35.01190875,27.80376,2.97,0.48,-0.35,0.0235949999999999,0.000528,-0.004284,1.101,0.047,-0.045,5872,2.843090972108596,0.13703176544421183,-0.5291202465803045,2295,10074466,35.012,0.073,0.9950871621754362,0.01816221826061316,0.999908672734326,0.073,0.9269153396247203
8218379,K01920.01,1,CANDIDATE,1.0,16.57099265,33.874874,2.03,0.43,-0.15,0.023913,0.003286,-0.000883,0.776,0.059,-0.053,5483,2.030856516108734,0.3189384215811436,-0.15767927986758337,2297,8218379,16.571,0.00048,0.9950871621754362,0.006322610404130755,0.9999685860666127,0.00048,0.9994886011453007
6774880,K02062.01,1,CANDIDATE,1.0,34.3511339,24.68519,2.75,0.93,-0.29,0.0260529999999999,0.001076,-0.003602,0.983,0.078,-0.071,6091,2.802816806301902,0.2507225488903826,-0.4372013458187797,3093,6774880,34.351,0.0027,0.9950871621754358,0.026850319797885828,0.9998637799224641,0.0027,0.9971641477166734
6342333,K02065.01,1,CANDIDATE,0.968,80.2321467,21.93725,3.24,0.38,-0.19,0.033375,0.0002279999999999,-0.006342,0.824,0.038,-0.036,5438,3.009760524163101,0.1403142762517561,-0.5868438490741913,3096,6342333,80.232,0.094,0.9950871621753827,0.07186366572615663,0.9996177311617334,0.094,0.9056536644325305
3239671,K02066.01,1,CANDIDATE,0.997,147.97391000000002,23.204792,3.33,0.43,-0.29,0.032114,0.001391,-0.000762,0.841,0.044,-0.041,5578,2.9557918987226275,0.20076299001092981,-0.16026073449255737,3097,3239671,147.974,0.01,0.9950871621754325,0.14999232118078562,0.9991288007724515,0.01,0.989137512764727
11403339,K02143.01,1,CANDIDATE,0.999,4.79029482,19.510805,1.01,0.11,-0.04,0.011014,0.0001699999999999,-0.000735,0.863,0.038,-0.036,5412,1.0402538301346589,0.04853753897453901,-0.0818664784417384,2796,11403339,4.79,1.8e-05,0.995087162168658,0.034111191476368215,0.9998256423284985,1.8e-05,0.9998076454669366
7382313,K02392.01,1,CANDIDATE,0.975,7.42697378,12.343142,1.4,0.19,-0.11,0.013086,0.0005809999999999,-0.0007469999999999,1.051,0.06,-0.056,5580,1.5051961112824062,0.10885732403744619,-0.1175365089031379,3298,7382313,7.427,0.00061,0.9950830596803307,0.08594614420291471,0.9995353882200685,0.00061,0.9989256716332543
8247770,K02569.01,1,CANDIDATE,0.427,8.28157072,11.9206705,1.37,0.21,-0.21,0.010655,0.0007019999999999,-0.000505,1.046,0.047,-0.045,5646,1.2197437297067706,0.09727222573567172,-0.0780745669275051,2704,8247770,8.282,0.0007,0.995078197935279,0.09143330867075194,0.9995022462305038,0.0007,0.9988025946581424
7768451,K01527.01,1,CANDIDATE,0.99,192.667139,23.556185,3.64,0.37,-0.27,0.037986,7.000000000000001e-06,-0.0072,0.938,0.045,-0.043,5401,3.899508379624968,0.1870780081425728,-0.7604366629670949,2439,7768451,192.667,0.18,0.9950871621754347,0.24441653150260195,0.9984029466131883,0.18,0.8186904162228145
9909735,K01779.01,1,CANDIDATE,1.0,4.66271902,213.7086,3.86,0.64,-0.16,0.037636,0.000416,-0.001999,0.982,0.042,-0.039,5729,4.0448125828089605,0.17867979484694746,-0.2682528709466992,2199,9909735,4.663,0.061,0.9950871621754362,2.948423075533037e-13,0.9999999999999986,0.061,0.9389999999999987
9909735,K01779.02,2,CANDIDATE,1.0,11.8150174,80.44856999999999,3.48,0.58,-0.14,0.033946,0.008013,-0.005753,0.982,0.042,-0.039,5729,3.648241256670022,0.875194088481767,-0.6350357104940229,2200,9909735,11.815,0.099,0.9950871621754362,1.3083040604310966e-05,0.9999999354069672,0.099,0.9009999418016774
8218379,K01920.02,2,CANDIDATE,0.847,10.1384691,7.17846,0.74,0.16,-0.05,0.008748,0.000733,-0.000661,0.776,0.059,-0.053,5483,0.7429403589227285,0.08405923959086824,-0.07567088131764313,2298,8218379,10.138,0.01,0.9385549880040597,0.16145381888501767,0.9873948433364489,0.01,0.9775208949030844
4989057,K01923.01,1,CANDIDATE,1.0,7.23400381,30.212036,1.78,0.19,-0.1,0.019155,0.000805,-0.000391,0.879,0.039,-0.037,5411,1.8426993686288695,0.11261173164658524,-0.08620430413457941,2302,4989057,7.234,0.00045,0.9950871621754362,0.008898966181371912,0.9999556704898891,0.00045,0.9995056904381687
9834040,K01998.01,1,CANDIDATE,1.0,6.77408984,28.430346000000004,2.5,0.75,-0.33,0.020933,0.000686,-0.000489,0.933,0.083,-0.074,6246,2.1374529947929775,0.20264018978281242,-0.17673024519696143,2000,9834040,6.774,0.00044,0.9950871621754362,0.011144270564371943,0.9999443596288844,0.00044,0.9995043841106477
6035124,K02071.01,1,CANDIDATE,0.9,3.85690686,20.862171,0.93,0.09,-0.04,0.010442,0.000235,-0.000543,0.839,0.036,-0.034,5272,0.9588023843128617,0.04645595685106801,-0.06321110854200904,3135,6035124,3.857,3.5e-05,0.9950871621748844,0.028346334761692633,0.999855968752178,3.5e-05,0.9998209737932716
9963265,K02299.01,1,CANDIDATE,1.0,16.48686712,17.792856,27.45,7.49,-3.2,0.23474,70.50918,-0.4704899999999999,1.035,0.089,-0.081,6090,26.58954499590989,7986.738907134716,-53.33410583451681,2903,9963265,16.487,1.0,0.9950871620184232,0.0498881358471004,0.9997407648703674,1.0,0.0
9851662,K02483.01,1,CANDIDATE,0.995,15.0539886,12.717842,1.44,0.25,-0.21,0.016079,0.002531,-0.002688,0.915,0.069,-0.062,5475,1.6101397990341053,0.28103578453522493,-0.2904448393014053,3041,9851662,15.054,0.0001,0.9950851849653207,0.09097193021212271,0.9995057154528783,0.0001,0.9994057648813329
9896018,K02579.01,1,CANDIDATE,0.999,2.7296036,14.404189,1.53,0.26,-0.22,0.011314,0.000125,-0.0007769999999999,1.096,0.063,-0.059,5892,1.3570947931034483,0.07943603196840916,-0.11841992810536135,2746,9896018,2.73,4.7e-06,0.995087071405083,0.06278045484370268,0.9996692784541787,4.7e-06,0.9996645800085701
9896018,K02579.02,2,CANDIDATE,0.98,3.59645081,12.747314,1.66,0.29,-0.23,0.012319,0.002505,-0.001273,1.096,0.063,-0.059,5892,1.4776428103448278,0.31224486925380945,-0.17217100461548104,2747,9896018,3.596,0.0016,0.9950851942706848,0.07775889746890516,0.9995835606963839,0.0016,0.9979842269992696
6932987,K01366.01,1,CANDIDATE,1.0,19.25404023,38.617783,3.04,0.88,-0.29,0.0296069999999999,0.003578,-0.001003,0.851,0.044,-0.041,5798,2.757448559794226,0.36245468123038627,-0.16240501912998578,1694,6932987,19.254,6e-05,0.9950871621754362,0.0035369727620002765,0.9999824756535353,6e-05,0.9999224767049961
6932987,K01366.02,2,CANDIDATE,1.0,54.15583839999999,22.053192000000003,3.88,1.12,-0.38,0.03773,0.001209,-0.00667,0.851,0.044,-0.041,5798,3.5139843334696708,0.21374948116954162,-0.6438669973933685,1695,6932987,54.156,0.11,0.9950871621753878,0.04950122500496254,0.9997428801004329,0.11,0.8897711632893853
7287415,K01369.01,1,CANDIDATE,1.0,3.0161820130000003,27.806568,2.25,0.37,-0.45,0.014736,0.002208,-0.001174,1.011,0.053,-0.05,5613,1.6304753000251697,0.25882671237024285,-0.15289145335265145,1698,7287415,3.016,2.9e-06,0.9950871621754362,0.011444875967859775,0.9999428414104446,2.9e-06,0.9999399415762046
7808587,K01533.01,1,CANDIDATE,1.0,6.24145791,26.684687,1.6,0.26,-0.27,0.011618,0.000434,-0.0002569999999999,0.992,0.043,-0.041,5817,1.2613235368738989,0.07217593344359038,-0.0591284218367936,2446,7808587,6.241,0.00019,0.9950871621754362,0.013868517263406297,0.9999305669069817,0.00019,0.9997405800992694
10005758,K01783.01,1,CANDIDATE,0.999,134.4785189,163.9393,10.52,1.65,-2.01,0.072121,0.000889,-0.001024,1.166,0.052,-0.05,5791,9.203303537975081,0.42582834920800694,-0.4157234261685087,2240,10005758,134.479,0.73,0.9950871621754362,1.3610366576893221e-09,0.9999999999932805,0.73,0.26999999999818575
10005758,K01783.02,2,CANDIDATE,0.991,284.063137,58.095493000000005,6.36,0.99,-1.22,0.0435889999999999,0.003956,-0.002147,1.166,0.052,-0.05,5791,5.562357675528554,0.5624775621081601,-0.36325834583058586,2241,10005758,284.063,0.85,0.9950871621754362,0.013083569827867786,0.999934548864995,0.85,0.14999018232974928
9735426,K01849.01,1,CANDIDATE,1.0,8.08801663,39.4025,2.94,0.24,-0.2,0.0307649999999999,0.002642,-0.0028699999999999,0.798,0.037,-0.035,5272,2.6868490402403635,0.26222083226506276,-0.27697083949762225,2601,9735426,8.088,0.011,0.9950871621754362,0.0027117490587174444,0.9999865754387672,0.011,0.9889867231089408
10464050,K01851.01,1,CANDIDATE,1.0,4.469754641000001,40.748875,2.26,0.67,-0.23,0.022136,0.000199,-0.0009019999999999,0.917,0.07,-0.063,5988,2.221528746916688,0.170754280795596,-0.1774501280523297,2603,10464050,4.47,0.0034,0.9950871621754362,0.0021562082877710346,0.9999893315959374,0.0034,0.9965893678685113
9662811,K01854.01,1,CANDIDATE,0.99,43.0343364,37.634098,2.5,0.3,-0.18,0.025125,0.001705,-0.003596,0.926,0.039,-0.037,5550,2.54624689702366,0.20336344451833013,-0.37836520998768247,2639,9662811,43.034,0.00019,0.9950871621754362,0.005688095976365424,0.9999717566907363,0.00019,0.9997817620569651
5770074,K01928.01,1,CANDIDATE,0.986,63.038036600000005,38.719246000000005,2.59,0.39,-0.22,0.023298,0.000535,-0.000335,1.088,0.047,-0.045,5798,2.774156719859049,0.1357191677320833,-0.12147598544061373,2305,5770074,63.038,0.64,0.9950871621754362,0.006604279365687754,0.9999671772884707,0.64,0.35998818382384945
10857519,K02075.01,1,CANDIDATE,0.999,2.053341891,27.193575,1.44,0.25,-0.25,0.009704,6.7e-05,-0.002166,1.226,0.054,-0.051,6084,1.3020411610873397,0.058049603299004424,-0.29562867581083774,3141,10857519,2.053,1.0,0.9950871621754362,0.012221142457053644,0.9999389165743457,1.0,0.0
8892157,K02224.01,1,CANDIDATE,0.999,3.73090026,21.66317,1.48,0.22,-0.07,0.014249,0.000187,-0.001775,1.238,0.074,-0.069,5706,1.9305830407437705,0.11814699497829012,-0.2634670687757269,3242,8892157,3.731,5e-06,0.9950871621753117,0.025543037378690417,0.9998705860239077,5e-06,0.9998655866709775
10874215,K02305.01,1,CANDIDATE,0.995,31.0325991,14.200886,2.64,0.72,-0.25,0.02592,0.0001409999999999,-0.002134,0.961,0.086,-0.077,5841,2.7261003624465134,0.24440933600285616,-0.3131844939787126,2943,10874215,31.033,0.1,0.9950870451268585,0.09425246109772524,0.9994862317769212,0.1,0.899537608599229
7661065,K02307.01,1,CANDIDATE,1.0,4.150297119,21.589361,3.03,0.26,-0.16,0.032359,0.002963,-0.009847,0.78,0.035,-0.033,5288,2.762314673105965,0.2816734829882976,-0.8486708712963382,2945,7661065,4.15,0.68,0.9950871621752937,0.025939978388097713,0.9998685213622504,0.68,0.31995792683592006
7984574,K02400.01,1,CANDIDATE,1.0,11.6191707,16.516773,2.21,0.63,-0.19,0.024284,0.001082,-0.000986,0.934,0.081,-0.074,5870,2.4822787879436192,0.24202226954850373,-0.22099038833040896,3339,7984574,11.619,0.099,0.9950871604557805,0.05465497572142066,0.9997145626369852,0.099,0.9007428209359237
2142522,K02403.01,1,CANDIDATE,0.757,13.32354078,15.665018,1.32,0.22,-0.14,0.0099049999999999,0.000503,-0.000415,1.194,0.053,-0.051,6113,1.294321789107714,0.08729914239733057,-0.07744213904956353,3342,2142522,13.324,5e-05,0.9950871538599909,0.06216391451113766,0.9996727471339766,5e-05,0.9996227634966199
9896018,K02579.03,3,CANDIDATE,0.939,10.30148508,9.271536,1.6,0.27,-0.23,0.011853,0.00047,-0.000774,1.096,0.063,-0.059,5892,1.4217469137931036,0.09928299359202641,-0.12032025719555832,2748,9896018,10.301,0.0002,0.9938654362930662,0.12793288341957926,0.999094500173906,0.0002,0.9988946812738713
11818872,K02581.01,1,CANDIDATE,1.0,12.7372371,11.28038,0.87,0.09,-0.05,0.009176,0.000472,-0.000585,0.893,0.038,-0.036,5420,0.8967849669015856,0.05986801718761421,-0.06764435189776233,2784,11818872,12.737,0.0012,0.9950582555441712,0.10459717381562281,0.9994198593918732,0.0012,0.998220555560603
10387742,K02583.01,1,CANDIDATE,0.998,3.03267135,12.880582,0.6,0.08,-0.04,0.005931,0.000327,-0.00028,0.964,0.041,-0.039,5640,0.6257320694059904,0.04357117001945515,-0.03890356479638163,2786,10387742,3.033,0.33,0.9950856223265101,0.07593382230896473,0.9995941736285496,0.33,0.6697280963311282
5177104,K01603.01,1,CANDIDATE,1.0,3.02168007,27.30037,1.31,0.39,-0.12,0.012175,0.000256,-0.000439,1.064,0.082,-0.075,6201,1.4177317109237353,0.1132549144583556,-0.11225000239585721,2145,5177104,3.022,1.2e-05,0.9950871621754362,0.012222916275711043,0.9999389075987797,1.2e-05,0.9999269083318885
9886661,K01606.01,1,CANDIDATE,1.0,5.082748362,33.823353000000004,1.4,0.17,-0.05,0.014971,0.000539,-0.000314,0.881,0.038,-0.036,5430,1.4434780173514976,0.08110047825805639,-0.0663004463533096,2182,9886661,5.083,9.6e-05,0.9950871621754362,0.005385407909143727,0.999973267776589,9.6e-05,0.9998772703428824
11570749,K01856.01,1,CANDIDATE,0.999,46.2991052,34.45179,4.33,1.59,-1.94,0.0262959999999999,0.000729,-0.000335,0.776,0.033,-0.032,5396,2.233237274603565,0.11336836424986255,-0.09638680081862797,2641,11570749,46.299,0.0057,0.9950871621754362,0.009031695908765831,0.9999550032810147,0.0057,0.9942552597623129
4157325,K01860.01,1,CANDIDATE,1.0,6.31943553,45.591755,2.71,0.39,-0.29,0.024241,1.7e-05,-0.002226,1.005,0.045,-0.043,5670,2.666244968930908,0.1193987448621698,-0.2701079866560062,2645,4157325,6.319,4.8e-05,0.9950871621754362,0.001173886842094635,0.9999941976001734,4.8e-05,0.9999461978786885
10978763,K01931.01,1,CANDIDATE,1.0,4.97760447,27.2562,1.75,0.24,-0.24,0.0156819999999999,0.000138,-0.000908,0.775,0.036,-0.034,5361,1.3301070876856196,0.06288453930083934,-0.09662440147669286,2345,10978763,4.978,0.00012,0.9950871621754362,0.012645616210702319,0.9999367678071682,0.00012,0.9998167753950313
10978763,K01931.02,3,CANDIDATE,0.982,10.55840479,12.907277,1.41,0.2,-0.19,0.012634,0.0005549999999999,-0.000737,0.775,0.036,-0.034,5361,1.071583531808457,0.06851028695799209,-0.07821527394406669,2346,10978763,10.558,9.1e-05,0.9950857442873449,0.0837545347167348,0.999548566547118,9.1e-05,0.9994576076275622
10978763,K01931.03,2,CANDIDATE,0.967,6.98800953,16.144896,1.39,0.19,-0.19,0.012445,0.000664,-0.0005059999999999,0.775,0.036,-0.034,5361,1.0555530357255223,0.07467232298961148,-0.06313767247583739,2347,10978763,6.988,0.0002,0.9950871586721755,0.05368512994044621,0.9997199149294885,0.0002,0.9995199709465027
11069176,K02007.01,1,CANDIDATE,0.999,15.3789014,18.763317,2.94,0.38,-1.04,0.01252,0.000535,-0.000604,1.01,0.043,-0.041,5818,1.3839141769443744,0.0834783586966735,-0.08725517449540592,2044,11069176,15.379,0.0072,0.9950871621494634,0.04350551791341412,0.9997754395958939,0.0072,0.9925770564308034
11069176,K02007.02,2,CANDIDATE,0.974,21.1285655,15.73313,2.88,0.36,-1.02,0.012237,0.0005679999999999,-0.000724,1.01,0.043,-0.041,5818,1.3526324108041783,0.08519510597298004,-0.0970541281047711,2045,11069176,21.129,0.0024,0.995087155094666,0.06858703899205656,0.9996364436698894,0.0024,0.9972373162050817
9517393,K02076.01,2,CANDIDATE,0.992,56.7769831,25.147776,3.21,0.8,-0.34,0.0290589999999999,0.003776,-0.001835,1.031,0.059,-0.055,6063,3.278859337292337,0.46555040724322533,-0.2710452150947826,3142,9517393,56.777,0.011,0.995087162175436,0.034794844401371726,0.9998220218982484,0.011,0.9888239796573677
9517393,K02076.02,1,CANDIDATE,1.0,219.3215562,55.7129,6.11,1.52,-0.65,0.055313,0.00049,-0.00062,1.031,0.059,-0.055,6063,6.241217747467279,0.36141396400988984,-0.34021589341240344,3143,9517393,219.322,0.015,0.9950871621754362,0.006978873213562755,0.9999653025047572,0.015,0.9849658229671858
12116380,K02155.01,1,CANDIDATE,1.0,4.3394569,27.19655,2.11,0.29,-0.29,0.019041,0.002636,-0.002527,0.808,0.038,-0.036,5325,1.6837769867858041,0.246182375285273,-0.23571677430640878,2846,12116380,4.339,2.5e-05,0.9950871621754362,0.012626828320268135,0.9999368629541338,2.5e-05,0.9999118645325599
8804455,K02159.01,2,CANDIDATE,0.898,7.5966998,18.528349,1.32,0.2,-0.17,0.011117,0.00214,-0.000847,0.989,0.042,-0.04,5716,1.2032818138214196,0.23719895113427766,-0.10379411249171479,2884,8804455,7.597,8.4e-06,0.9950871621338455,0.040179509862453826,0.9997933259613971,8.4e-06,0.9997849276974591
10600955,K02227.01,1,CANDIDATE,0.485,65.6480892,18.524363,3.93,0.57,-0.69,0.0288959999999999,0.000283,-0.006682,0.76,0.037,-0.034,5580,2.403448255726143,0.11935413104346757,-0.5660860328041166,3278,10600955,65.648,0.0046,0.9950871621429249,0.08916380483646713,0.9995166968566319,0.0046,0.9949189200510914
2854181,K02232.01,1,CANDIDATE,1.0,101.1323475,23.235922,3.87,0.5,-0.41,0.0348529999999999,0.001522,-0.000763,0.922,0.05,-0.047,5492,3.5168556500440378,0.24486707685449632,-0.19510861072462565,3283,2854181,101.132,0.074,0.9950871621754318,0.0814200714695071,0.9995623914160314,0.074,0.9255947744512452
10010440,K02309.01,1,CANDIDATE,0.971,53.5991459,19.289253,2.49,0.78,-0.26,0.022119,0.004207,-0.001184,1.016,0.082,-0.074,6319,2.4594763580417816,0.5081622586301718,-0.2223100118635869,2947,10010440,53.599,0.00015,0.9950871621671691,0.06911256560070005,0.9996334517481341,0.00015,0.9994835067303719
11718144,K02310.01,1,CANDIDATE,1.0,16.4581861,20.33015,1.82,0.23,-0.09,0.018826,0.000948,-0.000612,0.922,0.043,-0.041,5476,1.8996449220362444,0.1303825676462976,-0.10463986528082699,2981,11718144,16.458,0.099,0.9950871621740318,0.03625384591673655,0.9998142782652881,0.099,0.9008326647170246
3219995,K02314.01,1,CANDIDATE,1.0,18.87058705,24.992212,2.67,0.85,-0.28,0.025771,0.000283,-0.003443,1.072,0.088,-0.079,6103,3.0234967905864583,0.2504084121495967,-0.4613157829234568,2984,3219995,18.871,0.082,0.995087162175436,0.020691997528886605,0.9998956831608609,0.082,0.9179042371416704
6429812,K02408.01,1,CANDIDATE,0.998,94.289223,17.739546,2.11,0.29,-0.08,0.021415,0.0055049999999999,-0.001134,0.928,0.04,-0.038,5619,2.174951167883212,0.5669042395180244,-0.1455891972617688,3381,6429812,94.289,0.0089,0.9950871620520375,0.14154995609701995,0.9991859219828036,0.0089,0.9902931672771567
9229657,K02491.01,1,CANDIDATE,1.0,2.66831274,20.38139,1.48,0.37,-0.13,0.015027,0.000538,-0.000535,0.866,0.075,-0.068,5806,1.4242086989365719,0.13346772697812098,-0.12278990958831495,3084,9229657,2.668,9.5e-05,0.9950871621740802,0.02963348418020054,0.9998492288595809,9.5e-05,0.9997542431828393
7673841,K02585.01,1,CANDIDATE,0.989,5.34182466,15.339475,0.95,0.14,-0.17,0.007643,0.000381,-0.000229,1.16,0.05,-0.047,5767,0.9702983759124086,0.0639432036657907,-0.04889544935909071,2788,7673841,5.342,9.5e-05,0.9950871464041484,0.057986417912674504,0.9996960922169676,9.5e-05,0.9996011210882071
7673841,K02585.02,2,CANDIDATE,1.0,10.42317343,8.874426,1.07,0.15,-0.19,0.008625,0.004353,-0.000956,1.16,0.05,-0.047,5767,1.0949657846715328,0.5546362265132235,-0.12922118431478022,2789,7673841,10.423,0.64,0.9925357836893182,0.13405974437541335,0.9988357439568394,0.64,0.3595808678244622
7673841,K02585.03,3,CANDIDATE,0.953,7.87845756,8.068526,0.78,0.11,-0.14,0.00628,0.0001629999999999,-0.000609,1.16,0.05,-0.047,5767,0.7972620437956204,0.040114172745776194,-0.08379108329690534,2790,7673841,7.878,0.026,0.983649015192867,0.14220744821346612,0.9972442245552992,0.026,0.9713158747168613
9827149,K02586.01,1,CANDIDATE,1.0,2.131945045,19.880470000000003,1.66,0.5,-0.17,0.014975,0.000612,-0.000433,0.849,0.07,-0.063,5845,1.3914191523250692,0.128042284644054,-0.11081186632933993,2791,9827149,2.132,9.1e-06,0.9950871621719871,0.03134511411929855,0.9998402385156322,9.1e-06,0.9998311399694617
5283458,K01547.01,1,CANDIDATE,1.0,30.69395532,311.83298,13.72,4.37,-1.45,0.123454,0.000762,-0.000305,0.872,0.083,-0.075,6137,11.78162259023408,1.1237712715447605,-1.0137455866173732,2528,5283458,30.694,0.043,0.9950871621754362,1.0906525179112255e-18,1.0,0.043,0.957
10055126,K01608.01,1,CANDIDATE,1.0,9.17617167,29.118622,1.66,0.26,-0.24,0.01313,0.000393,-0.000295,1.157,0.051,-0.049,5903,1.6625761290271834,0.08858419846435105,-0.07970650455405642,2184,10055126,9.176,7e-07,0.9950871621754362,0.010551732322334735,0.999947349563304,7e-07,0.9999466496001593
10055126,K01608.02,2,CANDIDATE,0.998,19.7383992,15.556038,1.61,0.26,-0.23,0.01279,0.002089,-0.000996,1.157,0.051,-0.049,5903,1.619523891108734,0.27398175539187275,-0.14356196635228405,2185,10055126,19.738,9.9e-05,0.9950871522740224,0.06877310095750225,0.9996353843722451,9.9e-05,0.9995364204691922
10055126,K01608.03,3,CANDIDATE,0.96,232.040326,12.50597,2.05,0.33,-0.29,0.016278,0.000414,-0.001083,1.157,0.051,-0.049,5903,2.0611892024603575,0.10489501613152542,-0.1625603074509104,2186,10055126,232.04,0.1,0.9950860264327926,0.7048515608328662,0.9882068624696728,0.1,0.8893861762227055
5009743,K01609.01,1,CANDIDATE,0.996,41.6980186,36.333233,2.03,0.31,-0.14,0.019191,0.000535,-0.0002819999999999,1.041,0.047,-0.044,5997,2.186410934227913,0.11601554974193222,-0.0978386189523416,2187,5009743,41.698,4.3e-05,0.9950871621754362,0.006611032013804889,0.9999671435050356,4.3e-05,0.9999241449178649
4157325,K01860.02,2,CANDIDATE,1.0,12.20951755,32.03609,2.61,0.37,-0.28,0.023354,0.00261,-0.00208,1.005,0.045,-0.043,5670,2.568684666656179,0.3092549823985098,-0.25380682831498025,2646,4157325,12.21,0.00034,0.9950871621754362,0.007542589903532261,0.9999624785233642,0.00034,0.9996224912806663
4157325,K01860.03,3,CANDIDATE,1.0,3.07644709,22.377825,1.61,0.23,-0.17,0.0144199999999999,0.002262,-0.001063,1.005,0.045,-0.043,5670,1.586042343632005,0.25873243877080954,-0.13518489949312912,2647,4157325,3.076,6.4e-06,0.995087162175403,0.02309148977928492,0.9998833004007331,6.4e-06,0.9998769011476106
3648437,K01861.01,1,CANDIDATE,1.0,17.50441726,38.407654,3.56,0.53,-0.73,0.0245349999999999,0.0007,-0.000308,1.047,0.047,-0.045,5815,2.811358305515342,0.14953481988568051,-0.1258806114357998,2683,3648437,17.504,0.001,0.9950871621754362,0.003543991397350706,0.9999824407552036,0.001,0.9989824583144484
7286173,K01862.01,1,CANDIDATE,0.359,56.4349933,39.83727,2.37,0.32,-0.28,0.021706,0.000675,-0.00032,0.964,0.042,-0.04,5534,2.290025341177951,0.12258073637586955,-0.10084107256661337,2684,7286173,56.435,0.0073,0.9950871621754362,0.005184438837099441,0.9999742705507515,0.0073,0.9926744583757311
9595827,K00217.01,1,CANDIDATE,0.999,3.905081685,1576.37,12.78,0.85,-0.52,0.13191,0.000883,-0.000227,0.868,0.043,-0.04,5543,12.530860671406996,0.6264100028879608,-0.5778615075720348,573,9595827,3.905,0.025,0.9950871621754362,5.412600340586066e-91,1.0,0.025,0.975
11126381,K01863.01,1,CANDIDATE,1.0,33.7888028,31.054008000000003,2.71,0.89,-0.3,0.023375,0.00066,-0.000483,1.117,0.049,-0.047,6202,2.8575132200950164,0.14907319707136543,-0.133951156198955,2685,11126381,33.789,0.0042,0.9950871621754362,0.011718372224227678,0.9999414593053197,0.0042,0.9957417051762374
6383785,K00239.01,1,CANDIDATE,1.0,5.640676975,127.45385,4.59,0.76,-0.69,0.034594,0.000677,-0.000453,1.123,0.058,-0.054,5798,4.25171350890385,0.23482513810719433,-0.21189093866046957,73,6383785,5.641,0.00074,0.9950871621754362,2.4894556587743744e-08,0.9999999998770932,0.00074,0.9992599998771842
2854181,K02232.02,2,CANDIDATE,0.999,12.834857,9.294816,1.73,0.22,-0.19,0.015581,0.000956,-0.001298,0.922,0.05,-0.047,5492,1.5722069228857285,0.12874388054105285,-0.15355041550284731,3284,2854181,12.835,0.073,0.9939299893218838,0.13176931430022423,0.9990731428265067,0.073,0.9261408034001718
10723367,K02236.01,1,CANDIDATE,1.0,19.986591600000004,19.336584,4.22,0.69,-0.84,0.031224,0.000778,-0.007722,0.898,0.059,-0.055,5500,3.0686568786810975,0.21562721343021377,-0.7818353583270747,3288,10723367,19.987,0.097,0.9950871621666675,0.04318016754003083,0.9997771947294641,0.097,0.9027988068407061
10723367,K02236.02,2,CANDIDATE,0.959,12.12580644,11.8480015,2.5,0.41,-0.5,0.018511,0.002997,-0.002301,0.898,0.059,-0.055,5500,1.8192386459539391,0.3178700539419684,-0.2520996268499876,3322,10723367,12.126,0.0025,0.995077072264583,0.09704168329306737,0.9994683113863153,0.0025,0.9969696406078495
10684670,K02317.01,1,CANDIDATE,0.996,3.78861833,14.822822,1.23,0.18,-0.14,0.010833,0.000523,-0.000492,1.07,0.049,-0.046,5556,1.268574497703247,0.08441437410612757,-0.07933288466594729,2987,10684670,3.789,0.0053,0.9950871206854176,0.060498913948891175,0.9996820745589076,0.0053,0.9943837595637454
9003401,K02319.01,1,CANDIDATE,0.998,21.1033014,17.391918,1.56,0.27,-0.14,0.012695,0.0006349999999999,-0.000368,1.234,0.054,-0.051,6000,1.7144756467090358,0.1139438839908754,-0.08654925706665817,2989,9003401,21.103,0.075,0.9950871618511877,0.055900871879223824,0.999707670718903,0.075,0.9247295954149853
5978559,K02321.01,1,CANDIDATE,0.99,95.6114617,17.0924,2.37,0.38,-0.13,0.020097,0.000877,-0.000576,0.995,0.052,-0.05,5993,2.1884557458941605,0.14900073421628163,-0.12660252135379493,2991,5978559,95.611,0.0013,0.9950871617668486,0.1546787152379555,0.9990965999864153,0.0013,0.997797774406433
5978559,K02321.02,2,CANDIDATE,0.619,36.2530992,7.548021,1.43,0.23,-0.08,0.012116,0.000895,-0.001954,0.995,0.052,-0.05,5993,1.3193675582053863,0.11938572249452042,-0.22287005821615888,3025,5978559,36.253,0.87,0.9688946810462881,0.21168970325605208,0.9913789409052998,0.87,0.12887926231768898
5383248,K00261.01,1,CANDIDATE,1.0,16.23847733,177.37422,2.76,0.42,-0.24,0.025459,0.000265,-0.0020329999999999,0.945,0.04,-0.038,5683,2.6330348372608854,0.11477157582703447,-0.23541184794402076,247,5383248,16.238,0.00026,0.9950871621754362,4.128845072548241e-11,0.9999999999997962,0.00026,0.9997399999997961
5621586,K02415.01,1,CANDIDATE,1.0,5.25419589,22.985737,2.12,0.69,-0.22,0.019706,0.00077,-0.000442,1.027,0.097,-0.087,6123,2.2148910982569845,0.22639159316972654,-0.19409503006876078,2728,5621586,5.254,2.7e-05,0.9950871621754256,0.022034077261221665,0.9998887647460584,2.7e-05,0.9998617677494103
6765135,K02592.01,1,CANDIDATE,0.994,175.603366,12.113426,2.87,0.95,-0.32,0.026036,0.000133,-0.006249,1.177,0.099,-0.09,6225,3.3537769947772467,0.2826131490285091,-0.8448165160749073,2830,6765135,175.603,0.037,0.9950841469392333,0.5283792562329538,0.994465327267908,0.037,0.9576701101589954
9651668,K00183.01,1,CANDIDATE,0.995,2.684328541,2803.75,12.73,1.6,-1.45,0.121923,4.6e-05,-8.499999999999999e-05,0.99,0.046,-0.044,5561,13.21004480068588,0.6138202957785116,-0.5871853287695454,463,9651668,2.684,0.0013,0.9950871621754362,5.1432957615943734e-161,1.0,0.0013,0.9987
7386827,K01704.01,1,CANDIDATE,1.0,10.4188915,36.838640000000005,3.17,0.93,-0.57,0.027287,0.001384,-0.003647,0.851,0.065,-0.059,5692,2.541375311619053,0.2330116410976607,-0.38264289548910696,2587,7386827,10.419,0.025,0.9950871621754362,0.003924494308902974,0.9999805480677724,0.025,0.9749810343660781
9520838,K01866.01,1,CANDIDATE,1.0,105.3035093,29.1751,3.18,0.38,-0.19,0.033268,0.00122,-0.000535,0.908,0.044,-0.041,5534,3.3059478386609613,0.20090315556850666,-0.15846203948172996,2688,9520838,105.304,0.0026,0.9950871621754362,0.041422268775698774,0.9997866572684041,0.0026,0.9971872119595062
7045496,K01939.01,1,CANDIDATE,1.0,13.47472742,29.437103000000004,1.96,0.33,-0.15,0.02444,0.001051,-0.0007099999999999,0.839,0.067,-0.06,5395,2.244122799521772,0.20354104208545,-0.1732217958044434,2389,7045496,13.475,0.0012,0.9950871621754362,0.010774167398051392,0.9999462275809274,0.0012,0.9987462921078304
8750043,K02017.01,1,CANDIDATE,1.0,2.29503515,28.85266,1.18,0.16,-0.08,0.011933,0.00098,-0.000565,0.87,0.037,-0.035,5637,1.1361936268248174,0.10507943293511494,-0.07059272150974272,2090,8750043,2.295,0.00086,0.9950871621754362,0.009886603196967178,0.9999507015264962,0.00086,0.9990907439231834
6226290,K02019.01,1,CANDIDATE,1.0,14.08826442,26.002214,2.66,0.77,-0.26,0.027205,0.00089,-0.000653,0.923,0.08,-0.072,5853,2.7481085727881953,0.2545912583733206,-0.22428935704378214,2126,6226290,14.088,0.00086,0.9950871621754362,0.016961358247424306,0.9999148153502151,0.00086,0.9990548886090139
6922710,K02087.01,1,CANDIDATE,0.997,23.1274171,25.366087,1.44,0.23,-0.13,0.012395,0.002267,-0.001016,1.014,0.042,-0.04,5865,1.3755232697269064,0.2579489173624729,-0.1251269931407922,3224,6922710,23.127,8.3e-06,0.995087162175436,0.020961153654770606,0.9998942971828314,8.3e-06,0.9998859980601649
6383785,K00239.02,2,CANDIDATE,0.997,3.62275506,17.353693,1.62,0.27,-0.24,0.012192,0.000586,-0.000305,1.123,0.058,-0.054,5798,1.4984358877422603,0.10571811396804597,-0.08122067647883603,74,6383785,3.623,0.00039,0.9950871617996708,0.04405223218404328,0.9997724875882361,0.00039,0.9993825763180767
7204981,K02164.01,1,CANDIDATE,1.0,5.123320400000001,21.682825,1.65,0.17,-0.2,0.015347,0.00052,-0.000565,0.819,0.044,-0.041,5356,1.3755958296784545,0.08737276465244316,-0.08548034717436113,2926,7204981,5.123,6.7e-05,0.9950871621753169,0.025989695308799545,0.9998682626444827,6.7e-05,0.9998012714708855
4370527,K02166.01,1,CANDIDATE,0.997,61.6174528,14.842745,3.36,0.41,-0.2,0.033006,0.0017,-0.001277,0.854,0.053,-0.05,5480,3.084851209224767,0.24879282230416316,-0.2164849253610066,2928,4370527,61.617,0.014,0.9950871311225793,0.13010642905518166,0.9992615744767269,0.014,0.9852719124340528
6041734,K02167.01,1,CANDIDATE,1.0,24.3398202,20.40939,5.09,0.85,-1.13,0.031817,0.000198,-0.006305,0.957,0.059,-0.055,5597,3.332380783302919,0.2064885686900035,-0.6875705120323569,2929,6041734,24.34,0.18,0.9950871621742654,0.04010288400852197,0.9997937365753812,0.18,0.8198308639918126
6041734,K02167.03,2,CANDIDATE,0.998,76.53695309999999,12.341184,3.73,0.63,-0.83,0.023329,0.00104,-0.000877,0.957,0.059,-0.055,5597,2.443382823448905,0.18589302822581272,-0.16779756098576631,2930,6041734,76.537,0.024,0.9950841180588603,0.20512979767572598,0.998725105684737,0.024,0.9747557031483033
5125347,K02241.01,1,CANDIDATE,0.984,7.16520428,15.025204,2.31,0.74,-0.27,0.019138,0.0009109999999999,-0.000774,1.156,0.103,-0.093,6174,2.421239999622451,0.24459062638695242,-0.21801674785918826,3326,5125347,7.165,0.062,0.9950871341121537,0.06180922219751469,0.9996747360613285,0.062,0.9376949024255261
9336200,K02242.01,1,CANDIDATE,0.999,1.755843555,22.947691,1.94,0.44,-0.17,0.021444,0.000875,-0.003627,0.821,0.072,-0.065,5569,1.9267812494966021,0.18636954870874134,-0.35982815139432983,3327,9336200,1.756,3.3e-05,0.9950871621754248,0.021060276181429603,0.9998937865746222,3.3e-05,0.9998607900796653
10730703,K02327.01,1,CANDIDATE,1.0,5.60013327,20.543076,1.73,0.2,-0.22,0.01622,0.0007559999999999,-0.000491,0.91,0.049,-0.046,5279,1.6153837056380569,0.11504230145931373,-0.0951788238514045,3028,10730703,5.6,5.9e-05,0.995087162174445,0.030262973672070283,0.9998459261528769,5.9e-05,0.9997869352432339
7107802,K02420.01,1,CANDIDATE,0.996,10.41728722,17.48328,1.64,0.24,-0.26,0.013087,0.000594,-0.000396,1.07,0.051,-0.048,5559,1.5325241808771708,0.10086681268048665,-0.08292658233488855,2733,7107802,10.417,4.8e-05,0.9950871618887565,0.0476547381959241,0.999752951061167,4.8e-05,0.999704962919516
7107802,K02420.02,2,CANDIDATE,0.991,5.4675514000000005,8.626607,1.07,0.15,-0.17,0.008485,0.000595,-0.000539,1.07,0.051,-0.048,5559,0.9936171524981122,0.08424768530244645,-0.07727048485604564,2734,7107802,5.468,0.00088,0.9909607593468738,0.1294944308369163,0.9986430775473698,0.00088,0.9977642716391282
8110767,K02504.01,1,CANDIDATE,0.96,20.49041,17.465052,2.34,0.67,-0.22,0.023227,0.001089,-0.000701,0.821,0.073,-0.066,5681,2.086986946561163,0.20978380933214663,-0.17920609533887102,3130,8110767,20.49,0.00014,0.9950871618916475,0.054929254151220325,0.9997130470380231,0.00014,0.9995730872114378
6767840,K02506.01,1,CANDIDATE,1.0,8.679037,17.404188,1.79,0.59,-0.25,0.015997,0.000704,-0.000528,0.885,0.072,-0.065,6117,1.5494061346117542,0.1433139024323246,-0.12476107926948277,3132,6767840,8.679,8.8e-05,0.9950871618408159,0.046976554793307986,0.9997566401591985,8.8e-05,0.9996686615748646
12120307,K02597.01,1,CANDIDATE,0.996,8.00504749,13.853771,1.52,0.51,-0.17,0.012616,0.000574,-0.000552,1.017,0.052,-0.049,6398,1.4041906887742257,0.09610661427700982,-0.09138909226292065,2837,12120307,8.005,0.00059,0.9950869153893513,0.07216465959570102,0.9996159861529572,0.00059,0.999026212721127
12120307,K02597.02,3,CANDIDATE,0.969,12.13070414,11.730205,1.61,0.54,-0.18,0.013392,0.000662,-0.0005099999999999,1.017,0.052,-0.049,6398,1.4905613272086582,0.10600739802390803,-0.0915412617267863,2871,12120307,12.131,0.00096,0.9950746023976366,0.09841024801264862,0.9994597223370476,0.00096,0.9985002410036041
12120307,K02597.03,2,CANDIDATE,0.999,5.61357653,12.560768,1.41,0.48,-0.16,0.0117489999999999,0.000598,-0.000454,1.017,0.052,-0.049,6398,1.3076915347501774,0.09434391781788111,-0.08076595189362695,2872,12120307,5.614,0.00011,0.9950844029551356,0.08171810906256492,0.9995603990279239,0.00011,0.9994504473840308
7761545,K01472.01,1,CANDIDATE,0.936,85.3514875,143.4172,6.31,0.86,-0.36,0.06161,0.000734,-0.000302,0.963,0.049,-0.046,5584,6.49323246775107,0.3393284008104231,-0.3117936068078483,1503,7761545,85.351,1.7e-06,0.9950871621754362,9.82252634873194e-09,0.9999999999515052,1.7e-06,0.9999982999515054
5088591,K01801.01,1,CANDIDATE,1.0,14.5324483,65.03483,3.11,0.5,-0.37,0.033083,0.0018899999999999,-0.001416,0.727,0.055,-0.05,5345,2.6322234353290965,0.249536440700857,-0.21322752515482896,2328,5088591,14.532,0.00099,0.9950871621754362,0.0001030865792686284,0.9999994909995039,0.00099,0.9990094915034143
11298298,K01802.01,1,CANDIDATE,1.0,5.248667607,94.72536,2.84,0.43,-0.2,0.0256899999999999,0.000104,-0.002966,0.995,0.042,-0.04,5812,2.7975035135602715,0.11862739876190026,-0.3420012717639615,2329,11298298,5.249,0.023,0.9950871621754362,1.8220848515692012e-06,0.9999999910041814,0.023,0.9769999912110852
2438513,K01944.01,1,CANDIDATE,1.0,12.18420006,25.758984,2.59,0.39,-0.29,0.022196,0.005909,-0.0019089999999999,0.893,0.039,-0.037,5771,2.1692501226403222,0.585215125220405,-0.2070905748265424,2428,2438513,12.184,0.029,0.9950871621754362,0.017029448407345094,0.9999144674581188,0.029,0.9709169479018334
8564674,K02022.01,1,CANDIDATE,1.0,5.92972237,30.503193,1.92,0.29,-0.1,0.018387,0.0016589999999999,-0.001227,0.986,0.048,-0.045,5739,1.9841351304744526,0.2034175575929644,-0.16040924285465166,2129,8564674,5.93,0.0025,0.9950871621754362,0.008407323597660443,0.9999581403340829,0.0025,0.9974582449832478
8564674,K02022.02,2,CANDIDATE,1.0,12.2476121,23.213758,1.9,0.28,-0.1,0.018189,0.001951,-0.001605,0.986,0.048,-0.045,5739,1.9627690155109487,0.23120023158371564,-0.19498938633247895,2130,8564674,12.248,0.00016,0.9950871621754296,0.023649261958408045,0.9998804132570264,0.00016,0.9997204323909052
8578780,K02023.01,1,CANDIDATE,0.999,13.59051547,22.137232,2.4,0.61,-0.33,0.022536,0.0008119999999999,-0.000696,0.958,0.075,-0.068,5442,2.362793670022653,0.2036294572939279,-0.18290142607095478,2131,8578780,13.591,0.031,0.9950871621753867,0.027666116891041575,0.9998595233660453,0.031,0.9688638781416979
9458343,K02246.01,1,CANDIDATE,1.0,11.89520436,19.004755,1.33,0.2,-0.13,0.012286,0.000593,-0.000328,0.941,0.041,-0.039,5649,1.2652711046753082,0.08227221241735665,-0.06237726433722851,3366,9458343,11.895,4.9e-05,0.9950871621586016,0.040192822087256254,0.999793254620007,4.9e-05,0.9997442647505307
11360805,K02422.01,1,CANDIDATE,1.0,26.7838935,18.662968,1.59,0.12,-0.08,0.017057,0.001005,-0.0004639999999999,0.785,0.035,-0.033,5243,1.4653985647652905,0.10827587382973548,-0.07337550520685601,2737,11360805,26.784,0.00048,0.9950871621456585,0.05164255342920781,0.9997311519095149,0.00048,0.9992512809565983
11360805,K02422.02,2,CANDIDATE,0.852,57.3888262,7.999897,1.88,0.14,-0.1,0.020101,0.004406,-0.00359,0.785,0.035,-0.033,5243,1.7269142610275612,0.3862791619010562,-0.3168522300775872,2772,11360805,57.389,0.017,0.9846105704541733,0.25620608092636293,0.9946161266167923,0.017,0.9777076524643068
9845898,K02423.01,1,CANDIDATE,1.0,45.126216,16.393923,2.32,0.76,-0.25,0.018205,0.000491,-0.001055,1.137,0.094,-0.085,6499,2.265346311744903,0.19699859810559223,-0.2142772172633905,2773,9845898,45.126,0.0026,0.9950871603089214,0.08750990918791038,0.9995265211907194,0.0026,0.9969277522356235
10068659,K02602.01,1,CANDIDATE,0.993,11.47685263,14.501732,1.58,0.21,-0.18,0.01398,0.000849,-0.0004849999999999,0.935,0.049,-0.046,5550,1.43054735244148,0.11475200069345783,-0.08611839659785918,2877,10068659,11.477,0.0028,0.9950870892986693,0.06990449872758511,0.9996289304130358,0.0028,0.9968299694078793
9455556,K01396.01,1,CANDIDATE,1.0,6.62643441,32.735558000000005,2.54,0.31,-0.12,0.025799,0.000709,-0.000495,0.935,0.062,-0.057,5623,2.639963601261641,0.1894949691260672,-0.16872171311918122,1814,9455556,6.626,3e-06,0.9950871621754362,0.006348300758319382,0.9999684576084196,3e-06,0.9999654577030468
9455556,K01396.02,2,CANDIDATE,0.992,3.70122061,15.119538,1.62,0.19,-0.08,0.016399,0.000707,-0.000634,0.935,0.062,-0.057,5623,1.6780791153567833,0.13272444363772654,-0.12113708142690544,1815,9455556,3.701,1.4e-05,0.9950871382670192,0.05825298243316808,0.9996946082220368,1.4e-05,0.9996806124975217
9269281,K01398.01,1,CANDIDATE,1.0,5.82348911,33.193825,3.0,0.87,-0.28,0.031846,0.001411,-0.004256,0.725,0.064,-0.058,5774,2.52683191149635,0.2495780424833186,-0.3935737903593917,1817,9269281,5.823,0.00011,0.9950871621754362,0.005910249997764557,0.9999706470631397,0.00011,0.9998606502919627
12406749,K01476.01,1,CANDIDATE,0.999,56.35879870000001,39.809235,5.04,0.96,-0.52,0.056204,0.000786,-0.0027559999999999,0.728,0.061,-0.055,5446,4.477979077271582,0.38040532300596847,-0.4033218836219877,1509,12406749,56.359,0.035,0.9950871621754362,0.005197694334670613,0.999974204422356,0.035,0.9649751072675735
11923284,K02026.01,1,CANDIDATE,1.0,2.757977384,32.95179,1.69,0.25,-0.13,0.015478,0.000212,-0.002304,1.001,0.043,-0.04,5919,1.6956350120500878,0.07645248626069781,-0.2613426578954631,2136,11923284,2.758,6.5e-05,0.9950871621754362,0.005833893897939084,0.9999710285068808,6.5e-05,0.9999060303900279
7918992,K02095.01,1,CANDIDATE,0.998,1.434745129,20.247503,1.5,0.23,-0.13,0.012886,0.000463,-0.0003779999999999,1.041,0.051,-0.049,5808,1.4680887550654416,0.08919350588196814,-0.08142388260594614,3270,7918992,1.435,2.9e-06,0.9950871621736876,0.029619953984569198,0.9998492998006366,2.9e-06,0.9998464002376671
11410904,K02171.01,1,CANDIDATE,0.996,3.53232429,18.387432,1.43,0.21,-0.07,0.013699,0.000608,-0.0009699999999999,0.979,0.05,-0.047,5775,1.4677598822835387,0.09931253927697872,-0.12556486252064683,2971,11410904,3.532,0.00012,0.9950871621204211,0.03862925208704048,0.999801620539057,0.00012,0.9996816443445923
4173026,K02172.01,1,CANDIDATE,1.0,10.44087398,25.988503,3.41,0.98,-0.49,0.031855,0.003781,-0.005949,0.809,0.063,-0.057,5738,2.820392730855147,0.4003828607301218,-0.5629543786612664,2972,4173026,10.441,0.053,0.9950871621754362,0.016122468948789374,0.9999190975243781,0.053,0.9469233853555861
4173026,K02172.02,2,CANDIDATE,0.991,116.583183,14.992003,2.91,0.83,-0.42,0.027148,0.000712,-0.003215,0.809,0.063,-0.057,5738,2.4036421866977093,0.19751127611306765,-0.33122069750648225,2973,4173026,116.583,0.021,0.9950871436711322,0.24648024564430035,0.9983850450037917,0.021,0.977418959058712
8099138,K02338.01,1,CANDIDATE,0.998,66.18436460000001,18.156345,2.72,0.37,-0.21,0.025433,0.001447,-0.004219,0.96,0.048,-0.045,5641,2.6720973722627734,0.20239252735646418,-0.4606226933723559,3072,8099138,66.184,0.0031,0.9950871621111465,0.09382708700879626,0.9994888027987483,0.0031,0.9963903875100721
8681734,K02340.01,1,CANDIDATE,1.0,7.68478504,17.893642,1.47,0.13,-0.11,0.014831,0.000701,-0.0005269999999999,0.889,0.041,-0.039,5344,1.4429645161559275,0.09529079789995833,-0.0814626871538556,3074,8681734,7.685,0.003,0.9950871620401447,0.04357234539312758,0.9997750789359986,0.003,0.9967757536991906
7047363,K02432.01,1,CANDIDATE,1.0,31.0572947,12.803437,1.85,0.34,-0.14,0.023111,0.0008869999999999,-0.001402,0.757,0.066,-0.06,5395,1.914688252564183,0.18239320702703465,-0.19110733785821926,2781,7047363,31.057,0.037,0.9950855897401971,0.11113933788984479,0.9993824884418806,0.037,0.962405336369531
8947520,K02517.01,1,CANDIDATE,0.98,0.968527683,16.33386,1.21,0.16,-0.05,0.012523,0.000132,-0.002737,0.987,0.053,-0.05,5592,1.3527233569877923,0.07402484402984545,-0.3034862064951315,3175,8947520,0.969,0.00026,0.9950871596441927,0.048232463140825146,0.9997498041608185,0.00026,0.9994898692117367
5095635,K02607.01,1,CANDIDATE,1.0,0.7544577290000001,21.0376,2.07,0.32,-0.4,0.01586,0.000356,-0.001566,0.949,0.045,-0.042,5561,1.647224719670274,0.08641793096621231,-0.17823607377305317,2881,5095635,0.754,0.069,0.9950871621750326,0.026521228300326383,0.9998654949924003,0.069,0.9308747758379248
9597806,K01481.01,1,CANDIDATE,1.0,5.101375725,45.956264,2.84,0.88,-0.3,0.027246,0.000643,-0.000359,0.859,0.07,-0.063,5869,2.561411598571608,0.21730656536279686,-0.19086434747767309,1548,9597806,5.101,1.4e-05,0.9950871621754362,0.0010993166602632743,0.9999945665984251,1.4e-05,0.9999805666744928
7898352,K01486.01,1,CANDIDATE,1.0,127.2824442,116.552216,12.04,1.87,-2.06,0.093207,0.000529,-0.001037,1.08,0.07,-0.065,5733,11.016806992826577,0.716784650612839,-0.6742825320433361,1553,7898352,127.282,0.29,0.9950871621754362,6.183896547111809e-07,0.9999999969469509,0.29,0.709999997832335
8240797,K01809.01,1,CANDIDATE,0.371,13.09390911,54.010967,2.2,0.34,-0.12,0.021118,6e-06,-0.002473,0.993,0.042,-0.04,5772,2.295014795463126,0.0970723022117982,-0.2842110503000252,2375,8240797,13.094,0.0069,0.9950871621754362,0.0004292956302998304,0.9999978796172941,0.0069,0.9930978942479348
8240797,K01809.02,2,CANDIDATE,0.404,4.915385452,52.813473,1.46,0.23,-0.08,0.0140069999999999,0.002007,-0.000334,0.993,0.042,-0.04,5772,1.5222214338503541,0.227416480579662,-0.0712560932994546,2376,8240797,4.915,0.00018,0.9950871621754362,0.000445725232059714,0.9999977984317995,0.00018,0.9998177988280817
4035640,K01881.01,1,CANDIDATE,1.0,28.26727385,35.768566,2.93,0.16,-0.26,0.030268,0.001199,-0.000528,0.747,0.034,-0.032,5132,2.4745018495469417,0.14930957351044502,-0.11445459855728335,2075,4035640,28.267,0.0041,0.9950871621754362,0.005853761637215315,0.9999709292614478,0.0041,0.9958710484514759
3120355,K02099.01,1,CANDIDATE,0.995,78.0998908,20.047245,3.37,0.57,-0.56,0.024047,0.000204,-0.00141,1.165,0.076,-0.07,5779,3.065986825682733,0.20169696960465483,-0.2574039974489244,3275,3120355,78.1,0.003,0.9950871621736214,0.08773368993425802,0.9995251941473099,0.003,0.9965266185648679
7620413,K02103.01,1,CANDIDATE,0.999,2.543063763,22.322142000000003,1.26,0.18,-0.14,0.011173,0.0004309999999999,-0.00031,1.211,0.059,-0.056,5580,1.4808033817486788,0.09202077275022645,-0.07985642763182343,3312,7620413,2.543,7.1e-07,0.9950871621753996,0.02308035973722555,0.9998833579785741,7.1e-07,0.9998826480613899
7672097,K02255.01,1,CANDIDATE,0.996,7.97033985,20.173883,1.81,0.44,-0.15,0.0202259999999999,0.000869,-0.000551,0.729,0.063,-0.057,5774,1.6136932667065111,0.15573872416439674,-0.1336124594260493,2717,7672097,7.97,0.00013,0.9950871621734877,0.0328008652564293,0.9998325671361361,0.00013,0.9997025889024085
5629538,K02345.01,1,CANDIDATE,0.991,15.18727049,17.602406,1.94,0.58,-0.25,0.017654,0.0019489999999999,-0.002025,0.992,0.079,-0.071,6136,1.9166298605587713,0.26090258824389867,-0.25913405895948183,3113,5629538,15.187,0.0011,0.9950871619504452,0.0501727199522337,0.9997392079600739,0.0011,0.9986394948313178
8561231,K02346.01,1,CANDIDATE,0.999,28.6853212,18.835445,2.69,0.64,-0.23,0.029427,4.9e-05,-0.005577,0.889,0.079,-0.071,5726,2.8630649866442233,0.25446775977788755,-0.5888189948323906,3114,8561231,28.685,0.0083,0.9950871621540057,0.05189655242422822,0.9997297572269316,0.0083,0.9914320002419481
6941084,K02348.01,1,CANDIDATE,0.99,85.7357202,16.812538,2.94,0.98,-0.39,0.025021,0.001099,-0.000856,0.922,0.075,-0.068,6096,2.524753829505412,0.23340297392216866,-0.20526532686387322,3116,6941084,85.736,0.0011,0.9950871614576746,0.14113301982812404,0.9991887137854488,0.0011,0.9980896062002849
5807769,K02614.01,1,CANDIDATE,0.999,7.99022379,14.412554,1.97,0.31,-0.46,0.011686,0.000587,-0.000516,1.207,0.058,-0.055,5689,1.5436776194626227,0.10730781532076555,-0.09794872854610072,2923,5807769,7.99,0.00034,0.9950870748368923,0.06739312102690993,0.9996432236827055,0.00034,0.9993033449866534
9271752,K01406.01,1,CANDIDATE,1.0,11.36113254,47.52569,2.6,0.86,-0.29,0.023554,0.002479,-0.001558,1.01,0.078,-0.071,6244,2.6035714475836893,0.33987489635757123,-0.25130803302581345,1860,9271752,11.361,4.7e-05,0.9950871621754362,0.0009804896273193264,0.9999951544805805,4.7e-05,0.9999481547083199
9391208,K01409.01,1,CANDIDATE,1.0,16.56062577,25.015602,2.94,0.68,-0.46,0.031445,0.0017739999999999,-0.007281,0.845,0.067,-0.061,5818,2.907982332698842,0.28298203112774434,-0.7053004239032846,1862,9391208,16.561,0.013,0.995087162175436,0.019957838898506972,0.9998994597274835,0.013,0.9869007667510262
9391506,K01410.01,1,CANDIDATE,1.0,15.74958583,36.716682,2.77,0.89,-0.3,0.024707,0.003402,-0.00113,0.862,0.07,-0.063,6191,2.3308307377611377,0.3725982182362853,-0.20095661217319225,1863,9391506,15.75,1.2e-05,0.9950871621754362,0.004309808977719863,0.9999786299716904,1.2e-05,0.9999666302281307
9425139,K01411.01,1,CANDIDATE,0.995,305.07624689999994,142.38934,7.82,1.25,-0.84,0.061965,0.003433,-0.003427,1.174,0.051,-0.048,5716,7.961556960577648,0.5605155897223577,-0.5475758636318074,1864,9425139,305.076,0.11,0.9950871621754362,2.8032772108009466e-07,0.9999999986159956,0.11,0.8899999987682361
7898352,K01486.02,2,CANDIDATE,1.0,30.1837021,29.342370000000003,3.65,0.57,-0.62,0.028292,0.000897,-0.000436,1.08,0.07,-0.065,5733,3.3440353561540404,0.24128488577238116,-0.20775441573201547,1554,7898352,30.184,4.8e-05,0.9950871621754362,0.013887379119355043,0.9999304711447217,4.8e-05,0.9998824744821067
12019440,K00186.01,1,CANDIDATE,0.998,3.24325988,1636.7843,12.91,2.11,-0.91,0.1166869999999999,2.8000000000000003e-05,-0.000205,1.071,0.055,-0.052,5823,13.677143414752694,0.7023819793081293,-0.6644975680777122,466,12019440,3.243,0.0078,0.9950871621754362,1.918395746984976e-94,1.0,0.0078,0.9922
9401997,K01633.01,1,CANDIDATE,0.977,32.2964275,13.979327,1.9,0.14,-0.16,0.019489,0.001049,-0.000712,0.875,0.042,-0.04,5251,1.8662983163698714,0.1345956424790911,-0.10921413442360607,2283,9401997,32.296,0.056,0.9950869864450631,0.09838921166537541,0.9994612152474013,0.056,0.9434913871935467
6849046,K00201.01,1,CANDIDATE,0.998,4.2253845430000005,1401.7281,9.0,1.42,-0.77,0.078185,0.000381,-4.7e-05,0.998,0.043,-0.041,5574,8.539598208375283,0.37028439688237497,-0.3508627329305354,530,6849046,4.225,0.00068,0.9950871621754362,4.985142810315517e-81,1.0,0.00068,0.99932
9455325,K01813.01,1,CANDIDATE,1.0,9.76785911,55.311665000000005,2.54,0.23,-0.15,0.0273269999999999,0.00035,-0.004763,0.831,0.035,-0.033,5371,2.4852863596306225,0.10940796693176835,-0.444277472468216,2380,9455325,9.768,0.011,0.9950871621754362,0.000344709284019332,0.9999982975513703,0.011,0.9889983162783051
4851530,K01884.02,2,CANDIDATE,0.989,4.77502117,14.301238,1.73,0.24,-0.22,0.019883,0.000425,-0.001437,0.805,0.067,-0.06,5275,1.7517061250157315,0.15052542715046266,-0.18186302287500652,2079,4851530,4.775,0.0014,0.9950870532370023,0.06538440431180366,0.999654600161609,0.0014,0.9982550837213828
11413812,K01885.01,1,CANDIDATE,1.0,5.65378163,32.973896,1.82,0.58,-0.15,0.017893,0.000205,-0.0006799999999999,1.179,0.09,-0.082,5988,2.3087686820255473,0.17821584161963405,-0.18298426880335542,2080,11413812,5.654,0.0013,0.9950871621754362,0.0060674050111362045,0.9999698617967387,0.0013,0.9986699009764031
9836149,K01958.01,1,CANDIDATE,1.0,17.815968899999998,29.285742,3.12,0.46,-0.21,0.030625,3.6e-05,-0.005214,1.044,0.059,-0.055,5964,3.4991297901459855,0.19779053078451028,-0.6236063584068522,2516,9836149,17.816,0.0057,0.9950871621754362,0.01170046505099457,0.9999415498220853,0.0057,0.9942418829880993
6949061,K01960.01,1,CANDIDATE,1.0,8.96847034,32.74615,2.17,0.35,-0.39,0.014445,0.002407,-0.000509,1.233,0.059,-0.056,5808,1.9492344504310344,0.3379319198967199,-0.11204994743142149,2518,6949061,8.968,0.00013,0.9950871621754362,0.006559162401330353,0.9999674029964342,0.00013,0.9998374072340447
3657758,K02034.01,1,CANDIDATE,1.0,3.609313059,38.35937,3.26,0.92,-0.31,0.034342,0.000537,-0.001398,0.971,0.086,-0.077,5668,3.6494571557072737,0.3282257566477154,-0.3253055805455451,2351,3657758,3.609,5.1e-05,0.9950871621754362,0.002912015316149299,0.999985581121684,5.1e-05,0.9999345818570468
3657758,K02034.02,2,CANDIDATE,1.0,2.3702932,9.094969,1.29,0.37,-0.12,0.013622,0.00158,-0.001246,0.971,0.086,-0.077,5668,1.44758329086962,0.21125685610104256,-0.17524216132397746,2352,3657758,2.37,0.0041,0.9933318756633996,0.11793975682015248,0.9991024238638415,0.0041,0.9950061039259998
9790806,K02035.01,1,CANDIDATE,1.0,1.93155546,69.970215,2.25,0.26,-0.09,0.023982,0.005646,-0.004281,0.861,0.037,-0.035,5470,2.2598104142650386,0.5408098530970802,-0.41372356014255524,2353,9790806,1.932,1.0,0.9950871621754362,4.483216569652387e-05,0.9999997786495066,1.0,0.0
7620413,K02103.02,2,CANDIDATE,0.994,3.66520844,8.112807,0.82,0.12,-0.09,0.007315,0.00044,-0.000596,1.211,0.059,-0.056,5580,0.9694868645387618,0.07504424882125423,-0.09082597185079891,3313,7620413,3.665,0.00072,0.9843494836367621,0.13418907041802833,0.9975358142960078,0.00072,0.9968175885097146
10854546,K02104.01,1,CANDIDATE,1.0,2.168451063,37.689274,2.41,0.8,-0.34,0.019923,0.0004509999999999,-0.000561,0.823,0.067,-0.06,6153,1.7944775351277373,0.15163009962297916,-0.14024379443571539,3314,10854546,2.168,0.00086,0.9950871621754362,0.0031129350775140475,0.9999845831585122,0.00086,0.9991245964169959
8165946,K02105.01,1,CANDIDATE,1.0,6.42199919,21.660759,1.25,0.2,-0.07,0.011701,0.000348,-0.000429,1.019,0.046,-0.043,5985,1.304910179382708,0.07054191445279491,-0.07294559449682424,3315,8165946,6.422,5.9e-05,0.9950871621753126,0.026549869785867715,0.99986534577254,5.9e-05,0.9998063537171394
12017109,K02106.01,1,CANDIDATE,1.0,9.75374033,17.274105,1.87,0.48,-0.17,0.019066,0.000712,-0.0009029999999999,0.819,0.07,-0.063,5806,1.7089405153221744,0.15939667630503243,-0.1543760749190389,3316,12017109,9.754,0.0046,0.9950871617512689,0.04846678599046674,0.9997485268562107,0.0046,0.9951496836326721
7286911,K02180.01,1,CANDIDATE,0.99,11.55562042,18.907585,2.11,0.25,-0.09,0.022688,0.000572,-0.0036969999999999,0.832,0.042,-0.04,5431,2.065870030707274,0.11656947112154954,-0.35097882510041395,3019,7286911,11.556,0.034,0.9950871621552386,0.04049433695313116,0.9997916382211363,0.034,0.9657987225216176
6962109,K02182.01,1,CANDIDATE,0.969,17.13263125,22.876215,2.31,0.51,-0.22,0.026597,0.000837,-0.000905,0.754,0.064,-0.058,5477,2.1947621140510947,0.19868435322707337,-0.18460748400522653,3021,6962109,17.133,0.00029,0.9950871621754239,0.026475861793286405,0.9998657313303466,0.00029,0.9995757702682608
5706595,K02183.01,1,CANDIDATE,1.0,19.0231361,18.81096,2.04,0.27,-0.15,0.019553,0.0039049999999999,-0.001538,1.058,0.06,-0.056,5570,2.26403180559401,0.47003412464119043,-0.2146497126753635,3022,5706595,19.023,0.00094,0.9950871621520403,0.0455062439804271,0.9997646201910454,0.00094,0.9988248414480657
8126558,K02259.01,1,CANDIDATE,1.0,12.19140405,15.443105,2.46,0.67,-0.41,0.023339,0.001287,-0.000725,0.942,0.08,-0.073,5516,2.4061162293292218,0.24363879652477266,-0.20088393683352512,2722,8126558,12.191,0.12,0.9950871495513636,0.0629004631321126,0.9996686091247367,0.12,0.8797083760297683
1872821,K02351.01,1,CANDIDATE,1.0,10.27380957,17.77157,1.68,0.16,-0.08,0.017115,0.000889,-0.0004759999999999,0.862,0.042,-0.04,5806,1.6146099517052601,0.11499000537118456,-0.0873503107017357,3118,1872821,10.274,0.00057,0.9950871620075894,0.045874515910035586,0.9997626237207061,0.00057,0.9991927590251853
7215678,K02354.01,1,CANDIDATE,1.0,1.151244686,30.30411,40.32,12.6,-4.21,0.400856,7.628475,-0.117362,1.15,0.09,-0.082,6086,50.450989032217464,960.1137638513458,-15.202711646603563,3123,7215678,1.151,1.0,0.9950871621754362,0.008049995238667099,0.9999599338931972,1.0,0.0
6438099,K02976.01,1,CANDIDATE,0.989,21.61313362,12.131297,1.94,0.23,-0.1,0.028166,0.015735,-0.002554,0.936,0.083,-0.075,5267,2.885256840422854,1.6320346575712306,-0.3491374615167965,3900,6438099,21.613,0.13,0.9950814452933704,0.10630714636994244,0.9994120328626025,0.13,0.8694884685904641
5768816,K03288.01,1,CANDIDATE,0.834,47.9869119,24.939644,3.35,0.88,-0.47,0.031301,7.099999999999999e-05,-0.004768,0.818,0.036,-0.034,5641,2.8021731787377298,0.12348671715556626,-0.44245302265601133,3659,5768816,47.987,0.0054,0.995087162175436,0.03154908623586602,0.9998391650321286,0.0054,0.9944400335409551
9785921,K03372.01,1,CANDIDATE,0.994,26.757586600000003,11.109822,2.28,0.72,-0.28,0.01988,0.00056,-0.001163,1.117,0.101,-0.091,6215,2.430261510823055,0.23016268886719116,-0.24374733437006868,4101,9785921,26.758,0.0021,0.9950498297149779,0.12786883148366324,0.9992706126988659,0.0021,0.9971721444121983
6947668,K03455.01,1,CANDIDATE,1.0,14.0545718,10.198106,1.45,0.43,-0.13,0.015078,0.001019,-0.000795,0.739,0.065,-0.059,5783,1.2194714383652152,0.1352662377734571,-0.1166751755815162,4513,6947668,14.055,0.00027,0.9948722760826689,0.12068087702431161,0.999292625752123,0.00027,0.99902281674317
3656121,K00386.01,1,CANDIDATE,1.0,31.158824900000003,63.95907,3.56,0.57,-0.46,0.02825,0.000627,-0.000266,1.035,0.046,-0.044,5951,3.1999431121004274,0.15896707131922624,-0.13933305013809572,472,3656121,31.159,0.0018,0.9950871621754362,0.00015144035792133482,0.9999992522116294,0.0018,0.9981992535576485
8264402,K04037.01,1,CANDIDATE,0.964,215.956008,16.39341,3.36,0.58,-0.43,0.023402,0.000107,-0.0049549999999999,1.238,0.055,-0.052,6158,3.1707140374402214,0.14160775762824,-0.6844305923831505,5394,8264402,215.956,0.44,0.9950871612898777,0.5353662619260318,0.9943113182151052,0.44,0.556814338200459
6029239,K00304.02,2,CANDIDATE,0.786,5.518195,7.5584307,0.46,0.06,-0.02,0.004772,0.002048,-0.001096,0.927,0.04,-0.038,5767,0.48413181644852754,0.20882247020312147,-0.11294921915284205,82,6029239,5.518,0.92,0.9657974346401544,0.14620284366015757,0.9939357967369759,0.92,0.07951486373895802
3328080,K03075.01,1,CANDIDATE,0.983,4.76559056,13.615041,0.92,0.28,-0.23,0.007495,0.000411,-0.000325,0.86,0.036,-0.035,5702,0.7054293811351623,0.048666174706111946,-0.04195131467669555,3643,3328080,4.766,0.086,0.9950867720433397,0.07109770242021267,0.9996220872968148,0.086,0.9136545877892888
6779726,K03375.01,1,CANDIDATE,0.999,47.056332700000006,14.08191,2.57,0.75,-0.32,0.025508,0.001317,-0.001738,0.727,0.065,-0.058,5889,2.0295243898187767,0.20953923524964913,-0.2129287369989087,4106,6779726,47.056,0.016,0.9950870260275215,0.11784394508930929,0.9993404537534442,0.016,0.983351006493389
7175184,K00369.01,1,CANDIDATE,1.0,5.88527364,31.504015000000003,1.59,0.29,-0.31,0.010194,0.0018739999999999,-0.000441,1.178,0.049,-0.047,6070,1.3142360483891264,0.24770830250370207,-0.07734312906283385,408,7175184,5.885,0.0072,0.9950871621754362,0.007374672966199749,0.9999633200513789,0.0072,0.9927635841470089
3656121,K00386.02,2,CANDIDATE,0.973,76.7324556,28.179665000000004,3.08,0.49,-0.4,0.024437,0.000263,-0.000972,1.035,0.046,-0.044,5951,2.7680357462087843,0.12657937884329407,-0.1611507286898877,473,3656121,76.732,0.0094,0.9950871621754362,0.031402789586001074,0.9998399350217273,0.0094,0.9904414396325231
8360640,K02982.01,1,CANDIDATE,0.999,4.0223109,14.053957999999998,1.37,0.31,-0.13,0.015181,0.006581,-0.001666,0.874,0.065,-0.059,5516,1.4520957975396425,0.638683396554402,-0.18709185532362343,3940,8360640,4.022,0.17,0.9950869890920377,0.06670693061336819,0.999647109800151,0.17,0.8297071011341253
7106173,K03083.01,1,CANDIDATE,0.963,10.18318233,9.234554,0.79,0.13,-0.05,0.0066489999999999,0.000303,-0.000487,1.134,0.048,-0.046,5843,0.8251878848162473,0.05132348617254755,-0.06909028735870971,3649,7106173,10.183,0.0022,0.9937779256544382,0.1282813270038063,0.9990786323810743,0.0022,0.9968806593898359
7106173,K03083.02,3,CANDIDATE,0.979,6.2321233,7.3527875,0.61,0.1,-0.04,0.005154,0.000245,-0.000701,1.134,0.048,-0.046,5843,0.639647820475711,0.04071359346383069,-0.09078588897189536,3650,7106173,6.232,0.018,0.9528654930315724,0.15092987404366606,0.9912069606274188,0.018,0.9733652353361252
5985713,K03190.01,1,CANDIDATE,1.0,8.95294046,11.1392765,0.86,0.14,-0.15,0.006519,0.001586,-0.000526,1.183,0.051,-0.048,6047,0.8440130881732948,0.20853785314212472,-0.07622677924449267,4047,5985713,8.953,0.67,0.9950489591131593,0.10120020917420118,0.999439764647519,0.67,0.32981512233368127
9881662,K00327.01,1,CANDIDATE,1.0,3.254277742,46.75412,1.38,0.22,-0.12,0.0116189999999999,0.000192,-0.000248,1.187,0.051,-0.049,5945,1.5093950670305687,0.06948293250674113,-0.07014489009046028,214,9881662,3.254,1.3e-07,0.9950871621754362,0.0009636685600779546,0.9999952376894458,1.3e-07,0.9999951076900648
10337258,K00333.01,1,CANDIDATE,1.0,13.28536452,41.983013,4.03,0.94,-1.24,0.019435,0.002643,-0.001572,1.238,0.053,-0.05,6534,2.6332290965580167,0.37542257875126395,-0.2380641761858797,224,10337258,13.285,0.00023,0.9950871621754362,0.0020862353209496667,0.9999896785292639,0.00023,0.9997596809032022
12735740,K03663.01,1,CANDIDATE,0.963,282.5253558,471.11786,8.98,1.31,-0.47,0.090074,0.00018,-0.000458,0.954,0.042,-0.039,5725,9.404404045620439,0.4144566742667001,-0.3874191923644605,4617,12735740,282.525,0.00081,0.9950871621754362,3.5676994907394467e-26,1.0,0.00081,0.99919
9467404,K02717.01,1,CANDIDATE,1.0,0.929906166,35.40818,1.48,0.24,-0.28,0.009563,0.000229,-0.000109,1.234,0.053,-0.05,6039,1.2914951248112256,0.06350840545773448,-0.054360695669190696,3406,9467404,0.93,0.00011,0.9950871621754362,0.0041207237149064645,0.9999795714234304,0.00011,0.9998695736705738
6587105,K02721.01,1,CANDIDATE,1.0,33.878639,24.357214000000003,3.52,0.49,-0.5,0.030037,6.7e-05,-0.005548,0.931,0.048,-0.045,5528,3.0604810247136927,0.15793824875860532,-0.5843228309302265,3444,6587105,33.879,0.00036,0.9950871621754356,0.027811199888562628,0.9998587656232946,0.00036,0.9994988164676701
7673192,K02722.01,1,CANDIDATE,0.98,6.12479773,27.188307,1.51,0.26,-0.24,0.011473,0.002307,-0.0010689999999999,1.105,0.048,-0.045,6052,1.3874672068493583,0.2854287702338642,-0.14108621630211068,3445,7673192,6.125,2.3e-06,0.9950871621754362,0.01297061983738033,0.9999351213274966,2.3e-06,0.9999328214767176
6636320,K02989.01,1,CANDIDATE,1.0,6.33125228,14.56336,1.31,0.23,-0.1,0.015805,0.000909,-0.000654,0.798,0.065,-0.059,5383,1.3803233895985403,0.13763486071412714,-0.11695019496640216,3946,6636320,6.331,0.0016,0.9950870957095438,0.06467677059424422,0.9996585997650942,0.0016,0.99805914600547
7106173,K03083.03,2,CANDIDATE,0.673,8.2942929,7.573117699999999,0.65,0.1,-0.04,0.005482,0.000433,-0.000315,1.134,0.048,-0.046,5843,0.680354938270828,0.06096836433642044,-0.047853719922341345,3651,7106173,8.294,0.019,0.9668979336038088,0.15108917154150248,0.9939067957002473,0.019,0.9750225665819426
10749059,K03086.01,1,CANDIDATE,0.994,174.731515,14.327529,3.0,0.17,-0.3,0.030591,0.001772,-0.001157,0.82,0.049,-0.046,5204,2.7453074084445004,0.22847421798405218,-0.18573802018433266,3687,10749059,174.732,0.014,0.9950871128144541,0.4536484309767498,0.9959005753496573,0.014,0.981957967294762
8443527,K03197.01,1,CANDIDATE,1.0,22.599501,12.450065,0.96,0.21,-0.13,0.008084,0.004441,-0.0016309999999999,1.1,0.047,-0.044,6335,0.9732007739743267,0.5362490482826171,-0.20017135507126355,3388,8443527,22.6,1.0,0.9950840149669015,0.10373307780049804,0.999428217712992,1.0,0.0
6880517,K03305.01,1,CANDIDATE,0.97,65.6491001,15.467764,2.52,0.52,-0.22,0.028187,0.001394,-0.00077,0.755,0.07,-0.063,5436,2.3290524170179965,0.2447384530939985,-0.20449427012941335,4503,6880517,65.649,0.002,0.9950871526292484,0.1275215571463231,0.9992783924728547,0.002,0.9972798356879089
7175184,K00369.02,2,CANDIDATE,1.0,10.10463142,26.014545,1.59,0.29,-0.32,0.010177,1.2e-05,-0.000668,1.178,0.049,-0.047,6070,1.312044365750063,0.054597622599646844,-0.10078204507197185,409,7175184,10.105,0.0049,0.9950871621754362,0.015990699291118272,0.9999197694891049,0.0049,0.9950201626186083
10360722,K04051.01,1,CANDIDATE,0.996,163.692336,15.790156,2.75,0.11,-0.21,0.029844,0.001623,-0.000798,0.867,0.041,-0.039,4989,2.8317804844575885,0.20408052946363714,-0.14818682187195925,5475,10360722,163.692,0.026,0.9950871587598987,0.36905587089535985,0.9971121620257801,0.026,0.9711872458131098
1718958,K04053.01,1,CANDIDATE,0.985,1.41975831,14.809012,0.85,0.13,-0.08,0.007542,0.003581,-0.000767,0.999,0.043,-0.041,5925,0.8245850790649383,0.39312485755457727,-0.09042912911298903,5477,1718958,1.42,0.25,0.9950871191634626,0.058659462551868394,0.99969234325283,0.25,0.7497692574396224
6428794,K04054.01,1,CANDIDATE,0.999,169.135056,16.663416,2.21,0.15,-0.12,0.025256,0.004006,-0.002613,0.796,0.035,-0.033,5171,2.200194588975585,0.36214635874237466,-0.2452283913236023,5478,6428794,169.135,0.00067,0.9950871615176455,0.3609998552225701,0.9972108142717325,0.00067,0.9965426830261706
7673192,K02722.02,3,CANDIDATE,1.0,11.24284815,17.8426,1.44,0.25,-0.22,0.010988,0.000231,-0.000637,1.105,0.048,-0.045,6052,1.3288145793480997,0.06412687632140607,-0.09414193323594731,3446,7673192,11.243,3.3e-05,0.9950871620289735,0.04608734301253968,0.9997614692477801,3.3e-05,0.9997284771192949
7673192,K02722.03,2,CANDIDATE,0.997,4.02877097,21.858406,1.21,0.21,-0.19,0.009204,0.000449,-0.000274,1.105,0.048,-0.045,6052,1.1130696567455323,0.07270597735828986,-0.05614855228664838,3447,7673192,4.029,3.9e-05,0.9950871621753496,0.02501877164366376,0.9998733103799338,3.9e-05,0.9998343153208289
7673192,K02722.04,4,CANDIDATE,0.999,8.92114318,15.35378,1.27,0.22,-0.2,0.009647,0.000566,-0.000305,1.105,0.048,-0.045,6052,1.1666430876384344,0.08516683110370134,-0.060147405296929524,3448,7673192,8.921,3.3e-05,0.995087147056391,0.060805628308379364,0.9996803601288305,3.3e-05,0.9996473706769463
7673192,K02722.05,5,CANDIDATE,0.887,16.5340022,7.7540936,1.17,0.2,-0.19,0.008904,0.000287,-0.0009369999999999,1.105,0.048,-0.045,6052,1.076789680971558,0.058245130336452004,-0.12150346025881743,3449,7673192,16.534,0.001,0.9754909031201097,0.16390018261976297,0.9950747827299599,0.001,0.9940797079472299
11283615,K02816.01,1,CANDIDATE,1.0,1.2895901790000002,14.052365,1.38,0.28,-0.12,0.015625,0.000533,-0.0008619999999999,0.767,0.064,-0.058,5467,1.3115922614365718,0.11823400701236227,-0.12277082381223983,3848,11283615,1.29,0.00077,0.9950869864930802,0.06427420636324609,0.9996608631100842,0.00077,0.9988911242454893
11129258,K02898.01,1,CANDIDATE,0.999,25.384175,12.574458,2.44,0.76,-0.26,0.022465,0.000977,-0.001092,0.834,0.071,-0.064,6137,2.050481848886232,0.19602015048148805,-0.18626281731404018,3548,11129258,25.384,0.00049,0.9950846949444179,0.10602208554933677,0.9994141856808948,0.00049,0.9989244727299111
4939533,K02899.01,1,CANDIDATE,0.985,5.77207177,12.219349,1.54,0.31,-0.15,0.016375,0.000987,-0.0008849999999999,1.031,0.098,-0.088,5591,1.8476658401239616,0.20796044367313038,-0.1866623404432718,3549,4939533,5.772,0.0027,0.9950819605999109,0.08532334597950236,0.9995389654908631,0.0027,0.9968402102840377
4175630,K02998.01,1,CANDIDATE,1.0,28.227413,19.216913,2.82,0.74,-0.26,0.030469,0.001181,-0.000761,1.005,0.1,-0.089,5858,3.35125687712371,0.3578655545533899,-0.3083555350490908,3989,4175630,28.227,0.00052,0.99508716216487,0.04917344250055431,0.9997446707230909,0.00052,0.999224803494315
9881662,K00327.02,2,CANDIDATE,1.0,91.3514816,15.753266,1.57,0.25,-0.14,0.013179,0.000521,-0.000308,1.187,0.051,-0.049,5945,1.7120507434715582,0.09995878795228079,-0.08121445829084983,215,9881662,91.351,9.8e-05,0.9950871571572939,0.17007021581772078,0.9989882838965652,9.8e-05,0.9988903830447433
12253769,K03310.01,1,CANDIDATE,0.904,20.5512722,15.7864275,1.64,0.18,-0.13,0.016358,0.0004969999999999,-0.003652,0.893,0.038,-0.036,5401,1.5986931657123082,0.08359012701102567,-0.36268789395685386,4509,12253769,20.551,0.0084,0.9950871557464048,0.06760752174440593,0.9996420122786341,0.0084,0.9912450193754937
10878263,K00341.01,1,CANDIDATE,1.0,7.170710381,104.67581,2.73,0.32,-0.26,0.026573,0.00059,-0.000372,0.881,0.038,-0.036,5497,2.56212286120375,0.1242936324443668,-0.11066868615636974,269,10878263,7.171,0.00035,0.9950871621754362,5.071966982550304e-07,0.9999999974959215,0.00035,0.999649997496798
9353742,K03867.01,1,CANDIDATE,1.0,0.938750221,38.891384,1.46,0.19,-0.06,0.01514,0.000505,-0.000262,0.938,0.045,-0.043,5497,1.5542188402970047,0.09081378943359848,-0.07615636136848779,4683,9353742,0.939,2.6e-05,0.9950871621754362,0.002612166889838699,0.9999870697131665,2.6e-05,0.999961070049354
3732035,K03966.01,1,CANDIDATE,0.994,138.944022,21.363085,2.57,0.41,-0.28,0.021092,0.0007379999999999,-0.000513,1.141,0.052,-0.049,6014,2.6338246791467403,0.15133069904914923,-0.12998972498079872,4366,3732035,138.944,0.00027,0.9950871621753158,0.16448731054380766,0.9990280349377957,0.00027,0.9987582973683625
6842682,K02649.01,1,CANDIDATE,0.992,7.56126152,13.309786,1.2,0.34,-0.11,0.012323,0.000642,-0.000499,0.991,0.078,-0.071,5853,1.3365141423514975,0.12615149525055688,-0.10999025954909722,3011,6842682,7.561,0.00018,0.9950864824112545,0.07663154991091771,0.9995902072539793,0.00018,0.9994102810166736
11963206,K02820.01,1,CANDIDATE,1.0,3.00912491,14.820099,1.22,0.16,-0.04,0.012546,0.000658,-0.000496,0.891,0.048,-0.045,5699,1.223394272306821,0.09198172215165586,-0.07846658447465794,3885,11963206,3.009,0.00019,0.9950871203325592,0.05987429652300001,0.9996855659865871,0.00019,0.9994956257290496
4249611,K02821.01,1,CANDIDATE,0.983,79.2450351,12.376152,3.33,0.92,-0.46,0.033253,0.001825,-0.0014039999999999,0.922,0.075,-0.068,5648,3.355407021803423,0.3292585580391771,-0.2851531217377559,3886,4249611,79.245,0.0099,0.9950843432113987,0.21088252570117957,0.9986798581660505,0.0099,0.9887929275702066
10190075,K03007.01,1,CANDIDATE,0.946,11.1916199,10.262078,1.47,0.2,-0.1,0.0141129999999999,0.002443,-0.00259,1.053,0.049,-0.046,5638,1.6264142410174813,0.2915320662072811,-0.3068172699268962,4034,10190075,11.192,0.038,0.9948939641556427,0.11545257565405304,0.9993301314829138,0.038,0.961355586486563
9650989,K03095.01,1,CANDIDATE,1.0,3.42390809,10.919047,1.25,0.2,-0.08,0.0112909999999999,0.000717,-0.000553,0.966,0.054,-0.051,5787,1.1936939410080436,0.10098799792680621,-0.08596310353206713,3732,9650989,3.424,0.022,0.9950282250382734,0.09657374239971327,0.9994658756034369,0.022,0.9774776263401613
9031209,K03316.01,1,CANDIDATE,0.996,47.056847600000005,24.130754,2.84,0.47,-0.22,0.03515,0.001272,-0.0006309999999999,0.801,0.065,-0.059,5288,3.081351915271835,0.27378369156459437,-0.23360938915208154,4549,9031209,47.057,8.5e-05,0.9950871621754351,0.034504089099410704,0.9998235622818117,8.5e-05,0.9997385772790177
10878263,K00341.02,2,CANDIDATE,1.0,4.699652821,41.030235,1.74,0.2,-0.17,0.016925,0.000539,-0.0003509999999999,0.881,0.038,-0.036,5497,1.6318793296155296,0.08749416160450482,-0.07477933174795882,305,10878263,4.7,0.00055,0.9950871621754362,0.0020851327496856993,0.9999896839955388,0.00055,0.9994396896693412
9025971,K03680.01,1,CANDIDATE,0.999,141.2415405,336.2867,11.49,1.66,-1.21,0.103416,0.000364,-0.000305,1.014,0.053,-0.05,5705,11.476491687138182,0.6012146287193952,-0.5669132649155328,4668,9025971,141.242,0.014,0.9950871621754362,2.21571795425492e-19,1.0,0.014,0.986
4472818,K03878.01,1,CANDIDATE,0.982,70.9672087,31.67353,2.84,0.42,-0.15,0.0263649999999999,0.002218,-0.000871,0.97,0.041,-0.039,5827,2.7988715367795005,0.2635087552211895,-0.1456470287933891,4728,4472818,70.967,5.1e-05,0.9950871621754362,0.018486226854924594,0.9999070127969781,5.1e-05,0.9998560175393255
10018233,K02655.01,1,CANDIDATE,0.894,16.2959916,14.116614000000002,1.83,0.21,-0.17,0.0174,0.001049,-0.000707,0.982,0.053,-0.05,5491,1.870011131386861,0.15131483363291326,-0.12181603354786404,3790,10018233,16.296,0.016,0.9950870161683046,0.07819246644398115,0.999581197819126,0.016,0.98358789865402
8636539,K02656.01,1,CANDIDATE,0.99,6.77367892,13.574523,1.33,0.41,-0.17,0.011355,0.000775,-0.000321,1.237,0.11,-0.099,6392,1.5372351056349107,0.17232084116182259,-0.13047801850116286,3791,8636539,6.774,0.00064,0.9950867451972946,0.0734223472751281,0.9996087496051009,0.00064,0.9989690000053537
8547429,K02658.01,1,CANDIDATE,0.995,11.6601667,16.824768,2.08,0.33,-0.19,0.017606,0.0005769999999999,-0.005603,1.183,0.055,-0.052,5797,2.279443845739995,0.12965943475052255,-0.7323056598562481,3793,8547429,11.66,0.019,0.9950871612055994,0.05263348896635617,0.9997257064964347,0.019,0.9807309180730024
5613821,K02915.01,1,CANDIDATE,0.999,5.06092282,13.158193,0.98,0.13,-0.06,0.0098739999999999,7.3e-05,-0.002477,0.922,0.039,-0.037,5637,0.996339847029942,0.04278341389752544,-0.2531205126289114,3633,5613821,5.061,0.0019,0.9950862512246812,0.07546034772659586,0.9995969624754513,0.0019,0.9976977282467479
12405333,K03009.01,1,CANDIDATE,0.986,0.764863517,11.064967,1.04,0.15,-0.13,0.011108,0.000615,-0.000843,0.764,0.035,-0.033,5231,0.928779637301787,0.06674323216567703,-0.08110314696380934,4036,12405333,0.765,0.0019,0.9950417020428746,0.09162990410056081,0.9994973499359149,0.0019,0.9975983049710366
8331612,K03318.01,1,CANDIDATE,0.95,13.8353959,11.331908,3.78,1.22,-0.52,0.03272,0.000301,-0.008517,1.084,0.105,-0.092,6020,3.8817363352630254,0.3776903135737101,-1.0627659333446338,4551,8331612,13.835,0.0027,0.9950610217637659,0.10547059481430343,0.9994147732461701,0.0027,0.9967163533584055
8331612,K03318.02,2,CANDIDATE,0.556,25.6970688,7.5008674,3.83,1.24,-0.53,0.033204,0.01209,-0.008112,1.084,0.105,-0.092,6020,3.939155662471684,1.4841818102687425,-1.0187833815785814,4552,8331612,25.697,0.12,0.965257492349869,0.18807164510030078,0.9916627351981978,0.12,0.8726632069744141
7131760,K03407.01,1,CANDIDATE,0.943,92.436978,13.0419855,2.89,0.59,-0.25,0.035765,0.000762,-0.00815,0.774,0.062,-0.056,5595,3.0295815389818777,0.25111709520129616,-0.7243322645841493,4247,7131760,92.437,0.052,0.995086390418273,0.22892785695954124,0.9985339678690105,0.052,0.9466102015398219
11395587,K00350.01,1,CANDIDATE,0.983,12.99065074,29.201063,2.02,0.3,-0.2,0.018005,0.000612,-0.000254,0.992,0.042,-0.04,5787,1.9547366398187767,0.10613201826741854,-0.08350463308942913,315,11395587,12.991,0.029,0.9950871621754362,0.011032050104497966,0.9999449261657783,0.029,0.9709465233069707
12404954,K00361.01,1,CANDIDATE,1.0,3.247548814,38.281807,1.41,0.2,-0.07,0.013203,0.000294,-0.000342,0.956,0.041,-0.039,5703,1.3813825678957965,0.06675303466511329,-0.0667538927644191,379,12404954,3.248,2.3e-05,0.9950871621754362,0.002926254454266334,0.9999855104095012,2.3e-05,0.9999625107427618
4472818,K03878.02,2,CANDIDATE,0.999,15.3573445,9.701656,1.42,0.22,-0.07,0.013216,6.9e-05,-0.003903,0.97,0.041,-0.039,5827,1.4029920815504655,0.05975240281030338,-0.41815922719627974,4765,4472818,15.357,0.83,0.9945496204941641,0.12989527696063127,0.9991818703710811,0.83,0.16986091796308384
9455677,K04076.01,1,CANDIDATE,0.995,124.827797,15.814648000000002,2.57,0.46,-0.38,0.022786,0.0010689999999999,-0.001241,0.764,0.038,-0.036,5340,1.9052190147243897,0.13026580779188593,-0.1372099173932055,4870,9455677,124.828,0.025,0.995087158307775,0.24882283672404082,0.9983646168869021,0.025,0.9734055014647296
5342061,K02666.01,1,CANDIDATE,0.989,64.034363,13.237282,3.47,0.8,-0.32,0.040604,67.00418,-0.012032,1.142,0.102,-0.091,5691,5.0747935435439215,8374.35672723197,-1.5572130688927497,3833,5342061,64.034,0.92,0.9950865544437637,0.16052410418974375,0.9990558145263944,0.92,0.0799244651621115
9995402,K02832.01,1,CANDIDATE,0.991,3.57551429,13.674439,0.89,0.21,-0.13,0.008876,0.000227,-0.000596,0.773,0.033,-0.031,5213,0.7508967819657689,0.03736845201812768,-0.05872885899010047,3931,9995402,3.576,0.00044,0.9950868110078396,0.06945157059557129,0.9996314931280398,0.00044,0.9991916552710635
7090524,K02920.01,1,CANDIDATE,0.98,6.73968289,12.498557,1.48,0.23,-0.26,0.011491,0.002704,-0.000813,1.047,0.047,-0.044,5513,1.3167034150673294,0.31542697267914743,-0.10835272141233347,3638,7090524,6.74,1.7e-05,0.9950840798674302,0.08358508983788193,0.999549409835907,1.7e-05,0.9995324174959398
11565544,K03013.01,1,CANDIDATE,0.998,3.76562031,11.634653,19.39,5.21,-1.73,0.208191,63.806830000000005,-0.060828,0.886,0.068,-0.062,5743,20.18734144981752,6187.060460965278,-6.065027774000551,4040,11565544,3.766,1.0,0.9950716024195109,0.0890933809951896,0.9995155789734363,1.0,0.0
10384298,K03224.01,1,CANDIDATE,1.0,3.43861067,10.745015,1.01,0.21,-0.33,0.006575,0.000231,-0.0008,0.82,0.034,-0.032,5392,0.5900557749181978,0.0320674986917284,-0.0753961597470392,3477,10384298,3.439,0.18,0.9950057181946936,0.09860269127373857,0.9994509397807668,0.18,0.8195497706202288
3109550,K03225.01,1,CANDIDATE,0.867,4.8754765,9.534516,0.8,0.16,-0.22,0.005681,0.000535,-0.000434,0.852,0.036,-0.034,5513,0.5297217921595772,0.05467698846073858,-0.0456566510145182,3478,3109550,4.875,0.93,0.9943195370959469,0.1157699803830851,0.9992520226277806,0.93,0.06994764158394459
10982872,K00343.01,1,CANDIDATE,1.0,4.761705895,95.51532,2.75,0.44,-0.48,0.020577,0.0017929999999999,-0.000278,1.116,0.048,-0.045,5794,2.51321537446514,0.24421715377912895,-0.10687629211631097,306,10982872,4.762,5.8e-07,0.9950871621754362,1.6308375860285976e-06,0.9999999919483901,5.8e-07,0.9999994119483947
3937814,K04084.01,1,CANDIDATE,0.82,214.881456,15.338302,2.68,0.29,-0.37,0.024625,0.00157,-0.000683,0.858,0.041,-0.039,5322,2.3123149265353637,0.18423694948161115,-0.12312732088299556,4876,3937814,214.881,0.00062,0.9950871558496274,0.5652534391263455,0.9935808292967122,0.00062,0.9929648091825483
3937814,K04084.03,2,CANDIDATE,0.409,8.19619768,7.277291,1.55,0.17,-0.21,0.014232,0.004832,-0.001839,0.858,0.041,-0.039,5322,1.3364006511452304,0.4582022029521683,-0.18305690068927785,4910,3937814,8.196,0.013,0.9472050348043477,0.15593951960408622,0.9897025157750806,0.013,0.9768363830700045
11253827,K02672.01,2,CANDIDATE,0.82,88.51220140000001,61.35698299999999,4.7,0.61,-0.37,0.045589,0.0009279999999999,-0.00081,0.903,0.038,-0.036,5593,4.505378393515605,0.21061131017688353,-0.1966466576667365,3839,11253827,88.512,0.0014,0.9950871621754362,0.000493315228058153,0.9999975632547762,0.0014,0.9985975666662196
11253827,K02672.02,1,CANDIDATE,1.0,42.9923284,78.22098000000001,3.32,0.42,-0.27,0.0321269999999999,0.004906,-0.001838,0.903,0.038,-0.036,5593,3.1749828170934964,0.5029131609103831,-0.2213949364011346,3840,11253827,42.992,0.00086,0.9950871621754362,2.7667466488968755e-05,0.9999998633993665,0.00086,0.9991398635168431
8095441,K02743.01,1,CANDIDATE,1.0,11.87457664,18.11126,1.32,0.16,-0.09,0.013737,0.000349,-0.000716,0.93,0.04,-0.038,5523,1.3981646012144473,0.06984362547137364,-0.09259883511143623,3540,8095441,11.875,0.0012,0.995087162086798,0.044956661417595564,0.9997675967029769,0.0012,0.9985678755869333
9815053,K02923.01,1,CANDIDATE,0.994,5.83892993,12.597187,1.19,0.18,-0.11,0.014115,0.000788,-0.000799,0.76,0.057,-0.052,5279,1.1740265825572618,0.1097678372561835,-0.1042554794780487,3641,9815053,5.839,0.062,0.9950845861197453,0.08160688531228262,0.9995610669570667,0.062,0.9375882808057285
8709688,K03019.01,1,CANDIDATE,0.963,4.17939037,13.931228,1.52,0.24,-0.23,0.012013,0.000654,-0.000478,1.2,0.061,-0.058,5637,1.5776700415303295,0.11751103158149308,-0.09876987256229439,4079,8709688,4.179,0.056,0.9950869448825997,0.06786173381980395,0.9996405527029675,0.056,0.9436606817516012
8709688,K03019.02,2,CANDIDATE,0.935,2.012094,7.517123,0.99,0.16,-0.15,0.00782,0.000499,-0.000707,1.2,0.061,-0.058,5637,1.0270023911401964,0.08378626742570723,-0.10528620872822005,4080,8709688,2.012,0.00097,0.9630622062623048,0.14057894183909764,0.9937261968070167,0.00097,0.9927622823961139
8581240,K03111.01,1,CANDIDATE,1.0,10.76800074,11.922952,0.92,0.13,-0.12,0.007669,3.4e-05,-0.000697,1.096,0.047,-0.045,5874,0.919883327586207,0.03965780337685796,-0.09173937219263954,3781,8581240,10.768,0.0018,0.9950783323445539,0.09447216645473201,0.9994839912274314,0.0018,0.997684920043222
8581240,K03111.02,2,CANDIDATE,0.986,4.32848303,9.97758,0.66,0.1,-0.09,0.005511,0.000305,-0.000352,1.096,0.047,-0.045,5874,0.6610349482758621,0.04628147539319134,-0.05019278344702356,3782,8581240,4.328,0.025,0.9947493620588321,0.10917458570432526,0.9993531145883363,0.025,0.9743692867236279
9569711,K03232.01,1,CANDIDATE,0.996,6.05919881,25.28146,1.21,0.18,-0.09,0.011561,0.000791,-0.000705,0.941,0.039,-0.037,5734,1.1906071334161843,0.09524086147642695,-0.08638854186220664,3486,9569711,6.059,0.14,0.995087162175436,0.016584502228633995,0.9999167399441942,0.14,0.859928396352007
11760860,K03892.01,1,CANDIDATE,1.0,2.41660149,26.65567,0.92,0.15,-0.06,0.008255,0.000272,-0.00022,1.022,0.044,-0.042,5705,0.9233182697269068,0.05005740311657353,-0.04522489937505262,4087,11760860,2.417,0.00068,0.9950871621754362,0.013172881801545253,0.9999340961138713,0.00068,0.9992541409285138
5088536,K00282.01,1,CANDIDATE,1.0,27.50871575,137.73535,2.98,0.13,-0.12,0.023998,0.001387,-0.000828,1.146,0.049,-0.046,5903,3.009838008998238,0.21638684330648547,-0.15931221215954045,577,5088536,27.509,1.1e-05,0.9950871621754362,8.884352411770003e-09,0.9999999999561371,1.1e-05,0.9999889999561375
8758204,K02841.01,1,CANDIDATE,0.996,159.38878799999998,15.520331,2.73,0.14,-0.24,0.028604,0.001459,-0.0010789999999999,0.836,0.054,-0.05,5146,2.6170770105713563,0.21539662402234339,-0.18505564492939508,3976,8758204,159.389,0.0088,0.9950871564279915,0.3627135001669184,0.9971900356048108,0.0088,0.9884147632914885
8008067,K00316.01,1,CANDIDATE,1.0,15.77111067,89.63718399999999,2.62,0.4,-0.31,0.021029,0.000394,-0.000152,1.052,0.045,-0.043,5620,2.421128368927762,0.11306426888640941,-0.10049789756012084,131,8008067,15.771,4.4e-06,0.9950871621754362,4.146756330018538e-06,0.9999999795269936,4.4e-06,0.9999955795270836
6587796,K03237.01,1,CANDIDATE,0.999,33.4203001,30.597952000000003,2.46,0.37,-0.28,0.021125,0.006843,-0.002786,0.992,0.042,-0.04,5731,2.293463566574377,0.7492382859567485,-0.31628751774689484,3522,6587796,33.42,0.02,0.9950871621754362,0.012366618336508529,0.9999381803557053,0.02,0.9799394167485911
10922659,K03335.01,1,CANDIDATE,0.97,31.2543238,12.085419,2.29,0.76,-0.26,0.0191919999999999,0.001029,-0.000784,1.223,0.149,-0.13,6246,2.568799142839151,0.34192650899471483,-0.29252283757899405,4642,10922659,31.254,0.0005,0.9950811931848155,0.12109142106194992,0.9993189626662757,0.0005,0.9988193031849426
7692093,K03337.01,1,CANDIDATE,0.971,11.16622885,10.157672,1.56,0.37,-0.13,0.017052,0.000938,-0.000813,0.749,0.066,-0.059,5552,1.3977857135036498,0.14519889063430033,-0.128703675211951,4644,7692093,11.166,0.0012,0.9948525628589262,0.11681963525777736,0.9993156176989563,0.0012,0.9981164389577175
10545066,K00337.01,1,CANDIDATE,1.0,19.7830259,30.561613,2.1,0.32,-0.28,0.017519,0.000529,-0.000242,1.192,0.052,-0.049,5747,2.285435787440221,0.12125422610215085,-0.09911078190805962,262,10545066,19.783,8.8e-06,0.9950871621754362,0.010199886629483136,0.999949123274682,8.8e-06,0.9999403237223972
3745559,K03423.01,1,CANDIDATE,1.0,30.2541186,18.625946,2.8,0.96,-0.32,0.022052,0.001291,-0.001335,1.013,0.077,-0.07,6277,2.4447861963881192,0.23456109257283358,-0.22460094379663118,4337,3745559,30.254,0.34,0.9950871621440168,0.05443533076952785,0.9997157758756458,0.34,0.6598124120779261
10982872,K00343.02,2,CANDIDATE,1.0,2.024143568,62.41155,1.94,0.31,-0.34,0.014511,0.001889,-0.000383,1.116,0.048,-0.045,5794,1.7723316469292725,0.24298404479492175,-0.08541354452752781,307,10982872,2.024,7.6e-05,0.9950871621754362,0.00012114893270986286,0.9999994018039862,7.6e-05,0.9999234018494491
6697817,K03508.01,1,CANDIDATE,0.975,190.800788,10.55995,1.67,0.27,-0.07,0.015465,0.000966,-0.0007509999999999,0.963,0.046,-0.043,5997,1.6298951487383586,0.12816644673690905,-0.10752379250486989,4741,6697817,190.801,0.008,0.9950365002608728,0.6299640221894885,0.991507788789887,0.008,0.9835757264795679
8827930,K03801.01,1,CANDIDATE,0.99,288.3128666,95.7085,13.21,2.07,-2.3,0.0991529999999999,0.005108,-0.002946,1.087,0.082,-0.075,5675,11.79556800004718,1.0775154183039897,-0.8861134789598647,4410,8827930,288.313,0.01,0.9950871621754362,0.0001009037633383493,0.9999995017784677,0.01,0.989999506760683
3103227,K04091.01,1,CANDIDATE,0.958,225.585245,16.416048,3.71,0.64,-0.58,0.024932,0.001284,-0.000719,1.104,0.059,-0.055,5941,3.0123792489302796,0.22357270628507095,-0.1734035115019064,4917,3103227,225.585,0.0023,0.9950871613613615,0.5688990384453622,0.9934848025015846,0.0023,0.9911997874558309
4850961,K04092.01,1,CANDIDATE,0.966,24.4972683,15.612547,2.74,0.74,-0.37,0.021608,0.003124,-0.002247,1.125,0.097,-0.088,6392,2.6604221149005784,0.4478409171445238,-0.34618709334898556,4918,4850961,24.497,0.0018,0.9950871534448872,0.07286315454111136,0.9996119959942918,0.0018,0.9978126944015021
6779260,K02678.01,1,CANDIDATE,1.0,3.833087643,112.07767,2.25,0.23,-0.12,0.024847,6.7e-05,-0.004568,0.789,0.033,-0.031,5397,2.145529147228165,0.08992326298957486,-0.40335237917021066,3882,6779260,3.833,0.00026,0.9950871621754362,1.8269592676639523e-07,0.9999999990980131,0.00026,0.9997399990982475
6779260,K02678.02,2,CANDIDATE,0.976,2.2165905,9.266786,0.48,0.05,-0.03,0.005287,0.00894,-0.00072,0.789,0.033,-0.031,5397,0.45653047053548956,0.7722017653700786,-0.06470754921984768,3883,6779260,2.217,1.0,0.9938103426636661,0.11538690539787096,0.9991876068423795,1.0,0.0
5088536,K00282.02,2,CANDIDATE,0.999,8.45744892,24.473572,1.02,0.05,-0.04,0.0082469999999999,6.1e-05,-0.000389,1.146,0.049,-0.046,5903,1.034341780990423,0.04488264930573732,-0.06406302481929123,578,5088536,8.457,0.0004,0.9950871621754356,0.019051421924643153,0.999904114605806,0.0004,0.9995041529599636
6949898,K03031.01,1,CANDIDATE,0.991,7.64809462,10.221423,1.19,0.3,-0.1,0.0127879999999999,0.000775,-0.000723,0.816,0.067,-0.06,5641,1.1420266589478891,0.11654551461969795,-0.10592597136584755,3429,6949898,7.648,0.014,0.9948755485588651,0.11079316879771876,0.9993582160995528,0.014,0.985367201074159
8008067,K00316.02,2,CANDIDATE,1.0,157.0659976,34.23117,2.63,0.41,-0.32,0.021105,0.0006129999999999,-0.000292,1.052,0.045,-0.043,5620,2.4298784643216713,0.12563632718601175,-0.1048556654312507,132,8008067,157.066,0.013,0.9950871621754362,0.04529916247776794,0.9997657421388503,0.013,0.9867687874910452
10917433,K03248.01,1,CANDIDATE,0.961,6.91261536,11.120144,0.64,0.1,-0.07,0.005657,1.3e-05,-0.00065,1.115,0.048,-0.045,5761,0.6903105357255221,0.02975971524157728,-0.08406858061307942,3566,10917433,6.913,0.016,0.9950472213694438,0.09874291848585036,0.9994546661011343,0.016,0.9834633914435161
10982872,K00343.03,3,CANDIDATE,0.998,41.8085031,13.963863,1.67,0.27,-0.29,0.01252,0.000525,-0.000234,1.116,0.048,-0.045,5794,1.529156654920715,0.0918550231707235,-0.06796116841823092,308,10982872,41.809,0.00016,0.9950869886838564,0.11162879119443228,0.9993796047505629,0.00016,0.9992197040138028
9761615,K03911.01,1,CANDIDATE,1.0,1.79110997,22.395866,1.29,0.41,-0.14,0.011842,0.000482,-0.000268,0.902,0.069,-0.062,6040,1.169001450226529,0.10129545284306964,-0.0845959229533651,4138,9761615,1.791,8.6e-07,0.9950871621754039,0.022618559723154467,0.9998857458026008,8.6e-07,0.9998848859008594
4814502,K04004.01,1,CANDIDATE,1.0,4.94330596,18.537338,1.41,0.19,-0.13,0.012786,0.000159,-0.002441,0.905,0.039,-0.036,5651,1.2663878493896301,0.05680038550386933,-0.24696100922726705,5257,4814502,4.943,2.8e-06,0.9950871621340578,0.03866503744451673,0.9998014293734455,2.8e-06,0.9997986299294433
8142787,K04005.01,1,CANDIDATE,0.997,178.139072,17.83006,2.25,0.22,-0.16,0.023396,0.001222,-0.000687,0.927,0.042,-0.04,5431,2.3735850749433682,0.16411856196820943,-0.12388572483062259,5258,8142787,178.139,0.005,0.9950871621031446,0.3561068146197667,0.9972695277509416,0.005,0.9922831801121869
8951205,K04099.01,1,CANDIDATE,0.996,4.95060632,14.243670000000002,1.28,0.22,-0.1,0.0163759999999999,0.0004059999999999,-0.001148,0.769,0.059,-0.054,5431,1.3782170716083482,0.11112467230929494,-0.13675199531680424,4959,8951205,4.951,0.036,0.9950870410246131,0.06600567560604138,0.9996510854255239,0.036,0.9636636463502051
4547603,K02855.01,1,CANDIDATE,0.963,1.4007557430000002,16.541586,1.3,0.19,-0.19,0.011144,0.0004599999999999,-0.00055,1.037,0.047,-0.045,5487,1.2647460026428388,0.07753250792354152,-0.08311684435506503,4027,4547603,1.401,0.025,0.9950871604583091,0.04728008460263025,0.9997549896342746,0.025,0.9747611148934177
10880507,K02936.01,1,CANDIDATE,0.73,6.4802138,12.623598,1.26,0.16,-0.12,0.011743,0.003996,-0.001107,0.955,0.044,-0.041,5496,1.2273428250849483,0.42146058507148904,-0.1271338885473471,3725,10880507,6.48,6.2e-05,0.9950847164099955,0.08205097494195694,0.9995584766210648,6.2e-05,0.9994965039955143
4385148,K02942.01,1,CANDIDATE,0.954,13.84301228,14.495762,1.98,0.5,-0.18,0.02167,0.00117,-0.000681,0.897,0.077,-0.07,5745,2.1273297324125346,0.21573157882958663,-0.17896778652554224,3730,4385148,13.843,0.0022,0.9950870892434238,0.07224029469585738,0.9996155660035344,0.0022,0.9974164117583266
4072955,K03041.01,1,CANDIDATE,0.98,5.08288076,10.188075,1.15,0.35,-0.16,0.009687,0.000429,-0.000665,1.059,0.08,-0.073,6217,1.1227129071388118,0.0983127534354737,-0.10922327385730903,3472,4072955,5.083,0.0026,0.9948594798360622,0.10757270117422243,0.9993771627883241,0.0026,0.9967787821650744
3236705,K03343.01,1,CANDIDATE,0.864,83.2664103,11.199243,2.89,0.43,-0.47,0.022432,0.0016489999999999,-0.001221,0.817,0.038,-0.036,5539,2.005734794361943,0.17447825564800415,-0.14046384695364555,4687,3236705,83.266,0.051,0.9950624651301264,0.2484249163967345,0.9983598536199875,0.051,0.947443501085368
11810124,K03344.01,2,CANDIDATE,0.999,11.6044881,11.719749,1.88,0.28,-0.34,0.0147509999999999,0.000874,-0.000606,0.875,0.046,-0.044,5533,1.412579735480106,0.11189150737021368,-0.0917239759914588,4688,11810124,11.604,0.007,0.9950743263913743,0.09785093537835199,0.9994630958167507,0.007,0.9924668541460335
11810124,K03344.02,1,CANDIDATE,0.972,3.63898953,12.672195,1.68,0.25,-0.3,0.013212,0.000507,-0.000805,0.875,0.046,-0.044,5533,1.2652025940724891,0.08234840805276471,-0.09995142069994599,4689,11810124,3.639,0.00012,0.995084899762858,0.07851358299008998,0.9995791492531843,0.00012,0.9994591997552739
11810124,K03344.03,3,CANDIDATE,0.814,208.54335,8.227344500000001,2.84,0.42,-0.52,0.022302,0.001344,-0.001472,0.875,0.046,-0.044,5533,2.1356757684684116,0.17079349142923184,-0.17721033407323625,4690,11810124,208.543,0.0026,0.991516601155658,0.746620129249354,0.9747885699884254,0.0026,0.9722541197064555
11241912,K03346.01,1,CANDIDATE,0.999,14.42735088,17.863062,1.53,0.25,-0.13,0.013498,0.000724,-0.003495,1.171,0.052,-0.049,5929,1.7298552920651902,0.1204571404641705,-0.45371795575977125,4692,11241912,14.427,0.00082,0.9950871620363889,0.04805610058363948,0.9997507653099647,0.00082,0.9989309696824105
11623629,K00365.01,1,CANDIDATE,0.755,81.737872,86.0518,2.16,0.25,-0.15,0.022652,0.000403,-0.000168,0.863,0.036,-0.034,5559,2.139443413856028,0.0970244979500206,-0.085769124204724,404,11623629,81.738,3.7e-05,0.9950871621754362,1.7441472411889804e-05,0.9999999138883274,3.7e-05,0.9999629138915136
6507433,K03815.01,1,CANDIDATE,1.0,4.742552099999999,93.47665,7.27,2.47,-0.82,0.063231,0.032458,-0.008237,1.029,0.093,-0.083,6161,7.120801518735841,3.711502601239819,-1.0910411481207083,4493,6507433,4.743,0.92,0.9950871621754362,2.1309938091111734e-06,0.999999989479063,0.92,0.079999999158325
8376848,K04007.01,1,CANDIDATE,0.964,11.4927112,16.851665,25.01,7.77,-2.78,0.227929,6.875397,-0.309955,1.175,0.109,-0.098,6198,29.310343447567956,884.1402382097854,-39.93330618120168,5260,8376848,11.493,1.0,0.9950871612522257,0.05233612678962973,0.9997273417513204,1.0,0.0
5088536,K00282.03,3,CANDIDATE,0.894,87.51777870000001,10.864963,1.85,0.08,-0.07,0.014911,0.001218,-0.004746,1.146,0.049,-0.046,5903,1.8701431182670525,0.1724245665056887,-0.5999597668823937,579,5088536,87.518,0.54,0.9950420333769711,0.26866690947677146,0.9981695362735123,0.54,0.45915798668581564
5369827,K02690.01,1,CANDIDATE,1.0,3.606940379,45.816166,2.04,0.26,-0.07,0.022221,0.003471,-0.003252,0.849,0.036,-0.034,5508,2.064689481390008,0.3341836365096854,-0.31327213684086425,3963,5369827,3.607,0.0036,0.9950871621754362,0.0010955089987554722,0.999994585438532,0.0036,0.9963946049309532
9008737,K02768.03,1,CANDIDATE,1.0,11.83271013,10.77723,1.17,0.3,-0.1,0.012494,0.003059,-0.001321,0.785,0.039,-0.036,5639,1.073382755946388,0.26816028710383427,-0.12370529999839876,3667,9008737,11.833,0.089,0.9950132150559741,0.10964270873770941,0.9993828265605624,0.089,0.9104377549966725
11259686,K00294.01,1,CANDIDATE,0.59,34.4359387,46.869064,2.78,0.48,-0.48,0.018691,0.000491,-0.000264,1.137,0.049,-0.047,5929,2.325821912267178,0.11738677475587646,-0.10159969682949022,35,11259686,34.436,0.0084,0.9950871621754362,0.0014974770517536284,0.9999925957288615,0.0084,0.991592657924739
4385148,K02942.02,2,CANDIDATE,0.973,24.2758992,12.554711,2.25,0.56,-0.2,0.024621,0.000725,-0.0013039999999999,0.897,0.077,-0.07,5745,2.417027473083942,0.21934957032404379,-0.2279576653289486,3764,4385148,24.276,0.0021,0.9950845902622173,0.10473928539610645,0.999422090539854,0.0021,0.9973233041497203
8617363,K02945.01,1,CANDIDATE,0.988,19.94752741,14.430404,2.52,0.57,-0.2,0.026742,0.0016879999999999,-0.000925,0.871,0.087,-0.077,5749,2.5491506083878677,0.30120345177375724,-0.24199139103223707,3767,8617363,19.948,0.044,0.995087081989178,0.07907783686133489,0.9995760542517736,0.044,0.9555947078646956
5092266,K03045.01,1,CANDIDATE,0.998,44.8702042,14.334329,2.56,0.8,-0.27,0.023536,0.000825,-0.001279,1.146,0.112,-0.099,6122,2.9518937986408256,0.306486844750262,-0.3012649172018103,3476,5092266,44.87,0.02,0.9950870762017702,0.11124884219184447,0.9993819917644066,0.02,0.9793943519291184
9714550,K03048.01,1,CANDIDATE,1.0,4.73292061,12.931488,0.97,0.2,-0.08,0.011209,0.000752,-0.0004019999999999,0.932,0.071,-0.065,5595,1.1433158840297004,0.11605843611776466,-0.08966282351168443,3511,9714550,4.733,0.00047,0.9950857717383264,0.07721941023916487,0.9995867405072193,0.00047,0.999116934739181
8008067,K00316.03,3,CANDIDATE,1.0,7.305706326,33.300167,2.11,0.33,-0.25,0.016939,7.7e-05,-0.0020329999999999,1.052,0.045,-0.043,5620,1.9502350773345078,0.0838923297000708,-0.24726689796823265,133,8008067,7.306,0.049,0.9950871621754362,0.0059558274017167245,0.9999704193492038,0.049,0.9509718688010927
12055539,K03261.01,1,CANDIDATE,1.0,12.27057043,15.709525,1.67,0.54,-0.15,0.015746,0.0006799999999999,-0.000608,0.886,0.068,-0.061,6075,1.526818539076265,0.1344594929850661,-0.12052309281484917,3609,12055539,12.271,4.7e-05,0.9950871544850078,0.06093708473104407,0.9996796247402534,4.7e-05,0.9996326397978906
9349757,K03348.01,1,CANDIDATE,0.94,36.433786700000006,12.819838,2.2,0.33,-0.31,0.018302,0.0009599999999999,-0.000749,1.049,0.065,-0.06,5574,2.1011521156242132,0.17058012151207227,-0.14777461922942126,4694,9349757,36.434,0.0031,0.9950856723794355,0.11891494042474553,0.9993334661371128,0.0031,0.9962355323920877
9349757,K03348.02,2,CANDIDATE,0.997,17.718978600000003,7.945239999999999,1.44,0.22,-0.2,0.011983,0.00081,-0.000855,1.049,0.065,-0.06,5574,1.3757024260476969,0.12615045930539165,-0.12580354050696518,4729,9349757,17.719,0.015,0.9813405597524988,0.1628421754447074,0.9963013910411489,0.015,0.9813568701755316
8636333,K03349.01,1,CANDIDATE,0.967,82.175197,14.928787,2.24,0.68,-0.23,0.021508,0.000872,-0.000772,1.176,0.112,-0.1,6247,2.768157554996224,0.28652816280997334,-0.2554986254724435,4730,8636333,82.175,0.0026,0.9950871379865266,0.16643812738435237,0.9990142008649193,0.0026,0.9964167639426705
8628665,K03434.01,1,CANDIDATE,1.0,10.2856373,9.876122,1.24,0.2,-0.11,0.010713,0.0007509999999999,-0.000776,0.963,0.055,-0.052,5842,1.1290699468757863,0.10209296803239785,-0.10200856060490639,4386,8628665,10.286,0.063,0.9946897500122306,0.11932361559320485,0.9992766685014888,0.063,0.936322238385895
6599975,K03438.01,1,CANDIDATE,0.974,14.556561800000004,13.034477,1.08,0.14,-0.06,0.0092859999999999,0.00042,-0.0004269999999999,1.132,0.048,-0.046,6045,1.1504256648628117,0.07132357373215288,-0.07059661562664829,4425,6599975,14.557,0.00017,0.9950860622666531,0.08701565957666428,0.9995293445482036,0.00017,0.9993594245596304
11015108,K00344.01,1,CANDIDATE,1.0,39.30944096,95.34753,2.87,0.37,-0.14,0.0304339999999999,0.000544,-0.000212,0.888,0.038,-0.036,5607,2.9577091011829757,0.13716659802528264,-0.12166431673148044,309,11015108,39.309,2.3e-06,0.9950871621754362,2.7644238429176603e-06,0.9999999863517448,2.3e-06,0.9999976863517762
9009953,K04014.01,1,CANDIDATE,0.982,234.240739,19.096905,3.41,0.57,-0.57,0.025002,0.0023769999999999,-0.004926,1.092,0.048,-0.045,5812,2.98800173181475,0.31296938261356927,-0.6014478231447475,5300,9009953,234.241,0.066,0.9950871621700684,0.5138874034236208,0.9947808184705426,0.066,0.9291252844514867
3955817,K04117.01,1,CANDIDATE,1.0,4.24263096,14.401643,1.1,0.06,-0.06,0.012243,0.000647,-0.000609,0.804,0.038,-0.036,5078,1.077276916121319,0.07637741963539611,-0.07209903087437994,5006,3955817,4.243,0.00025,0.9950870715754956,0.0641150885658716,0.9996617660836853,0.00025,0.9994118506421644
5695396,K00283.01,1,CANDIDATE,0.976,16.09196369,98.37853,2.13,0.31,-0.21,0.019184,0.001723,-0.000628,1.003,0.042,-0.04,5680,2.1058311928014093,0.20868027476803738,-0.10865075551921341,580,5695396,16.092,0.0091,0.9950871621754362,1.3216302387097566e-06,0.99999999347498,0.0091,0.9908999935343578
6606438,K02860.01,1,CANDIDATE,1.0,103.4269873,14.534495,3.16,0.97,-0.39,0.0282949999999999,0.001164,-0.001248,0.926,0.089,-0.08,6208,2.867504714478973,0.29978678009740467,-0.27815046434567936,4070,6606438,103.427,0.035,0.9950871162958457,0.22280317814138526,0.9985846438186678,0.035,0.9636341812850144
11547513,K00295.01,1,CANDIDATE,1.0,5.317440164,70.34148,1.94,0.3,-0.22,0.016817,0.002353,-0.0009689999999999,0.976,0.041,-0.039,5923,1.7963121089856529,0.26241973456454915,-0.12595745060150182,36,11547513,5.317,2.3e-08,0.9950871621754362,4.486789686386574e-05,0.9999997784730827,2.3e-08,0.9999997554730878
8620402,K03267.01,1,CANDIDATE,1.0,14.1959621,11.448122,1.66,0.54,-0.18,0.014102,0.002968,-0.001379,0.881,0.069,-0.062,6214,1.3596905350805437,0.30534128851582937,-0.163813003651289,3615,8620402,14.196,0.0018,0.9950661339332239,0.1045335897967587,0.9994211820703863,0.0018,0.9976222239426596
8081239,K03352.01,1,CANDIDATE,0.998,10.35857039,12.548059,1.68,0.5,-0.22,0.015084,0.000856,-0.0006129999999999,0.78,0.066,-0.059,5893,1.287640363705009,0.1311889930938847,-0.11056550414453155,4733,8081239,10.359,0.0011,0.9950843949701147,0.08720952643842896,0.9995280348910593,0.0011,0.9984285540526792
9845909,K03354.01,1,CANDIDATE,0.937,11.5706005,7.8654885,1.33,0.35,-0.16,0.013484,0.000643,-0.001264,0.771,0.06,-0.054,5718,1.1377754994336773,0.1038439316760431,-0.13313807952694884,4735,9845909,11.571,0.0043,0.9787526309453386,0.15231584150759725,0.996099293931458,0.0043,0.9918160669675528
4820550,K03823.01,1,CANDIDATE,1.0,202.1168173,55.80787,5.8,0.72,-0.34,0.057885,0.000834,-0.002217,0.92,0.04,-0.038,5541,5.8282385697206145,0.2669528025171365,-0.3282982742459502,4501,4820550,202.117,0.88,0.9950871621754362,0.00536673238833223,0.9999733609788009,0.88,0.1199968033174561
5128673,K02698.01,1,CANDIDATE,0.95,87.97242270000001,43.503696000000005,3.39,0.52,-0.52,0.026755,0.00061,-0.000293,1.196,0.053,-0.051,5837,3.502027810533602,0.17452542874983107,-0.15417998908530506,4009,5128673,87.972,0.00031,0.9950871621754362,0.0050826037188541175,0.999974778522176,0.00031,0.9996647863408341
8884274,K02868.01,1,CANDIDATE,1.0,10.65275054,15.265494,2.2,0.49,-0.19,0.024669,0.001415,-0.00082,0.754,0.066,-0.06,5602,2.0356651724452552,0.21303757559897415,-0.17555390186941955,3415,8884274,10.653,0.0003,0.9950871444940204,0.06294797308200689,0.9996683416609221,0.0003,0.9993684411584238
10597693,K02958.01,1,CANDIDATE,1.0,31.608437100000003,14.320765,1.89,0.61,-0.2,0.016769,0.000847,-0.000602,1.054,0.092,-0.083,6341,1.9343329565504657,0.19507232190504534,-0.16740608025735004,3813,10597693,31.608,0.024,0.9950870687453196,0.09363055138698304,0.9994899744563792,0.024,0.9755022150694261
7285757,K03271.01,1,CANDIDATE,0.963,19.548966600000004,11.059722,1.89,0.35,-0.15,0.023621,0.004997,-0.003101,0.716,0.062,-0.056,5549,1.850950299710546,0.42309988635334905,-0.2828503473513043,3619,7285757,19.549,0.19,0.9950448743631403,0.1172551174023052,0.9993385323628602,0.19,0.8094642112139168
7285757,K03271.02,2,CANDIDATE,1.0,7.41834569,9.0123415,1.12,0.21,-0.09,0.0140139999999999,0.000825,-0.000931,0.716,0.062,-0.056,5549,1.0981422251447188,0.11498470579816202,-0.11268983951584448,3620,7285757,7.418,0.0038,0.9930855956482958,0.12702729501260984,0.9989868716322998,0.0038,0.995190721520097
5280587,K03274.01,1,CANDIDATE,0.997,35.6225528,15.579355,2.24,0.59,-0.2,0.023364,0.001727,-0.0016589999999999,0.901,0.074,-0.067,5799,2.303856603133652,0.25456561216865226,-0.23687890684295818,3744,5280587,35.623,0.0029,0.9950871533298968,0.08498201699885416,0.9995414681624454,0.0029,0.9966427979047743
6619815,K03361.01,1,CANDIDATE,0.484,65.94078689999999,16.05288,2.33,0.64,-0.28,0.02222,0.000917,-0.0009449999999999,1.1,0.102,-0.091,5982,2.674977881953184,0.27150021303902255,-0.2488238344086309,4777,6619815,65.941,0.0048,0.995087158962715,0.11967646680379516,0.9993288214980747,0.0048,0.9945320431548839
4815520,K00367.01,1,CANDIDATE,0.998,31.578651216,289.96722,4.52,0.68,-0.36,0.041835,0.00045,-0.000136,1.002,0.042,-0.04,5733,4.587657110338535,0.1985278250463081,-0.18374625018660742,406,4815520,31.579,0.26,0.9950871621754362,1.952613404494906e-17,1.0,0.26,0.74
5088400,K04127.01,1,CANDIDATE,0.991,8.82715783,13.88664,1.67,0.23,-0.06,0.017452,0.001208,-0.001196,0.862,0.046,-0.043,5550,1.6464021546690157,0.14389720556602698,-0.1395551577237443,5048,5088400,8.827,0.0073,0.9950869308502093,0.07268249233885601,0.9996130158245488,0.0073,0.9923158408090296
5695396,K00283.02,2,CANDIDATE,0.983,25.5172744,10.622858,0.83,0.12,-0.08,0.0074719999999999,0.000365,-0.000436,1.003,0.042,-0.04,5680,0.8202028082053753,0.05277220686831821,-0.05796984895400268,581,5695396,25.517,1.0,0.9949943563784928,0.133053965893929,0.9992278973039963,1.0,0.0
10793172,K02871.01,1,CANDIDATE,0.989,12.0999065,12.935891,1.39,0.21,-0.2,0.011614,0.000587,-0.000627,0.851,0.04,-0.037,5547,1.0816701311666246,0.074657735298843,-0.07497861376030465,3418,10793172,12.1,0.00038,0.9950858267664873,0.08520718033227011,0.9995400153191439,0.00038,0.9991601901133226
11547513,K00295.02,2,CANDIDATE,0.958,10.10575764,17.889442000000003,1.28,0.2,-0.14,0.011144,0.001522,-0.00132,0.976,0.041,-0.039,5923,1.190349178957966,0.17008927786507738,-0.14880307909577314,37,11547513,10.106,0.0016,0.9950871620405193,0.0450960552599109,0.999766842074126,0.0016,0.9981672151268074
10793172,K02871.02,2,CANDIDATE,0.995,5.36375016,11.9805565,1.15,0.17,-0.16,0.00963,0.000718,-0.000301,0.851,0.04,-0.037,5547,0.8968902499685376,0.07905021327725133,-0.04802616858299209,3419,10793172,5.364,0.019,0.9950790394497981,0.08732308340451202,0.9995268440551422,0.019,0.9805358340180945
10793172,K02871.04,3,CANDIDATE,0.949,7.9788198,7.9889746,0.99,0.14,-0.15,0.008249,0.000641,-0.000703,0.851,0.04,-0.037,5547,0.768270786291845,0.06977156891503575,-0.07350237917917049,3420,10793172,7.979,0.0086,0.9818559397402448,0.14366414023606633,0.9968997911251959,0.0086,0.9883264529215191
10471515,K02961.01,1,CANDIDATE,0.992,3.784750700000001,11.365295,0.7,0.11,-0.08,0.00528,0.000276,-0.000345,1.21,0.054,-0.051,6017,0.6992021394412282,0.04805765009633716,-0.05436696760103691,3816,10471515,3.785,0.002,0.9950614917654467,0.09202605260689116,0.9994969822980068,0.002,0.9974979883334107
8760040,K02963.01,1,CANDIDATE,0.999,18.2206024,15.275195000000002,1.78,0.3,-0.23,0.0129509999999999,0.000583,-0.000399,1.124,0.055,-0.052,5949,1.593136802605072,0.10592626416407984,-0.08855113213021243,3818,8760040,18.221,0.00014,0.995087145374972,0.06971768915996686,0.9996300006016193,0.00014,0.9994900524015351
8760040,K02963.02,2,CANDIDATE,0.913,7.35101287,10.0476,1.42,0.23,-0.19,0.010277,7.2e-05,-0.00101,1.124,0.055,-0.052,5949,1.2642009821922982,0.06249119968502215,-0.13732042325533284,3852,8760040,7.351,0.0011,0.9947944700695123,0.11262403006689312,0.9993358671146304,0.0011,0.9982365976608043
3544640,K03279.01,1,CANDIDATE,1.0,30.8278245,13.308066,2.42,0.68,-0.27,0.023114,0.0014119999999999,-0.000946,1.051,0.103,-0.092,5982,2.658650688994462,0.30702730795662236,-0.25690823529827395,3749,3544640,30.828,0.0083,0.9950865461651903,0.10445442170191502,0.999424076021758,0.0083,0.9911288561907774
10653179,K03280.01,1,CANDIDATE,1.0,47.1607932,10.610574,2.58,0.67,-0.28,0.02451,0.001414,-0.0012289999999999,0.854,0.073,-0.066,5936,2.290786618738988,0.23624072536332036,-0.21103877066903462,3750,10653179,47.161,0.0039,0.9950007814116816,0.17413804388205284,0.9989405879563021,0.0039,0.9950447196632726
5257082,K03368.01,1,CANDIDATE,0.955,10.08535311,8.850205,1.45,0.46,-0.15,0.014096,0.000546,-0.001225,1.03,0.085,-0.077,5947,1.5889731965768938,0.14485483193675724,-0.18215047400190723,4784,5257082,10.085,0.0059,0.9924146586232508,0.13385558141811363,0.9988187872282077,0.0059,0.9929257563835613
5895158,K03935.01,1,CANDIDATE,1.0,1.0936658540000002,21.155846,1.29,0.38,-0.12,0.013555,0.0004669999999999,-0.000315,0.834,0.065,-0.059,5845,1.2372259720299519,0.10542757824395407,-0.092126944574024,4237,5895158,1.094,0.0006,0.9950871621751127,0.02624989294053457,0.9998669081926167,0.0006,0.9992669880477011
9956082,K04139.01,1,CANDIDATE,0.987,3.74031708,13.422261,1.38,0.41,-0.17,0.011906,0.000511,-0.000606,1.058,0.09,-0.081,6260,1.3785896116914171,0.13135245383294575,-0.12674062270749772,5092,9956082,3.74,6.3e-05,0.9950866013835303,0.07178114333281393,0.9996181602778855,6.3e-05,0.999555184333788
8885643,K02789.01,1,CANDIDATE,1.0,3.40165617,17.603607,1.34,0.41,-0.13,0.0135639999999999,0.000297,-0.002335,0.896,0.069,-0.063,6177,1.3300845426629655,0.10648835335883633,-0.24733274826696952,3754,8885643,3.402,0.00049,0.9950871619390816,0.04255922753942071,0.9997805411269931,0.00049,0.9992906486618409
11802615,K00296.01,1,CANDIDATE,1.0,28.86236571,54.010296,2.53,0.37,-0.37,0.021303,0.000165,-0.001885,1.092,0.047,-0.045,5725,2.5459323611250944,0.11133784180660246,-0.24850951673621544,38,11802615,28.862,9.3e-05,0.9950871621754362,0.0005407383238123348,0.9999973288802506,9.3e-05,0.9999043291286648
5980783,K02967.01,1,CANDIDATE,0.983,37.3033197,17.627789,2.31,0.57,-0.25,0.0258569999999999,0.001805,-0.004592,1.216,0.113,-0.102,5646,3.441083142209903,0.3999445290874438,-0.6758473707417394,3857,5980783,37.303,0.0051,0.995087161980588,0.06781895773563719,0.9996408117124629,0.0051,0.9945426435727294
6029239,K00304.01,1,CANDIDATE,1.0,8.512037736,116.80596,2.14,0.3,-0.11,0.022246,0.000489,-0.000218,0.927,0.04,-0.038,5767,2.2569145827145736,0.10929394735322644,-0.09512329623329313,81,6029239,8.512,0.0024,0.9950871621754362,1.0513657678973693e-07,0.9999999994809309,0.0024,0.9975999994821767
5450893,K02970.01,1,CANDIDATE,0.993,4.82051088,13.049923,1.08,0.19,-0.22,0.00709,0.0004769999999999,-0.00129,1.145,0.05,-0.048,6046,0.888454471589479,0.07126055569296122,-0.16588636351871336,3860,5450893,4.821,0.00034,0.9950860469447187,0.07620954191721283,0.999592613863541,0.00034,0.9992527523748275
10610039,K04577.01,1,CANDIDATE,0.695,105.997107,10.37172,1.83,0.52,-0.14,0.020118,0.0005099999999999,-0.001831,1.008,0.08,-0.072,6068,2.219365300276869,0.18490736595353427,-0.2567702182418232,5288,10610039,105.997,0.24,0.9949830304511456,0.33892141253441954,0.9974149335666291,0.24,0.7580353495106381
10610039,K04577.02,2,CANDIDATE,0.952,3.07365139,7.863684700000001,0.79,0.23,-0.06,0.008751,0.000838,-0.000509,1.008,0.08,-0.072,6068,0.9653875008809464,0.12006908307352057,-0.08892671868924125,5289,10610039,3.074,0.0013,0.9780892558356878,0.13700334682381907,0.9964436810430655,0.0013,0.9951483042577095
10663738,K04698.01,1,CANDIDATE,0.965,8.5275894,9.347392,1.28,0.44,-0.14,0.00985,0.000511,-0.000837,1.217,0.096,-0.087,6469,1.3119287951485026,0.12386298537775131,-0.14568385833333697,4994,10663738,8.528,0.0033,0.9940177048354685,0.1239853388315334,0.9991482097279502,0.0033,0.995851020635848
8890783,K00464.01,1,CANDIDATE,0.963,58.36205791,201.45831,7.02,1.95,-0.79,0.06741,0.00251,-0.001011,0.892,0.04,-0.038,5592,6.580708250062924,0.38356733640718915,-0.2972098518929407,235,8890783,58.362,3.2e-05,0.9950871621754362,3.2341803901630047e-12,0.999999999999984,3.2e-05,0.999967999999984
10155434,K00473.01,1,CANDIDATE,1.0,12.70636123,38.16564,2.75,0.66,-0.22,0.029987,0.002284,-0.003085,0.775,0.058,-0.053,5573,2.543420561052731,0.27158853435742014,-0.3141990287180415,358,10155434,12.706,0.0034,0.9950871621754362,0.0034107919225118363,0.9999831029709557,0.0034,0.9965831604208545
3634051,K06103.02,2,CANDIDATE,0.755,122.8054416,9.364022,118.62,22.57,-52.68,0.361369,6.952184,-0.064837,1.228,0.054,-0.051,5874,48.56604258941606,934.3384359017416,-8.944136401932617,5602,3634051,122.805,1.0,0.9944576064952692,0.42729067060195847,0.9958418491960983,1.0,0.0
5177859,K04246.02,2,CANDIDATE,0.98,8.75630628,9.002639,1.12,0.33,-0.25,0.008347,0.000473,-0.000654,0.925,0.039,-0.037,5839,0.8449978460074251,0.05968343842043131,-0.07433559974870907,5492,5177859,8.756,0.0006,0.9930610970743239,0.12935374125425322,0.9989618691454772,0.0006,0.99836249202399
8741470,K04251.01,1,CANDIDATE,1.0,6.23968392,9.789279,1.55,0.41,-0.3,0.012425,0.001105,-0.004974,0.912,0.039,-0.037,5751,1.2401513528819532,0.12237895720921219,-0.4990027375020795,4835,8741470,6.24,0.36,0.9946118265524865,0.11439822806816956,0.9993002083288113,0.36,0.6395521333304393
10647452,K04366.01,1,CANDIDATE,0.953,0.762950224,12.50449,1.0,0.18,-0.08,0.012509,0.000883,-0.0004769999999999,0.808,0.045,-0.042,5385,1.1061586223256985,0.09945928361348694,-0.07131105265041271,5233,10647452,0.763,0.012,0.9950840330028697,0.07707533320543401,0.9995874293223262,0.012,0.9875923801704584
2572029,K04581.01,1,CANDIDATE,1.0,6.0059966,8.8583975,0.73,0.22,-0.12,0.005742,0.000328,-0.000621,1.187,0.051,-0.049,6103,0.7459287782846715,0.0533172782277277,-0.08634945486644592,5292,2572029,6.006,0.0052,0.9924077263166967,0.126977132175182,0.9988872909696261,0.0052,0.993693077056584
5651846,K04827.01,1,CANDIDATE,0.989,31.1920226,8.405147999999999,1.65,0.35,-0.16,0.019451,0.001321,-0.00104,0.907,0.076,-0.069,5675,1.9307794888780516,0.20825195749338013,-0.17953337369260614,6098,5651846,31.192,0.089,0.9895291641862416,0.1823043864031065,0.9976408356253025,0.089,0.9088508012546506
3239171,K04967.01,1,CANDIDATE,0.609,43.581043,8.115809,1.94,0.59,-0.21,0.017259,0.0009599999999999,-0.001713,1.226,0.126,-0.112,6225,2.3157387056065946,0.270617380953759,-0.3123812562331232,5793,3239171,43.581,0.0024,0.9861025213997865,0.2171751027849687,0.9960901567104377,0.0024,0.9936995403343326
3748855,K06355.01,1,CANDIDATE,1.0,4.37198905,8.651935,0.93,0.27,-0.11,0.009309,0.000694,-0.000722,0.869,0.067,-0.061,5823,0.8853322048357662,0.09495102368960633,-0.09261302323702192,6411,3748855,4.372,0.25,0.9911309774641567,0.1273316161464124,0.998694335134758,0.25,0.7490207513510685
3217264,K00401.03,3,CANDIDATE,0.997,55.3291399,16.517689999999998,1.67,0.19,-0.13,0.016221,0.00065,-0.000704,0.989,0.043,-0.041,5376,1.7557285510476968,0.10381219630255203,-0.10537600323352544,541,3217264,55.329,0.0072,0.9950871607572237,0.09872076302416449,0.9994592200666693,0.0072,0.9922631136821893
5785279,K04259.01,1,CANDIDATE,0.885,0.909127736,10.0180235,0.98,0.26,-0.17,0.008986,0.0005099999999999,-0.00057,0.771,0.06,-0.054,5486,0.7582357340485778,0.07303205379924048,-0.07164853587795157,4842,5785279,0.909,0.0022,0.9947691047977597,0.1039138732882484,0.999390213914543,0.0022,0.997191555443931
5351250,K00408.04,4,CANDIDATE,1.0,3.42806306,15.834582,1.21,0.14,-0.1,0.012074,0.000645,-0.000489,0.881,0.042,-0.04,5559,1.164154270356154,0.08335281147271674,-0.0708289875255595,551,5351250,3.428,2.7e-05,0.9950871558401481,0.05311184649076498,0.9997230734566429,2.7e-05,0.9996960809336596
10991114,K04374.01,1,CANDIDATE,1.0,3.70386741,10.74156,0.86,0.17,-0.07,0.010182,0.00079,-0.000395,0.89,0.039,-0.037,5496,0.9917599241756859,0.08837295694146954,-0.056393458500169205,5240,10991114,3.704,0.026,0.9950052884012701,0.09898822052837376,0.9994485094488861,0.026,0.973462848203215
7778427,K04482.01,1,CANDIDATE,0.898,5.38299284,9.382807,0.78,0.14,-0.1,0.005534,0.000268,-0.000414,1.242,0.055,-0.052,6256,0.7522188396048325,0.04936230747668711,-0.0644871434263002,4939,7778427,5.383,0.023,0.9940719365254868,0.11859469975563974,0.9991976115771914,0.023,0.976216066510916
2303903,K04709.01,1,CANDIDATE,0.8,3.70858595,9.874765,1.33,0.25,-0.11,0.015797,0.001417,-0.000692,0.815,0.078,-0.07,5420,1.4090152141800902,0.18482144560808794,-0.13585102744840533,5036,2303903,3.709,0.2,0.9946771334969865,0.10960551659731686,0.9993412609746721,0.2,0.7994730087797377
9278216,K04710.01,1,CANDIDATE,0.998,9.4527721,9.767796,1.3,0.36,-0.12,0.013921,0.0009279999999999,-0.001034,1.067,0.095,-0.085,5973,1.6256172854108983,0.18080912886672143,-0.17705872043387486,5037,9278216,9.453,0.62,0.9945993627696066,0.11953746165039739,0.9992627921071066,0.62,0.3797198610007005
5645170,K04837.01,1,CANDIDATE,0.989,5.38613715,7.783955000000001,0.86,0.12,-0.06,0.011945,0.000802,-0.001139,0.872,0.07,-0.064,5516,1.1399507657941104,0.11929809330004691,-0.13716919573033876,6138,5645170,5.386,0.28,0.9756210060704551,0.14231652776749734,0.9958536788709093,0.28,0.7170146487870547
3553900,K04992.01,1,CANDIDATE,0.969,12.5747207,9.398239,1.45,0.29,-0.13,0.0171,0.000522,-0.00162,0.915,0.075,-0.068,5654,1.7123820239743268,0.14977695659338292,-0.20618442607274717,5835,3553900,12.575,0.28,0.9941311145528874,0.12979627098144553,0.9991194515812505,0.28,0.7193660051385004
8890783,K00464.02,2,CANDIDATE,1.0,5.350156114,67.36277,2.6,0.72,-0.29,0.024953,0.000492,-0.000217,0.892,0.04,-0.038,5592,2.435965182670526,0.1193290271292489,-0.10591443558796111,349,8890783,5.35,1.2e-06,0.9950871621754362,6.638212036714433e-05,0.9999996722435436,1.2e-06,0.9999984722439369
10460984,K00474.01,1,CANDIDATE,1.0,10.94577783,44.60486,2.84,0.46,-0.38,0.023673,0.0002279999999999,-0.002299,1.041,0.047,-0.045,5888,2.697040594339919,0.12450817869851853,-0.28669841479493463,359,10460984,10.946,0.016,0.9950871621754362,0.0014296173563565712,0.9999929317413069,0.016,0.983993044833446
12834874,K00487.01,1,CANDIDATE,1.0,7.65880048,48.160652,2.19,0.56,-0.23,0.023499,0.000669,-0.000292,0.828,0.063,-0.057,5657,2.129429046123836,0.17299203987411252,-0.148960105158614,322,12834874,7.659,8.9e-06,0.9950871621754362,0.0008545584985182959,0.999995777356756,8.9e-06,0.9999868773943376
4548098,K04157.01,1,CANDIDATE,0.998,3.82315697,13.399375,0.77,0.14,-0.04,0.006294,0.000634,-0.000341,1.244,0.054,-0.052,6202,0.8569008518751573,0.0939899183969822,-0.05863739779863652,5178,4548098,3.823,0.14,0.9950865772211882,0.07206243501715372,0.9996165458489279,0.14,0.859670229430078
4548098,K04157.02,2,CANDIDATE,0.996,5.215751999999999,7.806796,0.83,0.15,-0.04,0.00678,0.000789,-0.0004379999999999,1.244,0.054,-0.052,6202,0.9230676478731435,0.11464876975055618,-0.07102633637452664,5179,4548098,5.216,1.0,0.976401444256964,0.1416487162895789,0.9960115459465682,1.0,0.0
4252322,K00396.01,1,CANDIDATE,1.0,14.591504451,86.46115999999999,36.85,9.97,-9.97,0.257211,55.03341999999999,-0.125805,0.937,0.07,-0.063,5940,26.37622169328908,5643.513593669404,-13.022249717110078,507,4252322,14.592,1.0,0.9950871621754362,6.185590923263075e-06,0.9999999694609737,1.0,0.0
9883606,K04383.01,1,CANDIDATE,0.999,4.34195312,10.541721,0.94,0.3,-0.13,0.007868,0.0004559999999999,-0.000522,0.93,0.04,-0.038,6164,0.8008123376541656,0.05779654699242114,-0.06239749011398941,5281,9883606,4.342,0.00011,0.9949687868408011,0.1022029927947454,0.9994243629737785,0.00011,0.9993144262938513
9898017,K04484.01,1,CANDIDATE,1.0,2.29794819,11.046987,0.98,0.29,-0.12,0.008411,0.000457,-0.0004799999999999,1.222,0.104,-0.094,6371,1.124869896709036,0.11357976662092154,-0.10774075665049143,4941,9898017,2.298,2.3e-05,0.9950404707768975,0.09371240183393449,0.9994846162270274,2.3e-05,0.9994616280808543
9478990,K00423.01,1,CANDIDATE,1.0,21.0871953,370.4678,14.43,2.49,-3.03,0.086833,0.000127,-0.000112,1.235,0.058,-0.055,6266,11.736408547303673,0.5514507841019575,-0.5228932367628737,8,9478990,21.087,0.00039,0.9950871621754362,4.284135083111503e-22,1.0,0.00039,0.99961
8320630,K04846.02,1,CANDIDATE,0.862,32.526674,7.528005,1.26,0.34,-0.11,0.013319,0.000838,-0.001158,1.042,0.091,-0.082,5668,1.5188776567769946,0.16348597256278338,-0.1781174059945688,6183,8320630,32.527,0.039,0.9674952513165515,0.2031854796965684,0.9914329086162188,0.039,0.9527670251801862
11134879,K00480.01,1,CANDIDATE,1.0,4.30165843,83.365845,2.42,0.55,-0.24,0.0255889999999999,0.004696,-0.000878,0.807,0.061,-0.055,5480,2.260009707887608,0.4485529400088416,-0.17244641077871012,279,11134879,4.302,0.0013,0.9950871621754362,7.98979104274581e-06,0.9999999605533437,0.0013,0.9986999606046244
2557816,K00488.01,1,CANDIDATE,1.0,9.3789167,36.6241,2.03,0.41,-0.27,0.023007,0.003639,-0.0013039999999999,0.969,0.074,-0.068,5684,2.4398730230776486,0.42853986075177497,-0.22008998262832666,323,2557816,9.379,1.7e-05,0.9950871621754362,0.003975466850450079,0.9999802944116803,1.7e-05,0.9999632947466753
3854496,K06368.01,1,CANDIDATE,1.0,9.4588054,7.9039693,1.78,0.49,-0.21,0.0152699999999999,0.000816,-0.001567,1.0,0.111,-0.098,6247,1.6711771646111142,0.2058781204845084,-0.23713506340114432,6489,3854496,9.459,0.0061,0.9797241098947703,0.14774074946816,0.9964123942862922,0.0061,0.9903342786811459
7610663,K04160.01,1,CANDIDATE,0.987,3.03196812,14.200007,0.9,0.25,-0.14,0.008297,0.0004669999999999,-0.000361,0.971,0.042,-0.04,5755,0.8817059583280896,0.06258862807054029,-0.05282951477934916,5182,7610663,3.032,0.085,0.9950870296742005,0.06464243239786369,0.9996587889390606,0.085,0.9146877918792404
9883606,K04383.02,2,CANDIDATE,0.883,2.58393841,8.625569,0.77,0.25,-0.1,0.0064849999999999,0.000657,-0.0004179999999999,0.93,0.04,-0.038,6164,0.6600493149068613,0.07264677465676625,-0.05037257307690843,5282,9883606,2.584,0.035,0.9909006120532858,0.12483428861520987,0.9986901375826772,0.035,0.9637359827672835
4844367,K04498.01,1,CANDIDATE,0.983,17.1622587,10.310347,22.42,2.72,-1.07,0.218648,6.729959,-0.012264,0.918,0.046,-0.044,5733,21.967045319154295,676.1438945528421,-1.62071803839979,4983,4844367,17.162,1.0,0.9949150906315928,0.1239755455266428,0.9992767024456837,1.0,0.0
10937749,K04499.01,1,CANDIDATE,1.0,5.19898615,9.88589,1.04,0.29,-0.1,0.010944,0.000508,-0.000773,1.014,0.08,-0.072,6058,1.2144999325446766,0.1111724396516982,-0.12163666101908689,4984,10937749,5.199,0.0048,0.9946881295964556,0.1116044150062315,0.9993291344057725,0.0048,0.9945323545606248
6144039,K04602.01,1,CANDIDATE,0.961,2.85855049,10.196333,1.23,0.14,-0.13,0.011676,0.000575,-0.003668,0.969,0.045,-0.043,5440,1.2382299916310093,0.08381489868987194,-0.3928499877513699,5378,6144039,2.859,0.017,0.9948607580375953,0.10439032424254754,0.9993978866805474,0.017,0.9824081226069781
6786224,K04850.01,1,CANDIDATE,0.999,3.04185157,9.081595,0.71,0.21,-0.07,0.007624,0.000442,-0.000569,0.945,0.041,-0.039,5802,0.7884935621696451,0.05709611109906087,-0.0672453525574488,6186,6786224,3.042,0.38,0.9932930311114709,0.1191482456587093,0.9990866573633935,0.38,0.619433727565304
6543192,K05297.01,1,CANDIDATE,0.962,8.0906952,7.458956,0.8,0.09,-0.05,0.008151,0.000679,-0.000737,0.917,0.041,-0.039,5372,0.8180195525893532,0.07733815008588234,-0.08173762804986155,5583,6543192,8.091,0.064,0.9604352308213185,0.1526328756188877,0.9925797757616706,0.064,0.9290546701129235
10460984,K00474.02,2,CANDIDATE,0.999,28.9869016,24.698427,2.7,0.44,-0.36,0.022565,0.001315,-0.002777,1.041,0.047,-0.045,5888,2.570807291483136,0.1895179460488017,-0.3353306752586364,270,10460984,28.987,0.037,0.9950871621754358,0.024831673666395566,0.9998742819285935,0.037,0.9628789334972355
5816144,K06137.01,1,CANDIDATE,1.0,12.4970599,9.605606,1.44,0.5,-0.16,0.012948,0.000143,-0.001371,1.142,0.09,-0.081,6174,1.6182747217467908,0.12878100860976274,-0.20624248781633395,5728,5816144,12.497,0.004,0.9944365247186164,0.12663125066843584,0.9991888291346649,0.004,0.9951920738181262
10907132,K04503.01,1,CANDIDATE,1.0,5.89089509,8.614958,1.54,0.47,-0.15,0.015019,0.000826,-0.000959,1.012,0.095,-0.085,5869,1.6634317454694185,0.18097730524238406,-0.1755043299263919,5022,10907132,5.891,0.00045,0.990878567248207,0.13036616269371604,0.9986200254453558,0.00045,0.9981706464339054
10220837,K04613.01,1,CANDIDATE,0.934,1.962282625,10.950456,0.81,0.22,-0.12,0.0075489999999999,0.000419,-0.000469,0.822,0.035,-0.033,5726,0.6791171508620599,0.047507514694358835,-0.050234099687092686,5420,10220837,1.962,0.017,0.9950312114321646,0.09437309940584336,0.9994796294409277,0.017,0.982488475740432
9782748,K04856.01,1,CANDIDATE,0.924,147.388124,13.097614,3.03,1.0,-0.34,0.027522,0.001446,-0.001108,0.927,0.093,-0.083,6046,2.7921785105398946,0.3162104724592597,-0.27411007312554136,5522,9782748,147.388,0.0015,0.9950866148155117,0.39598193036053203,0.9967629801328721,0.0015,0.9952678356626729
6675757,K05310.01,1,CANDIDATE,0.982,22.2903562,7.840215,1.13,0.16,-0.1,0.010324,0.000842,-0.001004,0.985,0.043,-0.04,5596,1.1129295711678833,0.10295275391931186,-0.11728870572290079,5622,6675757,22.29,0.21,0.9787504368478156,0.17411433043281446,0.9954228765712669,0.21,0.7863840724913009
8891684,K05581.01,1,CANDIDATE,0.968,374.878133,14.203887,4.27,1.07,-1.18,0.028862,0.0068099999999999,-0.00168,0.815,0.061,-0.056,5636,2.5743493772023656,0.6372469038197385,-0.2318267842268503,6018,8891684,374.878,0.0038,0.9950871362731739,0.9292048024251139,0.9351990678203231,0.0038,0.9316453113626059
11026582,K05854.01,1,CANDIDATE,0.982,240.57135,28.41287,2.93,0.89,-0.3,0.028417,0.000279,-0.001068,1.075,0.083,-0.075,6146,3.34325996059338,0.26020939995680575,-0.2649412361235531,5680,11026582,240.571,0.013,0.9950871621754362,0.25623856712207843,0.9982990868169433,0.013,0.985321198688323
11192998,K00481.01,1,CANDIDATE,1.0,7.650243512999999,68.67351,2.3,0.45,-0.18,0.028274,0.000481,-0.000193,0.782,0.036,-0.034,5409,2.4197888005914927,0.11875979311548922,-0.10649694367438141,280,11192998,7.65,4.1e-07,0.9950871621754362,5.779725155831939e-05,0.9999997146331027,4.1e-07,0.9999993046332197
2449245,K06274.01,1,CANDIDATE,0.997,18.1772927,7.4007688,1.5,0.47,-0.16,0.013378,0.001013,-0.001287,1.016,0.089,-0.081,6158,1.4875389808708783,0.17224137002252493,-0.18585872415971058,6841,2449245,18.177,0.002,0.9582265935052109,0.17375823215088862,0.9908320989688834,0.002,0.9888504347709456
8324518,K04393.01,1,CANDIDATE,0.936,1.62888267,11.443328,0.92,0.19,-0.08,0.010339,0.000627,-0.0006259999999999,1.119,0.093,-0.084,5398,1.266170169534986,0.13026776419380195,-0.12211192734511532,5328,8324518,1.629,0.0045,0.9950647478994258,0.08859644845221064,0.9995178706199178,0.0045,0.9950200402021282
8345384,K04399.01,1,CANDIDATE,0.958,42.1003351,13.519419,1.42,0.16,-0.07,0.0158449999999999,0.002758,-0.002548,0.833,0.034,-0.033,5595,1.4445104918355058,0.2582535922422062,-0.23923366875724275,5366,8345384,42.1,0.44,0.9950867663043211,0.11798281188747317,0.99933953749843,0.44,0.5596301409991208
6850504,K00070.03,3,CANDIDATE,0.563,77.6114427,75.38519000000001,2.59,0.29,-0.23,0.02568,0.000598,-0.000273,0.887,0.037,-0.035,5465,2.492884141706519,0.1190934490143581,-0.10187376640285833,522,6850504,77.611,1e-05,0.9950871621754362,6.664893872140898e-05,0.9999996709260613,1e-05,0.9999896709293521
9216775,K04513.01,1,CANDIDATE,0.872,3.91794676,11.472025,0.94,0.11,-0.04,0.009856,0.000462,-0.000691,0.874,0.041,-0.038,5500,0.9427479204631262,0.0625197879679918,-0.07777362993157726,5064,9216775,3.918,0.0002,0.9950661238217812,0.09102391431154194,0.9995034770180883,0.0002,0.9993035763226847
6468904,K04743.01,1,CANDIDATE,0.998,49.5387264,10.238926,20.52,4.61,-1.54,0.251507,6.7874490000000005,-0.086467,0.933,0.073,-0.066,5683,25.68119191522464,693.0642605279394,-9.014043435604922,5082,6468904,49.539,0.99,0.9949165840357901,0.1864556931382638,0.9988289824158272,0.99,0.00998828982415828
11513486,K04748.01,1,CANDIDATE,0.996,6.64754478,11.341888,1.72,0.54,-0.18,0.015634,0.001025,-0.00082,0.765,0.07,-0.062,6046,1.308925710577649,0.1473414065650816,-0.1263597738424744,5120,11513486,6.648,0.014,0.9950606834535899,0.09584849795466287,0.9994737872143254,0.014,0.9854811541933248
7977197,K00459.01,1,CANDIDATE,1.0,19.44639139,73.35643,3.24,0.89,-0.48,0.031094,0.001709,-0.003128,1.152,0.053,-0.05,5815,3.920238856279889,0.28098847090806345,-0.4295085714266175,229,7977197,19.446,0.011,0.9950871621754362,3.713419006153837e-05,0.9999998166582433,0.011,0.9889998186750026
10460984,K00474.03,3,CANDIDATE,1.0,94.886902,19.497467,4.24,0.69,-0.56,0.035401,40.01582,-0.007261,1.041,0.047,-0.045,5888,4.033199597863705,4558.961307898826,-0.8454109225513916,271,10460984,94.887,0.87,0.9950871621707493,0.11668750126261235,0.9993477992866996,0.87,0.12991521390727095
11192998,K00481.02,2,CANDIDATE,1.0,1.55400389,55.116364,1.59,0.31,-0.12,0.019515,0.00036,-0.000157,0.782,0.036,-0.034,5409,1.6701626385917445,0.08283063892734872,-0.07384844083776287,281,11192998,1.554,3.2e-06,0.9950871621754362,0.0003136109164394033,0.9999984511880274,3.2e-06,0.9999952511929836
4454752,K00496.01,1,CANDIDATE,1.0,1.616883373,40.888733,4.47,1.01,-2.18,0.022557,0.000496,-0.00345,0.847,0.037,-0.035,4868,2.09097194347785,0.10226029989027037,-0.33127207808850384,1026,4454752,1.617,0.81,0.9950871621754362,0.0020306361738629056,0.9999899541609943,0.81,0.18999809129058887
6850504,K00070.01,1,CANDIDATE,1.0,10.854095934000002,203.21265,2.99,0.33,-0.27,0.029604,0.001495,-0.000524,0.887,0.037,-0.035,5465,2.8738061577523277,0.18823476539648104,-0.12428345636551325,520,6850504,10.854,6.6e-06,0.9950871621754362,1.2813792306793174e-12,0.9999999999999937,6.6e-06,0.9999933999999937
6850504,K00070.02,2,CANDIDATE,1.0,3.696121272,108.19572,1.78,0.19,-0.16,0.017627,0.000379,-0.000113,0.887,0.037,-0.035,5465,1.7111397494494087,0.08030197548990531,-0.06840487193667864,521,6850504,3.696,3.7e-06,0.9950871621754362,3.035982300883693e-07,0.9999999985011069,3.7e-06,0.9999962985011124
2831055,K04400.01,1,CANDIDATE,0.995,2.20923119,11.010214,0.84,0.26,-0.11,0.007076,0.000392,-0.000376,1.072,0.046,-0.044,5991,0.8301681459854013,0.05817283661231837,-0.055740417737690964,5367,2831055,2.209,0.00018,0.9950371479993947,0.09401233578005924,0.9994824472887175,0.00018,0.9993025404482055
7703882,K04403.01,1,CANDIDATE,1.0,5.88350251,11.783633,1.27,0.37,-0.12,0.013655,0.000774,-0.0009029999999999,1.031,0.1,-0.089,5840,1.5407558501919203,0.17309068552305412,-0.16754579407771392,5368,7703882,5.884,0.015,0.9950754751689834,0.09002432997631865,0.9995104033630743,0.015,0.9845177473126282
10745365,K04405.01,1,CANDIDATE,0.694,8.9172863,11.470666,1.39,0.45,-0.15,0.0128759999999999,0.000831,-0.0018399999999999,1.077,0.085,-0.077,6210,1.5176797062043677,0.15472943934920932,-0.24250776409115385,5369,10745365,8.917,1.0,0.9950665264098943,0.0972691352737391,0.9994657833073919,1.0,0.0
10003058,K04519.01,1,CANDIDATE,0.898,148.568877,9.631365,5.97,1.14,-1.94,0.0183289999999999,0.001318,-0.000976,1.208,0.061,-0.058,5810,2.423199446639806,0.21291999327130381,-0.17374056729144458,5068,10003058,148.569,0.29,0.9947448536906481,0.5112373482861546,0.9944741680644971,0.29,0.7060766593257929
6850504,K00070.04,4,CANDIDATE,0.999,6.09855603,16.530762,0.84,0.09,-0.08,0.008309,0.000339,-0.0002379999999999,0.887,0.037,-0.035,5465,0.8065955737320665,0.047063985531610494,-0.039328949462557126,523,6850504,6.099,8.1e-05,0.9950871604590099,0.050541644625978245,0.9997371881724476,8.1e-05,0.9996562094602056
6311891,K04627.01,1,CANDIDATE,0.944,7.51731745,9.023955,1.19,0.15,-0.07,0.011854,0.000725,-0.000859,0.93,0.043,-0.041,5520,1.2065111147118048,0.09250456588779335,-0.10233854700432853,5463,6311891,7.517,0.086,0.9931291073089968,0.12701880792739625,0.9989933683050122,0.086,0.9130799386307812
6850504,K00070.05,5,CANDIDATE,0.963,19.5776073,12.244888,0.9,0.1,-0.08,0.008912,0.0004509999999999,-0.000312,0.887,0.037,-0.035,5465,0.8651317550969042,0.05673699666826825,-0.045636247813893575,524,6850504,19.578,0.0042,0.9950824922126293,0.10213958086740958,0.9994378254048781,0.0042,0.9952401865381777
10858832,K00432.01,1,CANDIDATE,1.0,5.2634152180000005,108.466675,3.77,1.31,-0.44,0.033596,0.000359,-0.003211,1.042,0.079,-0.071,6099,3.831234608985653,0.2933388102007937,-0.44970516814665773,54,10858832,5.263,0.0029,0.9950871621754362,2.9978256093651e-07,0.9999999985199451,0.0029,0.9970999985242373
9581589,K04877.01,1,CANDIDATE,0.987,5.19206571,8.990141,0.99,0.31,-0.12,0.008465,0.001374,-0.001166,1.203,0.092,-0.084,6322,1.114489664847093,0.19997185023023895,-0.1721116488379161,5570,9581589,5.192,0.0021,0.9929810879771225,0.1237794901481822,0.9990014631501093,0.0021,0.996903560077494
4478142,K05067.01,1,CANDIDATE,0.898,219.931324,9.900649,2.3,0.29,-0.14,0.023063,0.002006,-0.002919,0.836,0.038,-0.036,5564,2.1101121205008813,0.20708670030604834,-0.28210389588868695,5964,4478142,219.931,0.79,0.9949352311053217,0.736848331120182,0.9857459985311743,0.79,0.20700665969154655
10460984,K00474.04,4,CANDIDATE,1.0,5.03505665,14.266844,1.63,0.26,-0.22,0.013596,0.000199,-0.002438,1.041,0.047,-0.045,5888,1.5489783263906367,0.07351782235816767,-0.285715666068568,272,10460984,5.035,0.0048,0.9950870461759233,0.06589442713224114,0.9996517153507721,0.0048,0.9948533871170884
5308537,K04409.01,1,CANDIDATE,0.999,14.2651545,11.675163,1.06,0.18,-0.18,0.00749,0.0003259999999999,-0.000432,1.239,0.054,-0.052,5825,1.0156324765605336,0.06255771736307367,-0.07244564018277111,5406,5308537,14.265,0.0029,0.9950733783612818,0.10187161034102045,0.9994384235989506,0.0029,0.9965400521705137
5281113,K04411.01,1,CANDIDATE,0.994,11.17931581,11.880028,1.81,0.38,-0.56,0.008869,0.000335,-0.000666,1.095,0.047,-0.045,6292,1.0628506187861817,0.060769178533140525,-0.09098295535638727,5408,5281113,11.179,0.0013,0.9950776160567043,0.09547282462958331,0.9994778723640252,0.0013,0.998178551129952
5003670,K04524.01,1,CANDIDATE,1.0,7.99144696,10.7262335,1.53,0.23,-0.12,0.01394,0.000417,-0.0034509999999999,0.84,0.042,-0.04,5702,1.2815203750314623,0.07466813868225831,-0.32307027073432076,5072,5003670,7.991,0.00085,0.995004485898915,0.104907884322646,0.99941156899579,0.00085,0.9985620691621435
5003670,K04524.02,2,CANDIDATE,0.607,4.52628739,9.255154,1.02,0.15,-0.08,0.009313,0.000754,-0.000373,0.84,0.042,-0.04,5702,0.8561548961741756,0.08146915997159813,-0.053272511603234804,5073,5003670,4.526,0.0016,0.9937955544770192,0.1190364219243884,0.9991564169665038,0.0016,0.9975577666993574
5003670,K04524.03,3,CANDIDATE,0.989,3.33930957,8.40802,1.2,0.18,-0.09,0.010966,0.001784,-0.002409,0.84,0.042,-0.04,5702,1.0081171042033727,0.17157637540505793,-0.22660544123553455,5074,5003670,3.339,0.00017,0.9888474621938599,0.12921999938181425,0.9983263459625733,0.00017,0.9981566304837597
3765917,K04526.01,1,CANDIDATE,0.924,30.539293100000005,11.202491,2.72,0.46,-0.5,0.01877,0.000821,-0.001039,1.224,0.084,-0.078,5812,2.5143697671784544,0.20462267369875972,-0.21223776266853936,5108,3765917,30.539,0.00078,0.9950562525319334,0.13275235269508667,0.9992394850746052,0.00078,0.998460078276247
3765917,K04526.02,2,CANDIDATE,1.0,11.8187288,8.598025999999999,2.09,0.35,-0.38,0.014436,0.000267,-0.001397,1.224,0.084,-0.078,5812,1.933800850239114,0.13744696679998172,-0.2240686137000325,5109,3765917,11.819,0.011,0.9908551549259772,0.14076858845222873,0.9984879651902708,0.011,0.9875045975731779
7949593,K04759.01,1,CANDIDATE,0.929,17.7662938,9.780214,1.54,0.23,-0.08,0.014903,0.0021149999999999,-0.003075,0.921,0.056,-0.052,5724,1.5021620546658696,0.23192577484021118,-0.3213419738425229,5129,7949593,17.766,0.0044,0.9946274892532251,0.13273462111496223,0.9991732979022622,0.0044,0.9947769353914923
9935642,K04885.01,1,CANDIDATE,1.0,9.33955596,9.466705,2.67,0.78,-0.58,0.022231,0.0015019999999999,-0.00924,0.75,0.058,-0.053,5516,1.8247514512018628,0.18738381127805925,-0.7693159819028035,5609,9935642,9.34,0.14,0.9942333011369764,0.12357548310713133,0.9991821818084418,0.14,0.8592966763552599
7009548,K05341.01,1,CANDIDATE,0.929,15.18575582,11.625513,2.26,0.66,-0.49,0.015424,0.001525,-0.0016829999999999,1.096,0.081,-0.073,6311,1.8500822068965521,0.22837551028763708,-0.23651089389019128,5671,7009548,15.186,0.32,0.9950721062534124,0.10371292992018116,0.9994269499497767,0.32,0.679610325965848
7977197,K00459.02,2,CANDIDATE,1.0,6.91986988,21.593683,1.39,0.38,-0.2,0.0133669999999999,0.001335,-0.001524,1.152,0.053,-0.05,5815,1.6852715247923358,0.1853125927860472,-0.20559321092273136,230,7977197,6.92,7.1e-05,0.9950871621752964,0.02696895059508263,0.9998631613901219,7.1e-05,0.9997921711056631
11192998,K00481.03,3,CANDIDATE,1.0,34.25951418,43.793594,2.41,0.46,-0.19,0.029532,0.000757,-0.000389,0.782,0.036,-0.034,5409,2.527452884596023,0.13317439041810294,-0.11482162439258481,316,11192998,34.26,2.1e-06,0.9950871621754362,0.002235371170076797,0.9999889390393771,2.1e-06,0.9999868390626051
2834463,K06293.01,1,CANDIDATE,0.794,5.88836941,7.984780000000001,1.21,0.39,-0.15,0.01018,0.001335,-0.000918,1.207,0.093,-0.084,6243,1.3447405584570853,0.20453477862744732,-0.15317762594845585,6890,2834463,5.888,0.54,0.9816330346535886,0.14001500391286026,0.9969537050957783,0.54,0.458598704344058
8507475,K04300.01,1,CANDIDATE,1.0,3.58273837,12.543833,1.64,0.37,-0.16,0.017176,0.001297,-0.0008939999999999,0.677,0.059,-0.053,5448,1.2726065546186762,0.14674811740236085,-0.11963802756828155,5014,8507475,3.583,0.031,0.9950842893215458,0.07968032283237492,0.9995723004220474,0.031,0.9685855591089638
12647577,K04530.01,1,CANDIDATE,0.999,12.636204800000002,9.943496,1.1,0.16,-0.07,0.010119,0.00058,-0.0007469999999999,1.024,0.046,-0.044,5766,1.1340207681852503,0.08258379966205859,-0.09686376890265792,5113,12647577,12.636,0.024,0.994740100778123,0.12203046471842924,0.999265051993987,0.024,0.9752826907461313
11655826,K04643.01,1,CANDIDATE,1.0,5.59346375,9.279454,1.43,0.46,-0.15,0.0140419999999999,0.000965,-0.001068,0.787,0.062,-0.057,5874,1.209447877516981,0.1264384210841508,-0.12702318648974237,4815,11655826,5.593,0.021,0.993858270634088,0.12034359011096449,0.9991545730051913,0.021,0.9781723269720822
10189546,K00427.01,1,CANDIDATE,1.0,24.61480613,53.93441800000001,4.2,0.45,-0.5,0.038975,0.00502,-0.00086,0.828,0.037,-0.035,5313,3.5318310171784546,0.4815015304848802,-0.16840875706346883,45,10189546,24.615,0.022,0.9950871621754362,0.0005132459273133639,0.999997464755941,0.022,0.9779975205313103
10937029,K00433.01,2,CANDIDATE,1.0,4.030466786,218.61652,4.48,0.42,-0.21,0.048052,0.00073,-0.000195,0.872,0.042,-0.04,5234,4.585760920714825,0.23160015691167377,-0.2111775611004246,55,10937029,4.03,5.2e-07,0.9950871621754362,1.533218925884001e-13,0.9999999999999992,5.2e-07,0.9999994799999993
10747501,K04891.01,1,CANDIDATE,0.983,4.7309013,10.886312,1.39,0.43,-0.14,0.0139949999999999,0.000592,-0.001093,0.944,0.086,-0.077,5941,1.4458670236596927,0.1452278122646677,-0.16327935924754947,5612,10747501,4.731,0.00041,0.9950248839667488,0.09863438856632854,0.999452862295572,0.00041,0.9990430866220308
11970050,K04893.01,1,CANDIDATE,1.0,6.58753699,9.198795,1.51,0.41,-0.14,0.013941,0.0013,-0.001052,0.795,0.07,-0.063,6014,1.2129545040743772,0.15556321820050684,-0.13272936051053394,5614,11970050,6.588,0.011,0.993665932728503,0.12302590531057998,0.999105764152035,0.011,0.9881156007463626
12416597,K04895.01,1,CANDIDATE,0.921,12.460565,7.6062803,1.1,0.11,-0.09,0.010763,0.0008039999999999,-0.0007379999999999,0.891,0.043,-0.041,5438,1.0495291370028947,0.09333854228666279,-0.08666753211137959,5616,12416597,12.461,0.0025,0.9690048143196873,0.15847803214529643,0.9939761809194729,0.0025,0.9914912404671743
4918303,K05104.01,1,CANDIDATE,0.999,21.1579573,8.634729,1.63,0.45,-0.16,0.0147319999999999,0.0035659999999999,-0.001686,0.958,0.084,-0.076,6063,1.544580952554734,0.397651990100833,-0.2150861940157407,6011,4918303,21.158,0.00034,0.9912907008764583,0.15744656158607004,0.9983582088887235,0.00034,0.9980187670977013
3847138,K00444.01,1,CANDIDATE,1.0,11.72291212,47.386738,2.08,0.26,-0.21,0.020002,0.000633,-0.0002569999999999,0.922,0.041,-0.039,5550,2.018309663793103,0.11015929385093268,-0.08922491229745273,143,3847138,11.723,1e-05,0.9950871621754362,0.0010038271402635045,0.9999950390321369,1e-05,0.9999850390817466
9391817,K05663.01,1,CANDIDATE,0.965,140.884533,11.95487,1.52,0.26,-0.2,0.011447,0.000505,-0.000533,1.178,0.05,-0.048,5960,1.4757759511389377,0.09034613494306122,-0.09131200932163894,6111,9391817,140.885,0.0012,0.9950824499237407,0.4090631647231359,0.9965791105764764,0.0012,0.9953832156437846
11923213,K05943.01,1,CANDIDATE,0.4,27.2020672,8.062192999999999,1.87,0.33,-0.36,0.012294,0.000815,-0.001149,1.118,0.051,-0.049,5877,1.5042446237729676,0.12104844568496324,-0.15527805376497586,5770,11923213,27.202,0.34,0.9844422194108953,0.18032759895266204,0.9965232032797218,0.34,0.6577053141646163
8355178,K06178.01,1,CANDIDATE,0.989,13.032730099999998,9.809365,1.64,0.46,-0.2,0.0150879999999999,0.004786,-0.001055,0.881,0.083,-0.074,6122,1.4547589557009721,0.48138061485124134,-0.15899177457881622,5780,8355178,13.033,0.00066,0.994642629079753,0.12455729336434926,0.9992336519072185,0.00066,0.9985741576969597
2970670,K06299.01,1,CANDIDATE,0.894,0.947554749,11.153532,0.67,0.08,-0.02,0.00734,0.000583,-0.000336,0.904,0.039,-0.037,5508,0.7261861238358923,0.06563843416614938,-0.04459216697038469,6228,2970670,0.948,0.062,0.9950486336375356,0.09088797469010644,0.9995025266987501,0.062,0.9375333700434275
5084171,K04202.01,1,CANDIDATE,0.949,153.979362,14.797884,2.53,0.77,-0.25,0.025664,0.001357,-0.0008699999999999,0.886,0.077,-0.07,5858,2.4885222270324694,0.25315422744408933,-0.2139442442324214,5354,5084171,153.979,0.0018,0.9950871396319276,0.36632427914576116,0.9971458818750728,0.0018,0.9953510192876976
5126182,K04428.01,1,CANDIDATE,0.912,13.00291716,11.4969635,1.28,0.35,-0.11,0.0146699999999999,0.003904,-0.001107,0.999,0.079,-0.072,5796,1.6039065380379955,0.4452800048402207,-0.16736527395735573,5456,5126182,13.003,0.026,0.9950678587196985,0.10232284878226591,0.9994350171544302,0.026,0.973449706708415
8803757,K04904.01,1,CANDIDATE,0.995,3.5944891000000005,8.480067,0.98,0.14,-0.12,0.00854,0.000608,-0.000601,0.84,0.042,-0.039,5525,0.7850921092373522,0.06830138760764864,-0.06619128132816685,5656,8803757,3.594,0.00022,0.9896314030770085,0.1285781337732454,0.998454086504658,0.00022,0.9982344266056269
5027859,K05117.01,1,CANDIDATE,0.984,33.3726538,8.500976,1.95,0.43,-0.15,0.0224639999999999,0.001601,-0.001687,0.734,0.064,-0.058,5504,1.804540385602811,0.20321763725595896,-0.19671736437773182,6051,5027859,33.373,0.097,0.9904758284414222,0.18519507851571995,0.9978144581549547,0.097,0.9010264557139241
8043638,K00460.01,1,CANDIDATE,1.0,17.58751692,100.84191,4.03,0.68,-0.68,0.033351,0.000754,-0.000347,0.942,0.045,-0.042,5432,3.4382956580984136,0.1817152203664169,-0.15741851255818295,231,8043638,17.588,8e-05,0.9950871621754362,9.77455418053267e-07,0.999999995174207,8e-05,0.9999199951745931
9456887,K05677.01,1,CANDIDATE,0.884,20.5142642,7.763436,1.14,0.12,-0.12,0.011132,0.000608,-0.001228,0.841,0.043,-0.041,5213,1.0245959835766423,0.07665517680598036,-0.12357145731982105,6115,9456887,20.514,0.0032,0.9761476695175978,0.17184433811262012,0.9949296428855776,0.0032,0.9917458680283437
12300524,K05964.01,1,CANDIDATE,0.832,32.033211,7.118214599999999,0.85,0.28,-0.08,0.0077069999999999,0.000567,-0.000554,1.122,0.084,-0.076,6039,0.9463715403662097,0.09933490551074355,-0.09347216390912193,5810,12300524,32.033,0.00078,0.9376788405350683,0.21080727805589608,0.9822465019025205,0.00078,0.9814803496310365
9844088,K00470.01,1,CANDIDATE,1.0,3.750832927,205.47449,4.61,1.33,-0.42,0.044422,0.000546,-0.000213,0.954,0.073,-0.066,5776,4.637991390573874,0.35944796347388697,-0.32163707370044936,354,9844088,3.751,0.0037,0.9950871621754362,8.580205351535538e-13,0.9999999999999958,0.0037,0.9962999999999957
10593535,K04204.01,1,CANDIDATE,0.974,20.9254083,11.433498,1.26,0.2,-0.2,0.00951,0.000511,-0.00039,1.246,0.056,-0.053,5821,1.2968269132267807,0.09084430242650297,-0.07662367681286296,5356,10593535,20.925,9.5e-05,0.9950661806192782,0.11429719837413915,0.9993601490084446,9.5e-05,0.9992652097942889
3450040,K04205.01,1,CANDIDATE,0.986,1.166960319,14.387222,0.88,0.12,-0.03,0.008944,0.000475,-0.000295,1.065,0.05,-0.048,5619,1.0424730921218222,0.07389532987725962,-0.058222114080362576,5357,3450040,1.167,7.6e-05,0.9950870678544235,0.06157770898571756,0.9996760299258655,7.6e-05,0.9996000545475912
5511659,K04541.01,1,CANDIDATE,0.967,8.529122300000001,9.873334,2.08,0.32,-0.32,0.017152,0.000206,-0.001712,0.799,0.046,-0.043,5544,1.4998402456581927,0.08820766321891813,-0.1700783134055388,5156,5511659,8.529,0.008,0.9946846086382806,0.11669055121940465,0.9992940520789274,0.008,0.991299699662296
5511659,K04541.02,2,CANDIDATE,0.629,17.236085,7.351248,1.98,0.31,-0.3,0.016355,0.001192,-0.001047,0.799,0.046,-0.043,5544,1.4301473424521776,0.13283020185625846,-0.11960761276394812,5157,5511659,17.236,0.0041,0.954656685398282,0.17271955948465428,0.9900835823199381,0.0041,0.9860242396324264
10189546,K00427.02,2,CANDIDATE,1.0,42.949522,27.550690000000003,2.98,0.32,-0.35,0.027673,0.000976,-0.0005099999999999,0.828,0.037,-0.035,5313,2.507667985590234,0.14275531972954159,-0.11563707595907455,46,10189546,42.95,0.00026,0.9950871621754362,0.021027052775983303,0.9998939577293141,0.00026,0.9996339853003045
10937029,K00433.02,1,CANDIDATE,0.992,328.240201,225.933,10.99,1.03,-0.51,0.1178839999999999,0.0005059999999999,-0.000636,0.872,0.042,-0.04,5234,11.250059110495837,0.5440080978115833,-0.519614820999243,89,10937029,328.24,0.012,0.9950871621754362,6.7495481547804975e-12,0.9999999999999667,0.012,0.9879999999999671
3849187,K04780.01,1,CANDIDATE,1.0,6.60180003,8.885752,1.25,0.29,-0.1,0.013259,0.0011539999999999,-0.001111,0.877,0.072,-0.066,5591,1.2726055696419583,0.1522624646301094,-0.14332879316913086,5959,3849187,6.602,0.69,0.9925468428647655,0.12754557468090572,0.998902228604112,0.69,0.3096596908672748
5437762,K04907.01,1,CANDIDATE,0.965,4.04481159,7.2870946,0.67,0.21,-0.09,0.0053659999999999,0.000379,-0.0004799999999999,1.245,0.056,-0.053,6358,0.731144934400943,0.06122340155502436,-0.07243099784539177,5659,5437762,4.045,0.0043,0.9472088056100902,0.14796407543212628,0.9903213643885425,0.0043,0.9860629825216718
9093086,K06191.01,1,CANDIDATE,0.69,9.7043379,9.724267,1.19,0.4,-0.13,0.010444,0.000733,-0.00083,1.045,0.082,-0.075,6273,1.1944462443367732,0.125747107570346,-0.12790447521257436,5825,9093086,9.704,0.0019,0.9945588507650577,0.12052846851548292,0.9992502300967759,0.0019,0.9973516546595921
9093086,K06191.02,2,CANDIDATE,0.737,12.7713826,8.574112,1.26,0.43,-0.14,0.011084,0.000707,-0.001031,1.045,0.082,-0.075,6273,1.2676409586584443,0.12818837460608196,-0.14893101454164237,5826,9093086,12.771,0.00034,0.990681920489716,0.14284316478435694,0.9984325584837995,0.00034,0.998093091413915
4847534,K00499.01,1,CANDIDATE,1.0,9.66857386,32.688408,1.9,0.33,-0.19,0.020759,0.00266,-0.002464,0.794,0.06,-0.054,5288,1.8038913953876163,0.26834649933763677,-0.2467707171374524,1029,4847534,9.669,0.0056,0.9950871621754362,0.006676377421312507,0.9999668165588469,0.0056,0.9943670023861173
2857607,K04659.01,1,CANDIDATE,0.999,41.8681996,10.880907,1.25,0.33,-0.11,0.013675,1.5e-05,-0.002868,0.92,0.04,-0.038,5852,1.3768880096904101,0.059883744329454015,-0.29431589341854203,4864,2857607,41.868,0.0019,0.9950336788246941,0.15852393590819533,0.9990597353658104,0.0019,0.9971615218686153
10189546,K00427.03,3,CANDIDATE,0.995,117.033521,13.216369,2.68,0.29,-0.32,0.024911,0.001121,-0.000703,0.828,0.037,-0.035,5313,2.257381461678832,0.1431588502024675,-0.11473167564834508,47,10189546,117.034,0.0018,0.9950866609812528,0.29341382511593905,0.9979496346017677,0.0018,0.9961533252594844
11618569,K04792.01,1,CANDIDATE,0.993,5.75902182,8.499784,0.91,0.28,-0.12,0.007804,0.000419,-0.000651,1.001,0.048,-0.045,6247,0.854938340485779,0.06154403904822576,-0.08101480486900053,5998,11618569,5.759,0.00045,0.989875989619905,0.13186659129247788,0.9984464683629526,0.00045,0.9979971674521894
5208962,K04912.01,1,CANDIDATE,0.969,0.876850385,7.955936400000001,1.35,0.23,-0.31,0.007055,0.000556,-0.000604,1.172,0.068,-0.063,6091,0.9049156213818271,0.0885583285476004,-0.09147758771176724,5696,5208962,0.877,0.11,0.9805929642762748,0.13186309981261066,0.9969938856486615,0.11,0.8873245582273088
12071754,K04914.01,1,CANDIDATE,1.0,5.47455167,9.887408,1.4,0.23,-0.27,0.009788,0.000308,-0.0025239999999999,1.18,0.054,-0.051,5613,1.26403594387113,0.07020128738700336,-0.33049952754416967,5699,12071754,5.475,8e-05,0.9946897323471489,0.11198449175653807,0.9993267658938202,8e-05,0.9992468197525487
7829836,K05433.01,1,CANDIDATE,0.562,237.819002,9.357273,2.55,0.4,-0.18,0.022527,0.0013,-0.001037,0.981,0.049,-0.047,5876,2.4185541869966016,0.18459098767838455,-0.16069273747012916,5796,7829836,237.819,0.0048,0.9947014190247901,0.7937858272431219,0.9794953826777596,0.0048,0.9747938048409063
10019643,K00471.01,1,CANDIDATE,1.0,21.34736612,39.393997,3.2,0.54,-0.54,0.0273449999999999,0.001473,-0.003978,0.913,0.041,-0.039,5395,2.7323237736754242,0.19161968983544223,-0.4142649070125241,355,10019643,21.347,0.0021,0.9950871621754362,0.003294338099382284,0.9999836817888517,0.0021,0.9978837160570951
9183378,K04222.01,1,CANDIDATE,0.996,3.38557445,13.11794,1.63,0.42,-0.64,0.010068,0.0006219999999999,-0.00052,1.248,0.056,-0.053,5718,1.3751220558771708,0.10499877355478214,-0.09194954931231353,5439,9183378,3.386,0.016,0.995086173227213,0.07413068105245353,0.9996046265997498,0.016,0.9836109525741538
5351250,K00408.01,1,CANDIDATE,1.0,7.381980206000001,87.59254,3.42,0.41,-0.27,0.034222,0.000668,-0.000289,0.881,0.042,-0.04,5559,3.299626258085829,0.16997845923297625,-0.15238214358273888,548,5351250,7.382,6.5e-05,0.9950871621754362,4.797467216522071e-06,0.9999999763143448,6.5e-05,0.9999349763158843
10730070,K04335.01,1,CANDIDATE,0.994,7.61758198,11.84842,1.0,0.32,-0.14,0.008523,0.000487,-0.000396,1.036,0.047,-0.044,6202,0.9663527780644348,0.0705044863604873,-0.06083077201072171,5143,10730070,7.618,0.00025,0.9950768795078038,0.09141428595821938,0.9995022262425987,0.00025,0.999252350686038
7429240,K04450.01,1,CANDIDATE,1.0,196.436796,11.060613,2.33,0.28,-0.19,0.022558,0.001362,-0.000958,0.819,0.041,-0.039,5466,2.021938536905361,0.15858463084215582,-0.1290106203425098,4844,7429240,196.437,0.00087,0.9950676736257866,0.6337663091068976,0.9914223159923412,0.00087,0.9905597785774278
8359569,K04667.01,1,CANDIDATE,0.882,152.823896,8.583475,2.45,0.74,-0.32,0.019703,0.001424,-0.001308,1.01,0.09,-0.081,6452,2.1778962482695694,0.2498780937268059,-0.2267398228979267,4904,8359569,152.824,0.0099,0.9927348491181321,0.5601407246481124,0.9906804538150589,0.0099,0.9808727173222898
6839010,K04674.01,1,CANDIDATE,0.987,4.84350003,7.976379400000001,0.9,0.24,-0.16,0.007775,0.001138,-0.001466,1.197,0.051,-0.048,5762,1.0185397995060408,0.15526798220853805,-0.19634394785657305,4907,6839010,4.844,0.00012,0.9813625106452394,0.13831867495303138,0.996951458691193,0.00012,0.99683182451615
10810859,K04801.01,1,CANDIDATE,0.414,82.401274,8.411982,2.21,0.37,-0.12,0.020272,0.000839,-0.002232,1.035,0.063,-0.059,5893,2.2962565227787564,0.1690206858525555,-0.2847000135165712,6005,10810859,82.401,0.36,0.990694590604145,0.3196244590330309,0.9955874767517332,0.36,0.6371759851211093
4473613,K04803.01,1,CANDIDATE,0.995,4.36125889,10.114161,1.2,0.17,-0.05,0.012616,0.000559,-0.001228,0.885,0.043,-0.04,5520,1.2219358501132644,0.08035120721762426,-0.13113638749355963,6040,4473613,4.361,0.025,0.9948251269488247,0.10749083582001251,0.9993735135099755,0.025,0.974389175672226
10019643,K00471.02,2,CANDIDATE,0.998,7.81100952,13.908585999999998,1.36,0.22,-0.23,0.0116,0.002997,-0.001527,0.913,0.041,-0.039,5395,1.1590768248175183,0.3039513800198786,-0.16041065844744157,356,10019643,7.811,0.00061,0.9950869391095614,0.0714959866271167,0.9996198202339897,0.00061,0.9990100521436469
4587135,K04680.01,1,CANDIDATE,0.767,54.0812235,10.334499,1.54,0.37,-0.12,0.018566,0.001178,-0.001041,1.003,0.084,-0.077,5757,2.0379932196388113,0.21413160376253537,-0.19374292492456807,4946,4587135,54.081,0.067,0.9949471542076271,0.19474921917897978,0.9987717674559554,0.067,0.9318540590364065
4270799,K04810.01,1,CANDIDATE,0.854,115.238544,10.220816,3.17,0.47,-0.35,0.02801,0.00088,-0.008783,0.849,0.046,-0.043,5589,2.6025809987729676,0.16300289021327927,-0.8266593884186583,6046,4270799,115.239,0.07,0.9949547689586561,0.3742141767344821,0.9969676995028718,0.07,0.9271799605376707
3356193,K06331.01,1,CANDIDATE,0.452,5.8229815,7.7581415,1.36,0.33,-0.11,0.015533,0.001617,-0.0014199999999999,0.913,0.087,-0.078,5704,1.5520638206802164,0.21904035992002982,-0.1942005623386507,6356,3356193,5.823,0.039,0.9747218250976413,0.1435123613529201,0.9956545652306454,0.039,0.9568240371866502
3217264,K00401.01,1,CANDIDATE,1.0,29.19899219,150.68636,4.15,0.49,-0.32,0.0404589999999999,0.000799,-0.0004509999999999,0.989,0.043,-0.041,5376,4.379201124889871,0.20912040208559138,-0.18799267410183715,514,3217264,29.199,9.5e-05,0.9950871621754362,1.661867348553631e-09,0.9999999999917952,9.5e-05,0.999904999991796
11611275,K04234.01,1,CANDIDATE,0.999,6.94245216,13.314711,1.34,0.42,-0.14,0.011886,0.000361,-0.000801,1.128,0.098,-0.089,6108,1.467331636294991,0.1350462245612809,-0.15225474488918814,5448,11611275,6.942,0.00059,0.9950864867825642,0.07594842322761235,0.9995941609343084,0.00059,0.9990044003793572
5351250,K00408.02,2,CANDIDATE,1.0,12.56096618,44.640903,2.74,0.33,-0.21,0.027423,0.000868,-0.0004799999999999,0.881,0.042,-0.04,5559,2.6440783962213694,0.15130483230528827,-0.12866104029397707,549,5351250,12.561,3.2e-05,0.9950871621754362,0.0014568661977431168,0.9999927968220826,3.2e-05,0.9999607970525843
7272132,K04466.01,1,CANDIDATE,0.985,154.67436899999998,11.227899,2.29,0.71,-0.26,0.020904,0.005588,-0.002031,1.201,0.102,-0.092,6338,2.7476148805688396,0.7706630727166675,-0.3399473217015912,4889,7272132,154.674,0.013,0.9950700232797467,0.4815686721502282,0.9953978770750169,0.013,0.9824577046730417
9115800,K00421.01,1,CANDIDATE,1.0,4.454194254,1030.3761,11.76,3.12,-1.77,0.117743,0.000558,-0.00074,0.889,0.068,-0.062,5359,11.455665229974201,0.877929075261813,-0.8021703189500837,6,9115800,4.454,0.00038,0.9950871621754362,7.628809687280425e-60,1.0,0.00038,0.99962
9773980,K04691.01,1,CANDIDATE,0.965,3.3879165,9.56524,1.09,0.18,-0.18,0.008048,0.000505,-0.000596,1.15,0.057,-0.054,5706,1.0129062798892523,0.08099505513990417,-0.08881955986269024,4987,9773980,3.388,0.011,0.9943573964191744,0.11315852016581841,0.9992759337696447,0.011,0.9882838984981787
3559935,K00492.01,1,CANDIDATE,1.0,29.9111886,32.622295,2.9,0.29,-0.35,0.027392,0.000913,-0.00042,0.885,0.041,-0.039,5268,2.653080755096904,0.15141639123343062,-0.12379031063984468,1022,3559935,29.911,9.7e-05,0.9950871621754362,0.009035444341086066,0.9999549844357131,9.7e-05,0.9998579888022228
5466109,K06582.01,1,CANDIDATE,0.786,2.43135542,8.208845,1.07,0.33,-0.11,0.010274,0.000571,-0.001035,1.17,0.102,-0.093,6231,1.315554603888749,0.13601260995107198,-0.16881546669975622,6458,5466109,2.431,0.22,0.9860410911677017,0.1306722105560053,0.997872075903721,0.22,0.7783402192049024
9285568,K04241.01,1,CANDIDATE,0.992,2.55315031,12.37913,1.25,0.34,-0.12,0.012589,0.000553,-0.000681,0.966,0.082,-0.074,5970,1.3309195840359929,0.12720734877919557,-0.1248123730177806,5486,9285568,2.553,4.9e-05,0.9950832425645167,0.08016232427194017,0.9995693955858183,4.9e-05,0.9995204166854346
9514372,K04242.01,1,CANDIDATE,0.996,145.78655600000002,12.051897,1.82,0.24,-0.15,0.0175759999999999,0.001032,-0.000899,0.871,0.039,-0.037,5578,1.675412126730421,0.1237144121995799,-0.11139655000263488,5487,9514372,145.787,0.094,0.9950833110416007,0.42326072353228766,0.9963738836603301,0.094,0.9027147385962591
3217264,K00401.02,2,CANDIDATE,1.0,160.0191598,46.990246,4.28,0.5,-0.33,0.041725,0.002575,-0.005273,0.989,0.043,-0.041,5376,4.516230429225396,0.3409358470369916,-0.6006630755588921,515,3217264,160.019,0.052,0.9950871621754362,0.009191488336842775,0.9999541997955808,0.052,0.9479565814062105
5351250,K00408.03,3,CANDIDATE,1.0,30.8261043,25.828817,3.18,0.38,-0.24,0.031848,0.000424,-0.006506,0.881,0.042,-0.04,5559,3.0707292696954442,0.15199230971610742,-0.6426039957153843,550,5351250,30.826,0.022,0.9950871621754362,0.022053075757902548,0.9998886666725901,0.022,0.9778911160057931
10669994,K04360.01,1,CANDIDATE,0.995,2.71603664,10.225331,1.05,0.14,-0.06,0.009258,0.000357,-0.000629,0.949,0.048,-0.045,6004,0.9615388685187516,0.06115614880091502,-0.07966574730668934,5196,10669994,2.716,0.002,0.9948725037465499,0.103841342747816,0.9994027951660928,0.002,0.9974039895757606
10019854,K07272.01,1,CANDIDATE,0.763,14.1011023,7.904747500000001,1.26,0.39,-0.14,0.0096,0.000906,-0.000772,1.176,0.104,-0.094,6534,1.235554794865341,0.15980006765796376,-0.14009230339024825,7415,10019854,14.101,0.006,0.9800494247516798,0.1564679298118706,0.9962240069843891,0.006,0.9902466629424828
11823054,K00543.02,2,CANDIDATE,1.0,3.137845914,25.52837,1.5,0.07,-0.11,0.016057,0.000179,-0.0009199999999999,0.796,0.036,-0.034,5044,1.3988170935690913,0.06515659431047162,-0.09996666822139541,647,11823054,3.138,8.6e-05,0.9950871621754362,0.015401946284579715,0.9999227696618841,8.6e-05,0.9998367763036932
2834805,K07638.01,1,CANDIDATE,0.76,25.0032023,8.428181,1.47,0.33,-0.38,0.007962,0.000384,-0.000592,1.016,0.076,-0.068,6148,0.885318086836144,0.07879607573495294,-0.08856678944301583,7173,2834805,25.003,0.86,0.9896156621404503,0.168799861789588,0.9978690231607026,0.86,0.1397016632424984
7119481,K00566.01,1,CANDIDATE,0.993,25.85499978,26.649704,2.4,0.75,-0.25,0.022792,0.000584,-0.000608,1.053,0.082,-0.075,6122,2.626601954316637,0.2153285620330295,-0.19977066918086797,776,7119481,25.855,0.0002,0.9950871621754362,0.01847769626605624,0.9999070565143198,0.0002,0.9997070751030169
9640649,K07951.01,1,CANDIDATE,0.971,0.862329309,8.789984,1.09,0.31,-0.11,0.011096,0.001276,-0.000684,0.805,0.07,-0.063,5806,0.9775653152529575,0.14093768893514547,-0.09738791112401887,7651,9640649,0.862,0.08,0.9919765068196919,0.1198202559197841,0.9988989146759748,0.08,0.9189870015018968
8822216,K00581.01,1,CANDIDATE,1.0,6.996926239,93.73316,3.21,0.77,-0.31,0.032904,0.000624,-0.0002569999999999,0.866,0.069,-0.062,5713,3.118530846463629,0.2554153979513109,-0.2245913762961191,872,8822216,6.997,0.00012,0.9950871621754362,2.129517162840642e-06,0.9999999894863534,0.00012,0.999879989487615
8439949,K08156.01,1,CANDIDATE,0.266,364.98242,7.17334,3.12,1.03,-0.35,0.025568,0.00286,-0.005084,1.029,0.079,-0.071,6429,2.8793574865341047,0.3906442556669334,-0.6060286743657699,7724,8439949,364.982,0.14,0.9824169068866216,0.9593816701038039,0.5772644200610579,0.14,0.4964474012525098
10973664,K00601.02,2,CANDIDATE,1.0,11.67894236,42.963585,4.17,1.31,-0.44,0.039589,0.000357,-0.0079069999999999,0.902,0.044,-0.041,6122,3.908089715674553,0.19386859347877353,-0.8005106156391174,991,10973664,11.679,0.22,0.9950871621754362,0.001792030304914786,0.9999911366964861,0.22,0.7799930866232592
6422155,K00510.02,2,CANDIDATE,1.0,6.38899658,32.128864,2.89,0.42,-0.3,0.025119,0.000346,-0.003481,1.063,0.053,-0.05,5527,2.92226143073559,0.15115872669374317,-0.4276594127455262,1154,6422155,6.389,4.6e-06,0.9950871621754362,0.006847545922095988,0.9999659599383383,4.6e-06,0.9999613600949225
8015907,K00517.01,1,CANDIDATE,1.0,2.752359689,127.52513,2.54,0.29,-0.13,0.025966,0.002345,-0.0005269999999999,0.901,0.039,-0.037,5462,2.560432312830355,0.25642165620540025,-0.11728602939796924,1164,8015907,2.752,1.3e-05,0.9950871621754362,2.3641608618391324e-08,0.9999999998832791,1.3e-05,0.9999869998832807
10053138,K07279.01,1,CANDIDATE,0.769,11.772814599999998,7.914059,0.93,0.17,-0.15,0.008052,0.00045,-0.000695,0.956,0.041,-0.039,5401,0.8424519000755096,0.05934728074762249,-0.0804280401000055,7422,10053138,11.773,0.00027,0.980154736385981,0.15187590618193753,0.996374301302478,0.00027,0.9961052802411263
3110177,K07644.01,1,CANDIDATE,0.988,3.39904814,7.6781254,0.81,0.2,-0.12,0.007945,0.000685,-0.000757,0.89,0.069,-0.063,5766,0.7738688467467908,0.08972909872949478,-0.09185604465570588,7213,3110177,3.399,0.06,0.9712879917899871,0.14047704993843096,0.9951687061716517,0.06,0.9354585838013525
5877292,K07744.01,1,CANDIDATE,0.592,11.720169300000002,7.305217,1.34,0.46,-0.15,0.011486,0.001544,-0.0007019999999999,1.087,0.092,-0.084,6193,1.366412453970551,0.2170545526710263,-0.1346253751694851,7578,5877292,11.72,0.34,0.9501814986559135,0.1623338805568994,0.9898393308705368,0.34,0.6532939583745542
5881307,K07746.01,1,CANDIDATE,0.708,393.95608,7.4358673,2.27,0.69,-0.24,0.021034,0.0003799999999999,-0.002337,1.02,0.101,-0.09,6217,2.3480400320916184,0.23634002914017221,-0.33314023328196696,6913,5881307,393.956,0.057,0.988194528031127,0.9679900242909567,0.6387345355533616,0.057,0.6023266670268199
8608544,K08159.02,2,CANDIDATE,0.573,353.01861,8.201264,2.25,0.76,-0.25,0.017844,0.000906,-0.000679,1.114,0.084,-0.076,6450,2.1755088835892273,0.19776429559017233,-0.16994444376545884,7728,8608544,353.019,0.0023,0.9930906433205604,0.9498632225518402,0.8681884766667237,0.0023,0.8661916431703903
7119481,K00566.02,3,CANDIDATE,0.7,14.1573717,8.303003,1.1,0.35,-0.11,0.010471,0.000766,-0.000704,1.053,0.082,-0.075,6122,1.2067018718694937,0.12892938631937764,-0.11819106695091856,777,7119481,14.157,0.0011,0.9878597192335181,0.14980814274845966,0.9978345311924622,0.0011,0.9967369132081505
8822216,K00581.02,2,CANDIDATE,0.962,151.863949,13.330562,2.41,0.58,-0.23,0.024748,0.001094,-0.000589,0.866,0.069,-0.062,5713,2.345532500251699,0.21372044801331352,-0.1769605865311459,873,8822216,151.864,0.0056,0.9950868140757557,0.40428701233374553,0.9966491502960872,0.0056,0.9910679150544291
9607164,K00587.01,1,CANDIDATE,1.0,14.03490255,51.662617,2.41,0.32,-0.28,0.028141,0.003258,-0.0015949999999999,0.755,0.057,-0.051,5258,2.3252515013056883,0.32138475966935176,-0.20503724069541596,916,9607164,14.035,0.00022,0.9950871621754362,0.0005924140950879502,0.9999970734628189,0.00022,0.9997770741066571
10973664,K00601.03,3,CANDIDATE,1.0,1.208462378,29.04227,1.64,0.51,-0.17,0.015571,0.00357,-0.00173,0.902,0.044,-0.041,6122,1.5371154856846214,0.3603064060612273,-0.18451923199427386,992,10973664,1.208,6.4e-05,0.9950871621754362,0.009495058858349786,0.99995267263563,6.4e-05,0.9998886756645814
6422155,K00510.03,3,CANDIDATE,0.932,14.62709685,15.998437,2.7,0.39,-0.28,0.023474,0.00011,-0.005345,1.063,0.053,-0.05,5527,2.7308875681789573,0.1367590713592185,-0.6349484609062742,1155,6422155,14.627,0.0024,0.9950871577268713,0.06073991597494348,0.999680728597298,0.0024,0.9972814948486645
10965008,K00536.01,1,CANDIDATE,0.921,81.1701587,45.641262,4.71,0.81,-0.89,0.037029,0.001307,-0.005428,0.943,0.043,-0.041,5460,3.821528757849861,0.220364630901664,-0.5843109357593658,1296,10965008,81.17,0.078,0.9950871621754362,0.0034803041983947386,0.9999827574051626,0.078,0.92198410232756
5978361,K00558.01,1,CANDIDATE,1.0,9.17858526,44.101025,2.3,0.52,-0.2,0.026756,0.003371,-0.001074,0.895,0.07,-0.064,5506,2.620762574565819,0.3886401922411815,-0.21491388448333104,734,5978361,9.179,0.028,0.9950871621754362,0.001488333927995995,0.9999926410043968,0.028,0.9719928470562736
7119481,K00566.03,2,CANDIDATE,0.964,42.068554,8.380554,1.32,0.41,-0.14,0.01251,0.000598,-0.000985,1.053,0.082,-0.075,6122,1.4416808726088597,0.13173186871297224,-0.15306637239350834,778,7119481,42.069,0.0021,0.9895391689581648,0.20768947546732472,0.9972288995892524,0.0021,0.995134718900115
6106046,K07762.01,1,CANDIDATE,0.977,8.507351199999999,7.893211999999999,1.38,0.43,-0.14,0.0132699999999999,0.001165,-0.000897,0.774,0.064,-0.058,5914,1.1240751299395837,0.13556473447436332,-0.11343998060758317,6958,6106046,8.507,0.0095,0.9793544169059709,0.14617564399985444,0.9963909429809784,0.0095,0.9869252290226591
8182107,K07870.01,1,CANDIDATE,0.982,92.552007,7.5794725,2.1,0.6,-0.4,0.015755,0.000838,-0.002945,0.879,0.067,-0.061,5808,1.5156214331896554,0.1408717887710669,-0.30220147883714965,7861,8182107,92.552,0.94,0.9756361637664467,0.3776709479984253,0.9848451624746515,0.94,0.05909070974847914
9873004,K07970.01,1,CANDIDATE,0.959,1.98514635,8.30868,1.28,0.28,-0.11,0.0138729999999999,0.000826,-0.001071,0.721,0.066,-0.06,5581,1.0946848474232238,0.11953893588276596,-0.1242603932417176,7693,9873004,1.985,0.0013,0.9875472502763597,0.12846124019641253,0.9981413706970371,0.0013,0.996843786915131
12156930,K08076.01,1,CANDIDATE,0.753,71.10684,7.604835,1.42,0.45,-0.24,0.010631,0.0003799999999999,-0.000956,0.956,0.072,-0.065,6339,1.1122834264409764,0.09272628932158916,-0.12539480784694101,7940,12156930,71.107,0.0019,0.9747278711999632,0.3069456835395539,0.9885170704692278,0.0019,0.9866388880353362
10600261,K00597.01,1,CANDIDATE,1.0,17.30795548,36.02527,3.56,0.57,-0.78,0.022671,0.000677,-0.00035,1.008,0.054,-0.051,5566,2.5010056030707277,0.15339206478863068,-0.13229863188116622,960,10600261,17.308,0.00072,0.9950871621754362,0.004825887994190995,0.9999760586038542,0.00072,0.9992560758416593
6422155,K00510.04,4,CANDIDATE,0.998,35.1184432,14.461804999999998,3.26,0.47,-0.34,0.0283089999999999,0.00187,-0.007178,1.063,0.053,-0.05,5527,3.2933754863925127,0.2725633969198575,-0.8493115774624792,1156,6422155,35.118,0.091,0.9950870913883542,0.0964519768960979,0.9994729673916295,0.091,0.9085209273589913
6551106,K06731.01,1,CANDIDATE,0.998,3.84615171,8.272861,1.14,0.34,-0.12,0.010763,0.000723,-0.000968,1.165,0.109,-0.097,6106,1.3722799602787563,0.15805850856357004,-0.1681887200595503,6251,6551106,3.846,0.1,0.9870970075696017,0.13207302756971082,0.9980108773826493,0.1,0.8982097896443844
8098960,K06966.01,1,CANDIDATE,0.98,8.47484677,7.9195485,1.35,0.28,-0.11,0.015752,0.0035259999999999,-0.002747,0.849,0.071,-0.064,5564,1.4636149908129874,0.3497397048868654,-0.27806617281168866,6346,8098960,8.475,0.025,0.9800927218089335,0.1456863405243789,0.9965362526580218,0.025,0.9716228463415713
8265218,K00522.01,1,CANDIDATE,1.0,12.82993461,62.248104000000005,3.31,0.82,-0.28,0.035889,0.002933,-0.00129,0.964,0.075,-0.068,5862,3.786359507488044,0.4272351773231281,-0.2997637738182207,1244,8265218,12.83,0.023,0.9950871621754362,0.00014498599597275168,0.9999992840868623,0.023,0.9769993005528644
4270253,K00551.01,1,CANDIDATE,1.0,11.6370303,30.17394,2.9,0.45,-0.49,0.022173,0.000732,-0.0004269999999999,1.062,0.056,-0.053,5579,2.577106874244903,0.1603282114864013,-0.1378559477095554,692,4270253,11.637,0.0013,0.9950871621754362,0.009532821723439508,0.9999524825980434,0.0013,0.998652544370666
6231721,K07773.01,1,CANDIDATE,0.95,2.69339974,7.3883557,1.04,0.19,-0.11,0.011019,0.001206,-0.000678,0.92,0.078,-0.071,5355,1.109464641958218,0.1535989836501511,-0.10950457685985264,6967,6231721,2.693,0.2,0.9548667656168892,0.14385125316423722,0.9920582153981913,0.2,0.7936465723185531
8367113,K00575.01,1,CANDIDATE,1.0,24.31574009,36.69011,2.8,0.92,-0.3,0.024496,0.0040939999999999,-0.001167,1.234,0.102,-0.092,6242,3.3082154739491565,0.6168252761511525,-0.2926967561491875,864,8367113,24.316,0.0033,0.9950871621754362,0.004899691200978989,0.9999756906608023,0.0033,0.9966757708816216
8222395,K07873.01,1,CANDIDATE,0.965,1.93188768,7.295529400000001,0.57,0.16,-0.06,0.0056799999999999,0.000474,-0.0008179999999999,0.969,0.072,-0.065,5896,0.6023592285426524,0.06730543291809199,-0.0956968751733742,7864,8222395,1.932,0.14,0.9475017538859309,0.14397979876492104,0.9906807208564639,0.14,0.8519854199365589
8242769,K07875.01,2,CANDIDATE,0.826,21.9711574,7.432082,1.32,0.39,-0.17,0.012115,0.0009019999999999,-0.001149,1.063,0.095,-0.086,5763,1.4094190546344072,0.1639428671253606,-0.17569836084195664,7866,8242769,21.971,0.0086,0.9607913536488213,0.18124236659461815,0.9909664776135344,0.0086,0.982444165906058
9906688,K07976.01,1,CANDIDATE,0.975,5.82561701,8.317393,1.21,0.36,-0.15,0.011488,0.0004969999999999,-0.00115,0.962,0.081,-0.073,5999,1.20949187314372,0.11449498094657104,-0.15193076041794987,7699,9906688,5.826,0.029,0.9877900773808559,0.13474089956080626,0.9980751294892725,0.029,0.9691309507340835
8115647,K06970.01,1,CANDIDATE,0.987,40.7698541,8.182845,1.87,0.31,-0.25,0.014137,0.001838,-0.000683,1.003,0.05,-0.047,5880,1.5518210786401962,0.21607993680929677,-0.10444511396669705,6350,8115647,40.77,0.16,0.9870494869627708,0.2088327715231351,0.9965367933332159,0.16,0.8370909063999014
11073351,K00537.01,1,CANDIDATE,1.0,2.820190603,49.710533,2.53,0.4,-0.27,0.020656,0.002557,-0.000904,1.192,0.06,-0.056,5829,2.694672163100931,0.360094909806313,-0.17301476890819253,1297,11073351,2.82,3e-05,0.9950871621754362,0.0006496231934886959,0.9999967906650453,3e-05,0.9999667907613254
3762750,K07668.01,1,CANDIDATE,0.77,2.5093344,7.6808605,1.47,0.45,-0.19,0.01249,0.001979,-0.004214,1.149,0.117,-0.104,6278,1.5706011919519254,0.29581659746718847,-0.5486428178434706,7302,3762750,2.509,0.0088,0.9713157681466555,0.13887248343984765,0.9952375380349465,0.0088,0.986479447700239
7445445,K00567.01,1,CANDIDATE,1.0,10.68758211,65.98891,2.64,0.69,-0.29,0.028544,0.000682,-0.00263,0.832,0.037,-0.035,5788,2.5990917734709282,0.1312105339461284,-0.26325544675066814,779,7445445,10.688,0.00036,0.9950871621754362,8.596925626319285e-05,0.9999995755252982,0.00036,0.999639575678109
10011213,K07982.01,1,CANDIDATE,0.189,376.37989,7.3452225,3.26,1.0,-0.33,0.0313079999999999,0.00134,-0.002372,0.982,0.092,-0.082,6231,3.364730373647107,0.3465675734147351,-0.3793776457251135,7716,10011213,376.38,0.024,0.9862950708215021,0.9629466201371117,0.6388860070748144,0.024,0.6235527429050188
9782691,K00590.01,1,CANDIDATE,1.0,11.38840217,28.622696,3.04,0.49,-0.59,0.01914,0.000588,-0.000455,1.035,0.051,-0.048,5877,2.168032253649635,0.12589234000076804,-0.11298602639337689,951,9782691,11.388,0.0059,0.9950871621754362,0.011619864609906532,0.9999419571987272,0.0059,0.9940422996512548
10600261,K00597.02,2,CANDIDATE,1.0,2.09227115,24.470907,2.06,0.33,-0.45,0.013112,0.000433,-0.000376,1.008,0.054,-0.051,5566,1.4464816491316386,0.09102989205494143,-0.08412248240922479,961,10600261,2.092,1.8e-05,0.9950871621754356,0.017392398131677943,0.9999126122307235,1.8e-05,0.9998946138037034
5812960,K00507.01,1,CANDIDATE,1.0,18.49234792,60.3851,3.34,0.52,-0.42,0.036503,0.00116,-0.0004509999999999,0.749,0.057,-0.052,5289,2.992222138167002,0.24676832858390887,-0.21100164109598762,1112,5812960,18.492,0.0023,0.9950871621754362,0.00020117341573687222,0.9999990065882971,0.0023,0.997699008873144
10266615,K00530.01,1,CANDIDATE,1.0,10.94026745,24.899769,2.08,0.52,-0.18,0.022096,0.004553,-0.000987,0.808,0.061,-0.056,5749,1.9539276456078534,0.42878953606659787,-0.16111013260225684,1288,10266615,10.94,0.0018,0.995087162175436,0.01868796952722561,0.9999059786898005,0.0018,0.9981061479281588
11090765,K00538.01,1,CANDIDATE,1.0,21.21712312,43.6958,2.97,0.99,-0.33,0.027013,0.0004509999999999,-0.003434,1.024,0.079,-0.071,6191,3.027305367228794,0.238958286113024,-0.4383636207345333,1298,11090765,21.217,0.00069,0.9950871621754362,0.001871445036274071,0.9999907431782502,0.00069,0.9993007495654572
4270253,K00551.02,2,CANDIDATE,1.0,5.68798675,28.342422,2.76,0.43,-0.47,0.021092,0.003692,-0.001298,1.062,0.056,-0.053,5579,2.451465214069972,0.44815883726827715,-0.19423518247748503,693,4270253,5.688,0.0023,0.9950871621754362,0.011096448518446959,0.9999446010707543,0.0023,0.9976447284882917
3934657,K07676.01,1,CANDIDATE,0.904,5.3694084,7.346263400000001,0.62,0.19,-0.05,0.006556,0.000139,-0.001066,0.912,0.068,-0.062,5753,0.6543607460357412,0.05072425242733577,-0.11532371911896266,7310,3934657,5.369,0.1,0.952218006445449,0.1494311749024533,0.9911842426932366,0.1,0.892065818423913
4048898,K07678.01,1,CANDIDATE,0.967,13.0914878,7.643167500000001,0.79,0.12,-0.14,0.005595,0.000489,-0.000505,1.185,0.05,-0.048,5919,0.725607723618802,0.07042137066457159,-0.07178559606241604,7345,4048898,13.091,0.035,0.9707566009343391,0.15906289307268925,0.9943019945632164,0.035,0.9595014247535039
4054784,K07679.01,1,CANDIDATE,1.0,1.8679943,7.4732122,0.7,0.14,-0.07,0.007812,0.001253,-0.000268,0.855,0.064,-0.058,5487,0.7309906213818274,0.1293861904690623,-0.055568139930041345,7346,4054784,1.868,0.91,0.9604120846453092,0.14102051892182893,0.9932328697491675,0.91,0.08939095827742505
8488381,K07888.01,1,CANDIDATE,0.532,4.7368156,7.157164999999999,0.6,0.2,-0.06,0.005463,0.001504,-0.001138,1.212,0.091,-0.083,6088,0.724631611691417,0.20678186947714353,-0.15889604601264845,7923,8488381,4.737,0.011,0.9350895223757028,0.15141716992332316,0.9876136742178323,0.011,0.9767499238014361
8489260,K07889.01,1,CANDIDATE,0.386,130.235324,7.605977,2.44,0.68,-0.23,0.024722,0.002133,-0.001436,0.821,0.079,-0.07,5616,2.221315335294488,0.2870848791361966,-0.22916785094004732,7924,8489260,130.235,0.034,0.9793234026811694,0.5106632229893274,0.9779666942185502,0.034,0.9447158266151194
10160922,K07990.01,1,CANDIDATE,0.789,87.487573,7.8486037,1.87,0.49,-0.16,0.020983,0.001837,-0.001846,1.007,0.091,-0.082,5774,2.3124934262050085,0.2909587287521763,-0.27721594450420783,7735,10160922,87.488,0.013,0.9829391530867895,0.35249949189311613,0.99055085891864,0.013,0.9776736977526977
9782691,K00590.02,2,CANDIDATE,0.955,50.6985408,22.80585,3.58,0.57,-0.7,0.022503,0.000754,-0.000459,1.035,0.051,-0.048,5877,2.5489670743927757,0.15188842216842358,-0.12914129056697932,952,9782691,50.699,0.013,0.9950871621754241,0.0429278366491811,0.9997785551306432,0.013,0.9867814339139448
10028127,K08193.01,1,CANDIDATE,0.519,367.947848,8.615878,3.72,0.9,-0.3,0.039795,0.007028,-0.007913,0.905,0.08,-0.072,5570,3.941491042269695,0.7784173493115324,-0.8441459594943346,7796,10028127,367.948,0.58,0.9942208256525062,0.9552413428415271,0.8759436489998482,0.58,0.3678963325799363
10600261,K00597.03,3,CANDIDATE,0.9,52.8148051,21.870878,3.33,0.53,-0.73,0.0212,0.0008849999999999,-0.000461,1.008,0.054,-0.051,5566,2.3387287188522525,0.1588368165657283,-0.12879443928020834,985,10600261,52.815,0.017,0.995087162175368,0.04970459015925947,0.9997417685282943,0.017,0.9827461584633133
6266741,K00508.01,1,CANDIDATE,1.0,7.930583519,71.042274,3.05,0.47,-0.17,0.0270389999999999,0.004337,-0.001019,1.004,0.045,-0.043,5674,2.9710351795242778,0.4948035614913988,-0.16949368660981629,1113,6266741,7.931,1.2e-05,0.9950871621754362,4.2517996239804844e-05,0.9999997900757744,1.2e-05,0.9999877900782935
8022244,K00519.01,1,CANDIDATE,1.0,11.90352088,39.721058,2.56,0.81,-0.27,0.023415,0.000245,-0.0007599999999999,1.21,0.068,-0.064,6063,3.1007231240561284,0.1772501056339725,-0.19242313244721082,1203,8022244,11.904,0.0033,0.9950871621754362,0.002749896860827715,0.9999863860666507,0.0033,0.9966864309926308
8167504,K06983.01,1,CANDIDATE,0.99,7.702172900000001,7.75047,0.85,0.12,-0.06,0.008061,0.00053,-0.000678,0.999,0.046,-0.043,5620,0.8813286028032973,0.07074343770713601,-0.08327026660007128,6395,8167504,7.702,0.011,0.9746008040592132,0.14704477374894048,0.9955072054221159,0.011,0.9845566261624726
12555616,K07540.01,1,CANDIDATE,0.347,21.980467,8.091769000000001,0.92,0.24,-0.14,0.009047,0.000491,-0.000741,0.84,0.063,-0.057,5573,0.831701207525799,0.07699623938134613,-0.08846236082491846,6950,12555616,21.98,0.0062,0.9847756557903928,0.16879161949663546,0.9968606317825991,0.0062,0.990680095865547
7445445,K00567.02,2,CANDIDATE,1.0,20.30303506,37.89774,2.16,0.56,-0.24,0.023337,0.002727,-0.002217,0.832,0.037,-0.035,5788,2.12496513163856,0.26568287478042296,-0.22077698732767376,780,7445445,20.303,1.2e-05,0.9950871621754362,0.003946329661268498,0.9999804394110728,1.2e-05,0.9999684396457998
6763884,K06763.01,1,CANDIDATE,0.971,2.44693823,7.283589999999999,0.56,0.08,-0.05,0.00495,0.000323,-0.0005549999999999,1.011,0.042,-0.04,5820,0.5476963039579662,0.04236676117512398,-0.06511954417779475,6343,6763884,2.447,0.91,0.9465898625494567,0.1451033267519426,0.9904230859675174,0.91,0.08913807773707653
12116489,K00547.01,1,CANDIDATE,1.0,25.30291816,104.07783,3.95,0.22,-0.37,0.0407709999999999,0.0010279999999999,-0.000364,0.843,0.038,-0.036,5127,3.7615114998269474,0.1942809310588967,-0.16410680912598508,652,12116489,25.303,0.00017,0.9950871621754362,7.154107072449925e-07,0.9999999964679483,0.00017,0.9998299964685488
11288492,K07434.01,1,CANDIDATE,0.986,5.704593,8.239894999999999,0.95,0.2,-0.08,0.010452,0.00146,-0.000863,0.833,0.063,-0.057,5523,0.9528572837276617,0.15135790835193935,-0.10218152952978951,7294,11288492,5.705,0.23,0.9866644254455585,0.13572203258087978,0.9978775416578675,0.23,0.7683657070765579
11288772,K07435.01,1,CANDIDATE,1.0,1.36752316,10.241317,0.82,0.13,-0.06,0.007198,0.000363,-0.00053,1.012,0.054,-0.051,5838,0.7972156404480242,0.05853163993903708,-0.07113240789301907,7295,11288772,1.368,0.033,0.9948775565130643,0.10182967719504783,0.9994162549538563,0.033,0.966435518540379
7445445,K00567.03,3,CANDIDATE,1.0,29.02235217,32.837140000000005,2.55,0.66,-0.29,0.027485,6.8e-05,-0.0038929999999999,0.832,0.037,-0.035,5788,2.5026638660961487,0.11146845137942743,-0.36978331414086035,781,7445445,29.022,0.0025,0.9950871621754362,0.00867369637829131,0.9999568024724211,0.0025,0.9974569104662402
6887030,K07795.01,1,CANDIDATE,1.0,5.44085762,7.938199000000001,0.97,0.19,-0.09,0.011602,0.003113,-0.001131,0.796,0.061,-0.055,5519,1.0107165672036245,0.2820352282794309,-0.1207675524542971,7057,6887030,5.441,0.6,0.9804056929571744,0.1399630819452349,0.9967474761676618,0.6,0.39869899046706475
10656823,K00598.01,1,CANDIDATE,1.0,8.30783912,50.371227000000005,2.15,0.36,-0.18,0.025018,0.0006,-0.000237,0.806,0.036,-0.035,5320,2.2068412118676064,0.11187911844548803,-0.09808440975719963,986,10656823,8.308,4.7e-06,0.9950871621754362,0.0006454466421738013,0.9999968113117977,4.7e-06,0.9999921113267846
6587002,K00612.01,2,CANDIDATE,1.0,20.73989406,38.613728,2.11,0.15,-0.11,0.025087,0.002391,-0.002601,0.789,0.034,-0.032,5132,2.166253057371634,0.22658471279230838,-0.24116828443439145,1038,6587002,20.74,1.8e-05,0.9950871621754362,0.003616376615172396,0.9999820808099268,1.8e-05,0.9999640811324723
6266741,K00508.02,2,CANDIDATE,1.0,16.6658994,48.868120000000005,2.85,0.44,-0.16,0.025297,0.000143,-0.000891,1.004,0.045,-0.043,5674,2.779624872829096,0.12557172891305562,-0.1541340243941782,1114,6266741,16.666,1.7e-06,0.9950871621754362,0.0008884421352042662,0.9999956097781294,1.7e-06,0.9999939097855928
8022244,K00519.02,2,CANDIDATE,1.0,34.0350605,34.10438,2.76,0.88,-0.29,0.025247,0.00022,-0.001066,1.21,0.068,-0.064,6063,3.3433250784986153,0.19013458815744733,-0.2262715185228881,1204,8022244,34.035,0.015,0.9950871621754362,0.00790900330169102,0.9999606412267987,0.015,0.9849612316083968
7602351,K06892.01,1,CANDIDATE,0.786,17.580602600000002,7.420501700000001,1.87,0.29,-0.35,0.012611,0.006845,-0.002051,1.07,0.056,-0.053,5846,1.4767832539957213,0.8052862042314134,-0.25107005276974453,6785,7602351,17.581,0.025,0.9594172422653516,0.17214278734743793,0.9912043603127245,0.025,0.9664242513049064
10546063,K07339.01,1,CANDIDATE,1.0,10.6982275,7.747949,1.73,0.49,-0.21,0.014411,0.001019,-0.001166,1.202,0.141,-0.122,6277,1.895754264000755,0.2596576511906938,-0.24607035457726958,6939,10546063,10.698,0.0035,0.9747688048852745,0.15265992959781757,0.9953365909295158,0.0035,0.9918529128612625
10656823,K00598.02,2,CANDIDATE,0.999,34.0963441,14.434025,1.71,0.28,-0.15,0.019891,0.000574,-0.0008789999999999,0.806,0.036,-0.035,5320,1.7545878385665743,0.09330226831738182,-0.10870661784981973,987,10656823,34.096,0.0017,0.9950870873028961,0.09547201745891234,0.9994788868299098,0.0017,0.9977797727222989
6587002,K00612.02,1,CANDIDATE,0.998,47.4277116,46.8974,2.33,0.17,-0.12,0.0277399999999999,0.002864,-0.0018329999999999,0.789,0.034,-0.032,5132,2.3953386140825486,0.2679823456903794,-0.18571535891497284,1039,6587002,47.428,0.00016,0.9950871621754362,0.0018038422492139114,0.9999910781695529,0.00016,0.9998310795970458
6587002,K00612.03,3,CANDIDATE,0.995,122.0804953,18.941614,2.92,0.2,-0.15,0.034713,0.000504,-0.00885,0.789,0.034,-0.032,5132,2.997454553375912,0.13630241815587724,-0.7738035686467011,1040,6587002,122.08,0.27,0.9950871621637398,0.17448077417173577,0.9989565018267187,0.27,0.7292382463335046
9714696,K00616.01,1,CANDIDATE,0.928,1.4333396040000002,27.404266,2.08,0.59,-0.25,0.019089,0.000218,-0.002798,0.996,0.078,-0.071,6077,2.0807790760760128,0.1646760995912361,-0.3391494996521765,1077,9714696,1.433,0.02,0.9950871621754362,0.011785443859445749,0.9999411202440135,0.02,0.9799422978391332
6381846,K00509.01,1,CANDIDATE,1.0,4.16696628,57.862125,2.74,0.34,-0.22,0.026616,0.000517,-0.000205,0.937,0.048,-0.045,5460,2.7293914979864082,0.14953344417257602,-0.13275571803716849,1115,6381846,4.167,2.4e-07,0.9950871621754362,0.00022720163277551572,0.9999988780295044,2.4e-07,0.9999986380297736
6842345,K06774.01,1,CANDIDATE,0.946,17.381622399999998,1371.7667,26.55,7.7,-4.14,0.238323,0.000949,-0.000524,1.099,0.103,-0.092,6116,28.66468048371822,2.6889224356181556,-2.400418615008753,6389,6842345,17.382,0.85,0.9950871621754362,3.0933190914004894e-79,1.0,0.85,0.15000000000000002
8037145,K00520.01,1,CANDIDATE,1.0,12.75934489,50.40442,2.58,0.1,-0.19,0.028553,0.000117,-0.002015,0.796,0.035,-0.033,4965,2.4874151132016107,0.10984517293075244,-0.20358705749744174,1205,8037145,12.759,3e-05,0.9950871621754362,0.0006858793075214172,0.9999966114259455,3e-05,0.9999666115276028
12116489,K00547.03,2,CANDIDATE,0.882,12.3860474,8.032078,1.11,0.06,-0.1,0.011472,0.000397,-0.001336,0.843,0.038,-0.036,5127,1.0584008223005286,0.06014772296667213,-0.13128448120207706,686,12116489,12.386,0.076,0.9830926759288617,0.15103933358251048,0.9969402713856302,0.076,0.9211728107603224
7595157,K00568.01,1,CANDIDATE,1.0,3.383540239,24.679447,1.65,0.21,-0.21,0.015341,0.00256,-0.000888,0.872,0.037,-0.036,5302,1.4640422518248175,0.25208338764714167,-0.10409094531289767,782,7595157,3.384,0.00077,0.9950871621754358,0.01724793082556729,0.9999133508434607,0.00077,0.9991434175633112
8565266,K00578.01,1,CANDIDATE,1.0,6.412512952999999,153.5705,3.89,1.18,-0.63,0.032166,0.001495,-0.000866,1.033,0.08,-0.072,6026,3.636476913635791,0.32844849933317194,-0.2717135957975399,868,8565266,6.413,1.1e-05,0.9950871621754362,8.151140905289967e-10,0.9999999999959757,1.1e-05,0.9999889999959757
8880317,K07915.01,1,CANDIDATE,0.324,382.5891,7.206372999999999,2.15,0.65,-0.43,0.015918,0.000429,-0.001898,1.217,0.092,-0.084,6337,2.1201302092562297,0.170153493120636,-0.29209598021740774,7994,8880317,382.589,0.0037,0.9840358485222513,0.9653363676698475,0.54820697871213,0.0037,0.5461786128908951
9957627,K00592.01,1,CANDIDATE,1.0,39.7529915,31.534922,2.37,0.72,-0.31,0.021483,0.00064,-0.000287,0.981,0.075,-0.067,6072,2.3064677764126604,0.18924991146067727,-0.1605116534124859,954,9957627,39.753,0.0026,0.9950871621754362,0.012001154214948738,0.9999400294704204,0.0026,0.9973401853937972
11773022,K00620.01,2,CANDIDATE,0.978,45.15535633,176.52366999999998,7.65,2.36,-0.79,0.072072,0.000391,-0.000221,0.834,0.04,-0.038,6046,6.578336426126352,0.3175197514251024,-0.3004103541037232,1081,11773022,45.155,0.00057,0.9950871621754362,7.049760533682918e-11,0.999999999999652,0.00057,0.9994299999996522
11773022,K00620.02,1,CANDIDATE,1.0,130.17802962,203.99986,10.44,3.22,-1.07,0.098365,0.00036,-0.000139,0.834,0.04,-0.038,6046,8.978217096180467,0.4318618024132916,-0.40927612798138346,1082,11773022,130.178,0.0078,0.9950871621754362,6.62712485165174e-12,0.9999999999999672,0.0078,0.9921999999999674
11773022,K00620.03,3,CANDIDATE,0.97,85.31620040000001,27.498526,6.34,1.96,-0.65,0.059763,0.323281,-0.012331,0.834,0.04,-0.038,6046,5.454838492543418,29.50847440542692,-1.1526216734150103,1083,11773022,85.316,0.88,0.9950871621754362,0.03864430515740142,0.9998015401291921,0.88,0.11997618481550304
6128245,K06666.01,1,CANDIDATE,0.955,1.118510435,8.018559,0.75,0.21,-0.08,0.00789,0.000466,-0.000785,0.91,0.071,-0.064,5918,0.7857815929398438,0.07689330078149224,-0.09574008001814016,6726,6128245,1.119,0.31,0.9821786020114502,0.13132846787616964,0.9972568182093684,0.31,0.6881072045644642
6867219,K06783.01,1,CANDIDATE,0.866,11.8496351,7.948771000000001,1.31,0.4,-0.13,0.012962,0.000366,-0.001369,0.826,0.072,-0.065,6032,1.1717515052227534,0.10736333563180384,-0.15433055488396,6430,6867219,11.85,0.035,0.9810794001428325,0.15143506363022946,0.9965583071757875,0.035,0.9616787664246349
8311864,K07016.01,1,CANDIDATE,0.771,384.847556,7.6023917,1.09,0.2,-0.1,0.012491,0.000737,-0.0006889999999999,1.108,0.082,-0.075,5579,1.514678372703247,0.14336221958695242,-0.13225897756126587,6478,8311864,384.848,0.0086,0.9898156111739552,0.9649388877720851,0.716825075856024,0.0086,0.7106603802036621
9025739,K07125.01,1,CANDIDATE,0.999,7.918267,7.728578,0.93,0.28,-0.12,0.008395,0.00056,-0.000925,0.887,0.071,-0.064,5966,0.8149440175088095,0.08491449785126563,-0.10733390003521397,7590,9025739,7.918,0.0036,0.9737877776984765,0.14780197622781904,0.9953314798093813,0.0036,0.9917482864820675
10513530,K00533.01,1,CANDIDATE,1.0,16.54967098,40.86483,2.95,0.63,-0.41,0.029514,0.000493,-0.004351,0.783,0.059,-0.053,5372,2.529142447992701,0.19520043410818189,-0.4102736311511242,1291,10513530,16.55,1.2e-05,0.9950871621754362,0.0025333947786402404,0.999987460627288,1.2e-05,0.9999754607777606
7595157,K00568.02,2,CANDIDATE,0.989,2.358952404,14.349433,0.96,0.12,-0.12,0.008881,0.00029,-0.000534,0.872,0.037,-0.036,5302,0.8475431352881952,0.045378701689520066,-0.06181734758121382,783,7595157,2.359,0.0086,0.9950870615157233,0.06288438555551636,0.9996686935473941,0.0086,0.9910715427828864
3541946,K00624.01,1,CANDIDATE,1.0,17.79001678,66.87443499999999,2.7,0.36,-0.19,0.026716,0.000543,-0.0003779999999999,0.9,0.039,-0.037,5569,2.6314637993959225,0.12595009615234237,-0.11441006320883895,1123,3541946,17.79,2.6e-06,0.9950871621754362,8.491428284543014e-05,0.9999995807346902,2.6e-06,0.9999969807357804
6381846,K00509.02,2,CANDIDATE,1.0,11.46347165,39.453987,3.0,0.37,-0.24,0.029133,0.000767,-0.000448,0.937,0.048,-0.045,5460,2.987502348618802,0.17207021298421835,-0.15065233440410516,1116,6381846,11.463,0.0069,0.9950871621754362,0.0028295576563081366,0.9999859905703216,0.0069,0.9930860872353863
2571238,K00084.01,1,CANDIDATE,1.0,9.286964466,223.70905,2.1,0.26,-0.1,0.023784,0.000354,-0.000106,0.884,0.037,-0.035,5546,2.3010211834885475,0.10221793447881419,-0.09167915031680877,598,2571238,9.287,1.1e-07,0.9950871621754362,8.482482990172669e-14,0.9999999999999996,1.1e-07,0.9999998899999996
8037145,K00520.02,3,CANDIDATE,1.0,5.4331329020000005,23.608395,1.61,0.06,-0.12,0.0178569999999999,0.002491,-0.001642,0.796,0.035,-0.033,4965,1.5556253870500796,0.22753005224374284,-0.1569101901717033,1206,8037145,5.433,1.0,0.9950871621754329,0.020391656516725018,0.9998972288215652,1.0,0.0
11602794,K07460.01,1,CANDIDATE,0.925,5.70509519,8.405696,1.58,0.37,-0.2,0.015647,0.001466,-0.001292,0.714,0.059,-0.053,5455,1.2226798358608106,0.15274412022429731,-0.1357567759068269,7382,11602794,5.705,0.55,0.988884670352041,0.13319384801548828,0.9982728148966588,0.55,0.4492227667034964
5097856,K07716.01,1,CANDIDATE,0.23,483.36405,7.1056905,1.27,0.25,-0.1,0.01617,0.000304,-0.002316,0.83,0.08,-0.071,5700,1.4688301142084066,0.1442419743785315,-0.24504286377792706,7481,5097856,483.364,0.0085,0.9864868339024505,0.9816957884819378,0.26533098486682005,0.0085,0.2630756714954521
3541946,K00624.02,3,CANDIDATE,0.999,49.5674085,26.813261,2.91,0.38,-0.21,0.028762,7.6e-05,-0.004009,0.9,0.039,-0.037,5569,2.8329900358671027,0.12299092464420468,-0.4116948192720396,1124,3541946,49.567,0.019,0.9950871621754362,0.025406242315143216,0.9998712971644586,0.019,0.9808737425183338
3541946,K00624.03,2,CANDIDATE,1.0,1.311842968,49.34426,1.43,0.19,-0.1,0.014172,0.0004639999999999,-0.000268,0.9,0.039,-0.037,5569,1.3959090045305813,0.0758137401541498,-0.06316748941187812,1125,3541946,1.312,6.5e-05,0.9950871621754362,0.0006667436359322727,0.9999967060284533,6.5e-05,0.9999317062425614
4478168,K00626.01,1,CANDIDATE,1.0,14.58649856,42.768753,2.45,0.39,-0.39,0.018838,0.002196,-0.000966,1.214,0.055,-0.052,6063,2.5028621747420083,0.3130255217107839,-0.16722954768491932,1127,4478168,14.586,0.0016,0.9950871621754362,0.0019181707631804564,0.999990511612278,0.0016,0.9983905267936983
4478168,K00626.02,2,CANDIDATE,0.994,8.0292018,9.928506,0.99,0.16,-0.16,0.0076269999999999,0.000423,-0.000489,1.214,0.055,-0.052,6063,1.0133416395985269,0.07256849425383666,-0.07813491843209434,1128,4478168,8.029,0.031,0.994723041610584,0.11520034808912062,0.9993092985942698,0.031,0.9683307103378473
6265961,K06680.01,1,CANDIDATE,0.913,5.52507406,8.149264,0.8,0.12,-0.08,0.007094,0.00044,-0.000591,1.073,0.048,-0.045,5601,0.8330563166058393,0.06370660411844528,-0.0776994903777391,6772,6265961,5.525,0.0042,0.9851264831736343,0.136811505481615,0.9976070222878471,0.0042,0.9934170727942382
7816935,K06921.01,1,CANDIDATE,0.954,6.87778029,7.846725999999999,1.19,0.4,-0.14,0.01024,0.000628,-0.000792,1.072,0.087,-0.079,6274,1.201373913918953,0.12220725711727377,-0.12834399424611573,6874,7816935,6.878,0.007,0.9778384819077739,0.14397955515803026,0.9961880335259097,0.007,0.9892147172912283
9157634,K00526.01,1,CANDIDATE,1.0,2.104721971,120.485374,2.89,0.79,-0.26,0.027167,0.000391,-0.000179,0.899,0.069,-0.063,5703,2.6729130424270076,0.2087270290942331,-0.18813815154592373,1249,9157634,2.105,5.4e-06,0.9950871621754362,5.903835701926081e-08,0.9999999997085222,5.4e-06,0.9999945997085237
10513530,K00533.02,2,CANDIDATE,0.999,3.52467888,11.125127,1.46,0.31,-0.2,0.014627,9.6e-05,-0.004605,0.783,0.059,-0.053,5372,1.2534311373175182,0.0948051514359353,-0.4036337337261881,1292,10513530,3.525,0.011,0.9950469993931467,0.09436688915414713,0.9994813288009777,0.011,0.988487034184167
9909965,K07252.01,1,CANDIDATE,0.791,10.2170589,8.385218,1.17,0.33,-0.18,0.0101549999999999,0.00045,-0.0012779999999999,1.133,0.088,-0.079,6211,1.2591958777214827,0.11259963538991175,-0.18116597130500633,7330,9909965,10.217,0.061,0.9887705269836817,0.1413133974623486,0.9981309861735931,0.061,0.937244996017004
10593626,K00087.01,1,CANDIDATE,0.881,289.864067,35.636192,2.34,0.22,-0.23,0.024234,0.000951,-0.003242,0.85,0.035,-0.034,5516,2.25438187924742,0.12823186199014222,-0.314781608470883,602,10593626,289.864,0.039,0.9950871621754362,0.21553241573865836,0.9986435340425903,0.039,0.9596964362149293
8344004,K00573.01,1,CANDIDATE,1.0,5.996533443,58.03445,2.96,0.44,-0.35,0.024912,0.002918,-0.0007019999999999,1.049,0.051,-0.048,5622,2.8600099171910394,0.3627103864891182,-0.15369324392855704,827,8344004,5.997,1.5e-05,0.9950871621754362,0.00022814538273916457,0.9999988733680008,1.5e-05,0.9999838733849002
7287028,K07832.01,1,CANDIDATE,0.465,3.6092231,8.357596000000001,0.68,0.21,-0.07,0.006716,0.002313,-0.000807,0.92,0.07,-0.063,6032,0.6762105940095646,0.2385035789256169,-0.09352237588899918,7179,7287028,3.609,0.00018,0.9882465010631488,0.13041204865682796,0.9982163645697012,0.00018,0.9980366856240787
7300182,K07833.01,1,CANDIDATE,0.923,172.820248,7.641072299999999,2.22,0.65,-0.22,0.021626,0.001349,-0.001544,1.187,0.093,-0.084,6174,2.809379268405487,0.2813537318412351,-0.28241236169426703,7180,7300182,172.82,0.042,0.9827835616814757,0.6568531399373092,0.9664669019923211,0.042,0.9258752921086436
9227215,K07931.01,1,CANDIDATE,0.487,242.0367,7.5104246,2.11,0.64,-0.35,0.017318,0.0008359999999999,-0.001782,0.901,0.072,-0.066,6086,1.707677994053612,0.15942918345801607,-0.2156953008834003,8031,9227215,242.037,0.056,0.9834872804723207,0.8366826688659362,0.9139841756862814,0.056,0.8628010618478497
9390228,K07934.01,1,CANDIDATE,0.943,22.6432436,7.3129215,2.12,0.65,-0.22,0.0217599999999999,0.002352,-0.003167,0.802,0.071,-0.064,5880,1.9099267656682521,0.2668461854134698,-0.3170172062666104,7614,9390228,22.643,0.79,0.9527686795441064,0.1850438648592183,0.9887440262305838,0.79,0.20763624550842255
8037145,K00520.03,2,CANDIDATE,1.0,25.75274977,28.693022,2.27,0.09,-0.16,0.02519,0.007023,-0.0009519999999999,0.796,0.035,-0.033,4965,2.1944449515479487,0.6193756536596189,-0.12310426294745877,1207,8037145,25.753,0.0022,0.9950871621754362,0.014169921042298153,0.9999290362315598,0.0022,0.9977291923518504
8394475,K07032.01,1,CANDIDATE,0.914,3.64049242,7.847150999999999,0.61,0.09,-0.03,0.005936,0.0004309999999999,-0.0005549999999999,0.957,0.041,-0.039,5749,0.6217120510948905,0.05241349873922886,-0.06341005789102634,6527,8394475,3.64,0.95,0.9776106095046175,0.1382431268572167,0.9963260337933925,0.95,0.04981630168966967
7366501,K07834.01,1,CANDIDATE,0.802,7.381234399999999,7.308103999999999,1.0,0.3,-0.1,0.00996,0.003266,-0.0009109999999999,0.941,0.078,-0.071,6072,1.0257284879184494,0.3469281388414653,-0.12162110407810528,7181,7366501,7.381,0.0022,0.94959493488515,0.15385339013649732,0.9903484460589885,0.0022,0.9881696794776588
3629119,K08242.01,1,CANDIDATE,0.175,331.55459,7.1282005,1.36,0.32,-0.11,0.015518,0.000989,-0.002142,0.862,0.065,-0.059,5762,1.4639507584319154,0.14453793953063512,-0.22555277857023062,7945,3629119,331.555,0.0094,0.9791926733043721,0.9432250370236125,0.6469740817640268,0.0094,0.640892525395445
10973664,K00601.01,1,CANDIDATE,1.0,5.40426917,57.04865600000001,2.85,0.89,-0.3,0.027036,0.000743,-0.000537,0.902,0.044,-0.041,6122,2.6689007944877927,0.14942959612979181,-0.1323901469837107,990,10973664,5.404,0.0012,0.9950871621754362,0.0002574347285977323,0.9999987286935349,0.0012,0.9987987302191027
5020319,K00635.01,1,CANDIDATE,1.0,16.71987303,51.867584,2.52,0.42,-0.23,0.021311,0.000502,-0.001219,1.109,0.049,-0.046,6020,2.586537807434558,0.12951046360729232,-0.18275659889506762,1172,5020319,16.72,0.017,0.9950871621754362,0.0005997891949303732,0.9999970370078166,0.017,0.9829970873786837
5113822,K00638.01,1,CANDIDATE,1.0,23.6421965,60.679752,2.9,0.4,-0.14,0.03015,0.000606,-0.000241,0.919,0.039,-0.037,5750,3.032398572394916,0.1423912349965947,-0.12447079676463188,1175,5113822,23.642,1.7e-07,0.9950871621754362,0.0002086878971625032,0.9999989694733933,1.7e-07,0.9999987994735685
6422155,K00510.01,1,CANDIDATE,1.0,2.940304817,38.672123,2.59,0.38,-0.27,0.022515,5.8e-05,-0.0026609999999999,1.063,0.053,-0.05,5527,2.619320678092751,0.13077061756433506,-0.3331877195192993,1118,6422155,2.94,2.1e-05,0.9950871621754362,0.002767984667975386,0.9999862962706652,2.1e-05,0.9999652965584435
11823054,K00543.01,1,CANDIDATE,1.0,4.302139338,53.66931999999999,2.46,0.12,-0.19,0.0262959999999999,0.0031379999999999,-0.001614,0.796,0.036,-0.034,5044,2.2907949363201525,0.29234299036277533,-0.1713007217640696,646,11823054,4.302,0.00011,0.9950871621754362,0.0003947939009371353,0.9999980500960002,0.00011,0.9998880503104896
10815677,K07376.01,1,CANDIDATE,0.756,1.284241817,10.361855,1.18,0.34,-0.11,0.011768,0.000896,-0.000405,0.946,0.093,-0.083,5849,1.218364543418072,0.1514976075632156,-0.11482622995187747,7074,10815677,1.284,0.00043,0.9949195671912286,0.10028304896851505,0.9994308400055193,0.00043,0.9990010847443169
8344004,K00573.02,2,CANDIDATE,0.999,2.06190864,23.648258,1.63,0.24,-0.19,0.013746,9.6e-05,-0.000801,1.049,0.051,-0.048,5622,1.5781027746350362,0.07751132463819953,-0.11692186309137406,828,8344004,2.062,0.00015,0.9950871621754331,0.019329672377306553,0.9999026865739116,0.00015,0.9997527011709255
7941200,K00092.01,1,CANDIDATE,0.972,65.7045275,81.88671,2.78,0.42,-0.25,0.0243889999999999,0.001802,-0.001188,1.071,0.045,-0.043,5918,2.8586890634123967,0.24298047824590327,-0.18045292242412495,607,7941200,65.705,0.2,0.9950871621754362,2.3836771603229583e-05,0.9999998823128374,0.2,0.79999990585027
9604563,K07949.01,1,CANDIDATE,0.912,1.001916708,8.045534,0.62,0.1,-0.05,0.007686,0.000572,-0.000736,0.961,0.076,-0.069,5521,0.8083644824754593,0.08778411563007565,-0.09675067405546564,7649,9604563,1.002,0.0026,0.9827959906859343,0.13073194831159066,0.9973673428291234,0.0026,0.9947741877377677
11296205,K08048.01,1,CANDIDATE,0.334,379.67276,7.2200413,1.33,0.36,-0.11,0.014816,0.00128,-0.001205,1.091,0.084,-0.076,6156,1.7690462023659699,0.20471906598385356,-0.18943970785743672,7868,11296205,379.673,0.013,0.9841734027501178,0.9643921761179167,0.5644638860786401,0.013,0.5571258555596177
5113822,K00638.02,2,CANDIDATE,0.954,67.0930642,53.49991,3.51,0.48,-0.17,0.0364149999999999,0.001556,-0.003655,0.919,0.039,-0.037,5750,3.662513897637166,0.2205660058168748,-0.3960809086664894,1211,5113822,67.093,0.0077,0.9950871621754362,0.0010114166760918494,0.9999950014862671,0.0077,0.9922950399748228
5120087,K00639.01,1,CANDIDATE,1.0,17.97979816,47.135498,2.89,0.5,-0.34,0.019546,0.00058,-0.0002529999999999,1.236,0.056,-0.053,6141,2.6439900766423357,0.14319803384146843,-0.11842771283613761,1212,5120087,17.98,2.1e-06,0.9950871621754362,0.0011368615340507746,0.9999943808206931,2.1e-06,0.9999922808324934
8037145,K00520.04,4,CANDIDATE,0.905,51.1658019,10.171093,1.51,0.05,-0.11,0.0166979999999999,0.003012,-0.002446,0.796,0.035,-0.033,4965,1.4546582691920376,0.27007567513039915,-0.22145445004378322,1208,8037145,51.166,0.0048,0.9948950336002822,0.19145491604859516,0.9987849954439035,0.0048,0.9939908274657727
9597345,K00711.01,1,CANDIDATE,0.483,44.6996563,58.786575,3.05,0.47,-0.32,0.0267399999999999,0.003296,-0.000682,1.053,0.046,-0.043,5497,3.0815784599169276,0.40298794847633024,-0.14836617762479914,997,9597345,44.7,0.0013,0.9950871621754362,0.0003641555606904228,0.9999982014752016,0.0013,0.9986982038132839
9597345,K00711.02,2,CANDIDATE,0.972,3.619309734,40.834072,1.47,0.23,-0.15,0.012902,0.0004669999999999,-0.000233,1.053,0.046,-0.043,5497,1.4868558447961238,0.08435204457572537,-0.06638924194296973,998,9597345,3.619,3.9e-06,0.9950871621754362,0.0021059428056869616,0.9999895808224044,3.9e-06,0.9999856808630393
9597345,K00711.03,3,CANDIDATE,0.772,124.5245224,28.535248,2.69,0.41,-0.29,0.023514,0.000713,-0.000368,1.053,0.046,-0.043,5497,2.709806877579914,0.14409955766221147,-0.11850519805866165,999,9597345,124.525,0.00017,0.9950871621754362,0.058607588980531464,0.9996926349610793,0.00017,0.9995226872131359
2444412,K00103.01,1,CANDIDATE,1.0,14.91095177,107.95887,2.62,0.33,-0.17,0.026641,0.000444,-0.000197,0.88,0.038,-0.036,5650,2.56576366347848,0.11875983910052403,-0.10666401651941003,20,2444412,14.911,7.9e-05,0.9950871621754362,3.6906571928479375e-07,0.9999999981778875,7.9e-05,0.9999209981780315
5941160,K00654.01,1,CANDIDATE,1.0,8.59481851,29.628357,1.75,0.23,-0.13,0.017524,0.002886,-0.0008029999999999,0.99,0.043,-0.041,5675,1.8986805203876165,0.32338280848433476,-0.11727125589658707,1263,5941160,8.595,0.096,0.9950871621754362,0.00979238741556917,0.9999511759691884,0.096,0.9039558630761463
9702072,K00714.01,1,CANDIDATE,1.0,4.182001885,165.43068,2.46,0.26,-0.1,0.0260199999999999,0.000597,-0.000295,0.84,0.035,-0.033,5328,2.3920487918449442,0.11378041440752489,-0.09780831945627969,1002,9702072,4.182,2.1e-07,0.9950871621754362,1.6614575664579564e-10,0.9999999999991798,2.1e-07,0.9999997899991798
5941160,K00654.02,2,CANDIDATE,1.0,10.22215697,10.490836,1.72,0.23,-0.13,0.017212,0.002834,-0.003206,0.99,0.043,-0.041,5675,1.8648761194311603,0.3175605893723236,-0.3558442096740234,1264,5941160,10.222,0.14,0.9949603444377664,0.11101874499596212,0.9993674442706003,0.14,0.8594560020727162
6062088,K00658.01,1,CANDIDATE,1.0,3.162692075,64.98132,2.61,0.39,-0.35,0.022069,3.6e-05,-0.001574,1.041,0.047,-0.044,5821,2.514298520529197,0.113591869854151,-0.20844880630184617,1303,6062088,3.163,3.6e-07,0.9950871621754362,8.789874442820737e-05,0.9999995659975793,3.6e-07,0.9999992059977355
9884104,K00718.01,1,CANDIDATE,1.0,4.585466941,62.9034,3.29,0.54,-0.71,0.020175,0.000306,-0.002172,1.18,0.052,-0.049,5788,2.605427581487541,0.12142570771664457,-0.30063748967113085,1042,9884104,4.585,2.7e-05,0.9950871621754362,0.00011790890159346362,0.9999994178041458,2.7e-05,0.9999724178198651
9884104,K00718.02,2,CANDIDATE,1.0,22.71443351,46.50063,4.01,0.66,-0.87,0.024589,0.000458,-0.002379,1.18,0.052,-0.049,5788,3.175457685313365,0.15192189325192418,-0.33432963420990325,1043,9884104,22.714,0.04,0.9950871621754362,0.0013241549156272417,0.9999934538559772,0.04,0.9599937157017381
9884104,K00718.03,3,CANDIDATE,0.997,47.903427,22.787811,3.55,0.59,-0.77,0.0217699999999999,0.000133,-0.003624,1.18,0.052,-0.049,5788,2.8114081015605206,0.1250774752142842,-0.48234970826983087,1044,9884104,47.903,0.015,0.9950871621754237,0.04137274542069994,0.9997869233435167,0.015,0.9847901194933639
6062088,K00658.02,2,CANDIDATE,1.0,5.370639542,50.1357,2.54,0.38,-0.34,0.0214789999999999,0.003636,-0.001141,1.041,0.047,-0.044,5821,2.4470804260476853,0.4287260529169025,-0.16612078397023577,1304,6062088,5.371,0.0001,0.9950871621754362,0.0006377156325873326,0.9999968495295346,0.0001,0.9998968498445817
6062088,K00658.03,3,CANDIDATE,1.0,11.32977062,14.24908,1.37,0.21,-0.18,0.011589,0.000629,-0.000317,1.041,0.047,-0.044,5821,1.320322876179839,0.09321389899420442,-0.06647296504713661,1305,6062088,11.33,0.0023,0.9950870455344701,0.07194713540556687,0.999617243602791,0.0023,0.9973181239425046
6347299,K00661.01,1,CANDIDATE,1.0,14.40090414,30.417171000000003,2.71,0.4,-0.45,0.02071,0.001145,-0.002701,0.991,0.043,-0.041,5815,2.246142001793355,0.1578611608554011,-0.3073282963815817,1308,6347299,14.401,0.00084,0.9950871621754362,0.009613488010576161,0.9999520766050234,0.00084,0.9991121168606752
6347299,K00661.02,2,CANDIDATE,0.959,25.6613816,10.894302,1.78,0.27,-0.29,0.013624,0.001466,-0.002054,0.991,0.043,-0.041,5815,1.4776165442990183,0.17143795056326108,-0.23100615763700189,1309,6347299,25.661,0.0016,0.995031165435071,0.12923977206532475,0.9992588340607115,0.0016,0.9976600199262143
9965439,K00722.01,1,CANDIDATE,0.995,46.40626,42.091286,2.66,0.47,-0.39,0.019827,0.000491,-0.000247,1.213,0.053,-0.05,6086,2.6320931995186263,0.13219221436669376,-0.1133419090446569,1087,9965439,46.406,0.0014,0.9950871621754362,0.0033357073663234506,0.999983476184025,0.0014,0.9985834993173675
6442340,K00664.01,1,CANDIDATE,1.0,13.13747785,35.811054,1.85,0.29,-0.27,0.014821,0.000176,-0.001405,1.092,0.047,-0.045,5762,1.7712652454694187,0.079084235136132,-0.18309100671432701,656,6442340,13.137,2e-05,0.9950871621754362,0.004670394981009808,0.9999768336297118,2e-05,0.9999568340930391
6442340,K00664.02,2,CANDIDATE,0.999,7.78199862,20.25474,1.32,0.21,-0.19,0.010595,0.001369,-0.001188,1.092,0.047,-0.045,5762,1.2662138368361442,0.17244781878730392,-0.15126319031680815,657,6442340,7.782,5.9e-05,0.9950871621737581,0.0323793049237424,0.9998347910092156,5.9e-05,0.999775800756546
8711794,K00105.01,1,CANDIDATE,1.0,8.981014925,183.9084,3.14,0.43,-0.48,0.029697,0.000371,-0.000184,1.082,0.047,-0.044,5666,3.5166026204694187,0.158946460807361,-0.14465453638184772,22,8711794,8.981,0.013,0.9950871621754362,1.573830196852515e-11,0.9999999999999223,0.013,0.9869999999999233
6442340,K00664.03,3,CANDIDATE,1.0,23.4433748,11.136332,1.29,0.21,-0.18,0.010373,5.7e-05,-0.002164,1.092,0.047,-0.045,5762,1.2396825039642587,0.05378939723777193,-0.26361799641226863,658,6442340,23.443,0.00029,0.9950511064598285,0.12219264109611709,0.9993076773200782,0.00029,0.9990178780936554
10157573,K00726.01,1,CANDIDATE,0.761,5.115750935,49.75153,60.74,19.15,-6.84,0.505225,37.37343,-0.2705619999999999,1.153,0.115,-0.102,6398,63.75255513347911,4716.025181585333,-34.60395606015745,1093,10157573,5.116,1.0,0.9950871621754362,0.0006682020384586678,0.9999966988185628,1.0,0.0
6707835,K00666.01,1,CANDIDATE,1.0,22.24814617,63.322964,2.72,0.41,-0.13,0.026424,0.000907,-0.003415,0.987,0.042,-0.04,5629,2.8542970522275355,0.15604862157518987,-0.38659695253857346,662,6707835,22.248,0.00015,0.9950871621754362,0.00014450557252168383,0.9999992864594444,0.00015,0.9998492865664754
7630229,K00683.01,1,CANDIDATE,1.0,278.1243979,51.01961,5.86,0.94,-0.5,0.051146,0.000614,-0.006644,1.097,0.048,-0.045,5799,6.140472030487037,0.2786094936450226,-0.8364894707780038,786,7630229,278.124,0.81,0.9950871621754362,0.029857929216387753,0.99984805176827,0.81,0.18997112983597125
7906882,K00686.01,1,CANDIDATE,0.952,52.513548727,766.6954,12.43,1.67,-1.22,0.116129,0.000296,-0.000415,1.061,0.046,-0.043,5589,13.48464525599358,0.5856406519751279,-0.5486235167959935,789,7906882,52.514,0.26,0.9950871621754362,1.695587624394885e-44,1.0,0.26,0.74
8557374,K00692.01,1,CANDIDATE,1.0,2.462344253,32.406216,1.33,0.22,-0.07,0.012128,0.00042,-0.000183,1.104,0.048,-0.045,5736,1.4653511764409766,0.08145083170491012,-0.06369016893492739,796,8557374,2.462,4.5e-05,0.9950871621754362,0.006237663343281085,0.9999690107758635,4.5e-05,0.9999240121703786
8557374,K00692.02,2,CANDIDATE,1.0,4.822969318,25.570423,2.22,0.35,-0.12,0.020176,0.001168,-0.003096,1.104,0.048,-0.045,5736,2.437741205134659,0.17649105679628133,-0.38704269353077414,830,8557374,4.823,0.12,0.9950871621754362,0.015694887345736316,0.9999212773388538,0.12,0.8799307240581914
8802165,K00694.01,1,CANDIDATE,1.0,17.42115972,86.8946,3.11,0.47,-0.15,0.0292769999999999,6.6e-05,-0.001819,0.95,0.042,-0.04,5679,3.043922799993697,0.13474826496924852,-0.22845801431093501,833,8802165,17.421,8.3e-09,0.9950871621754362,6.090382223165953e-06,0.9999999699310337,8.3e-09,0.9999999616310339
8805348,K00695.01,1,CANDIDATE,1.0,29.90721859,71.085464,2.16,0.26,-0.19,0.022053,0.000453,-0.0002529999999999,0.932,0.04,-0.038,5739,2.2494018369619937,0.10702860606868024,-0.095275232333506,834,8805348,29.907,3.1e-05,0.9950871621754362,5.831892976961042e-05,0.9999997120572298,3.1e-05,0.999968712066156
9266431,K00704.01,1,CANDIDATE,1.0,18.39629744,57.642532,2.47,0.23,-0.12,0.02808,0.000233,-0.004025,0.762,0.032,-0.031,5316,2.341723048074503,0.10024137276951806,-0.34892101796725644,883,9266431,18.396,0.0025,0.9950871621754362,0.0002879839146354755,0.9999985777870676,0.0025,0.9974985813425999
9450647,K00110.01,1,CANDIDATE,1.0,9.940666412,144.28577,2.87,0.5,-0.29,0.020908,0.000184,-8.499999999999999e-05,1.246,0.054,-0.051,6215,2.8511101053360175,0.12608515359910644,-0.11727294723308275,61,9450647,9.941,0.00037,0.9950871621754362,2.9059179839421794e-09,0.9999999999856533,0.00037,0.9996299999856586
9578686,K00709.01,1,CANDIDATE,1.0,21.3851584,58.81958,2.17,0.18,-0.15,0.0240599999999999,0.002815,-0.000748,0.857,0.036,-0.034,5376,2.2566276261640987,0.28052516997763666,-0.11374145380505714,926,9578686,21.385,5.9e-06,0.9950871621754362,0.0002577737641768373,0.9999987270188221,5.9e-06,0.9999928270263326
