kepid_x,kepoi_name,koi_tce_plnt_num,koi_pdisposition,koi_score,koi_period,koi_max_mult_ev,koi_prad,koi_prad_err1,koi_prad_err2,koi_ror,koi_ror_err1,koi_ror_err2,radius,radius_err1,radius_err2,teff,corrected_prad,corrected_prad_err1,corrected_prad_err2,rowid,kepid_y,fpp_koi_period,fpp_prob,fpEffectiveness,obsFpRate,reliability,fpp_prob_use,totalReliability
9579641,K00115.03,3,CANDIDATE,0.871,3.43591631,7.4337807,0.55,0.08,-0.07,0.004612,0.000197,-0.000565,1.036,0.045,-0.042,5779,0.5229166974578404,0.031856115876833624,-0.06747728722289185,103,9579641,3.436,0.04,0.9687094997738583,0.06807333165842047,0.9976405313355625,0.04,0.95773491008214
9579641,K00115.01,1,CANDIDATE,1.0,5.412203927,163.47614,2.94,0.43,-0.38,0.024775,6e-05,-0.0018859999999999,1.036,0.045,-0.042,5779,2.80903321325195,0.122203492213546,-0.24227109869262597,101,9579641,5.412,7.1e-06,1.6720115042125304e-57,6.535123013378826e-08,0.0,7.1e-06,0.0
9579641,K00115.02,2,CANDIDATE,1.0,7.12594387,39.793564,1.79,0.26,-0.23,0.0151199999999999,0.000323,-0.002193,1.036,0.045,-0.042,5779,1.7143322778756491,0.08298262831470106,-0.2581766478146036,102,9579641,7.126,5.1e-05,0.9687094997738583,0.00428596946579945,0.9998609620380197,5.1e-05,0.9998099691289557
7938496,K00900.01,1,CANDIDATE,1.0,13.81020318,40.226162,4.56,1.33,-0.88,0.0365949999999999,0.0001,-0.003401,1.097,0.097,-0.087,5942,4.393512179949019,0.38867287158145575,-0.5367780272720285,680,7938496,13.81,0.046,0.9687094997738583,0.004584430667252973,0.9998512352875598,0.046,0.953858078464332
6362874,K01128.01,1,CANDIDATE,1.0,0.974868896,24.318182,1.16,0.12,-0.06,0.012716,0.000388,-0.000161,0.842,0.036,-0.034,5487,1.1717799601057135,0.06154965140900325,-0.04958795833264916,1793,6362874,0.975,0.00027,0.9687094997738583,0.015337151527553099,0.9994968747616525,0.00027,0.9992270106054668
3660924,K01214.01,1,CANDIDATE,1.0,4.24153629,14.714512,1.44,0.39,-0.28,0.012577,0.000571,-0.000505,1.221,0.107,-0.097,5776,1.6806457457997734,0.16587171796605846,-0.1496004977145607,1523,3660924,4.242,0.001,0.9687094997738583,0.037236030661915,0.9987507122030685,0.001,0.9977519614908654
10538176,K01301.01,1,CANDIDATE,1.0,12.69905011,25.154327,2.62,0.22,-0.17,0.027241,0.00624,-0.001791,0.774,0.051,-0.048,5291,2.307530566291216,0.5500116066046409,-0.208554339663708,1356,10538176,12.699,0.00075,0.9687094997738583,0.01711644646829082,0.9994374896919069,0.00075,0.998687911574638
10538176,K01301.02,2,CANDIDATE,1.0,37.5142128,24.432262,2.68,0.22,-0.18,0.027815,0.000649,-0.001083,0.774,0.051,-0.048,5291,2.3561529569909387,0.1646966536743727,-0.17252963236919946,1357,10538176,37.514,0.00013,0.9687094997738583,0.026809374440853358,0.9991101686326941,0.00013,0.9989802843107719
10724369,K01302.01,1,CANDIDATE,1.0,55.6391882,38.47574,3.13,0.97,-0.32,0.0298029999999999,0.002837,-0.003148,0.991,0.077,-0.07,5949,3.232340419094502,0.39717890115074167,-0.41072933650544813,1358,10724369,55.639,0.0012,0.9687094997738583,0.010366363349366409,0.9996616463028156,0.0012,0.9984620523272523
10744335,K01304.01,1,CANDIDATE,0.984,4.59726613,14.917146,1.69,0.53,-0.17,0.0161669999999999,0.000745,-0.000763,0.952,0.095,-0.085,5999,1.6844178783035386,0.1851445301839753,-0.17011200983786867,1360,10744335,4.597,0.00016,0.9687094997738583,0.03679284457806783,0.9987661492965231,0.00016,0.9986063467126356
10730034,K01305.01,1,CANDIDATE,1.0,2.633852528,20.749485,1.38,0.07,-0.12,0.0144319999999999,0.0006349999999999,-0.000588,0.859,0.042,-0.04,5113,1.3567603387868015,0.08924328316574663,-0.08394769245593922,1361,10730034,2.634,1.1e-05,0.9687094997738583,0.021524706262166175,0.9992894309018584,1.1e-05,0.9992784387181185
10730034,K01305.02,2,CANDIDATE,0.978,6.18670882,11.189779,1.21,0.06,-0.1,0.01265,0.000839,-0.000473,0.859,0.042,-0.04,5113,1.18923352866222,0.09799108949078511,-0.07102105185660279,1362,10730034,6.187,0.00028,0.9687094997738583,0.05178492453974149,0.9982359315235428,0.00028,0.9979564254627163
10973814,K01307.02,2,CANDIDATE,1.0,20.34237838,23.735342000000003,2.88,0.44,-0.36,0.024633,0.0054009999999999,-0.003071,0.922,0.044,-0.042,5514,2.48560253715706,0.5577495335536528,-0.3299185605840311,1401,10973814,20.342,0.11,0.9687094997738583,0.021833036466964044,0.9992790251811904,0.11,0.8893583324112595
10973814,K01307.01,1,CANDIDATE,0.999,44.8520997,27.30246,3.35,0.51,-0.42,0.02861,0.002579,-0.003349,0.922,0.044,-0.042,5514,2.8869032837276616,0.29445334719477795,-0.3626187720547153,1400,10973814,44.852,0.049,0.9687094997738583,0.02339347052652803,0.9992262619050181,0.049,0.9502641750716722
4072526,K01329.01,1,CANDIDATE,0.995,33.1996355,30.042027,2.85,0.15,-0.25,0.0296069999999999,0.0013369999999999,-0.000679,0.768,0.036,-0.034,5103,2.488508218474696,0.16197363797780778,-0.1240731439967517,1492,4072526,33.2,0.00018,0.9687094997738583,0.015344955627492328,0.9994966147635925,0.00018,0.9993167053729352
10358759,K00738.02,2,CANDIDATE,1.0,13.28689997,28.055307,2.78,0.22,-0.13,0.029278,0.000786,-0.000482,0.748,0.043,-0.04,5730,2.3967705513465893,0.1520660843153117,-0.13410572510926103,1183,10358759,13.287,0.00045,0.9687094997738583,0.013381805010764958,0.9995618886299023,0.00045,0.9991120857800189
10358759,K00738.01,1,CANDIDATE,1.0,10.3392408,38.329365,2.98,0.23,-0.15,0.031329,0.0008029999999999,-0.000429,0.748,0.043,-0.04,5730,2.564670558205387,0.16142500564579262,-0.14157317054816979,1182,10358759,10.339,0.00072,0.9687094997738583,0.005137573286283246,0.9998331931242025,0.00072,0.9991133132251531
10601284,K00749.01,1,CANDIDATE,1.0,5.349553819,48.504196,2.55,0.16,-0.24,0.025706,0.0008449999999999,-0.000453,0.88,0.049,-0.046,5190,2.475714903095897,0.1600816044444253,-0.13656850051448605,1229,10601284,5.35,1.2e-05,0.9687094997734905,0.0019158002390046495,0.9999379985294902,1.2e-05,0.9999259992735078
10601284,K00749.02,2,CANDIDATE,0.98,3.94105221,22.749151,1.7,0.11,-0.16,0.017105,0.000703,-0.000557,0.88,0.049,-0.046,5190,1.6473626164107724,0.11400892391573068,-0.10145433000085052,1230,10601284,3.941,2.6e-06,0.9687094997738583,0.018438964353537892,0.9993932103535297,2.6e-06,0.9993906119311828
10601284,K00749.03,3,CANDIDATE,0.971,8.10904807,9.776852,1.3,0.09,-0.12,0.013127,0.0008699999999999,-0.000503,0.88,0.049,-0.046,5190,1.2642460722376039,0.10943524637901755,-0.08193938481982145,1231,10601284,8.109,0.0014,0.9687094997738583,0.06001755315743581,0.9979375782053901,0.0014,0.9965404655959026
11018648,K00759.01,1,CANDIDATE,1.0,32.62876672,61.372303,3.36,0.76,-0.33,0.03852,0.000971,-0.000365,0.785,0.038,-0.036,5586,3.309324776617166,0.18061539375292412,-0.1549709429954223,1314,11018648,32.629,2.9e-06,0.9683646019735384,0.0009358290378360982,0.9999693988653549,2.9e-06,0.9999664989540981
11018648,K00759.02,2,CANDIDATE,0.978,91.7732862,14.678595,2.12,0.48,-0.21,0.0243199999999999,0.007051,-0.001216,0.785,0.038,-0.036,5586,2.0893763906367897,0.6141500671791063,-0.1417565727766681,1315,11018648,91.773,0.03,0.9687094997738583,0.13397162694253026,0.9950031115079974,0.03,0.9651530181627574
11138155,K00760.01,1,CANDIDATE,1.0,4.959319244,670.4895,12.21,1.96,-1.46,0.103379,0.001245,-7.4e-05,1.046,0.063,-0.059,5714,11.834433320821796,0.7268906552914118,-0.6675791476343043,1316,11138155,4.959,0.071,0.0,1.278917330348936e-27,0.0,0.071,0.0
8260218,K01066.01,1,CANDIDATE,1.0,5.714817602999999,529.8256,9.29,2.47,-0.99,0.101045,0.000109,-0.000195,1.235,0.153,-0.133,5695,13.657312331283036,1.6920226712756292,-1.4710236140599136,1512,8260218,5.715,0.00033,5.898712919331047e-278,3.7933530776673766e-22,0.0,0.00033,0.0
8222813,K01069.01,1,CANDIDATE,1.0,8.70420525,60.56746,2.86,0.13,-0.24,0.030316,0.0035689999999999,-0.00099,0.862,0.042,-0.039,5073,2.859977522401208,0.3643927163931227,-0.15958061967320455,1515,8222813,8.704,1.2e-05,0.9687000475448954,0.0006874910501390959,0.9999777709920137,1.2e-05,0.9999657712587617
8222813,K01069.02,2,CANDIDATE,1.0,2.46697039,24.837725,1.56,0.07,-0.13,0.016558,0.003196,-0.000833,0.862,0.042,-0.039,5073,1.562063194877926,0.31096497012869273,-0.10568925573298413,1516,8222813,2.467,0.00014,0.9687094997738583,0.01499773758187081,0.999508178545637,0.00014,0.9993682474006406
8972058,K00159.01,1,CANDIDATE,1.0,8.99088621,72.13723,2.78,0.46,-0.39,0.021706,5.2e-05,-0.001717,1.147,0.05,-0.048,5881,2.724750068808205,0.11895647754619669,-0.2438383995043853,366,8972058,8.991,2.5e-06,0.010411329327958326,0.00024535357618005394,0.9766736121874084,2.5e-06,0.9766711705033779
8972058,K00159.02,2,CANDIDATE,1.0,2.403640701,15.105959,1.24,0.2,-0.17,0.0096709999999999,0.0009429999999999,-0.001849,1.147,0.05,-0.048,5881,1.2139987982789957,0.1296654911979713,-0.23759961948891975,367,8972058,2.404,0.0066,0.9687094997738583,0.03500589010533507,0.9988282487921016,0.0066,0.9922359823500737
4076098,K01323.01,1,CANDIDATE,1.0,3.990105908,246.02412,7.45,2.18,-0.73,0.074711,0.003166,-0.002293,1.1,0.103,-0.093,5926,8.994161680405236,0.9244119963531174,-0.8089701259029654,1452,4076098,3.99,0.00012,4.137722304472417e-107,3.9551739085763777e-11,0.0,0.00012,0.0
4282872,K01325.01,1,CANDIDATE,1.0,10.035381809,139.00804,4.42,1.13,-0.38,0.0485709999999999,0.00075,-0.000314,0.873,0.073,-0.066,5813,4.640606503759743,0.39460681143947346,-0.3521165799864444,1454,4282872,10.035,9.2e-05,5.467701486242185e-43,6.28295536572674e-07,0.0,9.2e-05,0.0
4455231,K01332.01,1,CANDIDATE,1.0,19.30581662,30.262682,4.0,0.62,-0.93,0.0240669999999999,0.000823,-0.00035,1.07,0.058,-0.055,5665,2.818312788352619,0.18062786599988134,-0.1505528681784745,1496,4455231,19.306,0.0026,0.9687094997738583,0.012103935227567175,0.9996042378261657,0.0026,0.9970052668078176
4455231,K01332.02,3,CANDIDATE,0.999,6.09747233,13.949024,2.22,0.34,-0.52,0.013336,0.000669,-0.000588,1.07,0.058,-0.055,5665,1.5616827749811226,0.11534030973516164,-0.10575930288060029,1497,4455231,6.097,0.00037,0.9687094997738583,0.04090145741510827,0.9986224908271656,0.00037,0.9982530005055595
4455231,K01332.03,2,CANDIDATE,0.991,56.637918000000006,17.116478,3.68,0.57,-0.85,0.022163,0.000785,-0.0010019999999999,1.07,0.058,-0.055,5665,2.595349080826831,0.16805323715910664,-0.1776656291989025,1498,4455231,56.638,0.014,0.9687094997738583,0.06682411982244812,0.9976869304607985,0.014,0.9837193134343473
4243911,K01337.01,1,CANDIDATE,1.0,1.922799706,24.998684,1.28,0.11,-0.05,0.014398,0.0006519999999999,-0.000412,0.8,0.036,-0.034,5191,1.2605950918701232,0.08047738927197175,-0.06458717866504479,1540,4243911,1.923,5.3e-05,0.9687094997738583,0.014661233554885768,0.9995193777305503,5.3e-05,0.9994664032035306
4466677,K01338.01,1,CANDIDATE,1.0,3.222975318,26.349789,1.47,0.4,-0.21,0.014062,0.0004089999999999,-0.000413,0.986,0.046,-0.044,5823,1.5174258010948907,0.08342366155346918,-0.08106464382714938,1541,4466677,3.223,0.00015,0.9687094997738583,0.013283185713079243,0.9995651608251038,0.00015,0.9994152260509801
4466677,K01338.02,2,CANDIDATE,0.999,42.0370662,12.082628,1.66,0.45,-0.24,0.015824,0.0037479999999999,-0.00108,0.986,0.046,-0.044,5823,1.7075626423357664,0.4122163765990106,-0.13924264059753375,1542,4466677,42.037,0.0018,0.9687094997738583,0.08167350558588958,0.9971272156259309,0.0018,0.9953323866378042
4466677,K01338.03,3,CANDIDATE,0.754,21.0112068,7.701652,1.4,0.38,-0.2,0.0133789999999999,0.003282,-0.0020239999999999,0.986,0.046,-0.044,5823,1.4437234954379452,0.36050738527173,-0.22771308889922462,1543,4466677,21.011,0.02,0.9687094997738583,0.08605682001732665,0.9969585194406425,0.02,0.9770193490518296
8395660,K00116.01,1,CANDIDATE,1.0,13.57078281,76.76886999999999,2.64,0.4,-0.27,0.023908,0.000413,-0.002627,1.049,0.046,-0.044,5854,2.7447461905990433,0.12936305107022236,-0.3228184613238006,104,8395660,13.571,0.0035,1.0687841219294823e-05,0.0001743668323307985,0.0,0.0035,0.0
8395660,K00116.02,2,CANDIDATE,0.998,43.84439721,65.59482,2.87,0.43,-0.3,0.025934,2.7e-05,-0.003042,1.049,0.046,-0.044,5854,2.9773401249370752,0.13059698729293368,-0.3708924847810193,105,8395660,43.844,0.00035,0.693879805524219,0.0007667788869461443,0.9996614592014914,0.00035,0.999311577690771
8395660,K00116.03,3,CANDIDATE,0.95,6.1648760000000005,11.552998,0.79,0.13,-0.08,0.007192,0.002592,-0.000407,1.049,0.046,-0.044,5854,0.8256740255474452,0.2997679068608927,-0.05816087345183957,106,8395660,6.165,0.21,0.9687094997738583,0.05020233841446417,0.998292692302835,0.21,0.7886512269192397
8395660,K00116.04,4,CANDIDATE,0.952,23.9800854,10.87813,1.31,0.2,-0.13,0.011879,0.000305,-0.002656,1.049,0.046,-0.044,5854,1.3637627571576894,0.06929967993243814,-0.31023993941328193,107,8395660,23.98,0.0015,0.9687094997738583,0.06925890514479342,0.997596380716627,0.0015,0.9960999861455522
11391957,K00765.01,1,CANDIDATE,1.0,8.35389523,36.34974,2.52,0.54,-0.24,0.029305,0.000955,-0.000532,0.722,0.056,-0.051,5592,2.315593804587214,0.1948116589250979,-0.1688823162437016,664,11391957,8.354,0.0003,0.9687094997738583,0.005937436075093366,0.9998070680403769,0.0003,0.9995071259199648
5792202,K00841.01,2,CANDIDATE,1.0,15.33528675,84.09906,5.0,0.49,-0.18,0.0559999999999999,0.001045,-0.005222,0.761,0.049,-0.046,5251,4.663974200855768,0.31266584103734174,-0.5182969371546153,1014,5792202,15.335,0.048,3.4568852643023614e-10,9.306891031899011e-05,0.0,0.048,0.0
5792202,K00841.02,1,CANDIDATE,1.0,31.33046135,110.02644,6.5,0.64,-0.23,0.072904,0.000828,-0.002069,0.761,0.049,-0.046,5251,6.071828127485526,0.39699398063520797,-0.40546109769120064,1015,5792202,31.33,0.019,1.6481677162174726e-26,1.1794968974855849e-05,0.0,0.019,0.0
5792202,K00841.03,3,CANDIDATE,1.0,6.54626149,24.029488,2.19,0.22,-0.08,0.024555,0.005751,-0.001612,0.761,0.049,-0.046,5251,2.0450694018216717,0.49674460471231935,-0.18249932384936468,1016,5792202,6.546,0.0013,0.9687094997738583,0.017162904012125793,0.9994359362622772,0.0013,0.9981366695451362
8247638,K00907.01,1,CANDIDATE,1.0,16.51410989,43.083504,2.72,0.27,-0.24,0.028718,0.000169,-0.000905,0.828,0.045,-0.042,5527,2.6023636472438962,0.14225951732989017,-0.15540446008427103,726,8247638,16.514,9.1e-05,0.9687094997738577,0.0037096420416131252,0.9998797278637538,9.1e-05,0.9997887388085183
8247638,K00907.02,2,CANDIDATE,1.0,30.1329298,32.878609999999995,3.14,0.32,-0.27,0.03322,0.003077,-0.00395,0.828,0.045,-0.042,5527,3.0103252441479986,0.32328514603357733,-0.38915036193979785,727,8247638,30.133,0.0034,0.9687094997738583,0.011387230412168298,0.9996279418349004,0.0034,0.9962292068326618
8247638,K00907.03,4,CANDIDATE,1.0,4.79090809,16.134592,1.36,0.14,-0.12,0.014349,0.000597,-0.000504,0.828,0.045,-0.042,5527,1.3002756450415303,0.08899737934902026,-0.08022513448904872,728,8247638,4.791,0.00091,0.9687094997738583,0.03322977756360318,0.9988897440320748,0.00091,0.9979807543650056
8247638,K00907.04,3,CANDIDATE,1.0,99.6415962,19.405544,2.64,0.27,-0.23,0.027879,0.001176,-0.000776,0.828,0.045,-0.042,5527,2.526335264346841,0.1738043677970834,-0.1461731602304489,729,8247638,99.642,0.036,0.9687094997738583,0.10332772967347988,0.9962777795133138,0.036,0.9604117794508344
8255887,K00908.01,1,CANDIDATE,1.0,4.7083264510000005,619.7065,10.6,2.85,-2.56,0.080242,0.0001629999999999,-0.0001149999999999,1.142,0.095,-0.086,5560,10.028853894223507,0.8345228827415899,-0.7553744383687864,763,8255887,4.708,0.0012,0.0,1.1989749350784974e-25,0.0,0.0012,0.0
7626506,K00150.01,1,CANDIDATE,1.0,8.408878137,132.78516000000002,2.28,0.19,-0.2,0.025693,0.000347,-0.0001419999999999,0.913,0.039,-0.037,5551,2.5672552465548706,0.11501434908602381,-0.10500296894854225,290,7626506,8.409,1.7e-05,3.593426373866416e-39,1.0685106237414487e-06,0.0,1.7e-05,0.0
7626506,K00150.02,2,CANDIDATE,1.0,28.5742692,87.12114,2.32,0.19,-0.2,0.0261089999999999,0.0005269999999999,-0.000231,0.913,0.039,-0.037,5551,2.608822139582799,0.12325414606193989,-0.10821469158643342,291,7626506,28.574,2.4e-06,1.3295679898923418e-12,8.766752079986866e-05,0.0,2.4e-06,0.0
11414511,K00767.01,1,CANDIDATE,1.0,2.816504904,1328.3038,12.21,1.62,-0.87,0.117059,0.001834,-0.000297,0.96,0.047,-0.044,5534,12.298708225522274,0.6322042194530382,-0.5645538099948059,666,11414511,2.817,0.00098,0.0,3.355930060644299e-53,0.0,0.00098,0.0
11460018,K00769.01,1,CANDIDATE,1.0,4.280963604,52.913242,2.3,0.58,-0.19,0.025377,0.0001409999999999,-0.000935,0.961,0.083,-0.075,5644,2.6689910840202615,0.2309929089285384,-0.23034380584856295,668,11460018,4.281,6.9e-07,0.9687094996257583,0.0012703129875060652,0.9999589151478571,6.9e-07,0.9999582251762056
6022556,K00844.01,1,CANDIDATE,1.0,3.709870784,88.43494,4.35,0.64,-0.28,0.040686,0.000711,-0.000254,1.042,0.063,-0.058,5722,4.639766975270577,0.29200603285875515,-0.2598788696020507,1056,6022556,3.71,1.1e-09,2.8414562296738226e-12,5.247740458116851e-05,0.0,1.1e-09,0.0
2854698,K00986.01,1,CANDIDATE,1.0,8.18739443,40.58191,1.92,0.13,-0.14,0.020743,0.000388,-0.000741,0.931,0.041,-0.039,5251,2.113511931805311,0.10112409765486903,-0.11635711830541964,1827,2854698,8.187,0.00026,0.9687094997738583,0.004063030090433205,0.9998682237537947,0.00026,0.9996082580156187
2854698,K00986.02,2,CANDIDATE,0.881,76.04981629999999,12.8004465,1.75,0.11,-0.13,0.018858,0.00107,-0.000699,0.931,0.041,-0.039,5251,1.921448585546187,0.13800782651621638,-0.10747639785663593,1828,2854698,76.05,0.0054,0.9687094997738583,0.12483909732779672,0.9953923269014449,0.0054,0.9900172083361771
7295235,K00987.01,1,CANDIDATE,1.0,3.1792672860000004,41.68947,1.21,0.14,-0.06,0.0129169999999999,0.000373,-0.000349,0.916,0.038,-0.036,5511,1.2949129940221396,0.06545197880975034,-0.06175799463236187,1829,7295235,3.179,0.0017,0.9687094997738583,0.0034002392999082625,0.9998897933879995,0.0017,0.9981899807392399
8313667,K01145.01,1,CANDIDATE,0.996,30.5872153,22.413473,2.32,0.39,-0.24,0.01965,0.000729,-0.00033,1.094,0.05,-0.048,5944,2.352682555688397,0.13849277779516167,-0.11052878182310098,1844,8313667,30.587,1.0,0.9687094997738583,0.028705174880781528,0.9990453854060102,1.0,0.0
11507101,K00773.01,1,CANDIDATE,1.0,38.3775486,31.946487,2.82,0.37,-0.34,0.024901,0.000184,-0.001271,0.972,0.05,-0.047,5476,2.64890576711553,0.13765924299728588,-0.1862427404784746,672,11507101,38.378,0.001,0.9687094997738583,0.01407142454707987,0.9995389887118048,0.001,0.9985394497230929
11812062,K00776.01,1,CANDIDATE,1.0,3.728732147,360.1958,6.02,1.22,-0.52,0.068178,0.002209,-0.001842,0.798,0.064,-0.058,5497,5.954298516675057,0.5150351737258184,-0.4617010887458798,710,11812062,3.729,2.9e-05,8.500638545041284e-176,1.4388990718708926e-15,0.0,2.9e-05,0.0
6276477,K00849.01,1,CANDIDATE,1.0,10.35533116,43.478497,2.47,0.59,-0.31,0.024674,0.000863,-0.00039,0.856,0.066,-0.06,5501,2.3115153443241883,0.19570454033254742,-0.16609047666020524,1061,6276477,10.355,0.00042,0.9687094997738577,0.0032481725679292077,0.9998947381494062,0.00042,0.9994747823593835
6291653,K00850.01,1,CANDIDATE,0.999,10.526294577,488.70584,8.24,1.48,-0.8,0.0951429999999999,0.000586,-0.00148,0.954,0.078,-0.071,5386,9.933645825792839,0.8144861043129843,-0.7552726041658893,1062,6291653,10.526,0.005,1.9789365131462473e-253,1.6233364213088845e-20,0.0,0.005,0.0
6392727,K00851.01,1,CANDIDATE,1.0,4.583520948,212.06973,5.39,1.6,-0.53,0.056287,0.001029,-0.0004059999999999,1.021,0.089,-0.08,5815,6.289517065803548,0.5601809069925868,-0.4948960382369189,1063,6392727,4.584,0.0008,1.0494700728296026e-86,8.335229261243289e-10,0.0,0.0008,0.0
6422070,K00852.01,1,CANDIDATE,0.876,3.76181843,29.971922,2.66,0.73,-0.26,0.025656,0.0002009999999999,-0.004673,1.113,0.096,-0.087,5653,3.1251262505663226,0.2706623101204767,-0.619416318863208,1097,6422070,3.762,2.8e-05,0.9687094997738583,0.009726235478580689,0.9996827450157091,2.8e-05,0.9996547538988486
8552202,K00914.01,1,CANDIDATE,1.0,3.886655224,41.233078000000006,1.87,0.36,-0.15,0.023262,0.002814,-0.001107,1.004,0.085,-0.077,5662,2.5560198360181223,0.3774025634249138,-0.23070116422799594,771,8552202,3.887,1.5e-05,0.9687094997738583,0.0035813774277157137,0.9998839013409279,1.5e-05,0.9998689030824077
8628973,K00916.01,1,CANDIDATE,1.0,3.314947362,105.955894,3.94,1.11,-0.37,0.038195,0.0001899999999999,-0.003621,0.846,0.067,-0.061,5609,3.5363914593820787,0.28062076776302997,-0.42121072930051107,773,8628973,3.315,0.00019,8.485410836988774e-23,1.0871859180108235e-05,0.0,0.00019,0.0
8672910,K00918.01,1,CANDIDATE,0.996,39.6431552,487.53952,10.98,0.72,-0.99,0.1116849999999999,7.4e-05,-0.0001419999999999,0.815,0.04,-0.037,5236,9.961756295227147,0.4889651053704706,-0.45242883521412247,808,8672910,39.643,0.008,4.855658704197346e-254,2.863819067991398e-20,0.0,0.008,0.0
8644288,K00137.01,2,CANDIDATE,1.0,7.641567589,366.27887,4.91,0.3,-0.33,0.042627,0.000225,-8.6e-05,0.923,0.039,-0.037,5356,4.305959350569468,0.183356070164136,-0.1728300586256785,238,8644288,7.642,6.5e-06,1.2383793879775729e-179,8.88481457374549e-16,0.0,6.5e-06,0.0
8644288,K00137.02,1,CANDIDATE,1.0,14.85890852,399.39264,5.94,0.37,-0.4,0.05159,7.5e-05,-0.00057,0.923,0.039,-0.037,5356,5.211355312264032,0.2203284046962193,-0.21669553294558258,239,8644288,14.859,0.014,6.958494004561184e-200,5.146861219571143e-17,0.0,0.014,0.0
8644288,K00137.03,3,CANDIDATE,1.0,3.504691252,50.787594,2.03,0.13,-0.14,0.017643,0.001689,-0.001489,0.923,0.039,-0.037,5356,1.7822047252233828,0.18649373274901898,-0.16651591270119914,240,8644288,3.505,7.5e-05,0.9687094997666715,0.0015172050267733537,0.9999509179566707,7.5e-05,0.9998759216378239
10154388,K00991.01,1,CANDIDATE,0.999,12.06222962,27.932955,1.62,0.21,-0.13,0.0159449999999999,0.000269,-0.000666,0.871,0.038,-0.036,5547,1.5199389144695348,0.07109703506254007,-0.08931412655900449,1833,10154388,12.062,0.002,0.9687094997738583,0.013269684219143622,0.9995656087547145,0.002,0.9975664775372051
8240904,K01070.01,1,CANDIDATE,1.0,6.61836309,27.650803000000003,2.98,0.49,-0.66,0.0211,0.000735,-0.000478,1.121,0.071,-0.066,5530,2.5886392005411527,0.18711589334806703,-0.1633016690509162,1517,8240904,6.618,5.1e-06,0.9687094997738583,0.012490486047696038,0.9995914389156559,5.1e-06,0.9995863409993175
8240904,K01070.02,2,CANDIDATE,1.0,107.7214092,20.731815,4.75,0.79,-1.05,0.033622,0.00121,-0.000603,1.121,0.071,-0.066,5530,4.1248922843883715,0.3004849819499986,-0.253874863903723,1518,8240904,107.721,0.00043,0.9687094997738583,0.10423725940978362,0.9962412024262073,0.00043,0.9958128187091639
8280511,K01151.01,1,CANDIDATE,1.0,10.43547031,29.555204,1.22,0.13,-0.09,0.013143,0.0003799999999999,-0.000267,0.856,0.037,-0.035,5528,1.2312655495846967,0.06402919375925938,-0.05621526760194538,1884,8280511,10.435,6.1e-06,0.9687094997738583,0.011208628670067191,0.9996338434890379,6.1e-06,0.9996277457225926
8280511,K01151.02,2,CANDIDATE,0.997,7.41084314,21.517443,0.94,0.1,-0.08,0.010073,0.000381,-0.000304,0.856,0.037,-0.035,5528,0.9436611033224263,0.05420087701643478,-0.04795646268673822,1885,8280511,7.411,4.7e-05,0.9687094997738583,0.02167838115924236,0.999284245405145,4.7e-05,0.999237279045611
8280511,K01151.03,3,CANDIDATE,0.975,5.24970432,12.187006,0.67,0.07,-0.06,0.007159,0.000399,-0.000335,0.856,0.037,-0.035,5528,0.6706710849484017,0.04730310896001016,-0.04167624636248891,1886,8280511,5.25,0.001,0.9687094997738583,0.046923165501367235,0.9984097026466768,0.001,0.9974112929440302
8280511,K01151.04,4,CANDIDATE,0.895,17.453294500000002,8.376621,0.76,0.08,-0.06,0.008165,0.000399,-0.000474,0.856,0.037,-0.035,5528,0.7649154083815756,0.04990353516152457,-0.05431399313979842,1887,8280511,17.453,0.0024,0.9687094997738583,0.07734998701355031,0.9972920402788191,0.0024,0.99489853938215
8280511,K01151.05,5,CANDIDATE,0.795,21.7203362,7.773399,0.8,0.08,-0.07,0.00856,0.000482,-0.0005269999999999,0.856,0.037,-0.035,5528,0.801919889252454,0.05692488760378525,-0.05926680249146032,1888,8280511,21.72,0.27,0.9687094997738583,0.08643702803869821,0.9969438104613236,0.27,0.7277689816367663
8689031,K00920.01,1,CANDIDATE,1.0,21.80451611,43.653084,2.6,0.47,-0.19,0.0336529999999999,0.004907,-0.002737,0.782,0.061,-0.056,5481,2.8801426224200766,0.47627702048989407,-0.3121036593463063,810,8689031,21.805,0.00018,0.968709499773856,0.0038343755656200873,0.9998756682505037,0.00018,0.9996956906302186
11359879,K00128.01,1,CANDIDATE,0.996,4.942783419,1927.6256,10.62,1.44,-0.73,0.099444,0.000194,-0.0002109999999999,1.229,0.056,-0.053,5514,13.375620043606846,0.610025155971372,-0.5775145707133815,196,11359879,4.943,0.055,0.0,1.7685574982210527e-76,0.0,0.055,0.0
8826878,K00922.01,1,CANDIDATE,1.0,5.15448142,44.139656,2.94,0.63,-0.39,0.0304149999999999,0.001275,-0.005944,0.821,0.065,-0.059,5431,2.732841433661582,0.24482141210528072,-0.5690430477842503,814,8826878,5.154,0.0005,0.9687094997738575,0.0028197166156310807,0.9999086621619065,0.0005,0.9994087078308257
1718189,K00993.01,1,CANDIDATE,1.0,21.85362905,19.608992,1.75,0.47,-0.16,0.018296,0.003946,-0.001116,0.825,0.037,-0.035,5830,1.651937286055877,0.3639039471662222,-0.12273841719880735,1871,1718189,21.854,0.0024,0.9687094997738583,0.03198951355607232,0.9989325525074544,0.0024,0.9965351143814365
1718189,K00993.02,2,CANDIDATE,1.0,13.0607936,16.736902,1.45,0.38,-0.13,0.015111,0.005684,-0.001135,0.825,0.037,-0.035,5830,1.3643651251415807,0.5168406655619205,-0.1176954183603398,1872,1718189,13.061,0.91,0.9687094997738583,0.03581005711156281,0.9988003312012393,0.91,0.0898920298081115
1431122,K00994.01,1,CANDIDATE,0.99,4.298920099999999,15.994445,2.12,0.27,-0.27,0.019694,0.0019809999999999,-0.005939,0.873,0.04,-0.038,5300,1.8816187536810973,0.20798085801181415,-0.5733088710877868,1874,1431122,4.299,0.029,0.9687094997738583,0.03338109955700628,0.998884513541147,0.029,0.9699168626484538
8229696,K01072.01,1,CANDIDATE,0.998,10.12805158,33.04488,1.95,0.24,-0.11,0.02174,0.002811,-0.0017829999999999,0.885,0.042,-0.039,5676,2.105650394852756,0.29002175911979433,-0.19604481453299377,1520,8229696,10.128,3.1e-06,0.9687094997738583,0.008189099822969934,0.9997332980227319,3.1e-06,0.999730198849508
6690082,K01240.01,1,CANDIDATE,1.0,2.1395563,40.34683,1.76,0.27,-0.24,0.014957,0.000254,-0.000507,0.988,0.044,-0.042,5534,1.6172788008431915,0.07708336198400975,-0.08793192119000111,1622,6690082,2.14,7.2e-05,0.9687094997738583,0.0037699220037260787,0.9998777661016491,7.2e-05,0.9998057749024899
6690082,K01240.02,2,CANDIDATE,1.0,4.807103253999999,23.289696,2.96,0.45,-0.41,0.025102,0.000111,-0.005209,0.988,0.044,-0.042,5534,2.714242993833375,0.12147162793051063,-0.5749385534475872,1623,6690082,4.807,0.25,0.9687094997738583,0.017824108275175277,0.9994138112366477,0.25,0.7495603584274858
12070811,K00785.01,1,CANDIDATE,1.0,12.3935651,31.608551,2.66,0.54,-0.23,0.032536,2.5e-05,-0.0046619999999999,0.793,0.065,-0.059,5557,2.8237146195570104,0.23146218733711998,-0.45589481847725116,754,12070811,12.394,2.7e-05,0.9687094997738583,0.009638876257568724,0.999685622273951,2.7e-05,0.9996586307621496
12110942,K00786.01,1,CANDIDATE,1.0,3.689920099,31.786789,1.89,0.54,-0.2,0.018878,0.000671,-0.00037,1.201,0.104,-0.094,5880,2.481318107318147,0.23226496794990525,-0.20020468297536406,755,12110942,3.69,1e-05,0.9687094997738583,0.008271864084013782,0.999730580080151,1e-05,0.9997205827743503
6784235,K00863.01,1,CANDIDATE,1.0,3.167893418,55.665585,2.62,0.78,-0.26,0.025513,0.000588,-0.000292,1.071,0.096,-0.086,5895,2.9904356092845457,0.27676887887652224,-0.24255523363055387,1144,6784235,3.168,0.0004,0.9687094937961617,0.0009758584088454951,0.9999684477845666,0.0004,0.9995684604054529
6849310,K00864.01,1,CANDIDATE,1.0,4.311780262,68.72953000000001,3.11,0.39,-0.21,0.030716,0.000643,-0.0004309999999999,0.879,0.051,-0.048,5522,2.954860548514976,0.18225996363934147,-0.1665993954572819,1145,6849310,4.312,4e-07,0.6439618409342511,0.0003089369744682842,0.9998291399642377,4e-07,0.9998287400325817
6849310,K00864.02,2,CANDIDATE,1.0,20.0504494,29.427977,2.69,0.33,-0.18,0.026569,0.000508,-0.000927,0.879,0.051,-0.048,5522,2.5559216666719102,0.1561404844128028,-0.16562908863411135,1146,6849310,20.05,5.1e-05,0.9687094997738583,0.013182533890558316,0.9995684997852389,5.1e-05,0.9995175217917498
6849310,K00864.03,3,CANDIDATE,1.0,9.76734503,17.335663,2.67,0.33,-0.18,0.026407,0.0018789999999999,-0.004856,0.879,0.051,-0.048,5522,2.5403373650421597,0.2332337302953341,-0.48730627385010855,1147,6849310,9.767,0.0017,0.9687094997738583,0.03233498781701407,0.9989206392769965,0.0017,0.9972224741902256
9140402,K00928.01,1,CANDIDATE,1.0,2.494170338,37.2115,2.42,0.24,-0.12,0.026777,0.0009199999999999,-0.00062,0.805,0.042,-0.039,5569,2.3590723185407754,0.14737271625857842,-0.12667248817700819,853,9140402,2.494,0.00086,0.9687094997738583,0.005012465056433347,0.9998372756050654,0.00086,0.9989774155480451
2165002,K00999.01,1,CANDIDATE,1.0,16.56806842,31.120844,2.54,0.15,-0.11,0.032537,0.0011,-0.0008449999999999,0.727,0.038,-0.035,4987,2.5887813655140954,0.16115178389457457,-0.14160934683727205,1878,2165002,16.568,9.7e-05,0.9687094997738583,0.010747346432386213,0.9996490760802507,9.7e-05,0.9995521101198709
2165002,K00999.02,2,CANDIDATE,1.0,47.3329299,13.270042000000002,2.18,0.13,-0.09,0.0279269999999999,0.000971,-0.001898,0.727,0.038,-0.035,4987,2.221990263229919,0.13949091119308313,-0.18506270920607137,1879,2165002,47.333,0.041,0.9687094997738583,0.08005066487638628,0.9971892644873681,0.041,0.956304504643386
10426656,K01161.01,1,CANDIDATE,1.0,6.05729966,27.37242,1.94,0.21,-0.26,0.017666,0.000605,-0.000458,1.233,0.057,-0.054,5330,2.3838820215517247,0.13714930508781914,-0.1213250346208233,1933,10426656,6.057,1.5e-05,0.9687094997738583,0.012688987866274572,0.9995848625164565,1.5e-05,0.9995698687435187
10426656,K01161.02,2,CANDIDATE,0.991,10.93725572,20.159246,2.41,0.27,-0.32,0.021998,0.002892,-0.003403,1.233,0.057,-0.054,5330,2.968449943965517,0.4136759833839955,-0.47725504595563356,1934,10426656,10.937,0.0017,0.9687094997738583,0.02577531845958303,0.99914539809003,0.0017,0.9974468509132769
10426656,K01161.03,3,CANDIDATE,0.961,2.97136658,19.352438,1.52,0.17,-0.2,0.013899,0.000395,-0.000575,1.233,0.057,-0.054,5330,1.8755562219827586,0.10177810682979509,-0.11299387367691095,1935,10426656,2.971,1.5e-05,0.9687094997738583,0.024443207341100975,0.9991906719700167,1.5e-05,0.9991756841099371
6441738,K01246.01,1,CANDIDATE,1.0,19.03723442,22.91305,5.74,1.29,-0.93,0.018189,0.0007769999999999,-0.000452,1.145,0.057,-0.054,5248,2.27928044904669,0.1495154453869891,-0.12150393921743907,1762,6441738,19.037,0.00031,0.9687094997738583,0.022987780897598006,0.9992399957845607,0.00031,0.9989302313858675
6541920,K00157.01,2,CANDIDATE,1.0,13.02493307,94.94626,2.88,0.19,-0.18,0.025235,0.0004059999999999,-0.000174,1.098,0.048,-0.045,5657,3.0324182719292727,0.14125744027802836,-0.1260260624697251,337,6541920,13.025,4e-07,1.3056847208825898e-16,3.398491765634283e-05,0.0,4e-07,0.0
6541920,K00157.02,3,CANDIDATE,1.0,22.687155,93.95543,3.2,0.21,-0.21,0.028022,0.000553,-0.000183,1.098,0.048,-0.045,5657,3.3673241456707776,0.1615096420007721,-0.1397461640047726,360,6541920,22.687,3.2e-06,1.8908941318179963e-16,4.330720263915204e-05,0.0,3.2e-06,0.0
6541920,K00157.03,1,CANDIDATE,1.0,31.99552485,102.289505,4.12,0.27,-0.26,0.036106,0.0002549999999999,-0.002135,1.098,0.048,-0.045,5657,4.338755463692424,0.19213166956483752,-0.3121548049687383,361,6541920,31.996,0.044,6.957972556093811e-22,2.382243261217316e-05,0.0,0.044,0.0
6541920,K00157.04,5,CANDIDATE,0.998,46.6856205,40.456486,2.52,0.16,-0.16,0.022055,0.000437,-0.000381,1.098,0.048,-0.045,5657,2.6502867044739498,0.12720475828671038,-0.11787316406101006,362,6541920,46.686,0.0035,0.9687094997738579,0.007552807311055814,0.9997541784545158,0.0035,0.9962550388299249
6541920,K00157.05,4,CANDIDATE,0.997,118.3786735,57.47981600000001,3.4,0.22,-0.22,0.029761,0.000512,-0.000212,1.098,0.048,-0.045,5657,3.576294836175434,0.16801139921489391,-0.14876694755090664,363,6541920,118.379,0.00034,0.957375892746027,0.005164696298772773,0.9997688646305332,0.00034,0.9994289432165587
6541920,K00157.06,6,CANDIDATE,1.0,10.30401132,40.980724,1.84,0.12,-0.12,0.016083,0.000396,-0.000175,1.098,0.048,-0.045,5657,1.9326484274792348,0.0969668008708836,-0.08195097878814989,364,6541920,10.304,0.0012,0.9687094997738583,0.004054901999241063,0.9998684884454576,0.0012,0.9986686462593231
12470844,K00790.01,1,CANDIDATE,1.0,8.47237911,39.867977,2.59,0.37,-0.22,0.030119,0.000904,-0.000397,0.834,0.066,-0.06,5354,2.7490969422036238,0.2326761436221435,-0.2010688748490618,760,12470844,8.472,1.2e-05,0.9687094997738583,0.004349419723775571,0.9998588947034756,1.2e-05,0.9998468963967391
12470844,K00790.02,2,CANDIDATE,0.989,60.41893689999999,15.139797,2.36,0.34,-0.2,0.027422,0.001196,-0.000917,0.834,0.066,-0.06,5354,2.502929590926252,0.2261636228102725,-0.19856877086476646,761,12470844,60.419,0.00047,0.9687094997738583,0.08309132723222558,0.997072825839302,0.00047,0.9966042016111576
6862328,K00865.01,1,CANDIDATE,1.0,119.0207044,165.9875,8.98,1.23,-1.35,0.077431,0.000688,-0.000272,0.904,0.049,-0.046,5451,7.660669993833376,0.42077744588960275,-0.39074062066473686,1148,6862328,119.021,0.00064,3.917567658361947e-64,3.1821635575611086e-07,0.0,0.00064,0.0
10157458,K01083.01,1,CANDIDATE,1.0,7.33685101,18.445663,1.52,0.45,-0.14,0.016434,0.000754,-0.000395,0.91,0.073,-0.066,5795,1.636696412975082,0.1512526462355271,-0.12505411620744988,1604,10157458,7.337,9.3e-05,0.9687094997738583,0.028294504889324234,0.9990594402549718,9.3e-05,0.9989665277270281
10157458,K01083.02,2,CANDIDATE,0.819,4.57797412,7.873112700000001,0.96,0.28,-0.09,0.010324,0.00065,-0.000754,0.91,0.073,-0.066,5795,1.0281887408759123,0.10485098777960103,-0.10582932866672184,1605,10157458,4.578,0.0006,0.9687094997738583,0.06675208094882844,0.9976896023923341,0.0006,0.9970909886308986
10528068,K01162.01,1,CANDIDATE,0.999,158.6850022,89.57583000000001,3.08,0.44,-0.49,0.027275,0.000603,-0.000218,1.123,0.049,-0.046,5751,3.3521849440756353,0.16397017530698335,-0.1399007947498326,1936,10528068,158.685,3e-06,6.081515500412808e-20,0.0005576028879497024,0.0,3e-06,0.0
10468940,K01163.01,1,CANDIDATE,1.0,2.936527336,29.484695,1.92,0.21,-0.26,0.01755,0.003477,-0.000647,0.794,0.036,-0.034,5359,1.525039452240121,0.30995135002655266,-0.08617162154542299,1937,10468940,2.937,6.9e-05,0.9687094997738583,0.010023893685789471,0.9996729375494455,6.9e-05,0.9996039601167547
10468940,K01163.02,2,CANDIDATE,1.0,8.01500821,22.859743,2.0,0.22,-0.27,0.018282,0.003879,-0.001133,0.794,0.036,-0.034,5359,1.58864793537629,0.3446829251558641,-0.11967032499886797,1972,10468940,8.015,0.00062,0.9687094997738583,0.01945813464538685,0.9993590059318527,0.00062,0.998739403348175
10337517,K01165.01,1,CANDIDATE,1.0,7.053934488,48.294144,2.36,0.2,-0.17,0.025075,0.000226,-0.00413,0.856,0.036,-0.035,5357,2.3490819185753837,0.10103638347728437,-0.3986513413025359,1974,10337517,7.054,0.01,0.96870949977353,0.0020056238566542707,0.9999350857056856,0.01,0.9899357348486287
10337517,K01165.02,2,CANDIDATE,1.0,4.29263699,9.91662,0.68,0.06,-0.05,0.0072349999999999,0.0004019999999999,-0.000495,0.856,0.036,-0.035,5357,0.6777909344324095,0.04723179903168534,-0.05402278224152805,1975,10337517,4.293,0.00092,0.9687094997738583,0.05603663474108028,0.9980824978769683,0.00092,0.9971642619789215
2713049,K00794.01,1,CANDIDATE,1.0,2.539183147,34.037075,2.06,0.29,-0.28,0.017724,0.000507,-0.0004799999999999,1.029,0.056,-0.052,5525,1.9960001600176187,0.1227173462635243,-0.11443830116631891,799,2713049,2.539,4.8e-05,0.9687094997738583,0.006652140081466271,0.9997836888167678,4.8e-05,0.9997356991997046
9334289,K00934.01,1,CANDIDATE,1.0,5.826657507999999,61.85785,4.09,0.6,-0.49,0.035356,0.000729,-0.000371,0.931,0.07,-0.064,5561,3.6024358993833374,0.28085990653727827,-0.2505117492638483,860,9334289,5.827,5.8e-06,0.9686675904967355,0.0005851656749159732,0.9999810612166405,5.8e-06,0.9999752613264855
9334289,K00934.02,3,CANDIDATE,0.998,12.41216347,18.328804,2.58,0.38,-0.31,0.0222699999999999,0.00099,-0.000547,0.931,0.07,-0.064,5561,2.2690985258305965,0.1981980154906968,-0.16564327105720905,861,9334289,12.412,0.00015,0.9687094997738583,0.030906264541734545,0.9989698518693123,0.00015,0.9988200063915319
9334289,K00934.03,2,CANDIDATE,1.0,18.74649011,19.490282,3.05,0.45,-0.37,0.026327,0.000298,-0.001573,0.931,0.07,-0.064,5561,2.682467754357538,0.20396202465029836,-0.24431860291253124,862,9334289,18.746,0.0064,0.9687094997738583,0.03081224514235915,0.9989730852937416,0.0064,0.9925796575478617
3247268,K01089.01,1,CANDIDATE,0.934,86.67856052,229.12724,9.83,1.48,-1.2,0.083303,0.000106,-0.000883,1.099,0.054,-0.051,5822,10.01940172931349,0.4924741499431636,-0.47693377835536305,1611,3247268,86.679,0.0044,1.1429915176605982e-100,6.687679524151285e-10,0.0,0.0044,0.0
3247268,K01089.02,2,CANDIDATE,1.0,12.21828097,81.52411,5.1,0.76,-0.62,0.043209,0.003588,-0.0035329999999999,1.099,0.054,-0.051,5822,5.197031671391265,0.5014437267921836,-0.4886060204281945,1612,3247268,12.218,0.11,1.6924918347229224e-08,0.0001115148876362501,0.0,0.11,0.0
10482160,K01170.01,1,CANDIDATE,0.965,7.34373964,25.57594,1.84,0.4,-0.14,0.022075,0.000666,-0.000678,0.899,0.069,-0.062,5757,2.171920175638686,0.17911538350072764,-0.16397005152151264,1979,10482160,7.344,0.035,0.9687094997738583,0.015168862977795334,0.999502480388596,0.035,0.9645198935749951
3351888,K00801.01,1,CANDIDATE,1.0,1.625522174,712.5235,9.73,1.41,-1.42,0.0805429999999999,8.7e-05,-0.0001149999999999,0.971,0.055,-0.051,5543,8.559147041294352,0.4849007998071029,-0.4497196290863963,807,3351888,1.626,0.00034,0.0,2.819266774811256e-29,0.0,0.00034,0.0
3453214,K00802.01,1,CANDIDATE,1.0,19.620346923,353.8584,13.6,1.82,-0.92,0.137595,1e-05,-0.003638,0.953,0.063,-0.058,5710,14.35089572575824,0.9486956737620825,-0.9522619349811273,841,3453214,19.62,0.19,1.0634424733876289e-172,3.2670253996865392e-15,0.0,0.19,0.0
7109675,K00872.01,1,CANDIDATE,1.0,33.60123371,173.7981,8.46,0.4,-0.5,0.083298,0.00069,-0.002152,0.809,0.039,-0.037,5149,7.375076870028946,0.36074571818090706,-0.38739718282352686,1193,7109675,33.601,0.0056,5.522868687081393e-65,4.063333676867816e-08,0.0,0.0056,0.0
7109675,K00872.02,2,CANDIDATE,1.0,6.76652928,16.790316,1.97,0.09,-0.12,0.019382,0.0003799999999999,-0.0009339999999999,0.809,0.039,-0.037,5149,1.716052484992449,0.08930675816133966,-0.11400992776781907,1194,7109675,6.767,1.0,0.9687094997738583,0.03236794273950644,0.9989195024249304,1.0,0.0
9406990,K00937.01,1,CANDIDATE,1.0,20.83426731,38.21066,2.74,0.69,-0.22,0.028495,0.000673,-0.000659,0.798,0.064,-0.058,5537,2.4885994929838913,0.20806148498013122,-0.1898115047096587,980,9406990,20.834,0.00012,0.9687094997738583,0.006129516728767077,0.9998007880488057,0.00012,0.9996808119542399
3329204,K01095.01,1,CANDIDATE,0.997,51.59809554,81.96965,6.57,1.9,-0.59,0.070071,0.001149,-0.001167,1.125,0.1,-0.091,5681,8.627287949518625,0.7798093676059282,-0.7124899915072463,1650,3329204,51.598,0.5,1.5346857896476226e-10,0.00020049473539006198,0.0,0.5,0.0
8612847,K01264.01,1,CANDIDATE,1.0,14.13175309,33.003277000000004,3.02,0.76,-0.25,0.033654,0.000337,-0.004031,0.783,0.066,-0.06,5616,2.883911362226278,0.24479766760386584,-0.41006959191176123,1850,8612847,14.132,3.8e-05,0.9687094997738583,0.008754903630541424,0.9997147082155926,3.8e-05,0.9996767190566804
3641726,K00804.01,1,CANDIDATE,1.0,9.02930689,47.37303,2.57,0.44,-0.26,0.028718,0.000882,-0.000544,0.892,0.071,-0.065,5349,2.8035125281902844,0.2391848580601191,-0.2110816120409387,843,3641726,9.029,2.4e-05,0.9687094997737459,0.0022469100102211733,0.9999272586184876,2.4e-05,0.9999032603642808
7366258,K00880.01,2,CANDIDATE,1.0,26.44439337,67.97784,3.91,0.43,-0.29,0.038511,0.00088,-0.000357,0.854,0.046,-0.043,5427,3.5993669308142455,0.21060139291456034,-0.18427867847743593,1237,7366258,26.444,0.0098,0.349877899463807,0.0004698431234053927,0.9991265553429945,0.0098,0.9893351151006332
7366258,K00880.02,1,CANDIDATE,0.983,51.53997972,112.0813,5.51,0.62,-0.41,0.05435,0.000727,-0.000517,0.854,0.046,-0.043,5427,5.079732873458344,0.2819262327495996,-0.2602954622233705,1238,7366258,51.54,0.016,1.1747195843286686e-28,1.353591892299134e-05,0.0,0.016,0.0
7366258,K00880.03,3,CANDIDATE,1.0,5.9022457820000005,43.151917,2.43,0.27,-0.18,0.023909,0.000453,-0.000375,0.854,0.046,-0.043,5427,2.2346151475899823,0.12759498711917744,-0.1178482475028288,1239,7366258,5.902,0.0011,0.9687094997738581,0.003116174172582396,0.9998990291246478,0.0011,0.9987991401926107
7366258,K00880.04,4,CANDIDATE,1.0,2.382951591,23.52045,1.86,0.21,-0.13,0.018369,0.0037119999999999,-0.000508,0.854,0.046,-0.043,5427,1.7168282088786808,0.35904911939920586,-0.0986252762757689,1240,7366258,2.383,1.0,0.9687094997738583,0.01681784053809619,0.9994474708588189,1.0,0.0
2716853,K01022.01,1,CANDIDATE,1.0,18.82744023,25.10813,2.7,0.78,-0.25,0.028791,0.001045,-0.000663,0.939,0.084,-0.075,5687,2.9587331486439714,0.28563554848368533,-0.24594635821747632,1332,2716853,18.827,0.00012,0.9687094997738583,0.018910263986311283,0.9993774018774543,0.00012,0.9992574765892289
8559644,K00139.01,1,CANDIDATE,1.0,224.7789355,153.20587,7.67,1.33,-1.2,0.056891,0.000478,-0.000822,1.123,0.049,-0.046,5873,6.992086293433802,0.3106913530250701,-0.3037034304877859,242,8559644,224.779,0.0018,3.300485843287049e-61,5.374142993587014e-06,0.0,0.0018,0.0
8559644,K00139.02,2,CANDIDATE,1.0,3.341799486,35.878597,1.67,0.29,-0.26,0.01238,0.00202,-0.000237,1.123,0.049,-0.046,5873,1.521541690473194,0.2569879991596293,-0.06879566222459887,243,8559644,3.342,1.0,0.9687094997738583,0.005719760814959002,0.9998141819033021,1.0,0.0
3231341,K01102.01,1,CANDIDATE,1.0,12.33343853,26.762255,4.12,0.61,-0.84,0.030411,5.720139,-0.005212,1.111,0.059,-0.055,5896,3.6976705621853765,695.5111780247653,-0.6596345776718453,1655,3231341,12.333,0.99,0.9687094997738583,0.014774592345018897,0.9995156058930282,0.99,0.009995156058930291
3231341,K01102.02,2,CANDIDATE,1.0,8.14515981,24.346912,3.43,0.5,-0.7,0.025296,0.001749,-0.005273,1.111,0.059,-0.055,5896,3.0757382046312607,0.2681490329560386,-0.6589760805278432,1656,3231341,8.145,0.016,0.9687094997738583,0.01711302596138857,0.9994376040597079,0.016,0.9834466023947526
3231341,K01102.03,3,CANDIDATE,1.0,18.9985279,15.231214,43.17,6.37,-8.74,0.318792,73.13847,-6.931319,1.111,0.059,-0.055,5896,38.761888588346345,8892.899764143122,-842.7805944541504,1657,3231341,18.999,1.0,0.9687094997738583,0.04458995385244309,0.9984924692945256,1.0,0.0
3231341,K01102.04,5,CANDIDATE,0.999,4.24439049,12.186046,2.07,0.3,-0.42,0.015253,0.000215,-0.003249,1.111,0.059,-0.055,5896,1.854610801519632,0.10190001375785068,-0.4055743379282682,1680,3231341,4.244,0.00057,0.9687094997738583,0.04621959726560145,0.9984347031563694,0.00057,0.9978655953755703
8813698,K01268.01,1,CANDIDATE,0.996,268.9410974,133.10529,13.57,2.3,-2.31,0.095141,0.000859,-0.0017329999999999,1.18,0.059,-0.056,5803,12.286641166310094,0.624267480802944,-0.6245694006380584,1854,8813698,268.941,0.42,4.2028184871231204e-51,6.556528014191067e-05,0.0,0.42,0.0
8564587,K01270.01,1,CANDIDATE,1.0,5.729317577000001,41.12044,2.41,0.38,-0.2,0.028094,0.003956,-0.0013109999999999,0.825,0.037,-0.035,5320,2.536594125188774,0.3748643588408163,-0.15997478752702707,1856,8564587,5.729,0.0013,0.9687094997738583,0.0037247191971027287,0.9998792372123125,0.0013,0.9985793942039366
8564587,K01270.02,2,CANDIDATE,1.0,11.60908533,21.786615,1.71,0.26,-0.15,0.019868,0.000851,-0.000294,0.825,0.037,-0.035,5320,1.7938724310974072,0.11124940253180979,-0.08060033171357485,1857,8564587,11.609,0.01,0.9687094997738583,0.022601216500901238,0.9992530716068662,0.01,0.9892605408907975
3935914,K00809.01,1,CANDIDATE,1.0,1.5947453740000002,1015.921,11.3,3.09,-1.33,0.115879,0.000387,-0.000621,1.129,0.103,-0.093,5934,14.317992687940471,1.3071222751952234,-1.1819205300581839,849,3935914,1.595,0.00016,0.0,4.552558019906021e-41,0.0,0.00016,0.0
9513865,K00943.01,1,CANDIDATE,1.0,3.6014653360000004,42.125446,2.31,0.11,-0.18,0.0247639999999999,0.000907,-0.000389,0.856,0.05,-0.047,5053,2.3199467450289357,0.1599470854783341,-0.13249066606291918,904,9513865,3.601,0.00016,0.9687094997738583,0.0032925583326510717,0.9998932950112394,0.00016,0.9997333120840375
5735762,K00148.01,2,CANDIDATE,1.0,4.77800306,83.910446,1.85,0.13,-0.14,0.0193759999999999,0.000441,-0.00016,0.846,0.036,-0.034,5192,1.7939814351875063,0.08657325729149595,-0.07360472958332272,286,5735762,4.778,1.1e-06,1.3423900040172088e-09,8.001784708679042e-05,0.0,1.1e-06,0.0
5735762,K00148.02,1,CANDIDATE,1.0,9.673958488,134.0802,2.63,0.2,-0.19,0.027629,0.000307,-0.000293,0.846,0.036,-0.034,5192,2.5581086433111,0.11250560164208279,-0.10632711908316012,287,5735762,9.674,1.3e-05,5.239107314262424e-40,9.709319041985053e-07,0.0,1.3e-05,0.0
5735762,K00148.03,3,CANDIDATE,0.998,42.89645024,44.07612,2.0,0.15,-0.15,0.02097,0.000602,-0.0002299999999999,0.846,0.036,-0.034,5192,1.9415664066826075,0.09966317499844893,-0.08088351972415726,288,5735762,42.896,0.00017,0.9687094997738191,0.005156802309870159,0.9998325655594895,0.00017,0.9996625940233445
3859628,K01191.01,1,CANDIDATE,1.0,8.17242644,31.579298,3.29,0.44,-0.19,0.033266,0.000847,-0.005804,0.905,0.054,-0.05,5705,3.294827013749056,0.2137480878591425,-0.6029897134763268,1394,3859628,8.172,0.0019,0.9687094997738583,0.009042268077155134,0.9997052585639208,0.0019,0.9978058185726493
8806072,K01273.01,1,CANDIDATE,0.927,40.05881661,46.182766,3.43,0.98,-0.31,0.03618,9.5e-05,-0.003812,0.861,0.066,-0.059,5668,3.4092211153410514,0.2614872963005173,-0.4284895834632424,1892,8806072,40.059,0.0049,0.9687094997733178,0.0040869720983515495,0.9998674440560982,0.0049,0.9949680935802233
8583696,K01275.01,1,CANDIDATE,0.936,50.28635977,91.00462,3.88,0.62,-0.56,0.030461,0.000503,-0.000226,1.192,0.053,-0.05,5900,3.9737804395922467,0.18847798527148482,-0.16927274678662957,1893,8583696,50.286,0.0019,6.436153071320192e-16,8.748705501179115e-05,0.0,0.0019,0.0
8804283,K01276.01,1,CANDIDATE,1.0,22.79020351,40.07861,2.57,0.36,-0.36,0.02233,0.000728,-0.00039,0.98,0.046,-0.044,5478,2.394959945255474,0.13687214490732177,-0.11537800531788359,1894,8804283,22.79,0.00017,0.9687094997738583,0.00535439926850964,0.999826115314617,0.00017,0.9996561448750134
8804283,K01276.02,2,CANDIDATE,1.0,13.26079792,14.653385,1.47,0.2,-0.21,0.0127599999999999,0.00065,-0.0004969999999999,0.98,0.046,-0.044,5478,1.3685485401459745,0.09479781691962397,-0.08134426226446388,1895,8804283,13.261,0.00053,0.9687094997738583,0.04293979005241414,0.998550762365967,0.00053,0.998021530461913
4275191,K00813.01,1,CANDIDATE,1.0,3.895936525,375.5263,7.34,1.53,-0.65,0.08689,0.000424,-0.00262,1.063,0.098,-0.088,5557,10.108495390605334,0.9332260178320401,-0.8906090888413619,889,4275191,3.896,0.00012,4.980681760938349e-185,3.658976461847965e-16,0.0,0.00012,0.0
4476123,K00814.01,1,CANDIDATE,0.999,22.36646466,25.599396,2.32,0.38,-0.16,0.028938,0.000601,-0.001166,0.987,0.089,-0.08,5395,3.1258571032909637,0.2892450849118475,-0.2829415459905592,890,4476123,22.366,9.2e-05,0.9687094997738583,0.019140341794726994,0.9993696790190159,9.2e-05,0.9992777370085462
4664847,K00816.01,1,CANDIDATE,1.0,7.748094238999999,106.29421,5.52,1.7,-0.56,0.046615,0.0026449999999999,-0.001294,1.14,0.123,-0.108,5973,5.815860695633022,0.7089832330051297,-0.5741420584035077,892,4664847,7.748,0.00045,3.352345404745656e-23,1.1318513442327902e-05,0.0,0.00045,0.0
9761882,K00948.01,1,CANDIDATE,1.0,24.58716355,30.480999,2.37,0.41,-0.21,0.028979,0.005072,-0.00156,0.911,0.076,-0.069,5474,2.8892507021300027,0.5601932383282059,-0.26847628958170344,944,9761882,24.587,0.00038,0.9687094997738583,0.01289906711321509,0.9995778996742064,0.00038,0.9991980600723301
8609450,K01278.01,2,CANDIDATE,1.0,24.8056775,32.728817,2.16,0.22,-0.22,0.022674,0.0006309999999999,-0.000465,1.162,0.067,-0.062,5600,2.883485195633023,0.18461175758593346,-0.16482526588603882,1897,8609450,24.806,4.8e-05,0.9687094997738583,0.010611966657848547,0.9996535439330554,4.8e-05,0.9996055605629466
8609450,K01278.02,1,CANDIDATE,1.0,44.3471936,31.948462,2.45,0.25,-0.25,0.0257319999999999,0.000605,-0.000582,1.162,0.067,-0.062,5600,3.2723754544424737,0.20376624317105085,-0.18964130283739317,1898,8609450,44.347,3.6e-05,0.9687094997738583,0.015447411161651905,0.9994932010165207,3.6e-05,0.9994572192612841
8609450,K01278.03,4,CANDIDATE,0.896,9.220769099999998,11.264972,1.02,0.11,-0.1,0.010738,0.000475,-0.000721,1.162,0.067,-0.062,5600,1.3655669061792095,0.09923977091799562,-0.1171152265957407,1899,8609450,9.221,0.00024,0.9687094997738583,0.053853628330619185,0.998161449395993,0.00024,0.997921890648138
8609450,K01278.04,3,CANDIDATE,0.992,13.639664800000002,11.99926,1.1,0.11,-0.11,0.0115859999999999,0.000609,-0.000569,1.162,0.067,-0.062,5600,1.4734082859929396,0.11495889292115569,-0.10684783440842122,1900,8609450,13.64,0.00047,0.9687094997738583,0.0540873689209552,0.9981530132569156,0.00047,0.9976838813406849
8628758,K01279.01,1,CANDIDATE,1.0,14.37457572,42.90383,1.94,0.29,-0.24,0.016643,0.000446,-0.000215,1.065,0.048,-0.045,5768,1.9398344892870627,0.10171613558371877,-0.0857100379156087,1902,8628758,14.375,9e-08,0.9687094997738579,0.00364385649634849,0.9998818685296775,9e-08,0.9998817785403094
8628758,K01279.02,2,CANDIDATE,0.971,9.65188331,16.245525,1.08,0.16,-0.14,0.009238,0.000463,-0.000271,1.065,0.048,-0.045,5768,1.0767404321356655,0.07257633484474199,-0.05538595205138588,1938,8628758,9.652,7.7e-05,0.9687094997738583,0.03545830548747226,0.998812548394831,7.7e-05,0.9987356398286046
5021899,K00821.01,1,CANDIDATE,1.0,21.81295996,31.218940000000003,3.38,0.91,-0.49,0.0309519999999999,0.001019,-0.0008439999999999,0.848,0.072,-0.065,5601,2.8725528295997886,0.2615888864180391,-0.23370141587845733,931,5021899,21.813,0.00016,0.9687094997738583,0.011570199175706274,0.9996218936667899,0.00016,0.9994619541638031
7458762,K00887.01,1,CANDIDATE,1.0,7.41113177,42.620125,2.45,0.77,-0.25,0.0244379999999999,0.000303,-0.001726,1.104,0.09,-0.082,5849,2.952692286433414,0.24347669079544598,-0.30263443824224817,1284,7458762,7.411,0.00089,0.9687094997738581,0.0033466334712457147,0.9998915366635719,0.00089,0.9990016331959414
757450,K00889.01,1,CANDIDATE,0.999,8.884922995,474.02078,10.51,0.56,-0.57,0.114124,0.000396,-0.000266,0.962,0.047,-0.044,5332,12.015324732821545,0.5885059740547137,-0.550270580560343,1286,757450,8.885,0.0027,1.6093360652573894e-244,5.885819728086509e-20,0.0,0.0027,0.0
9766437,K00949.01,1,CANDIDATE,1.0,12.53248222,52.609734,3.24,0.94,-0.32,0.032795,0.002946,-0.00159,1.052,0.09,-0.081,5997,3.775781295305814,0.4683886279100736,-0.34355493101907547,945,9766437,12.532,1.5e-05,0.9687094995449114,0.0014880753747590209,0.9999518617137889,1.5e-05,0.9999368624358632
8742590,K01281.01,1,CANDIDATE,0.989,49.4781446,17.370657,1.88,0.52,-0.17,0.020297,0.001022,-0.000583,0.834,0.063,-0.057,5776,1.852598712968789,0.16818471660637413,-0.13734393012926213,1940,8742590,49.478,0.067,0.9687094997738583,0.05883190027567484,0.997980868402795,0.067,0.9311161502198078
5272878,K00826.01,1,CANDIDATE,1.0,6.365839713,58.17086,2.44,0.6,-0.21,0.026275,0.003895,-0.000741,0.943,0.076,-0.069,5776,2.7116764728322424,0.45754587654497375,-0.2126426869790724,936,5272878,6.366,0.00017,0.9687092317966657,0.0008207109870309385,0.9999734680230772,0.00017,0.9998034725335132
5358241,K00829.01,1,CANDIDATE,1.0,18.64932728,36.000114,3.12,0.47,-0.28,0.027096,0.000733,-0.000426,1.09,0.074,-0.068,5776,3.2323258633274605,0.23622195594785023,-0.20795453574801342,939,5358241,18.649,1.4e-05,0.9687094997738583,0.007206607602874158,0.999765528023246,1.4e-05,0.9997515313058537
5358241,K00829.02,3,CANDIDATE,0.998,9.75192101,24.258644,2.76,0.43,-0.24,0.0240419999999999,0.000898,-0.005325,1.09,0.074,-0.068,5776,2.8680092414422234,0.22223202980037998,-0.6599450383582502,962,5358241,9.752,7.8e-05,0.9687094997738583,0.0176842536687057,0.9994184934947226,7.8e-05,0.99934053885223
5358241,K00829.03,2,CANDIDATE,1.0,38.557654600000006,32.640865000000005,4.02,0.62,-0.36,0.03498,0.003036,-0.005546,1.09,0.074,-0.068,5776,4.172821032595016,0.45980567567476105,-0.7109648831614903,963,5358241,38.558,0.0038,0.9687094997738583,0.013273228272398194,0.9995654911773276,0.0038,0.9957671423108537
9820483,K00953.01,1,CANDIDATE,1.0,3.584101048,152.47115,4.66,1.34,-0.44,0.046303,0.0006889999999999,-0.000371,0.971,0.091,-0.082,5739,4.920529226041404,0.46691780153053625,-0.4174000123021828,1705,9820483,3.584,2.3e-06,8.462640866809143e-51,1.699551531174336e-07,0.0,2.3e-06,0.0
9823457,K00954.01,1,CANDIDATE,1.0,8.11528727,49.552048,3.1,0.9,-0.3,0.031988,0.0006519999999999,-0.005034,0.919,0.046,-0.044,5926,3.2172592216838662,0.17387778029722925,-0.5292182019656261,1706,9823457,8.115,0.0081,0.968709499771765,0.001822976031990094,0.9999410081063921,0.0081,0.9918414859407303
9823457,K00954.02,2,CANDIDATE,1.0,36.9250409,30.908642,3.01,0.88,-0.29,0.031099,7.900000000000001e-05,-0.003502,0.919,0.046,-0.044,5926,3.1278462090517247,0.15676397778392678,-0.3827352101967176,1707,9823457,36.925,0.00032,0.9687094997738583,0.015071583982665811,0.9995057198408602,0.00032,0.9991858780105112
5956342,K01052.01,1,CANDIDATE,1.0,17.02902786,24.106216,2.54,0.38,-0.41,0.0218389999999999,0.000718,-0.000538,0.973,0.059,-0.055,5839,2.3255680071576785,0.16040967197732628,-0.1433969989252475,1425,5956342,17.029,5.7e-05,0.9687094997738583,0.02007474542549379,0.9993382772842219,5.7e-05,0.9992813150024167
5956342,K01052.02,2,CANDIDATE,0.945,6.84619236,16.315655,1.67,0.25,-0.27,0.014341,0.000666,-0.000565,0.973,0.059,-0.055,5839,1.527129025626101,0.11663877015503525,-0.10522104765714663,1426,5956342,6.846,4.4e-05,0.9687094997738583,0.033762379774920435,0.9988713272094756,4.4e-05,0.9988273768710784
5956342,K01052.03,3,CANDIDATE,0.765,67.83216379999999,12.3348,2.39,0.35,-0.38,0.02055,0.001091,-0.0006349999999999,0.973,0.059,-0.055,5839,2.188306357758621,0.1763647484259472,-0.14097240732013266,1427,5956342,67.832,0.00062,0.9687094997738583,0.11553048136533209,0.9957807752528978,0.00062,0.9951633911722411
5956342,K01052.04,4,CANDIDATE,0.815,43.13121470000001,8.868775,2.39,0.35,-0.39,0.020505,0.005549,-0.001363,0.973,0.059,-0.055,5839,2.1835144460263023,0.6055480008775003,-0.19052567731641723,1428,5956342,43.131,0.026,0.9687094997738583,0.10741298176041697,0.9961129050092156,0.026,0.970213969478976
2849805,K01116.01,1,CANDIDATE,1.0,3.749105745,32.216377,1.68,0.26,-0.13,0.015686,0.000628,-0.003078,1.056,0.045,-0.043,5751,1.81284045607853,0.10599737719815401,-0.3633047649736157,1721,2849805,3.749,0.00031,0.9687094997738583,0.00797002241800897,0.9997404902410573,0.00031,0.9994305706890825
3962243,K01203.01,1,CANDIDATE,0.999,31.8841473,21.641197,3.7,0.6,-0.2,0.03477,1.3e-05,-0.007395,0.914,0.058,-0.053,5778,3.4780381553611877,0.22071084728178686,-0.7667215293479199,1480,3962243,31.884,0.017,0.9687094997738583,0.03130912805859304,0.9989559898693454,0.017,0.9819737380415665
3962243,K01203.02,2,CANDIDATE,0.985,14.12847677,18.86908,2.73,0.44,-0.15,0.0256579999999999,0.002889,-0.00293,0.914,0.058,-0.053,5778,2.566566091177941,0.33172105532196244,-0.3287092780312123,1481,3962243,14.128,0.0002,0.9687094997738583,0.030283888914903027,0.9989912443489228,0.0002,0.9987914461000531
3962243,K01203.03,3,CANDIDATE,0.829,48.64785429999999,10.06212,4.14,0.67,-0.23,0.038915,69.74292,-0.650998,0.914,0.058,-0.053,5778,3.892661915901082,6976.374373838318,-65.11962857358013,1482,3962243,48.648,0.97,0.9687094997738583,0.10562134952785657,0.9961853979677925,0.97,0.0298855619390338
10682541,K00751.01,1,CANDIDATE,1.0,4.99677968,24.283327,2.78,0.52,-0.23,0.030014,0.004603,-0.002436,0.847,0.072,-0.065,5339,2.7822153615970295,0.4878472778035444,-0.3107690857510752,1268,10682541,4.997,0.0022,0.9687094997738583,0.016382928073116806,0.999461997351018,0.0022,0.9972631809568459
10797460,K00752.01,1,CANDIDATE,1.0,9.48803557,28.47082,2.26,0.26,-0.15,0.022344,0.000832,-0.000528,0.949,0.053,-0.05,5465,2.3206550527309338,0.15577014008678497,-0.13400300714597996,1269,10797460,9.488,0.00068,0.9687094997738583,0.01215346673754162,0.9996025983701128,0.00068,0.9989228686032211
10797460,K00752.02,2,CANDIDATE,0.969,54.4183827,20.109507,2.83,0.32,-0.19,0.027954,0.009078,-0.001347,0.949,0.053,-0.05,5465,2.903311463660961,0.9566847943322199,-0.20729408352518328,1270,10797460,54.418,0.0058,0.9687094997738583,0.050300383468012015,0.9982891813315565,0.0058,0.9924991040798334
7849854,K00897.01,1,CANDIDATE,1.0,2.052349884,943.8128,13.12,2.01,-1.18,0.11123,0.000372,-0.000762,1.142,0.067,-0.062,5855,13.901814743581673,0.8169296985216289,-0.7607244945894965,640,7849854,2.052,0.0013,0.0,2.9102640736126715e-38,0.0,0.0013,0.0
11449844,K00125.01,1,CANDIDATE,0.92,38.47876629,1014.9963,13.26,1.78,-0.59,0.138123,9.7e-05,-7e-05,0.814,0.035,-0.033,5510,12.30478027866222,0.5291458830323017,-0.49888142010419995,192,11449844,38.479,0.00094,0.0,8.893559744333203e-41,0.0,0.00094,0.0
10879038,K01641.01,1,CANDIDATE,0.986,4.8538404,13.1556225,1.72,0.25,-0.1,0.016263,0.000166,-0.003677,0.916,0.053,-0.049,5774,1.6303452830984144,0.09578881727780189,-0.37879125027708593,2321,10879038,4.854,0.0014,0.9687094997738583,0.04295074396851483,0.9985503760747739,0.0014,0.9971524055482693
6869184,K01732.01,1,CANDIDATE,1.0,43.316742700000006,21.455402,2.42,0.53,-0.19,0.0286209999999999,0.001201,-0.000633,1.073,0.095,-0.086,5654,3.3609958891423237,0.3293020184852877,-0.27944868479198937,2020,6869184,43.317,5.4e-05,0.9687094997738583,0.03790286364581184,0.9987274582243875,5.4e-05,0.9986735269416434
8396405,K01733.01,1,CANDIDATE,0.938,19.18109525,14.985963,1.72,0.09,-0.1,0.026864,0.001238,-0.000951,1.134,0.102,-0.091,5214,3.334012233073244,0.3369532303351475,-0.29242091009446625,2021,8396405,19.181,0.0024,0.9687094997738583,0.04565652032582191,0.9984546849092466,0.0024,0.9960583936654644
4365645,K01738.01,1,CANDIDATE,0.999,4.16787814,27.731834000000003,1.07,0.1,-0.04,0.011622,0.000334,-0.0004269999999999,0.854,0.036,-0.034,5251,1.0862310111376792,0.055418166819596125,-0.05884649080233774,2025,4365645,4.168,0.026,0.9687094997738583,0.011933339202128315,0.999609883169439,0.026,0.9736200262070336
7870032,K01818.01,1,CANDIDATE,1.0,16.87725775,48.815918,2.54,0.29,-0.15,0.026718,0.004895,-0.00086,0.854,0.038,-0.036,5497,2.4971536874528057,0.4708030538137576,-0.13244516360846123,2419,7870032,16.877,3.4e-06,0.9687094997719846,0.0022374007325009883,0.9999275671618235,3.4e-06,0.9999241674080952
9597058,K01819.01,1,CANDIDATE,1.0,12.05705659,43.550297,1.96,0.19,-0.11,0.021488,0.000167,-0.001493,0.811,0.034,-0.032,5365,1.9072178608104708,0.08131963436266076,-0.15239196470658492,2420,9597058,12.057,0.0057,0.9687094997738575,0.00331570725319006,0.9998925423069747,0.0057,0.9941931548158248
8277797,K01820.01,1,CANDIDATE,1.0,4.33722007,50.629402,1.63,0.15,-0.11,0.017003,0.000553,-0.000265,0.812,0.034,-0.032,5390,1.5110020018248178,0.08011228083864634,-0.06403451311091715,2421,8277797,4.337,6e-06,0.9687094997675653,0.0015592857114593325,0.9999495545077379,6e-06,0.999943554810411
8277797,K01820.02,2,CANDIDATE,0.973,1.653889476,23.63809,0.97,0.09,-0.07,0.010095,0.000543,-0.000289,0.812,0.034,-0.032,5390,0.8971102281021898,0.061151831656785435,-0.04369786174720655,2422,8277797,1.654,0.00042,0.9687094997738583,0.016456339438165272,0.9994595462424638,0.00042,0.9990397732330419
8832512,K01821.01,1,CANDIDATE,1.0,9.97682072,50.714653000000006,2.85,0.73,-0.46,0.028075,0.0011279999999999,-0.000548,0.856,0.066,-0.06,5500,2.6301286087339544,0.22867182165736788,-0.19136946384381537,2423,8832512,9.977,2.9e-05,0.9687094997611446,0.0016924708421065502,0.9999452384419004,2.9e-05,0.9999162400299857
11074178,K01889.01,1,CANDIDATE,1.0,14.30517579,29.050053,3.05,0.85,-0.28,0.033025,0.000654,-0.005796,0.814,0.043,-0.04,5741,2.9420543189969792,0.16597736910758223,-0.536198501171658,2117,11074178,14.305,0.00013,0.9687094997738583,0.012454678373567098,0.9995926249485536,0.00013,0.9994626779073104
11074178,K01889.02,2,CANDIDATE,0.976,9.18189122,13.234464,2.17,0.61,-0.2,0.023538,0.002445,-0.006357,0.814,0.043,-0.04,5741,2.096898548389126,0.2443626335286302,-0.5756155270175198,2118,11074178,9.182,0.0061,0.9687094997738583,0.045554180810859296,0.9984583140708808,0.0061,0.9923677183550484
9030537,K01892.01,1,CANDIDATE,1.0,62.56138789999999,28.120026,3.54,0.93,-0.31,0.038618,0.0004059999999999,-0.0047,0.821,0.068,-0.061,5662,3.4698954622766167,0.2897029180518348,-0.49477983265353553,2122,9030537,62.561,0.029,0.9687094997738583,0.02865175114162532,0.9990472144628091,0.029,0.9700748452433876
6949061,K01960.02,2,CANDIDATE,0.992,23.2218115,13.971096,2.42,0.39,-0.44,0.016108,0.00059,-0.003029,1.233,0.059,-0.056,5808,2.173642681034483,0.13098409804277858,-0.4204918025132969,2519,6949061,23.222,0.0053,0.9687094997738583,0.05287852180232847,0.9981965979123395,0.0053,0.9929061559434041
6949061,K01960.01,1,CANDIDATE,1.0,8.96847034,32.74615,2.17,0.35,-0.39,0.014445,0.002407,-0.000509,1.233,0.059,-0.056,5808,1.9492344504310344,0.3379319198967199,-0.11204994743142149,2518,6949061,8.968,0.00013,0.9687094997738583,0.008256600643730844,0.9997310813590526,0.00013,0.999601116318476
7269493,K01961.01,1,CANDIDATE,1.0,1.907810683,39.49102,0.91,0.09,-0.04,0.010107,0.000124,-0.0004089999999999,1.149,0.05,-0.047,5435,1.2709420534073748,0.057462502597352735,-0.07312952863378869,2520,7269493,1.908,0.00038,0.9687094997738583,0.0040537617216589985,0.9998685255783039,0.00038,0.9994885755385841
7887791,K01964.01,1,CANDIDATE,1.0,2.229326354,35.477276,0.6,0.08,-0.03,0.006393,0.000223,-0.000245,1.025,0.045,-0.042,5587,0.7171533401239618,0.040212874755603506,-0.04023521463586703,2523,7887791,2.229,0.0021,0.9687094997738583,0.005824227635937513,0.9998107682033757,0.0021,0.9977111655901486
11657891,K01965.01,1,CANDIDATE,1.0,2.514628496,28.595043,1.27,0.31,-0.11,0.013835,0.000511,-0.000318,0.836,0.062,-0.057,5662,1.2658110908004025,0.10487395813706289,-0.09107753969345642,2524,11657891,2.515,0.00019,0.9687094997738583,0.010773111639859433,0.9996482256289398,0.00019,0.9994582924660703
8950568,K02038.01,1,CANDIDATE,1.0,8.30537702,21.758528,1.69,0.18,-0.13,0.017763,0.036224,-0.001801,0.868,0.04,-0.038,5435,1.687405641014347,3.4419966489307803,-0.18635424963964214,2359,8950568,8.305,1.0,0.9687094997738583,0.021523511582734255,0.9992894712078931,1.0,0.0
8950568,K02038.02,2,CANDIDATE,1.0,12.51353325,19.935074,1.88,0.19,-0.15,0.019678,0.004392,-0.000897,0.868,0.04,-0.038,5435,1.8693220854517993,0.4260206697397234,-0.1181446385927455,2360,8950568,12.514,1.0,0.9687094997738583,0.02693081960688454,0.9991060261801115,1.0,0.0
8950568,K02038.03,4,CANDIDATE,0.889,17.9134215,8.255046,1.39,0.15,-0.1,0.014619,0.003915,-0.002089,0.868,0.04,-0.038,5435,1.3887396873269569,0.3773736074359452,-0.20754999809507618,2262,8950568,17.913,0.00015,0.9687094997738583,0.07864968881134483,0.9972426546158845,0.00015,0.9970930682176921
8950568,K02038.04,3,CANDIDATE,0.998,25.2149143,8.677660000000001,1.19,0.13,-0.09,0.012512,0.001397,-0.000592,0.868,0.04,-0.038,5435,1.1885841006795874,0.14356791649256648,-0.07661761714643427,2263,8950568,25.215,0.0072,0.9687094997738583,0.08447379483382586,0.9970196300754539,0.0072,0.9898410887389106
8107225,K00235.01,1,CANDIDATE,1.0,5.63252508,62.67986,2.04,0.28,-0.16,0.023204,0.003018,-0.00058,0.894,0.067,-0.061,5216,2.2703030429146738,0.3407966203887739,-0.1649759212543697,67,8107225,5.633,4e-05,0.968581224856389,0.0005420132221966039,0.9999824086754143,4e-05,0.9999424093790673
8612275,K02111.01,1,CANDIDATE,1.0,3.289726319,19.873373,1.37,0.16,-0.08,0.013779,0.000598,-0.000342,0.918,0.043,-0.041,5468,1.3843434079096402,0.08839855127511044,-0.07073402967587461,3321,8612275,3.29,1.8e-06,0.9687094997738583,0.023473624229744767,0.999223547098158,1.8e-06,0.9992217484957732
8612275,K02111.02,2,CANDIDATE,1.0,7.18644594,18.709436,2.19,0.27,-0.13,0.02206,6e-06,-0.003742,0.918,0.043,-0.041,5468,2.2163158123584195,0.10381610732712121,-0.3887627522454274,3355,8612275,7.186,0.11,0.9687094997738583,0.027590074559944874,0.9990835211681497,0.11,0.8891843338396532
5706595,K02183.02,2,CANDIDATE,1.0,4.57948235,17.950302,1.35,0.18,-0.1,0.012971,0.000601,-0.000478,1.058,0.06,-0.056,5570,1.501905413509942,0.10998792469167237,-0.0968655567064571,3023,5706595,4.579,0.0002,0.9687094997738583,0.028307014509883627,0.9990590122987371,0.0002,0.9988592004962773
5706595,K02183.01,1,CANDIDATE,1.0,19.0231361,18.81096,2.04,0.27,-0.15,0.019553,0.0039049999999999,-0.001538,1.058,0.06,-0.056,5570,2.26403180559401,0.47003412464119043,-0.2146497126753635,3022,5706595,19.023,0.00094,0.9687094997738583,0.032814189339203485,0.9989041005460841,0.00094,0.9979651306915708
12256520,K02264.01,1,CANDIDATE,0.999,33.2407985,17.635292,1.51,0.16,-0.05,0.01668,0.00067,-0.000661,0.855,0.038,-0.036,5391,1.5607941070979108,0.09350141692411275,-0.09024650190955645,2763,12256520,33.241,0.0047,0.9687094997738583,0.045079437852387036,0.9984751392212488,0.0047,0.9937823060669089
12256520,K02264.02,2,CANDIDATE,0.983,7.25101997,9.212867,0.91,0.1,-0.03,0.010066,0.000593,-0.0006219999999999,0.855,0.038,-0.036,5391,0.941903685974075,0.06950864069406461,-0.07042974616728875,2764,12256520,7.251,0.0026,0.9687094997738583,0.06211704129620873,0.9978606538289957,0.0026,0.9952662161290402
9209624,K02443.01,1,CANDIDATE,0.996,6.79164656,15.718208,1.01,0.15,-0.14,0.009257,0.000486,-0.0003259999999999,1.142,0.051,-0.048,5772,1.156963940315882,0.07974424753409506,-0.06344190843433874,2865,9209624,6.792,4.8e-05,0.9687094997738583,0.03551559659343111,0.9988105591422121,4.8e-05,0.9987626162353732
9209624,K02443.02,2,CANDIDATE,0.991,11.8376933,11.67936,1.0,0.15,-0.15,0.009122,0.000283,-0.000658,1.142,0.051,-0.048,5772,1.1400912891391894,0.061994798641911306,-0.09518132231212481,2866,9209624,11.838,0.0019,0.9687094997738583,0.05408511794666471,0.9981530945187084,0.0019,0.9962566036391228
3354846,K02444.01,1,CANDIDATE,0.995,18.5525162,17.103079,2.53,0.65,-0.21,0.027989,0.0076319999999999,-0.002961,0.806,0.068,-0.062,5569,2.468913529417317,0.7047069195826388,-0.32293742062655156,2867,3354846,18.553,0.0066,0.9687094997738583,0.03773795830648121,0.9987332118472091,0.0066,0.9921415726490175
9153570,K02625.01,1,CANDIDATE,0.95,3.81371423,11.01746,1.37,0.32,-0.12,0.015334,0.000833,-0.001101,0.84,0.077,-0.069,5547,1.4096724125346085,0.1502068293513574,-0.1537956157877891,3056,9153570,3.814,0.00029,0.9687094997738583,0.050703847560557694,0.9982747257405057,0.00029,0.9979852260700409
11337372,K01650.01,1,CANDIDATE,1.0,6.53194024,32.68434,3.09,0.3,-0.4,0.0289649999999999,0.00113,-0.003692,0.954,0.049,-0.046,5301,3.024164167033717,0.19505526730291214,-0.4121315101307819,2364,11337372,6.532,1.2e-05,0.9687094997738583,0.007989016174773197,0.9997398668098436,1.2e-05,0.9997278699314419
11337372,K01650.02,2,CANDIDATE,1.0,100.8276725,30.88894,4.35,0.43,-0.57,0.040808,0.0057079999999999,-0.002786,0.954,0.049,-0.046,5301,4.260662569594764,0.6348674691806261,-0.35611335161316277,2365,11337372,100.828,0.00058,0.9687094997738583,0.040564505814741865,0.998634318722114,0.00058,0.9980551108172551
8197343,K01746.01,1,CANDIDATE,0.998,11.79161234,16.844379999999997,2.41,0.38,-0.42,0.018403,0.00085,-0.000552,1.18,0.061,-0.057,5620,2.376589035049081,0.16475277024101612,-0.13513344199325983,2064,8197343,11.792,0.0011,0.9687094997738583,0.034797858886138934,0.9988354632636081,0.0011,0.9977367442540181
7032421,K01747.01,1,CANDIDATE,1.0,20.55848388,17.007568,36.9,4.89,-2.09,0.361005,70.52246,-3.734483,0.998,0.047,-0.045,5571,39.430039665083065,7702.673026364885,-407.89521368602516,2065,7032421,20.558,1.0,0.9687094997738583,0.0392301354859705,0.9986810771789849,1.0,0.0
5124667,K01822.01,1,CANDIDATE,1.0,150.8783198,51.390972,4.37,0.65,-1.53,0.02302,0.0006519999999999,-0.000268,1.053,0.046,-0.043,5501,2.652877193241882,0.13811678226022384,-0.11264868616603756,2424,5124667,150.878,0.00048,0.968637041620379,0.01478087702829784,0.9995142382439944,0.00048,0.9990344714096373
5375194,K01825.01,1,CANDIDATE,1.0,13.52252364,44.9959,2.11,0.2,-0.1,0.02369,0.0010019999999999,-0.000898,0.809,0.035,-0.033,5338,2.097476182513214,0.12690496052338104,-0.11679761117635078,2462,5375194,13.523,0.00027,0.9687094997738517,0.0029831569694217307,0.9999033520696918,0.00027,0.999633378164633
7132798,K00220.02,2,CANDIDATE,1.0,4.12511935,16.764023,0.88,0.19,-0.08,0.00976,0.0003509999999999,-0.000407,1.001,0.076,-0.069,5598,1.0692206821042032,0.08982606204182995,-0.08613998187106656,611,7132798,4.125,4.8e-05,0.9687094997738583,0.031151339482418168,0.9989614205386055,4.8e-05,0.9989134703904196
7132798,K00220.01,1,CANDIDATE,1.0,2.422084188,399.3786,3.55,0.75,-0.32,0.039181,0.000376,-0.000179,1.001,0.076,-0.069,5598,4.292329461631637,0.3284840369902039,-0.2965239808930667,610,7132798,2.422,6.7e-05,2.57842882128094e-199,4.2281013294302205e-17,0.0,6.7e-05,0.0
9244756,K01969.01,1,CANDIDATE,1.0,16.34355902,27.110012,3.26,0.5,-0.29,0.02826,0.004091,-0.00215,0.955,0.051,-0.048,5727,2.9536496838031714,0.4557453446661035,-0.26932201487472374,2561,9244756,16.344,0.022,0.9687094997738583,0.01525738823042914,0.9994995318852837,0.022,0.9775105421838075
9650808,K01970.01,1,CANDIDATE,1.0,21.96401646,23.871181,2.57,0.72,-0.31,0.0246,0.0002279999999999,-0.0012029999999999,0.88,0.05,-0.047,5774,2.369197331990939,0.13639267663967536,-0.17156619870168147,2562,9650808,21.964,0.0014,0.9687094997738583,0.022125834601088933,0.9992691375720882,0.0014,0.9978701607794873
9650808,K01970.02,2,CANDIDATE,0.899,125.602323,19.515469,2.89,0.81,-0.35,0.0276459999999999,0.001152,-0.0007559999999999,0.88,0.05,-0.047,5774,2.6625540422854166,0.18760462527486146,-0.15976033894978045,2563,9650808,125.602,0.00073,0.9687094997738583,0.14650224301125586,0.9944555197962119,0.00073,0.9937295672667606
10480915,K02040.01,1,CANDIDATE,1.0,19.58561177,22.337149,3.09,0.41,-0.34,0.028415,0.001542,-0.007209,1.016,0.045,-0.043,5618,3.1595470280644347,0.22131814288590654,-0.8126669243241837,2266,10480915,19.586,0.44,0.9687094997738583,0.024377987763137283,0.9991928853846859,0.44,0.5595480158154241
3448130,K02043.01,1,CANDIDATE,0.983,78.54611059999999,23.548868,3.55,0.58,-0.64,0.023284,0.000745,-0.0004179999999999,1.176,0.056,-0.053,5814,2.9967351920463123,0.17192308784033913,-0.1453774916596091,2269,3448130,78.546,0.0015,0.9687094997738583,0.05404584028984883,0.9981545124081516,0.0015,0.9966572806395394
9532052,K02115.01,1,CANDIDATE,0.999,15.72585941,29.69453,2.69,0.25,-0.11,0.032661,0.001103,-0.00067,0.819,0.066,-0.06,5332,2.9274995369210925,0.255793912384459,-0.22271813094696036,3360,9532052,15.726,0.00017,0.9687094997738583,0.012031064416328853,0.9996066494968645,0.00017,0.99943671636645
8164012,K02116.01,1,CANDIDATE,1.0,1.2527538809999998,25.040089,2.44,0.37,-0.56,0.0131069999999999,0.000152,-0.000478,1.119,0.054,-0.051,5911,1.6051545035395045,0.07966582644090861,-0.09369485559440306,3361,8164012,1.253,4.4e-07,0.9687094997738583,0.014455377809781157,0.9995262250419205,4.4e-07,0.9995257852503815
7987866,K02363.01,1,CANDIDATE,0.999,3.13877646,18.053844,0.97,0.13,-0.11,0.012262,0.000227,-0.000775,0.821,0.061,-0.056,5242,1.1017623429083816,0.08436325648778231,-0.10245326360741293,3167,7987866,3.139,0.059,0.9687094997738583,0.027436972034599424,0.9990887503550274,0.059,0.9401425140840809
6516185,K02445.01,1,CANDIDATE,0.989,47.3659328,13.911759,11.97,3.3,-1.42,0.1215059999999999,72.29213,-6.679799000000001,0.978,0.088,-0.08,5708,13.005289810533592,7737.725811257002,-714.9673105663951,2868,6516185,47.366,1.0,0.9687094997738583,0.07598724669919045,0.9973436720583588,1.0,0.0
12208631,K02449.01,1,CANDIDATE,1.0,53.3580444,16.338236,3.41,0.45,-0.41,0.030108,0.00032,-0.005825,0.807,0.041,-0.039,5481,2.6591258855398943,0.13802264472671674,-0.5302687766621831,2905,12208631,53.358,0.0014,0.9687094997738583,0.06791435173481586,0.9976464431891587,0.0014,0.996249738168694
12208631,K02449.02,2,CANDIDATE,1.0,0.912351255,7.7193766,1.46,0.19,-0.18,0.012879,0.002496,-0.003356,0.807,0.041,-0.039,5481,1.137467858372137,0.22789455321594584,-0.30145484533745687,2906,12208631,0.912,0.13,0.9687094997738583,0.06404426517419967,0.9977897373506561,0.13,0.8680770714950709
8676148,K02544.01,1,CANDIDATE,1.0,28.6253502,14.582435999999998,2.38,0.71,-0.22,0.023158,0.001132,-0.000888,0.719,0.065,-0.059,5774,1.822272812012333,0.18727941897408346,-0.16505349944840855,3304,8676148,28.625,0.00033,0.9687094997738583,0.054459056647249794,0.9981395897557883,0.00033,0.9978102036911689
4650674,K01341.01,1,CANDIDATE,1.0,4.51436096,24.762657,1.84,0.31,-0.24,0.013852,0.000469,-0.000377,1.11,0.06,-0.056,5940,1.682747357790083,0.10732973640118405,-0.09646082941503634,1580,4650674,4.514,2.5e-05,0.9687094997738583,0.015588659390219452,0.999488493558774,2.5e-05,0.999463506346435
11177707,K01423.01,1,CANDIDATE,1.0,124.4197175,40.269047,10.3,1.77,-5.3,0.056842,0.002006,-0.000971,0.813,0.048,-0.045,5032,5.0575868758180205,0.3478808223692611,-0.2929689214696949,1913,11177707,124.42,0.036,0.9687094997729128,0.025927326025561758,0.999140224003751,0.036,0.963171175939616
11254382,K01425.01,1,CANDIDATE,1.0,2.05388477,40.152252,2.74,0.42,-0.46,0.021331,0.000554,-0.000556,0.983,0.063,-0.058,5626,2.294817690677699,0.1586910874334219,-0.14802486042331756,1915,11254382,2.054,0.00057,0.9687094997738583,0.003830663491932497,0.9998757890794019,0.00057,0.9993058598796267
11122894,K01426.01,3,CANDIDATE,1.0,38.86848956,55.260147,2.81,0.31,-0.25,0.0287259999999999,0.000605,-0.000261,0.888,0.04,-0.038,5618,2.7917181980870778,0.1388195542659762,-0.12212852052292948,1949,11122894,38.868,9.1e-05,0.9687093613501453,0.001784295637489171,0.9999422617859529,9.1e-05,0.9998512670401304
11122894,K01426.02,1,CANDIDATE,0.907,74.92768653,135.41301,6.39,0.7,-0.58,0.06521,0.000667,-0.001362,0.888,0.04,-0.038,5618,6.3373927347092875,0.2927352865882293,-0.30177327002792714,1950,11122894,74.928,0.31,9.484398968195655e-44,2.433961041945015e-06,0.0,0.31,0.0
11122894,K01426.03,2,CANDIDATE,0.999,150.01895109999998,92.3644,32.6,3.6,-2.94,0.332851,66.94402,-0.154799,0.888,0.04,-0.038,5618,32.34791457047571,6505.912538272464,-15.107594293018709,1951,11122894,150.019,0.99,3.1373642496592825e-21,0.00037856893822899593,0.0,0.99,0.0
9813499,K01505.01,1,CANDIDATE,1.0,5.03257009,23.779182,2.53,0.82,-0.21,0.025553,0.00163,-0.006439,1.101,0.113,-0.1,5970,3.0790211320318397,0.37207478615484285,-0.8247319784077145,1600,9813499,5.033,0.0028,0.9687094997738583,0.017134541448883534,0.9994368846563081,0.0028,0.9966384613792704
12254792,K01506.01,1,CANDIDATE,1.0,40.4286676,31.592804,2.92,0.79,-0.26,0.032104,0.001088,-0.004091,0.92,0.072,-0.065,5813,3.2324396828593,0.2756739744698831,-0.4709835843169794,1601,12254792,40.429,0.00047,0.9687094997738583,0.014990587990359634,0.999508416570634,0.00047,0.9990386476148458
5299459,K01576.01,1,CANDIDATE,1.0,10.41572666,57.242867,3.01,0.39,-0.26,0.0278899999999999,0.002401,-0.001684,0.931,0.04,-0.038,5511,2.841722401680081,0.2734134486481835,-0.2071092185933201,2671,5299459,10.416,0.00054,0.968709387004135,0.0009510028748735752,0.9999692520897532,0.00054,0.9994292686936247
5299459,K01576.02,2,CANDIDATE,1.0,13.08424286,43.509666,2.71,0.35,-0.23,0.025138,0.002505,-0.001795,0.931,0.04,-0.038,5511,2.5613201051787065,0.2779482213506538,-0.21066396921969693,2005,5299459,13.084,0.0056,0.9687094997738575,0.0033823772858254603,0.9998903742862038,0.0056,0.994290988190201
11547505,K01655.01,1,CANDIDATE,1.0,0.938466959,41.280567,1.58,0.24,-0.24,0.013337,0.000445,-0.000221,0.918,0.04,-0.037,5505,1.3399367175622956,0.07353656741793521,-0.05839224508989065,2370,11547505,0.938,0.00011,0.9687094997738583,0.003403419328885014,0.9998896899667328,0.00011,0.9997797021008363
6209677,K01750.01,1,CANDIDATE,0.999,7.76845639,20.465412,1.35,0.15,-0.1,0.0134569999999999,0.000459,-0.000586,0.945,0.045,-0.043,5447,1.3917573276648523,0.08152150299410729,-0.08765590424746714,2068,6209677,7.768,0.0012,0.9687094997738583,0.02389550221110436,0.999209250736875,0.0012,0.9980101996359908
6209677,K01750.02,2,CANDIDATE,0.999,2.53742164,10.3343725,0.93,0.1,-0.06,0.009301,0.000567,-0.000516,0.945,0.045,-0.043,5447,0.9619331875314623,0.07441061522209504,-0.06902022287697797,2069,6209677,2.537,0.093,0.9687094997738583,0.052695911307590756,0.9982031722133271,0.093,0.9053702771974877
6468138,K01826.01,1,CANDIDATE,0.987,134.2520474,52.910034,3.43,0.54,-0.53,0.026201,0.000658,-0.000263,1.102,0.048,-0.045,5818,3.1599696925182483,0.1588782077025933,-0.13287820034912193,2463,6468138,134.252,0.0019,0.9686035856488256,0.00995563626436277,0.9996740519817557,0.0019,0.9977746712829904
7668663,K01898.01,1,CANDIDATE,1.0,6.498014700000001,33.229843,1.87,0.27,-0.28,0.015491,1.8e-05,-0.002648,1.181,0.05,-0.047,5727,2.0022246656651146,0.08480011106234601,-0.35140937482206974,2164,7668663,6.498,0.00025,0.9687094997738583,0.007607443244128811,0.9997523865848978,0.00025,0.9995024484882516
3937519,K00221.01,1,CANDIDATE,1.0,3.4130363530000003,455.0805,6.62,1.37,-1.12,0.055812,0.000216,-8.9e-05,0.867,0.039,-0.037,5398,5.295782482192298,0.23909863542479895,-0.2261599727383384,612,3937519,3.413,2.2e-05,7.077844580152229e-233,2.9384348617462593e-19,0.0,2.2e-05,0.0
3937519,K00221.02,2,CANDIDATE,1.0,5.89661966,12.109904,1.28,0.26,-0.22,0.0107599999999999,0.000616,-0.000459,0.867,0.039,-0.037,5398,1.0209743336269725,0.07433435908472799,-0.06160576598276117,613,3937519,5.897,0.0017,0.9687094997738583,0.04769486485561617,0.9983822386938618,0.0017,0.9966849888880822
8543100,K01975.01,1,CANDIDATE,0.998,7.56052209,29.601961,2.4,0.73,-0.24,0.02342,0.00072,-0.0004799999999999,0.925,0.097,-0.086,5895,2.370893680782784,0.25908747280826494,-0.22572142010683355,2569,8543100,7.561,5.2e-06,0.9687094997738583,0.010669038544815334,0.9996516605748643,5.2e-06,0.9996464623862293
9656252,K02044.01,1,CANDIDATE,1.0,16.92342126,32.034893,3.4,0.5,-0.22,0.031414,0.006162,-0.000936,1.012,0.073,-0.067,5794,3.479262590863327,0.7271574695488305,-0.2525990742246816,2270,9656252,16.923,2.9e-05,0.9687094997738583,0.009967881375603928,0.9996747835355839,2.9e-05,0.9996457929668614
4262581,K02122.01,1,CANDIDATE,1.0,37.6468519,24.910862,5.37,0.81,-1.9,0.018542,0.000744,-0.000522,0.939,0.043,-0.041,5443,1.9054853962056377,0.11601668901430326,-0.09899452224903715,2706,4262581,37.647,0.0011,0.9687094997738583,0.025769492860097443,0.9991455963516807,0.0011,0.9980465361956938
3661886,K02279.01,1,CANDIDATE,1.0,27.0142622,18.630243,2.0,0.31,-0.28,0.015459,0.00058,-0.000433,1.194,0.054,-0.051,5949,2.02008284076894,0.11870540415452603,-0.1031822464107632,2812,3661886,27.014,0.00075,0.9687094997738583,0.03766466249876255,0.9987357685385131,0.00075,0.9979867167121091
3661886,K02279.02,2,CANDIDATE,0.998,12.50945798,12.33673,1.54,0.24,-0.21,0.011945,2e-06,-0.001048,1.194,0.054,-0.051,5949,1.5608958880254216,0.07059376513995544,-0.15231303971041657,2813,3661886,12.509,0.0056,0.9687094997738583,0.05168548163721812,0.9982395037047714,0.0056,0.9926493624840247
10863608,K02368.01,1,CANDIDATE,0.999,8.07127043,15.912708,1.53,0.42,-0.14,0.016427,0.000666,-0.000815,0.932,0.084,-0.076,5766,1.6755508990057892,0.1655909584935145,-0.1599347438893543,3206,10863608,8.071,0.00082,0.9687094997738583,0.03561664336670061,0.9988070500362599,0.00082,0.9979880282552301
7289317,K02450.01,1,CANDIDATE,0.968,16.83203175,18.114197,1.86,0.25,-0.18,0.016896,0.005297,-0.00061,0.828,0.039,-0.037,5519,1.531079329473949,0.48538995430056686,-0.08795754527614076,2907,7289317,16.832,0.00013,0.9687094997738583,0.03369537479698005,0.9988736452873138,0.00013,0.9987437917134265
7289317,K02450.02,2,CANDIDATE,0.982,7.1931193,9.669552,1.12,0.15,-0.11,0.010194,0.000638,-0.000657,0.828,0.039,-0.037,5519,0.923758444877926,0.07235767079491959,-0.07244645028395735,2908,7289317,7.193,0.00081,0.9687094997738583,0.059739174884148205,0.9979477520757235,0.00081,0.9971394143965422
11622985,K02550.01,1,CANDIDATE,1.0,18.0243482,14.808048,1.98,0.61,-0.2,0.019931,0.000266,-0.001448,0.914,0.08,-0.072,5955,1.9936950956141455,0.17651976743271533,-0.21364707225266205,3310,11622985,18.024,0.011,0.9687094997738583,0.045548840165419054,0.9984585034393655,0.011,0.9874754599015324
7303287,K01353.01,1,CANDIDATE,1.0,125.86540191,167.6314,12.37,1.94,-1.57,0.101632,0.000117,-0.000187,1.01,0.045,-0.043,5933,11.234022813994462,0.5006928212473117,-0.47872663436486323,1625,7303287,125.865,0.16,1.974410888197555e-65,3.062886301036681e-07,0.0,0.16,0.0
7303287,K01353.02,2,CANDIDATE,1.0,34.5439452,18.697369,2.67,0.42,-0.34,0.021969,0.003692,-0.0031079999999999,1.01,0.045,-0.043,5933,2.4283714499433677,0.4221986046263135,-0.35876601677771636,1626,7303287,34.544,0.023,0.9687094997738583,0.04199786761705313,0.9985839463367425,0.023,0.9756165155709974
7303287,K01353.03,3,CANDIDATE,0.343,330.071558,8.542428,2.94,0.46,-0.38,0.024125,0.009852,-0.001664,1.01,0.045,-0.043,5933,2.6666876612446515,1.0954655967979239,-0.21614968291947176,1627,7303287,330.072,0.66,0.9687094997738583,0.8572999901585945,0.805943692662832,0.66,0.2740208555053628
11030711,K01429.01,1,CANDIDATE,0.997,205.912735,45.572163,4.68,0.68,-0.32,0.044194,0.001142,-0.000763,1.151,0.076,-0.071,5644,5.567011143311099,0.39473356863525566,-0.35660053191369373,1955,11030711,205.913,0.00013,0.9687026031309056,0.05695217219953013,0.9980488335298584,0.00013,0.9979190871814996
7901948,K01511.01,1,CANDIDATE,1.0,2.578852119,32.878040000000006,1.63,0.47,-0.14,0.017525,0.002717,-0.0008539999999999,0.861,0.069,-0.062,5743,1.6513709244431158,0.2882026736419124,-0.1435837201103128,1639,7901948,2.579,6.5e-05,0.9687094997738583,0.007377984958697273,0.9997599106975652,6.5e-05,0.9996949263033699
4918309,K01582.01,1,CANDIDATE,1.0,186.4361811,59.845184,11.32,1.8,-3.35,0.075675,0.006964,-0.00613,1.11,0.063,-0.059,5406,9.193033951831111,0.9939514865709072,-0.8906789656276348,2012,4918309,186.436,0.9,0.0026413793590248677,0.012247584974004059,0.0,0.9,0.0
11502867,K00195.01,1,CANDIDATE,1.0,3.217518511,1264.7878,11.38,1.51,-0.93,0.115425,0.000279,-0.000341,0.905,0.042,-0.04,5720,11.432255397763026,0.5312768526663253,-0.5064205528412342,501,11502867,3.218,0.00024,0.0,9.934805704208368e-51,0.0,0.00024,0.0
6705142,K01758.01,1,CANDIDATE,1.0,5.59728249,33.809470000000005,3.28,0.69,-0.3,0.034955,0.000347,-0.001703,0.926,0.092,-0.082,5610,3.5424501606154037,0.3537021891747035,-0.3580370360768895,2110,6705142,5.597,0.0057,0.9687094997738583,0.007123874398781825,0.9997682391189289,0.0057,0.9940695601559509
11601584,K01831.01,1,CANDIDATE,1.0,51.8098276,46.575012,2.6,0.19,-0.16,0.028842,0.010862,-0.005247,0.843,0.036,-0.035,5191,2.6609480924679088,1.0085447155975025,-0.4965322161793766,2469,11601584,51.81,0.14,0.9687094997707081,0.0047538463468088064,0.9998457114917834,0.14,0.8598673118829336
11601584,K01831.02,2,CANDIDATE,0.95,4.38536428,21.772156,1.15,0.09,-0.07,0.012779,0.000394,-0.000491,0.843,0.036,-0.035,5191,1.1789839703781777,0.06209885591553683,-0.06669401091850359,2470,11601584,4.385,1.5e-05,0.9687094997738583,0.020226428975428104,0.9993331741292081,1.5e-05,0.9993181841315961
11601584,K01831.03,4,CANDIDATE,0.85,34.205785079,10.421222,1.1,0.09,-0.06,0.012235,0.0,0.0,0.843,0.036,-0.035,5191,1.1287948100459348,0.04820476057135665,-0.04686573944437453,2504,11601584,34.206,0.0015,0.9687094997738583,0.08348344282413853,0.997057753985825,0.0015,0.9955621673548463
11601584,K01831.04,3,CANDIDATE,0.98,13.97945055,11.698665,1.97,0.15,-0.12,0.021836,0.000544,-0.004698,0.843,0.036,-0.035,5191,2.0145781342184748,0.09960132295700845,-0.44143169940598903,2505,11601584,13.979,0.14,0.9687094997738583,0.05575603543764062,0.9980926665943802,0.14,0.858359693271167
11709244,K01832.01,1,CANDIDATE,1.0,4.544436472,45.03802,3.0,0.34,-0.25,0.029367,0.0032909999999999,-0.002376,0.823,0.039,-0.037,5446,2.645104741961364,0.3218349207224016,-0.2448278394115569,2506,11709244,4.544,0.0034,0.9687094997738556,0.002577441872712159,0.9999165303406923,0.0034,0.996516814137534
11709244,K01832.02,2,CANDIDATE,0.974,12.76220558,19.995342,3.18,0.35,-0.27,0.03105,0.000725,-0.007999,0.823,0.039,-0.037,5446,2.796693643814498,0.14774330375703393,-0.7313637968827155,2507,11709244,12.762,0.13,0.9687094997738583,0.026893283644057568,0.999107306629214,0.13,0.8692233567674161
11709244,K01832.03,3,CANDIDATE,0.999,38.7149617,18.331856,2.62,0.3,-0.21,0.025654,0.007245,-0.002014,0.823,0.039,-0.037,5446,2.310672423137427,0.6616846778228408,-0.20904128277171674,2508,11709244,38.715,0.015,0.9687094997738583,0.046153333988417825,0.9984370558474039,0.015,0.9834605000096929
11773328,K01906.01,1,CANDIDATE,1.0,8.710442022,34.502525,3.61,0.76,-0.3,0.0408959999999999,0.002797,-0.008726,0.996,0.08,-0.073,5416,4.457831269066185,0.4702771316334693,-1.0057213112154477,2210,11773328,8.71,0.64,0.9687094997738583,0.007036148320707363,0.9997711133332893,0.64,0.35991760079998414
11769890,K01980.01,1,CANDIDATE,1.0,122.8799543,28.170069,2.7,0.28,-0.16,0.0287389999999999,0.0004849999999999,-0.004181,0.865,0.037,-0.035,5413,2.720640855383202,0.1251040381692485,-0.41082710663914135,2611,11769890,122.88,0.00028,0.9687094997738583,0.07095544073129523,0.997533005933352,0.00028,0.9972536966916907
10153855,K01981.01,1,CANDIDATE,1.0,1.06378861,22.85753,1.61,0.41,-0.25,0.0147319999999999,0.0004769999999999,-0.000852,0.76,0.057,-0.051,5265,1.2253460583941522,0.10009935117697381,-0.10855076165707692,2612,10153855,1.064,0.0045,0.9687094997738583,0.017462640221374528,0.9994259102658635,0.0045,0.9949284936696672
8956206,K02048.01,1,CANDIDATE,1.0,6.17998508,25.766874,2.12,0.14,-0.11,0.024584,0.001065,-0.000645,0.903,0.064,-0.059,5149,2.4295383190284423,0.2018117737886416,-0.17106056896522176,2174,8956206,6.18,2.2e-05,0.9687094997738583,0.014646709066327916,0.9995198609476063,2.2e-05,0.9994978715106655
7265298,K02051.01,1,CANDIDATE,0.862,25.762684600000004,33.93693,2.66,0.43,-0.27,0.022795,0.000463,-0.000707,1.212,0.069,-0.065,5738,3.0236092968160078,0.18276360652307697,-0.18732184821153733,2178,7265298,25.763,4.4e-05,0.9687094997738583,0.009680514217684424,0.9996842509518233,4.4e-05,0.9996402648447814
7265298,K02051.02,2,CANDIDATE,0.995,11.0317836,13.435833,1.45,0.24,-0.14,0.012457,0.000281,-0.001042,1.212,0.069,-0.065,5738,1.6523404698590483,0.1011840883891104,-0.16418280201189478,2179,7265298,11.032,0.001,0.9687094997738583,0.046051033202323954,0.9984406874156516,0.001,0.997442246728236
8041216,K00237.01,1,CANDIDATE,1.0,8.508333104,76.45331,2.6,0.37,-0.28,0.023076,0.000538,-0.000256,1.133,0.051,-0.049,5767,2.8613691850616663,0.1450504411683869,-0.12775501095716163,69,8041216,8.508,1.2e-05,2.798140232684629e-05,0.00016548138836612394,0.0,1.2e-05,0.0
10909127,K02200.01,1,CANDIDATE,1.0,3.17059731,16.098914999999998,1.69,0.18,-0.06,0.0183979999999999,0.00263,-0.002133,0.734,0.039,-0.037,5441,1.477917290523526,0.22539069496646244,-0.18684004609440974,3146,10909127,3.171,0.001,0.9687094997738583,0.032513705912909176,0.9989144730768647,0.001,0.9979155586037878
2439243,K02280.01,1,CANDIDATE,1.0,26.0203329,22.805443,4.53,0.71,-0.87,0.033353,0.005946,-0.002514,0.91,0.06,-0.056,5624,3.3216949897747297,0.6313773450169746,-0.3232207656243465,2814,2439243,26.02,0.00021,0.9687094997738583,0.025855269710826564,0.9991426768829097,0.00021,0.9989328569207643
9364290,K02374.01,1,CANDIDATE,0.994,5.26211833,17.530895,1.95,0.31,-0.41,0.013665,0.002076,-0.0011099999999999,1.166,0.057,-0.054,5576,1.7437797984835137,0.2782939841842336,-0.16305074281017506,3246,9364290,5.262,0.00014,0.9687094997738583,0.029665513028320756,0.9990124721698406,0.00014,0.9988726104237368
9364290,K02374.02,2,CANDIDATE,0.998,12.1628195,13.138888,3.14,0.5,-0.66,0.02198,0.0007059999999999,-0.006353,1.166,0.057,-0.054,5576,2.8048503454568334,0.16406461803478467,-0.8210421752064762,3247,9364290,12.163,0.23,0.9687094997738583,0.04804074204399318,0.9983699148445532,0.23,0.768744834430306
7604328,K02458.01,2,CANDIDATE,0.998,4.35407371,14.586295000000002,1.63,0.39,-0.25,0.016467,0.0028309999999999,-0.001393,0.76,0.059,-0.054,5455,1.3696560917442737,0.2583645198768597,-0.1513115114071371,2949,7604328,4.354,2.6e-05,0.9687094997738583,0.0377129393989108,0.9987340845960674,2.6e-05,0.9987081175098679
7604328,K02458.02,1,CANDIDATE,1.0,2.9365879460000004,17.808668,1.77,0.41,-0.28,0.017796,0.002094,-0.002652,0.76,0.059,-0.054,5455,1.480196745532343,0.20866133226541375,-0.24437195684981897,2950,7604328,2.937,0.0003,0.9687094997738583,0.02793984184206796,0.9990715687548101,0.0003,0.9987718472841837
7375348,K00266.01,1,CANDIDATE,1.0,25.30893566,41.147057,1.77,0.29,-0.28,0.01257,0.001403,-0.00116,1.209,0.051,-0.048,5949,1.6632021364523029,0.19845393469862582,-0.1670873338436993,253,7375348,25.309,7.4e-06,0.9687094997738581,0.005066715858220548,0.9998355054410475,7.4e-06,0.9998281066583072
7375348,K00266.02,2,CANDIDATE,1.0,47.7439509,14.065318,1.74,0.28,-0.28,0.0123489999999999,0.000572,-0.003625,1.209,0.051,-0.048,5949,1.6339604759784667,0.10236678042725612,-0.4840097153829831,254,7375348,47.744,0.049,0.9687094997738583,0.07545014703748666,0.9973639799822388,0.049,0.9484931449631091
3102384,K00273.01,1,CANDIDATE,1.0,10.573751447,77.65751,2.07,0.05,-0.07,0.017524,1.7e-05,-0.001673,1.076,0.045,-0.043,5720,2.063616403976844,0.08632687517754235,-0.2135755339378844,297,3102384,10.574,0.042,4.258201181671873e-06,0.00015354150777213568,0.0,0.042,0.0
5374403,K02556.01,1,CANDIDATE,0.983,40.8366307,15.720275,1.5,0.18,-0.13,0.014897,0.000551,-0.00072,0.866,0.038,-0.036,5529,1.4118877346149006,0.08102695173091365,-0.09000794717514213,3350,5374403,40.837,0.0025,0.9687094997738583,0.05939587837042391,0.997960290215897,0.0025,0.9954653894903573
6719086,K01357.01,1,CANDIDATE,1.0,3.014330766,46.91396,2.87,0.6,-0.35,0.027625,0.000991,-0.0004349999999999,0.805,0.066,-0.06,5209,2.4337817081707778,0.21780451890625133,-0.1854039640602786,1630,6719086,3.014,0.026,0.9687094997738265,0.0021277385729822486,0.9999311248966156,0.026,0.9739329156493036
11075279,K01431.01,1,CANDIDATE,0.998,345.1589354,180.64433,7.79,1.13,-0.36,0.076581,0.000469,-0.000614,0.954,0.041,-0.039,5597,7.99563321510823,0.3470992282692274,-0.3330925830528474,1959,11075279,345.159,0.73,3.8385543729170625e-83,3.1316309313854062e-06,0.0,0.73,0.0
11014932,K01432.01,1,CANDIDATE,1.0,6.88595222,28.989138,2.68,0.39,-0.31,0.024611,0.000385,-0.005234,0.999,0.053,-0.049,5616,2.6907800823212935,0.14883061377270018,-0.5872683396899431,1960,11014932,6.886,3.6e-05,0.9687094997738583,0.011144358753410643,0.9996359666803123,3.6e-05,0.9995999797855117
11014932,K01432.02,2,CANDIDATE,0.997,15.0549356,14.513995,1.6,0.22,-0.19,0.0146449999999999,0.000705,-0.000531,0.999,0.053,-0.049,5616,1.6011732276459743,0.11470501844160001,-0.09766447487064166,1321,11014932,15.055,0.00012,0.9687094997738583,0.04465091009516983,0.9984903121202172,0.00012,0.9983704932827627
11014932,K01432.03,3,CANDIDATE,0.999,2.92721119,14.135632,1.29,0.18,-0.15,0.011806,0.000554,-0.000498,0.999,0.053,-0.049,5616,1.2907784995280644,0.09142329514339717,-0.08350374629652718,1322,11014932,2.927,2.2e-06,0.9687094997738583,0.038355712969985904,0.9987116479541416,2.2e-06,0.9987094507885161
11014932,K01432.04,4,CANDIDATE,0.998,38.2856338,11.1404295,1.77,0.26,-0.2,0.01626,0.001124,-0.000428,0.999,0.053,-0.049,5616,1.7777450789705511,0.15491011812455768,-0.0989594337799666,1323,11014932,38.286,0.00015,0.9687094997738583,0.08352556611201761,0.9970561341144161,0.00015,0.996906575694299
7549209,K01518.01,1,CANDIDATE,1.0,27.5071114,27.182098,2.58,0.81,-0.26,0.026833,0.001557,-0.0046,1.132,0.1,-0.09,5783,3.3242916072866846,0.35135080278789,-0.6281906561233367,2394,7549209,27.507,0.0068,0.9687094997738583,0.018050297520157618,0.9994062357177566,0.0068,0.9926102733148758
5357901,K00188.01,1,CANDIDATE,0.995,3.797018259,1567.476,10.07,0.75,-0.47,0.108759,0.000367,-0.0007639999999999,0.864,0.04,-0.038,5167,10.284007954190786,0.4773745051289328,-0.45803881685491077,468,5357901,3.797,0.00087,0.0,1.7260888619865387e-62,0.0,0.00087,0.0
5470739,K01585.01,1,CANDIDATE,1.0,19.17893976,28.67196,2.4,0.71,-0.22,0.024928,0.0008269999999999,-0.000596,1.096,0.092,-0.083,5767,2.990070620689655,0.26988282040131606,-0.23745482214573957,2015,5470739,19.179,0.00027,0.9687094997738583,0.01390006272254858,0.9995446820455052,0.00027,0.9992748049813529
3967760,K01760.01,1,CANDIDATE,0.677,5.52418625,17.317513,2.25,0.27,-0.29,0.02055,0.000308,-0.001366,0.846,0.046,-0.043,5325,1.9026795258620688,0.10731374190113421,-0.15921183337662087,2112,3967760,5.524,9.4e-05,0.9687094997738583,0.030340840934191073,0.9989892879187178,9.4e-05,0.9988953829256534
3967760,K01760.02,2,CANDIDATE,0.972,8.77514782,10.845035,1.91,0.23,-0.25,0.017427,0.000478,-0.001503,0.846,0.046,-0.043,5325,1.6135277906179208,0.09826389106927995,-0.16152783225996126,2113,3967760,8.775,0.00096,0.9687094997738583,0.05542080963390532,0.9981048070167674,0.00096,0.9971466264020313
11046458,K00214.01,1,CANDIDATE,1.0,3.311864148,436.30713,9.06,1.16,-0.33,0.0885669999999999,0.00112,-0.001394,1.053,0.047,-0.045,5461,10.206662657421962,0.47349936765845607,-0.4648253166094469,569,11046458,3.312,0.15,1.4148918111562458e-221,1.5741700354327097e-18,0.0,0.15,0.0
10130039,K01909.01,1,CANDIDATE,0.999,12.75800092,32.72165,1.49,0.23,-0.21,0.012453,0.0003819999999999,-0.000171,1.008,0.043,-0.041,5782,1.373782487540901,0.07218235059635705,-0.058976420292644986,2214,10130039,12.758,9.7e-05,0.9687094997738583,0.008783953318733703,0.9997137531987156,9.7e-05,0.9996167809646553
10130039,K01909.02,2,CANDIDATE,1.0,5.47033376,25.334806,1.15,0.18,-0.16,0.00962,0.000354,-0.000173,1.008,0.043,-0.041,5782,1.061253314875409,0.0597880849525939,-0.04719684590043527,2215,10130039,5.47,6.2e-06,0.9687094997738583,0.015046566748580417,0.9995065528271893,6.2e-06,0.9995003558865617
10130039,K01909.03,3,CANDIDATE,0.987,25.0985083,19.200647,1.59,0.24,-0.23,0.013257,0.001643,-0.001429,1.008,0.043,-0.041,5782,1.4624776710294487,0.19168800212471257,-0.16849343729404234,2216,10130039,25.099,0.018,0.9687094997738583,0.034827012635875745,0.9988344524061179,0.018,0.9808554322628078
8226050,K01910.01,1,CANDIDATE,0.995,34.2685741,27.756182,2.44,0.11,-0.2,0.02559,0.003394,-0.001809,0.797,0.035,-0.033,5080,2.2320918561225778,0.31184806394952247,-0.18286417784741843,2251,8226050,34.269,0.00091,0.9687094997738583,0.019072412494592572,0.9993719595305123,0.00091,0.9984625310473395
8226050,K01910.02,2,CANDIDATE,0.949,18.3848331,7.823833500000001,1.15,0.06,-0.09,0.0120819999999999,0.00305,-0.001317,0.797,0.035,-0.033,5080,1.0538543886546603,0.2700321375917709,-0.12288373774140712,2252,8226050,18.385,0.0063,0.9687094997738583,0.0820298536480124,0.9971135613813799,0.0063,0.9908317459446772
6862721,K01982.01,1,CANDIDATE,1.0,4.88753111,27.71851,2.45,0.61,-0.2,0.023483,0.001425,-0.000837,0.707,0.063,-0.057,5568,1.8170063603857285,0.19588918690090043,-0.1601685960514853,2613,6862721,4.888,0.0011,0.9687094997738583,0.012083185646073774,0.9996049245729846,0.0011,0.9985053591559543
8257205,K01986.01,1,CANDIDATE,0.993,148.4601819,27.866648,3.61,0.24,-0.17,0.040286,0.005376,-0.004659,0.808,0.037,-0.035,5161,3.5624515356154047,0.5026051342780246,-0.4399423505295172,2650,8257205,148.46,0.014,0.9687094997738583,0.10513929284070947,0.9962048533692404,0.014,0.982257985422071
8257205,K01986.02,2,CANDIDATE,0.989,7.12766417,13.530321,1.21,0.08,-0.06,0.013519,0.00079,-0.000552,0.808,0.037,-0.035,5161,1.195471933425623,0.08875292439023595,-0.0711637538395576,2651,8257205,7.128,0.012,0.9687094997738583,0.04305932368490637,0.9985465465194768,0.012,0.9865639879612431
3128552,K02055.01,1,CANDIDATE,0.999,8.67890312,29.641619,2.56,0.39,-0.43,0.021018,0.000627,-0.000472,1.003,0.047,-0.044,5510,2.3071497086269814,0.12816062230559783,-0.1137017657933436,2308,3128552,8.679,3e-05,0.9687094997738583,0.010820325881893656,0.9996466670784604,3e-05,0.9996166776784481
3128552,K02055.02,2,CANDIDATE,0.986,4.02582434,18.971493,1.79,0.27,-0.3,0.014658,0.000623,-0.000413,1.003,0.047,-0.044,5510,1.6090113440410267,0.1017915357947614,-0.08388966683475944,2309,3128552,4.026,1.9e-05,0.9687094997738583,0.025683293341110778,0.9991485296883763,1.9e-05,0.9991295458663122
3128552,K02055.03,3,CANDIDATE,1.0,2.50475282,14.726074,1.48,0.22,-0.25,0.01214,0.000589,-0.000413,1.003,0.047,-0.044,5510,1.3326100229675306,0.08988682922629837,-0.07397823165463645,2310,3128552,2.505,0.00058,0.9687094997738583,0.03622493918730031,0.9987859098704577,0.00058,0.9982066140427328
4254466,K02134.01,1,CANDIDATE,0.912,42.3006282,20.131565,2.54,0.44,-0.27,0.020615,0.000816,-0.000742,1.126,0.059,-0.055,5852,2.5404180236911653,0.16682515109856855,-0.1541385125432056,2752,4254466,42.301,0.022,0.9687094997738583,0.04180084696310737,0.9985908791331265,0.022,0.9766218797921977
4144576,K02202.01,1,CANDIDATE,1.0,0.8131663570000001,32.833220000000004,1.14,0.1,-0.06,0.011791,0.000561,-0.000217,0.809,0.035,-0.033,5237,1.043957014268185,0.06713415677809663,-0.046717702559851755,3148,4144576,0.813,0.00015,0.9687094997738583,0.007203786398584688,0.9997656204791167,0.00015,0.9996156556360448
11073656,K02206.01,1,CANDIDATE,0.999,1.834277283,19.764223,1.64,0.45,-0.2,0.015647,0.000462,-0.000678,0.841,0.068,-0.062,5751,1.4401593024635038,0.12396687340096063,-0.12315233731085712,3152,11073656,1.834,0.03,0.9687094997738583,0.02316922886632327,0.999233854605918,0.03,0.9692568389677404
9945370,K02285.01,1,CANDIDATE,1.0,37.9456138,21.172686,2.79,0.84,-0.23,0.0295019999999999,0.000999,-0.001007,0.761,0.073,-0.065,5861,2.457081551315119,0.24995318553706977,-0.22600636291158357,2852,9945370,37.946,0.00053,0.9687094997738583,0.03577552673079058,0.9988015309203235,0.00053,0.9982721661089358
8973129,K02286.01,1,CANDIDATE,1.0,24.1738244,17.771389000000003,2.21,0.26,-0.19,0.020897,0.0008449999999999,-0.0009449999999999,0.906,0.047,-0.044,5461,2.0720278862635286,0.13628625940053332,-0.13749872154987425,2853,8973129,24.174,0.0062,0.9687094997738583,0.03882537704530084,0.9986952348948768,0.0062,0.9925033244385285
10813132,K02378.01,1,CANDIDATE,0.836,4.76702759,12.08894,1.19,0.31,-0.17,0.0116049999999999,0.000794,-0.0004309999999999,0.885,0.067,-0.06,5629,1.1240143897086488,0.11469662855047506,-0.08688927763966314,3251,10813132,4.767,0.0026,0.9687094997738583,0.04697199546347233,0.998407966158789,0.0026,0.9958121054467761
9837685,K02461.01,1,CANDIDATE,1.0,13.71218522,20.92898,2.47,0.6,-0.24,0.027248,0.007295,-0.001829,0.76,0.067,-0.061,5550,2.2663745179964763,0.638816420045178,-0.23713504214643702,2953,9837685,13.712,0.0034,0.9687094997738583,0.025162863444507043,0.9991662286981708,0.0034,0.9957690635205971
6605493,K02559.01,1,CANDIDATE,1.0,9.30991834,16.452355999999998,1.21,0.2,-0.14,0.010094,6.3e-05,-0.000731,1.129,0.049,-0.047,5806,1.247213198181475,0.05468744522556971,-0.10418214593196792,3353,6605493,9.31,0.00028,0.9687094997738583,0.03465064359738031,0.9988405667748349,0.00028,0.998560891416138
6946199,K01359.01,2,CANDIDATE,1.0,37.10114179999999,47.76845,3.19,0.88,-0.35,0.034349,0.000266,-0.000959,0.99,0.052,-0.049,5986,3.721626180940095,0.19759249670147094,-0.21148653755277458,1635,6946199,37.101,0.00093,0.96870949977028,0.0033858372551013884,0.9998902617646753,0.00093,0.9989603638212342
6946199,K01359.02,1,CANDIDATE,1.0,104.8205868,74.476715,6.45,1.78,-0.71,0.069522,0.000873,-0.0016,0.99,0.052,-0.049,5986,7.532530651585704,0.406797442184415,-0.4111552987753005,1658,6946199,104.821,0.27,1.9792139477019618e-08,0.00091362713391644,0.0,0.27,0.0
11288505,K01433.01,1,CANDIDATE,1.0,19.80787763,19.597445,2.08,0.52,-0.18,0.022635,0.001098,-0.000645,0.83,0.071,-0.064,5775,2.056089649666499,0.20219402559339011,-0.16902151270775767,1324,11288505,19.808,0.0006,0.9687094997738583,0.031030358123999326,0.998965583201963,0.0006,0.9983662038520418
11389771,K01436.01,1,CANDIDATE,1.0,2.508553286,21.959381,1.28,0.36,-0.13,0.013262,0.000557,-0.000285,0.955,0.043,-0.041,5814,1.3861041085137176,0.0853476805472739,-0.0665470025748882,1328,11389771,2.509,1.5e-06,0.9687094997738583,0.01932443891357398,0.9993634969519282,1.5e-06,0.9993619979066828
11389771,K01436.02,2,CANDIDATE,1.0,13.75129636,20.443975,1.66,0.47,-0.16,0.01723,0.000469,-0.000615,0.955,0.043,-0.041,5814,1.8008274611439714,0.0947495953858984,-0.10054329999712842,1329,11389771,13.751,0.00034,0.9687094997738583,0.026263204693321895,0.9991287855208627,0.00034,0.9987890817337856
11389771,K01436.03,3,CANDIDATE,0.98,5.41908491,15.080370000000002,1.38,0.39,-0.13,0.014334,0.003793,-0.000504,0.955,0.043,-0.041,5814,1.4981463045872134,0.4021309678832428,-0.08313643070069955,1330,11389771,5.419,0.00031,0.9687094997738583,0.03673881336484753,0.9987680303446412,0.00031,0.9984584122552344
7663405,K01519.01,1,CANDIDATE,1.0,5.1443645,17.12765,1.55,0.11,-0.15,0.0156919999999999,0.000904,-0.00043,0.859,0.045,-0.043,5148,1.4752136388748964,0.11486921953969659,-0.08418703164638715,2395,7663405,5.144,5e-05,0.9687094997738583,0.030663725122820715,0.9989781917728706,5e-05,0.998928242863282
7663405,K01519.02,2,CANDIDATE,0.742,57.132855000000006,8.49427,1.81,0.13,-0.17,0.018363,0.001173,-0.001186,0.859,0.045,-0.043,5148,1.726315832950541,0.14261501945016042,-0.14106468887284604,2396,7663405,57.133,0.12,0.9687094997738583,0.13423000652764594,0.9949919802949893,0.12,0.8755929426595905
9818462,K01521.01,1,CANDIDATE,1.0,25.9421582,24.828281,1.95,0.16,-0.07,0.022458,0.004078,-0.001127,1.071,0.069,-0.064,5170,2.632352248395419,0.5071854327374765,-0.20541148695214606,2398,9818462,25.942,5.5e-05,0.9687094997738583,0.0216482144112607,0.9992852634589933,5.5e-05,0.999230302769503
12266636,K01522.01,1,CANDIDATE,0.998,33.3856176,32.242672,2.48,0.7,-0.37,0.0222349999999999,0.003493,-0.000774,1.064,0.08,-0.073,5833,2.589179843317381,0.4509334996848267,-0.19919752067397303,2399,12266636,33.386,0.001,0.9687094997738583,0.012676423275577657,0.9995852788618885,0.001,0.9985856935830266
12266636,K01522.02,2,CANDIDATE,0.958,12.654896,8.532306,1.02,0.28,-0.16,0.0091209999999999,0.000587,-0.000583,1.064,0.08,-0.073,5833,1.0621052102944761,0.10511650217277645,-0.09959332675859092,2400,12266636,12.655,0.00024,0.9687094997738583,0.07118753553928411,0.997524317933729,0.00024,0.9972849120974249
5360920,K01675.01,1,CANDIDATE,1.0,14.62399621,20.084682,21.92,5.02,-2.02,0.246245,68.33064,-0.053561,0.934,0.09,-0.08,5753,25.17084253570979,6984.669266398015,-5.884138508616649,2456,5360920,14.624,0.98,0.9687094997738583,0.027463801205554708,0.9990878341289062,0.98,0.019981756682578143
7046804,K00205.01,1,CANDIDATE,0.998,11.720123999,749.6936599999999,7.94,1.06,-0.71,0.094404,0.000387,-0.000773,0.846,0.063,-0.057,5215,8.740659754719356,0.6518856942575154,-0.5932427442018251,534,7046804,11.72,0.014,0.0,1.1892136061910902e-30,0.0,0.014,0.0
10657406,K01837.01,1,CANDIDATE,1.0,34.1732156,39.367767,2.37,0.22,-0.07,0.026045,0.002017,-0.003186,0.784,0.033,-0.031,5201,2.2347239327963755,0.19697444845409168,-0.28729293128382993,2550,10657406,34.173,2.4e-05,0.9687094997738583,0.006828110227003727,0.9997779273619414,2.4e-05,0.9997539326916847
10657406,K01837.02,2,CANDIDATE,1.0,1.682934607,28.915668,1.06,0.09,-0.04,0.011608,0.002872,-0.0009109999999999,0.784,0.033,-0.031,5201,0.9959944485275611,0.24996522044269975,-0.0875265663965965,2551,10657406,1.683,2.6e-05,0.9687094997738583,0.01033572186666129,0.9996626568727678,2.6e-05,0.9996366656436891
9965957,K01911.01,1,CANDIDATE,1.0,5.75321539,30.750694,3.14,0.77,-0.26,0.03095,1.4e-05,-0.0062229999999999,0.74,0.057,-0.052,5445,2.506546863201611,0.1930751821290547,-0.5338741354243838,2253,9965957,5.753,0.0029,0.9687094997738583,0.009367191903018048,0.9996945672109457,0.0029,0.996795452966034
9704384,K01913.01,1,CANDIDATE,1.0,5.50860699,35.991122999999995,1.49,0.15,-0.12,0.015422,0.0011099999999999,-0.002439,0.894,0.038,-0.036,5448,1.5089042202995218,0.1261279717260901,-0.24624831715619636,2255,9704384,5.509,2.9e-06,0.9687094997738583,0.005860185994776785,0.99980959301316,2.9e-06,0.9998066935653402
10779233,K01989.01,1,CANDIDATE,0.861,201.118319,21.656965,2.28,0.32,-0.2,0.021853,0.000775,-0.00036,0.982,0.042,-0.039,5646,2.348583520356154,0.13048855381890903,-0.10097963799838595,2654,10779233,201.118,0.00048,0.9687094997738583,0.3149616681741066,0.9851487921637083,0.00048,0.9846759207434697
9364609,K02137.01,1,CANDIDATE,0.997,14.97436238,21.028004,1.28,0.09,-0.09,0.014655,0.000623,-0.00045,0.831,0.035,-0.034,5311,1.3328163208689905,0.07975892562930999,-0.068180748503951,2757,9364609,14.974,0.0051,0.9687094997738583,0.02543899521263944,0.9991568402410764,0.0051,0.9940611403558469
8233702,K02140.01,1,CANDIDATE,1.0,41.6977582,22.457796,2.26,0.6,-0.21,0.02375,0.000837,-0.000529,0.937,0.076,-0.069,5730,2.4354917371948153,0.21538376847553595,-0.18737242788618158,2760,8233702,41.698,0.038,0.9687094997738583,0.033921484502625165,0.9988658215966706,0.038,0.9609089203759971
10531955,K02208.01,1,CANDIDATE,1.0,2.3445125890000003,20.373524,0.97,0.14,-0.13,0.00784,0.001027,-0.0008039999999999,1.144,0.048,-0.046,5821,0.9815796425874653,0.13501677250467384,-0.10812329901853963,3154,10531955,2.345,0.0028,0.9687094997738583,0.022143759682225487,0.99926853206101,0.0028,0.9964705801712391
8410415,K02291.01,1,CANDIDATE,0.985,44.2993483,19.371254,2.68,0.22,-0.21,0.026848,0.010782,-0.001527,0.777,0.036,-0.034,5310,2.2830552081550466,0.9229433240637787,-0.16383393719940617,2893,8410415,44.299,0.12,0.9687094997738583,0.0459712842665977,0.9984435178771676,0.12,0.8786302957319074
8321314,K02293.01,1,CANDIDATE,1.0,15.03366411,17.912304000000002,1.7,0.21,-0.08,0.017431,0.0009029999999999,-0.000392,0.855,0.041,-0.038,5520,1.6310672710325949,0.11513985621692033,-0.08124367038993185,2895,8321314,15.034,0.00045,0.9687094997738583,0.033354617881495054,0.998885429006566,0.00045,0.9984359305635131
9395024,K02383.01,1,CANDIDATE,0.998,4.37033233,15.337785,1.56,0.24,-0.24,0.0120629999999999,0.0006349999999999,-0.000423,1.105,0.062,-0.058,5654,1.4588178258714957,0.11223587665627924,-0.09208688549579085,3289,9395024,4.37,7.1e-05,0.9687094997738583,0.03536283200126576,0.998815862884969,7.1e-05,0.9987449469587042
5436013,K02471.01,1,CANDIDATE,1.0,25.8859397,13.981552,1.66,0.09,-0.16,0.016887,0.000256,-0.003742,0.873,0.039,-0.037,5196,1.6134302779228542,0.07611455977363968,-0.3640016912787602,2997,5436013,25.886,0.0053,0.9687094997738583,0.054983353690972125,0.9981206368170661,0.0053,0.9928305974419357
6837146,K01362.01,1,CANDIDATE,1.0,20.51360192,27.987392,2.58,0.36,-0.23,0.033497,0.005477,-0.002532,0.856,0.066,-0.06,5310,3.1380736600805434,0.5672838732583778,-0.3234921464144549,1663,6837146,20.514,0.0014,0.9687094997738583,0.015075915846249717,0.9995055756006674,0.0014,0.9981062677948266
6936909,K01363.01,1,CANDIDATE,1.0,3.546531809,23.153551,2.18,0.66,-0.23,0.02022,0.0036829999999999,-0.001047,1.234,0.1,-0.09,5993,2.73073631953184,0.5443991678539557,-0.2442523286313664,1664,6936909,3.547,8.1e-05,0.9687094997738583,0.01768699029015726,0.9994184018868764,8.1e-05,0.9993374489963235
6936909,K01363.02,2,CANDIDATE,0.983,5.70070626,11.391634,2.03,0.63,-0.2,0.018897,0.004997,-0.001143,1.234,0.1,-0.09,5993,2.5520635128681097,0.7058295370511606,-0.241811668729974,1665,6936909,5.701,0.0013,0.9687094997738583,0.050538303725261316,0.9982806584460058,0.0013,0.996982893590026
8692861,K00172.01,1,CANDIDATE,1.0,13.7223682,82.31395,2.23,0.28,-0.27,0.021681,0.0004089999999999,-0.000171,1.226,0.054,-0.051,5637,2.909063727693179,0.13938905336013124,-0.12316914023724343,428,8692861,13.722,1.4e-07,4.84722674371164e-09,0.00010642203364305921,0.0,1.4e-07,0.0
8692861,K00172.02,2,CANDIDATE,0.693,242.467406,18.011978,1.73,0.21,-0.22,0.016782,0.000636,-0.000454,1.226,0.054,-0.051,5637,2.2517368884344324,0.13083852649104727,-0.11173483104929081,429,8692861,242.467,0.0086,0.9687094997738583,0.5361567308982228,0.9626629973202022,0.0086,0.9543840955432484
9573539,K00180.01,1,CANDIDATE,1.0,10.04556377,91.12792,2.19,0.28,-0.1,0.023478,0.000641,-0.000301,0.891,0.038,-0.036,5632,2.289403054775988,0.11593334722480829,-0.09704617334404002,460,9573539,10.046,4.3e-07,3.528966849122973e-14,4.5613524293477596e-05,0.0,4.3e-07,0.0
10028140,K01591.01,1,CANDIDATE,1.0,19.65639342,20.412176,2.83,0.43,-0.22,0.0350829999999999,0.00033,-0.00939,0.763,0.06,-0.054,5288,2.929575648958587,0.23201516357489474,-0.8110529634657414,2093,10028140,19.656,0.15,0.9687094997738583,0.028849326216600624,0.9990404491243994,0.15,0.8491843817557394
5289854,K01593.01,1,CANDIDATE,0.964,9.69501146,16.746252,2.08,0.63,-0.2,0.020883,0.000814,-0.000858,0.892,0.089,-0.08,5896,2.0386430853888746,0.21837831516715966,-0.20111045992479537,2095,5289854,9.695,0.0014,0.9687094997738583,0.03398409850271706,0.9988636544230908,0.0014,0.9974652453068985
5289854,K01593.02,2,CANDIDATE,1.0,15.3825394,15.541253,2.14,0.64,-0.22,0.021393,0.001015,-0.000743,0.892,0.089,-0.08,5896,2.0884303752202364,0.23073399641985895,-0.2008570399998562,2096,5289854,15.383,0.00044,0.9687094997738583,0.04110719719794962,0.9986152647277131,0.00044,0.998175874011233
5526717,K01677.01,1,CANDIDATE,0.994,52.069002000000005,21.926264,2.92,0.42,-0.52,0.021433,0.000692,-0.000784,1.25,0.068,-0.064,5565,2.9320841657752332,0.1854827373258587,-0.18449942608621667,2458,5526717,52.069,0.051,0.9687094997738583,0.041594679978627196,0.9985981307202251,0.051,0.9476696260534936
7765528,K01840.01,1,CANDIDATE,1.0,7.03932913,39.687874,4.67,0.8,-0.73,0.034474,0.001021,-0.002667,1.17,0.063,-0.059,5847,4.414291358230556,0.27127415796954835,-0.4076448645967591,2555,7765528,7.039,0.41,0.9687094997738583,0.0043205781092135,0.9998598344528241,0.41,0.5899173023271663
7765528,K01840.02,2,CANDIDATE,0.842,9.3888216,7.657936999999999,20.91,3.59,-3.27,0.154393,72.62439,-0.751287,1.17,0.063,-0.059,5847,19.769556351780768,9299.333389633324,-96.20519190812921,2556,7765528,9.389,1.0,0.9687094997738583,0.07293332973343454,0.9974588282354445,1.0,0.0
7779077,K01842.01,1,CANDIDATE,1.0,16.84183355,31.661684,3.08,0.82,-0.45,0.027911,0.0052049999999999,-0.001982,0.833,0.063,-0.057,5602,2.544508194232947,0.5120522899358447,-0.25092680387552097,2558,7779077,16.842,0.031,0.9687094997738583,0.010289423021877688,0.9996641837108938,0.031,0.9686745940158561
10074466,K01917.01,1,CANDIDATE,0.999,35.01190875,27.80376,2.97,0.48,-0.35,0.0235949999999999,0.000528,-0.004284,1.101,0.047,-0.045,5872,2.843090972108596,0.13703176544421183,-0.5291202465803045,2295,10074466,35.012,0.073,0.9687094997738583,0.01921431965859568,0.9993671950867731,0.073,0.9264133898454386
8218379,K01920.01,1,CANDIDATE,1.0,16.57099265,33.874874,2.03,0.43,-0.15,0.023913,0.003286,-0.000883,0.776,0.059,-0.053,5483,2.030856516108734,0.3189384215811436,-0.15767927986758337,2297,8218379,16.571,0.00048,0.9687094997738583,0.00842152429126344,0.9997256641515778,0.00048,0.999245795832785
8218379,K01920.02,2,CANDIDATE,0.847,10.1384691,7.17846,0.74,0.16,-0.05,0.008748,0.000733,-0.000661,0.776,0.059,-0.053,5483,0.7429403589227285,0.08405923959086824,-0.07567088131764313,2298,8218379,10.138,0.01,0.9687094997738583,0.07670284800788757,0.9973165782152199,0.01,0.9873434124330677
6342333,K02065.01,1,CANDIDATE,0.968,80.2321467,21.93725,3.24,0.38,-0.19,0.033375,0.0002279999999999,-0.006342,0.824,0.038,-0.036,5438,3.009760524163101,0.1403142762517561,-0.5868438490741913,3096,6342333,80.232,0.094,0.9687094997738583,0.06343538982707486,0.9978121738080332,0.094,0.9040178294700781
3239671,K02066.01,1,CANDIDATE,0.997,147.97391000000002,23.204792,3.33,0.43,-0.29,0.032114,0.001391,-0.000762,0.841,0.044,-0.041,5578,2.9557918987226275,0.20076299001092981,-0.16026073449255737,3097,3239671,147.974,0.01,0.9687094997738583,0.14971119764583848,0.9943126916889944,0.01,0.9843695647721045
11403339,K02143.01,1,CANDIDATE,0.999,4.79029482,19.510805,1.01,0.11,-0.04,0.011014,0.0001699999999999,-0.000735,0.863,0.038,-0.036,5412,1.0402538301346589,0.04853753897453901,-0.0818664784417384,2796,11403339,4.79,1.8e-05,0.9687094997738583,0.024797136452592242,0.9991786552011448,1.8e-05,0.9991606699853512
8260902,K02144.01,1,CANDIDATE,0.991,38.6715843,21.972872,2.45,0.83,-0.38,0.024605,0.004088,-0.00255,1.06,0.084,-0.076,5432,2.854385919015857,0.5254241971517049,-0.3597131637238297,2797,8260902,38.672,0.00085,0.9687094997738583,0.03376645220321512,0.9988711863109856,0.00085,0.9980221458026213
10203349,K02212.01,1,CANDIDATE,1.0,17.14648756,24.467686,3.64,0.55,-0.84,0.02359,3.8e-05,-0.0042689999999999,1.099,0.057,-0.054,5556,2.837325027844198,0.1472297640750956,-0.5320508980645999,3193,10203349,17.146,0.0079,0.9687094997738583,0.01948483257835754,0.9993581089655484,0.0079,0.9914631799047205
4248120,K02216.01,1,CANDIDATE,1.0,23.34036251,15.966751,2.21,0.53,-0.36,0.022658,0.00122,-0.000741,0.983,0.079,-0.072,5530,2.437578136766927,0.235802383639795,-0.19552940534774724,3197,4248120,23.34,0.055,0.9687094997738583,0.04472858008567608,0.9984875630659021,0.055,0.9435707470972775
7382313,K02392.01,1,CANDIDATE,0.975,7.42697378,12.343142,1.4,0.19,-0.11,0.013086,0.0005809999999999,-0.0007469999999999,1.051,0.06,-0.056,5580,1.5051961112824062,0.10885732403744619,-0.1175365089031379,3298,7382313,7.427,0.00061,0.9687094997738583,0.047852412368261495,0.9983766262746748,0.00061,0.9977676165326472
6846911,K02477.01,1,CANDIDATE,0.998,14.02634692,15.594649,2.66,0.79,-0.42,0.021529,0.001942,-0.003062,0.993,0.077,-0.07,5970,2.3396805346872642,0.2783102004463434,-0.3713964062768348,3036,6846911,14.026,0.12,0.9687094997738583,0.04008429537812939,0.9986511610323882,0.12,0.8788130217085016
8247770,K02569.01,1,CANDIDATE,0.427,8.28157072,11.9206705,1.37,0.21,-0.21,0.010655,0.0007019999999999,-0.000505,1.046,0.047,-0.045,5646,1.2197437297067706,0.09727222573567172,-0.0780745669275051,2704,8247770,8.282,0.0007,0.9687094997738583,0.05023922610992996,0.9982913714478294,0.0007,0.9975925674878159
7501646,K02572.01,1,CANDIDATE,1.0,6.37705295,15.772048000000002,2.15,0.52,-0.21,0.02038,0.000962,-0.001093,0.86,0.071,-0.065,5672,1.9181655487037501,0.18241726998310387,-0.17776782414249573,2740,7501646,6.377,0.58,0.9687094997738583,0.035127829383357144,0.998824018521748,0.58,0.4195060877791342
11356260,K01441.01,1,CANDIDATE,0.986,8.50698069,18.6186,1.9,0.53,-0.29,0.017613,0.002787,-0.002036,0.805,0.064,-0.058,5822,1.551717546642965,0.2747862811054238,-0.21136246196236524,1371,11356260,8.507,6.2e-05,0.9687094997738583,0.028380819694190776,0.9990564871866,6.2e-05,0.9989945456843944
7768451,K01527.01,1,CANDIDATE,0.99,192.667139,23.556185,3.64,0.37,-0.27,0.037986,7.000000000000001e-06,-0.0072,0.938,0.045,-0.043,5401,3.899508379624968,0.1870780081425728,-0.7604366629670949,2439,7768451,192.667,0.18,0.9687094997738583,0.25514614523330387,0.9889353701710593,0.18,0.8109270035402687
7691260,K01528.01,1,CANDIDATE,1.0,3.989544192,22.076683,0.93,0.14,-0.06,0.012443,0.000558,-0.000384,0.852,0.036,-0.034,5229,1.1602408484142963,0.07148805330936488,-0.058530458627201486,2440,7691260,3.99,0.0032,0.9687094997738583,0.019573229482013278,0.9993551387598768,0.0032,0.9961572023158453
10006581,K01595.01,1,CANDIDATE,1.0,40.109781700000006,34.499313,3.11,0.48,-0.54,0.024334,0.000859,-0.0004379999999999,1.224,0.074,-0.069,5504,3.2597055894789833,0.22820802166867998,-0.1928976477203656,2098,10006581,40.11,0.0043,0.9687094997738583,0.011542459395540374,0.9996228107697871,0.0043,0.995324432683477
10004738,K01598.01,1,CANDIDATE,0.986,56.4758069,56.98060600000001,3.22,0.25,-0.14,0.035104,0.000743,-0.004436,0.85,0.037,-0.035,5497,3.2655699219733196,0.15806153411423718,-0.434016390986317,2102,10004738,56.476,0.0038,0.9687001714009407,0.002023765554194112,0.9999344771796,0.0038,0.9961347261663175
10004738,K01598.02,2,CANDIDATE,1.0,92.8747294,30.277075,2.64,0.21,-0.11,0.0288509999999999,0.000143,-0.004974,0.85,0.037,-0.035,5497,2.6838809770639225,0.11758267836862207,-0.4757235521873678,2103,10004738,92.875,5.5e-05,0.9687094997738583,0.037869805532846135,0.9987286117951506,5.5e-05,0.9986736817215018
10004738,K01598.03,3,CANDIDATE,1.0,13.93068791,12.670836,1.4,0.11,-0.06,0.015266,0.001413,-0.003094,0.85,0.037,-0.035,5497,1.4201284876038256,0.1452556757233317,-0.29370127289565545,2137,10004738,13.931,0.0002,0.9687094997738583,0.051331167488158046,0.9982522252659537,0.0002,0.9980525748209005
6034945,K01683.01,1,CANDIDATE,0.997,9.11500269,23.985239,1.78,0.56,-0.23,0.015881,0.003283,-0.000997,0.925,0.07,-0.064,5962,1.6076926790995467,0.353919003932931,-0.15020014347284788,2499,6034945,9.115,0.00015,0.9687094997738583,0.017934584249427548,0.9994101116168025,0.00015,0.99926020010006
9909735,K01779.01,1,CANDIDATE,1.0,4.66271902,213.7086,3.86,0.64,-0.16,0.037636,0.000416,-0.001999,0.982,0.042,-0.039,5729,4.0448125828089605,0.17867979484694746,-0.2682528709466992,2199,9909735,4.663,0.061,1.0746446050782892e-87,7.207248266863438e-10,0.0,0.061,0.0
9909735,K01779.02,2,CANDIDATE,1.0,11.8150174,80.44856999999999,3.48,0.58,-0.14,0.033946,0.008013,-0.005753,0.982,0.042,-0.039,5729,3.648241256670022,0.875194088481767,-0.6350357104940229,2200,9909735,11.815,0.099,7.831922394163492e-08,0.0001219951405539052,0.0,0.099,0.0
6152974,K00216.01,1,CANDIDATE,1.0,20.172024672,198.6218,6.24,0.27,-0.55,0.066137,0.000106,-0.001452,0.817,0.036,-0.034,5062,5.91357355985716,0.26074593402855245,-0.27824357462667687,571,6152974,20.172,0.0015,2.5728832254802226e-79,3.5587606801983285e-09,0.0,0.0015,0.0
6152974,K00216.02,2,CANDIDATE,0.992,7.51854537,14.684393,1.42,0.06,-0.12,0.015061,0.000723,-0.000621,0.817,0.036,-0.034,5062,1.3466642179870374,0.08775110378318665,-0.07889163247518947,572,6152974,7.519,0.0046,0.9687094997738583,0.03924576568878312,0.998680530223627,0.0046,0.9940865997845982
9411166,K01922.01,1,CANDIDATE,1.0,1.954525966,35.474197,2.38,0.38,-0.3,0.019224,0.002724,-0.001151,1.166,0.075,-0.07,5739,2.4531593740246667,0.381745561962002,-0.20799700170591384,2300,9411166,1.955,6.3e-05,0.9687094997738583,0.005800564306124733,0.9998115415213711,6.3e-05,0.9997485533942552
9411166,K01922.03,2,CANDIDATE,1.0,105.65526509999998,31.695293,4.22,0.66,-0.55,0.033986,0.000495,-0.001041,1.166,0.075,-0.07,5739,4.336926471369242,0.2860239718574054,-0.2922950291601406,2301,9411166,105.655,0.0012,0.9687094997738583,0.040745369786335396,0.9986279709500256,0.0012,0.9974296173848857
4989057,K01923.01,1,CANDIDATE,1.0,7.23400381,30.212036,1.78,0.19,-0.1,0.019155,0.000805,-0.000391,0.879,0.039,-0.037,5411,1.8426993686288695,0.11261173164658524,-0.08620430413457941,2302,4989057,7.234,0.00045,0.9687094997738583,0.010056562341874787,0.9996718607988454,0.00045,0.999222008461486
10384798,K01997.01,1,CANDIDATE,1.0,38.505224,28.735064,2.45,0.68,-0.24,0.025468,0.003671,-0.001238,0.939,0.071,-0.065,5974,2.6172420488925243,0.4260082917983724,-0.2213806108352055,1999,10384798,38.505,0.00033,0.9687094997738583,0.018698943730365847,0.999384491923845,0.00033,0.9990546950415101
8802693,K02000.01,1,CANDIDATE,1.0,26.41044199,24.82197,2.45,0.43,-0.19,0.03051,0.0056229999999999,-0.001876,0.796,0.066,-0.059,5448,2.6579005745028947,0.537141919193902,-0.25596896889448584,2002,8802693,26.41,0.00085,0.9687094997738583,0.021818324569295725,0.9992795218365529,0.00085,0.9984301342429918
6035124,K02071.01,1,CANDIDATE,0.9,3.85690686,20.862171,0.93,0.09,-0.04,0.010442,0.000235,-0.000543,0.839,0.036,-0.034,5272,0.9588023843128617,0.04645595685106801,-0.06321110854200904,3135,6035124,3.857,3.5e-05,0.9687094997738583,0.021722708803577618,0.9992827493418189,3.5e-05,0.999247774445592
9580992,K02217.01,1,CANDIDATE,1.0,37.8034121,15.283957,2.95,0.54,-0.23,0.033027,0.00172,-0.009639,0.764,0.059,-0.053,5329,2.7615056788950416,0.25721912180177925,-0.8284061244000669,3198,9580992,37.803,0.059,0.9687094997738583,0.05888570297492949,0.9979789063375627,0.059,0.9390981508636466
11403389,K02482.01,1,CANDIDATE,1.0,45.0909201,12.797429,2.44,0.7,-0.24,0.024803,0.000157,-0.006779,0.913,0.073,-0.066,5790,2.478326076374905,0.19877750191112503,-0.7006526637912975,3040,11403389,45.091,0.0056,0.9687094997738583,0.08053600440923706,0.9971707306231296,0.0056,0.99158657453164
9851662,K02483.01,1,CANDIDATE,0.995,15.0539886,12.717842,1.44,0.25,-0.21,0.016079,0.002531,-0.002688,0.915,0.069,-0.062,5475,1.6101397990341053,0.28103578453522493,-0.2904448393014053,3041,9851662,15.054,0.0001,0.9687094997738583,0.051997734723728116,0.998228284452522,0.0001,0.9981284616240768
9896018,K02579.01,1,CANDIDATE,0.999,2.7296036,14.404189,1.53,0.26,-0.22,0.011314,0.000125,-0.0007769999999999,1.096,0.063,-0.059,5892,1.3570947931034483,0.07943603196840916,-0.11841992810536135,2746,9896018,2.73,4.7e-06,0.9687094997738583,0.037368963878717416,0.9987460790913433,4.7e-06,0.9987413849847716
9896018,K02579.02,2,CANDIDATE,0.98,3.59645081,12.747314,1.66,0.29,-0.23,0.012319,0.002505,-0.001273,1.096,0.063,-0.059,5892,1.4776428103448278,0.31224486925380945,-0.17217100461548104,2747,9896018,3.596,0.0016,0.9687094997738583,0.04363289565366196,0.9985263024778768,0.0016,0.9969286603939121
9896018,K02579.03,3,CANDIDATE,0.939,10.30148508,9.271536,1.6,0.27,-0.23,0.011853,0.00047,-0.000774,1.096,0.063,-0.059,5892,1.4217469137931036,0.09928299359202641,-0.12032025719555832,2748,9896018,10.301,0.0002,0.9687094997738583,0.06467245949927591,0.9977665583918189,0.0002,0.9975670050801406
6932987,K01366.01,1,CANDIDATE,1.0,19.25404023,38.617783,3.04,0.88,-0.29,0.0296069999999999,0.003578,-0.001003,0.851,0.044,-0.041,5798,2.757448559794226,0.36245468123038627,-0.16240501912998578,1694,6932987,19.254,6e-05,0.9687094997738583,0.0057657469539931705,0.9998126792860667,6e-05,0.9997526905253096
6932987,K01366.02,2,CANDIDATE,1.0,54.15583839999999,22.053192000000003,3.88,1.12,-0.38,0.03773,0.001209,-0.00667,0.851,0.044,-0.041,5798,3.5139843334696708,0.21374948116954162,-0.6438669973933685,1695,6932987,54.156,0.11,0.9687094997738583,0.042471091649650475,0.9985672827928714,0.11,0.8887248816856556
7287415,K01369.01,1,CANDIDATE,1.0,3.0161820130000003,27.806568,2.25,0.37,-0.45,0.014736,0.002208,-0.001174,1.011,0.053,-0.05,5613,1.6304753000251697,0.25882671237024285,-0.15289145335265145,1698,7287415,3.016,2.9e-06,0.9687094997738583,0.011642266028796738,0.9996195108288306,2.9e-06,0.9996166119322492
6924203,K01370.01,1,CANDIDATE,0.995,6.8833761,24.844032,1.69,0.45,-0.13,0.019546,0.000649,-0.000627,1.101,0.087,-0.079,5679,2.3552047527372264,0.20186868281914505,-0.1851121324583555,1699,6924203,6.883,0.0021,0.9687094997738583,0.016061658361056923,0.9994727198197693,0.0021,0.9973738271081477
7808587,K01533.01,1,CANDIDATE,1.0,6.24145791,26.684687,1.6,0.26,-0.27,0.011618,0.000434,-0.0002569999999999,0.992,0.043,-0.041,5817,1.2613235368738989,0.07217593344359038,-0.0591284218367936,2446,7808587,6.241,0.00019,0.9687094997738583,0.013521696438177543,0.999557245900299,0.00019,0.9993673300235779
11669125,K01535.01,1,CANDIDATE,0.956,70.6981724,31.932688,1.63,0.22,-0.1,0.017221,0.000549,-0.000341,0.931,0.04,-0.038,5811,1.7546540508903852,0.0938742710224584,-0.0796015236186695,2482,11669125,70.698,3.5e-05,0.9687094997738583,0.023322676609968777,0.9992286593252113,3.5e-05,0.9991936863221349
10005758,K01783.01,1,CANDIDATE,0.999,134.4785189,163.9393,10.52,1.65,-2.01,0.072121,0.000889,-0.001024,1.166,0.052,-0.05,5791,9.203303537975081,0.42582834920800694,-0.4157234261685087,2240,10005758,134.479,0.73,1.3456722637191723e-63,4.888159554625493e-07,0.0,0.73,0.0
10005758,K01783.02,2,CANDIDATE,0.991,284.063137,58.095493000000005,6.36,0.99,-1.22,0.0435889999999999,0.003956,-0.002147,1.166,0.052,-0.05,5791,5.562357675528554,0.5624775621081601,-0.36325834583058586,2241,10005758,284.063,0.85,1.1935907221403588e-06,0.06387719227377248,0.0,0.85,0.0
9735426,K01849.01,1,CANDIDATE,1.0,8.08801663,39.4025,2.94,0.24,-0.2,0.0307649999999999,0.002642,-0.0028699999999999,0.798,0.037,-0.035,5272,2.6868490402403635,0.26222083226506276,-0.27697083949762225,2601,9735426,8.088,0.011,0.9687094997738583,0.004506010169140094,0.9998537915501963,0.011,0.9888553998431441
10464050,K01851.01,1,CANDIDATE,1.0,4.469754641000001,40.748875,2.26,0.67,-0.23,0.022136,0.000199,-0.0009019999999999,0.917,0.07,-0.063,5988,2.221528746916688,0.170754280795596,-0.1774501280523297,2603,10464050,4.47,0.0034,0.9687094997738583,0.003774046498551318,0.9998776318646581,0.0034,0.9964780479163182
9662811,K01854.01,1,CANDIDATE,0.99,43.0343364,37.634098,2.5,0.3,-0.18,0.025125,0.001705,-0.003596,0.926,0.039,-0.037,5550,2.54624689702366,0.20336344451833013,-0.37836520998768247,2639,9662811,43.034,0.00019,0.9687094997738583,0.00915815192526063,0.9997014463050445,0.00019,0.9995115030302466
9955598,K01925.01,1,CANDIDATE,0.999,68.95844699999999,27.269234,1.11,0.05,-0.04,0.011473,0.001696,-0.001469,0.898,0.038,-0.036,5455,1.127552535521017,0.17337561653275804,-0.151282557266735,2304,9955598,68.958,0.0076,0.9687094997738583,0.034025633707688754,0.998862216666298,0.0076,0.9912708638196341
5770074,K01928.01,1,CANDIDATE,0.986,63.038036600000005,38.719246000000005,2.59,0.39,-0.22,0.023298,0.000535,-0.000335,1.088,0.047,-0.045,5798,2.774156719859049,0.1357191677320833,-0.12147598544061373,2305,5770074,63.038,0.64,0.9687094997738581,0.01139725462000795,0.9996276105352467,0.64,0.3598659397926888
9641481,K02152.01,1,CANDIDATE,0.999,42.1918331,19.753057,2.35,0.32,-0.33,0.0198889999999999,0.000913,-0.0005009999999999,1.223,0.065,-0.061,5522,2.662090774902453,0.18695303833827862,-0.14875053206459243,2842,9641481,42.192,6.2e-05,0.9687094997738583,0.0431024757083481,0.9985450243266676,6.2e-05,0.9984831145351594
8892157,K02224.01,1,CANDIDATE,0.999,3.73090026,21.66317,1.48,0.22,-0.07,0.014249,0.000187,-0.001775,1.238,0.074,-0.069,5706,1.9305830407437705,0.11814699497829012,-0.2634670687757269,3242,8892157,3.731,5e-06,0.9687094997738583,0.02021336924418217,0.9993336135655366,5e-06,0.9993286168974688
10874215,K02305.01,1,CANDIDATE,0.995,31.0325991,14.200886,2.64,0.72,-0.25,0.02592,0.0001409999999999,-0.002134,0.961,0.086,-0.077,5841,2.7261003624465134,0.24440933600285616,-0.3131844939787126,2943,10874215,31.033,0.1,0.9687094997738583,0.05829256784784237,0.9980005242733833,0.1,0.8982004718460449
7661065,K02307.01,1,CANDIDATE,1.0,4.150297119,21.589361,3.03,0.26,-0.16,0.032359,0.002963,-0.009847,0.78,0.035,-0.033,5288,2.762314673105965,0.2816734829882976,-0.8486708712963382,2945,7661065,4.15,0.68,0.9687094997738583,0.020477569045287608,0.9993247214409537,0.68,0.31978391086110514
7984574,K02400.01,1,CANDIDATE,1.0,11.6191707,16.516773,2.21,0.63,-0.19,0.024284,0.001082,-0.000986,0.934,0.081,-0.074,5870,2.4822787879436192,0.24202226954850373,-0.22099038833040896,3339,7984574,11.619,0.099,0.9687094997738583,0.03569873227802835,0.9988041987488333,0.099,0.8999225830726988
11818872,K02581.01,1,CANDIDATE,1.0,12.7372371,11.28038,0.87,0.09,-0.05,0.009176,0.000472,-0.000585,0.893,0.038,-0.036,5420,0.8967849669015856,0.05986801718761421,-0.06764435189776233,2784,11818872,12.737,0.0012,0.9687094997738583,0.0566887998146169,0.9980588405129148,0.0012,0.9968611699042993
10387742,K02583.01,1,CANDIDATE,0.998,3.03267135,12.880582,0.6,0.08,-0.04,0.005931,0.000327,-0.00028,0.964,0.041,-0.039,5640,0.6257320694059904,0.04357117001945515,-0.03890356479638163,2786,10387742,3.033,0.33,0.9687094997738583,0.04277237386581733,0.9985566652181496,0.33,0.6690329656961601
9643874,K01457.01,1,CANDIDATE,1.0,8.027681122999999,459.2871,8.43,2.25,-0.75,0.087025,0.000503,-0.0018149999999999,1.047,0.092,-0.083,5569,9.971814001934936,0.8781179164299003,-0.817406658295302,1421,9643874,8.028,0.0013,1.2905801125447508e-235,2.1702692782233547e-19,0.0,0.0013,0.0
9886661,K01606.01,1,CANDIDATE,1.0,5.082748362,33.823353000000004,1.4,0.17,-0.05,0.014971,0.000539,-0.000314,0.881,0.038,-0.036,5430,1.4434780173514976,0.08110047825805639,-0.0663004463533096,2182,9886661,5.083,9.6e-05,0.9687094997738583,0.007057526777411187,0.9997704129467814,9.6e-05,0.9996744349871385
6696462,K01693.01,1,CANDIDATE,1.0,3.403743926,48.45203,10.77,2.74,-0.98,0.115663,14.71942,-0.0549809999999999,0.985,0.088,-0.079,5596,12.468497964935187,1586.7572476909015,-6.010734593383468,2542,6696462,3.404,0.99,0.9687094997735787,0.0018661856697091029,0.9999396072189777,0.99,0.009999396072189786
11570749,K01856.01,1,CANDIDATE,0.999,46.2991052,34.45179,4.33,1.59,-1.94,0.0262959999999999,0.000729,-0.000335,0.776,0.033,-0.032,5396,2.233237274603565,0.11336836424986255,-0.09638680081862797,2641,11570749,46.299,0.0057,0.9687094997738583,0.012774047677138432,0.9995820436609453,0.0057,0.9938844260120778
4157325,K01860.01,1,CANDIDATE,1.0,6.31943553,45.591755,2.71,0.39,-0.29,0.024241,1.7e-05,-0.002226,1.005,0.045,-0.043,5670,2.666244968930908,0.1193987448621698,-0.2701079866560062,2645,4157325,6.319,4.8e-05,0.9687094997738512,0.0025232435265739074,0.9999182899773911,4.8e-05,0.9998702938994721
4157325,K01860.02,2,CANDIDATE,1.0,12.20951755,32.03609,2.61,0.37,-0.28,0.023354,0.00261,-0.00208,1.005,0.045,-0.043,5670,2.568684666656179,0.3092549823985098,-0.25380682831498025,2646,4157325,12.21,0.00034,0.9687094997738583,0.009253821783626506,0.9996982983586233,0.00034,0.9993584009371814
4157325,K01860.03,3,CANDIDATE,1.0,3.07644709,22.377825,1.61,0.23,-0.17,0.0144199999999999,0.002262,-0.001063,1.005,0.045,-0.043,5670,1.586042343632005,0.25873243877080954,-0.13518489949312912,2647,4157325,3.076,6.4e-06,0.9687094997738583,0.01879416286450075,0.9993812975864487,6.4e-06,0.9993749015461442
10978763,K01931.01,1,CANDIDATE,1.0,4.97760447,27.2562,1.75,0.24,-0.24,0.0156819999999999,0.000138,-0.000908,0.775,0.036,-0.034,5361,1.3301070876856196,0.06288453930083934,-0.09662440147669286,2345,10978763,4.978,0.00012,0.9687094997738583,0.012604429414448151,0.9995876642757073,0.00012,0.9994677137559942
10978763,K01931.02,3,CANDIDATE,0.982,10.55840479,12.907277,1.41,0.2,-0.19,0.012634,0.0005549999999999,-0.000737,0.775,0.036,-0.034,5361,1.071583531808457,0.06851028695799209,-0.07821527394406669,2346,10978763,10.558,9.1e-05,0.9687094997738583,0.04782253476988627,0.998377690766822,9.1e-05,0.9982868383969623
10978763,K01931.03,2,CANDIDATE,0.967,6.98800953,16.144896,1.39,0.19,-0.19,0.012445,0.000664,-0.0005059999999999,0.775,0.036,-0.034,5361,1.0555530357255223,0.07467232298961148,-0.06313767247583739,2347,10978763,6.988,0.0002,0.9687094997738583,0.03433750391918013,0.9988514172103954,0.0002,0.9986516469269533
11069176,K02007.01,1,CANDIDATE,0.999,15.3789014,18.763317,2.94,0.38,-1.04,0.01252,0.000535,-0.000604,1.01,0.043,-0.041,5818,1.3839141769443744,0.0834783586966735,-0.08725517449540592,2044,11069176,15.379,0.0072,0.9687094997738583,0.031155784654369058,0.9989612675716515,0.0072,0.9917687464451356
11069176,K02007.02,2,CANDIDATE,0.974,21.1285655,15.73313,2.88,0.36,-1.02,0.012237,0.0005679999999999,-0.000724,1.01,0.043,-0.041,5818,1.3526324108041783,0.08519510597298004,-0.0970541281047711,2045,11069176,21.129,0.0024,0.9687094997738583,0.0441244413425099,0.9985089341962639,0.0024,0.9961125127541929
2449431,K02009.01,1,CANDIDATE,0.936,86.74908070000001,29.13543,2.23,0.31,-0.22,0.021098,0.000723,-0.000361,1.106,0.049,-0.046,5579,2.5537587672413795,0.14303709581568652,-0.1148513491323753,2047,2449431,86.749,0.023,0.9687094997738583,0.038040773931788764,0.998722644956648,0.023,0.9757520241226451
10864531,K02080.01,1,CANDIDATE,0.526,83.4887405,18.74674,2.95,0.93,-0.31,0.028709,0.000634,-0.001146,0.928,0.081,-0.073,5910,2.915744715328467,0.2625185582610547,-0.25720476069405857,3181,10864531,83.489,0.0011,0.9687094997738583,0.08650155187748006,0.9969413130340962,0.0011,0.9958446775897587
10864531,K02080.02,2,CANDIDATE,1.0,34.0607677,17.713583,2.96,0.94,-0.31,0.0288819999999999,0.003842,-0.002842,0.928,0.081,-0.073,5910,2.9333149489050996,0.4667011308914684,-0.369535155149068,3182,10864531,34.061,0.015,0.9687094997738583,0.04533915908850777,0.998465936631644,0.015,0.9834889475821693
12116380,K02155.01,1,CANDIDATE,1.0,4.3394569,27.19655,2.11,0.29,-0.29,0.019041,0.002636,-0.002527,0.808,0.038,-0.036,5325,1.6837769867858041,0.246182375285273,-0.23571677430640878,2846,12116380,4.339,2.5e-05,0.9687094997738583,0.012544697231257201,0.9995896431523147,2.5e-05,0.9995646534112358
5211199,K02158.01,1,CANDIDATE,0.944,4.5620407,20.322367,2.82,0.53,-0.98,0.010314,2.6e-05,-0.00211,0.936,0.04,-0.037,5332,1.0565411862572365,0.04522981788629444,-0.22014140005052965,2882,5211199,4.562,0.00072,0.9687094997738583,0.023021838068365115,0.999238843279973,0.00072,0.9985193913128114
5211199,K02158.02,2,CANDIDATE,1.0,6.68231249,10.110915,2.09,0.39,-0.72,0.007642,0.000278,-0.001592,0.936,0.04,-0.037,5332,0.7828279760885981,0.043933574856828785,-0.16599063515411708,2883,5211199,6.682,0.0014,0.9687094997738583,0.05713270767973679,0.9980427189840291,0.0014,0.9966454591774515
8804455,K02159.01,2,CANDIDATE,0.898,7.5966998,18.528349,1.32,0.2,-0.17,0.011117,0.00214,-0.000847,0.989,0.042,-0.04,5716,1.2032818138214196,0.23719895113427766,-0.10379411249171479,2884,8804455,7.597,8.4e-06,0.9687094997738583,0.028205091585012155,0.9990624987784178,8.4e-06,0.9990541066534281
11520459,K02226.01,1,CANDIDATE,1.0,8.46354384,21.742273,2.51,0.57,-0.29,0.025894,0.000831,-0.0011619999999999,0.871,0.07,-0.064,5427,2.4683159768751572,0.21360331595662552,-0.21251780855336408,3244,11520459,8.464,0.052,0.9687094997738583,0.021607154554656626,0.9992866490276977,0.052,0.9473237432782574
10600955,K02227.01,1,CANDIDATE,0.485,65.6480892,18.524363,3.93,0.57,-0.69,0.0288959999999999,0.000283,-0.006682,0.76,0.037,-0.034,5580,2.403448255726143,0.11935413104346757,-0.5660860328041166,3278,10600955,65.648,0.0046,0.9687094997738583,0.06790909647163203,0.9976466385778063,0.0046,0.9930574640403483
2854181,K02232.01,1,CANDIDATE,1.0,101.1323475,23.235922,3.87,0.5,-0.41,0.0348529999999999,0.001522,-0.000763,0.922,0.05,-0.047,5492,3.5168556500440378,0.24486707685449632,-0.19510861072462565,3283,2854181,101.132,0.074,0.9687094997738583,0.0774705442457897,0.9972874652379056,0.074,0.9234881928103006
2854181,K02232.02,2,CANDIDATE,0.999,12.834857,9.294816,1.73,0.22,-0.19,0.015581,0.000956,-0.001298,0.922,0.05,-0.047,5492,1.5722069228857285,0.12874388054105285,-0.15355041550284731,3284,2854181,12.835,0.073,0.9687094997738583,0.06700959782677743,0.9976800491578094,0.073,0.9248494055692893
11718144,K02310.01,1,CANDIDATE,1.0,16.4581861,20.33015,1.82,0.23,-0.09,0.018826,0.000948,-0.000612,0.922,0.043,-0.041,5476,1.8996449220362444,0.1303825676462976,-0.10463986528082699,2981,11718144,16.458,0.099,0.9687094997738583,0.027656786990616973,0.9990812421029924,0.099,0.9001721991347962
10132832,K02313.01,1,CANDIDATE,1.0,16.07673148,16.923792000000002,2.14,0.66,-0.22,0.020172,0.001031,-0.000637,1.107,0.09,-0.082,5957,2.443880893342562,0.2346902009708126,-0.19679183644585532,2983,10132832,16.077,0.0017,0.9687094997738583,0.03690182973872272,0.9987623544339054,0.0017,0.9970644584313677
6062929,K02315.01,1,CANDIDATE,0.994,22.1334224,14.530282,1.76,0.24,-0.13,0.022996,0.001555,-0.000686,0.866,0.073,-0.066,5165,2.1794838118550213,0.23552825775992836,-0.17837508185091583,2985,6062929,22.133,0.15,0.9687094997738583,0.049619094915376125,0.9983135631489608,0.15,0.8485665286766166
6429812,K02408.01,1,CANDIDATE,0.998,94.289223,17.739546,2.11,0.29,-0.08,0.021415,0.0055049999999999,-0.001134,0.928,0.04,-0.038,5619,2.174951167883212,0.5669042395180244,-0.1455891972617688,3381,6429812,94.289,0.0089,0.9687094997738583,0.10934083803376578,0.9960345744017773,0.0089,0.9871698666896015
9229657,K02491.01,1,CANDIDATE,1.0,2.66831274,20.38139,1.48,0.37,-0.13,0.015027,0.000538,-0.000535,0.866,0.075,-0.068,5806,1.4242086989365719,0.13346772697812098,-0.12278990958831495,3084,9229657,2.668,9.5e-05,0.9687094997738583,0.0222401017833932,0.9992652772346217,9.5e-05,0.9991703470332844
7673841,K02585.01,1,CANDIDATE,0.989,5.34182466,15.339475,0.95,0.14,-0.17,0.007643,0.000381,-0.000229,1.16,0.05,-0.047,5767,0.9702983759124086,0.0639432036657907,-0.04889544935909071,2788,7673841,5.342,9.5e-05,0.9687094997738583,0.035887082020655145,0.9987976547481082,9.5e-05,0.9987027689709072
7673841,K02585.02,2,CANDIDATE,1.0,10.42317343,8.874426,1.07,0.15,-0.19,0.008625,0.004353,-0.000956,1.16,0.05,-0.047,5767,1.0949657846715328,0.5546362265132235,-0.12922118431478022,2789,7673841,10.423,0.64,0.9687094997738583,0.06696283030798568,0.9976817845081103,0.64,0.3591654424229197
7673841,K02585.03,3,CANDIDATE,0.953,7.87845756,8.068526,0.78,0.11,-0.14,0.00628,0.0001629999999999,-0.000609,1.16,0.05,-0.047,5767,0.7972620437956204,0.040114172745776194,-0.08379108329690534,2790,7673841,7.878,0.026,0.9687094997738583,0.0689539755058278,0.9976077470017783,0.026,0.9716699455797321
9827149,K02586.01,1,CANDIDATE,1.0,2.131945045,19.880470000000003,1.66,0.5,-0.17,0.014975,0.000612,-0.000433,0.849,0.07,-0.063,5845,1.3914191523250692,0.128042284644054,-0.11081186632933993,2791,9827149,2.132,9.1e-06,0.9687094997738583,0.023041575974490285,0.9992381753066963,9.1e-06,0.9992290822393011
7211221,K01379.01,1,CANDIDATE,1.0,5.62154315,29.15205,1.37,0.17,-0.12,0.013022,0.001892,-0.0011279999999999,1.015,0.043,-0.041,5637,1.44652914689781,0.21892198539049562,-0.13825643723011996,1730,7211221,5.622,3.3e-05,0.9687094997738583,0.01076873744543124,0.9996483700143414,3.3e-05,0.9996153816181309
12120943,K01458.01,1,CANDIDATE,0.978,8.98128472,149.7421,7.19,1.95,-0.78,0.064401,0.00075,-0.001249,1.201,0.122,-0.108,5977,8.464846245862697,0.8655084868484738,-0.7787036682680316,1456,12120943,8.981,0.00024,2.12046301550609e-49,2.3642660712223605e-07,0.0,0.00024,0.0
10055126,K01608.01,1,CANDIDATE,1.0,9.17617167,29.118622,1.66,0.26,-0.24,0.01313,0.000393,-0.000295,1.157,0.051,-0.049,5903,1.6625761290271834,0.08858419846435105,-0.07970650455405642,2184,10055126,9.176,7e-07,0.9687094997738583,0.011421336156518497,0.9996268146140047,7e-07,0.9996261148752346
10055126,K01608.02,2,CANDIDATE,0.998,19.7383992,15.556038,1.61,0.26,-0.23,0.01279,0.002089,-0.000996,1.157,0.051,-0.049,5903,1.619523891108734,0.27398175539187275,-0.14356196635228405,2185,10055126,19.738,9.9e-05,0.9687094997738583,0.043861679566770444,0.9985182208457547,9.9e-05,0.998419367541891
10055126,K01608.03,3,CANDIDATE,0.96,232.040326,12.50597,2.05,0.33,-0.29,0.016278,0.000414,-0.001083,1.157,0.051,-0.049,5903,2.0611892024603575,0.10489501613152542,-0.1625603074509104,2186,10055126,232.04,0.1,0.9687094997738583,0.6071014051021295,0.950088604847424,0.1,0.8550797443626816
5009743,K01609.01,1,CANDIDATE,0.996,41.6980186,36.333233,2.03,0.31,-0.14,0.019191,0.000535,-0.0002819999999999,1.041,0.047,-0.044,5997,2.186410934227913,0.11601554974193222,-0.0978386189523416,2187,5009743,41.698,4.3e-05,0.9687094997738583,0.010062413448496654,0.9996716679403544,4.3e-05,0.999628682058633
6504954,K01790.01,1,CANDIDATE,0.999,130.3543929,112.924736,7.7,2.53,-0.84,0.06946,0.0035859999999999,-0.003026,1.09,0.09,-0.082,5970,8.285996252831612,0.8068934505662979,-0.7203259297081043,2249,6504954,130.354,0.0011,1.0259346062107234e-32,4.3987338322604074e-05,0.0,0.0011,0.0
3648437,K01861.01,1,CANDIDATE,1.0,17.50441726,38.407654,3.56,0.53,-0.73,0.0245349999999999,0.0007,-0.000308,1.047,0.047,-0.045,5815,2.811358305515342,0.14953481988568051,-0.1258806114357998,2683,3648437,17.504,0.001,0.9687094997738583,0.005714210426218359,0.9998143632552848,0.001,0.9988145488920296
7286173,K01862.01,1,CANDIDATE,0.359,56.4349933,39.83727,2.37,0.32,-0.28,0.021706,0.000675,-0.00032,0.964,0.042,-0.04,5534,2.290025341177951,0.12258073637586955,-0.10084107256661337,2684,7286173,56.435,0.0073,0.9687094997738579,0.009304950227727314,0.9996966157654387,0.0073,0.992398830470351
9595827,K00217.01,1,CANDIDATE,0.999,3.905081685,1576.37,12.78,0.85,-0.52,0.13191,0.000883,-0.000227,0.868,0.043,-0.04,5543,12.530860671406996,0.6264100028879608,-0.5778615075720348,573,9595827,3.905,0.025,0.0,7.80083255269602e-63,0.0,0.025,0.0
9072190,K01933.01,1,CANDIDATE,0.999,49.1011093,34.77833,3.28,0.77,-0.56,0.027082,0.003671,-0.000963,1.017,0.053,-0.05,5402,3.014290760414044,0.43774753819753354,-0.18289415457117034,2383,9072190,49.101,0.001,0.9687094997738583,0.012969021368890653,0.999575580460647,0.001,0.9985760048801864
6383785,K00239.01,1,CANDIDATE,1.0,5.640676975,127.45385,4.59,0.76,-0.69,0.034594,0.000677,-0.000453,1.123,0.058,-0.054,5798,4.25171350890385,0.23482513810719433,-0.21189093866046957,73,6383785,5.641,0.00074,7.730068629842288e-36,1.647604210886463e-06,0.0,0.00074,0.0
6383785,K00239.02,2,CANDIDATE,0.997,3.62275506,17.353693,1.62,0.27,-0.24,0.012192,0.000586,-0.000305,1.123,0.058,-0.054,5798,1.4984358877422603,0.10571811396804597,-0.08122067647883603,74,6383785,3.623,0.00039,0.9687094997738583,0.02937327447305349,0.9990224948240563,0.00039,0.9986328760510749
9205938,K02162.01,1,CANDIDATE,1.0,108.593113,20.233814,1.68,0.21,-0.21,0.016727,0.000707,-0.000466,0.922,0.041,-0.039,5678,1.6878445028630757,0.10355101931103233,-0.08548840230012898,2888,9205938,108.593,0.00013,0.9687094997738583,0.10976414066139217,0.9960173297953097,0.00013,0.9958878475424363
9205938,K02162.02,2,CANDIDATE,0.92,199.66876,11.090614,1.45,0.18,-0.18,0.014438,0.000867,-0.000597,0.922,0.041,-0.039,5678,1.4568720590863329,0.1088609891627637,-0.0861773100205995,2889,9205938,199.669,0.0012,0.9687094997738583,0.5222485524987339,0.9646902875605279,0.0012,0.9635326592154553
10723367,K02236.01,1,CANDIDATE,1.0,19.986591600000004,19.336584,4.22,0.69,-0.84,0.031224,0.000778,-0.007722,0.898,0.059,-0.055,5500,3.0686568786810975,0.21562721343021377,-0.7818353583270747,3288,10723367,19.987,0.097,0.9687094997738583,0.03182533770742955,0.9989382109178435,0.097,0.9020412044588128
10723367,K02236.02,2,CANDIDATE,0.959,12.12580644,11.8480015,2.5,0.41,-0.5,0.018511,0.002997,-0.002301,0.898,0.059,-0.055,5500,1.8192386459539391,0.3178700539419684,-0.2520996268499876,3322,10723367,12.126,0.0025,0.9687094997738583,0.05355259022148873,0.9981723082903877,0.0025,0.9956768775196618
10684670,K02317.01,1,CANDIDATE,0.996,3.78861833,14.822822,1.23,0.18,-0.14,0.010833,0.000523,-0.000492,1.07,0.049,-0.046,5556,1.268574497703247,0.08441437410612757,-0.07933288466594729,2987,10684670,3.789,0.0053,0.9687094997738583,0.036636815903449436,0.9987715807194509,0.0053,0.9934780913416379
5978559,K02321.01,1,CANDIDATE,0.99,95.6114617,17.0924,2.37,0.38,-0.13,0.020097,0.000877,-0.000576,0.995,0.052,-0.05,5993,2.1884557458941605,0.14900073421628163,-0.12660252135379493,2991,5978559,95.611,0.0013,0.9687094997738583,0.11718318567938746,0.9957124060303553,0.0013,0.9944179799025158
5978559,K02321.02,2,CANDIDATE,0.619,36.2530992,7.548021,1.43,0.23,-0.08,0.012116,0.000895,-0.001954,0.995,0.052,-0.05,5993,1.3193675582053863,0.11938572249452042,-0.22287005821615888,3025,5978559,36.253,0.87,0.9687094997738583,0.10824658277297776,0.9960790765799917,0.87,0.12949027995539894
5383248,K00261.01,1,CANDIDATE,1.0,16.23847733,177.37422,2.76,0.42,-0.24,0.025459,0.000265,-0.0020329999999999,0.945,0.04,-0.038,5683,2.6330348372608854,0.11477157582703447,-0.23541184794402076,247,5383248,16.238,0.00026,2.3588524704271442e-66,2.2382701329753397e-08,0.0,0.00026,0.0
9210387,K02416.01,1,CANDIDATE,1.0,5.90608902,11.781019,1.77,0.55,-0.19,0.016855,0.001118,-0.000732,0.948,0.084,-0.076,5966,1.7487210983513717,0.1935561468182352,-0.15944206077203546,2729,9210387,5.906,0.00077,0.9687094997738583,0.049050798171920984,0.9983338745132091,0.00077,0.9975651574298339
9480310,K01470.01,1,CANDIDATE,1.0,15.43400996,51.55364,4.3,1.27,-0.43,0.04136,0.003111,-0.002676,0.963,0.089,-0.08,5900,4.359034164359426,0.5194215981277874,-0.45899117314438576,1501,9480310,15.434,0.0017,0.9687094997022432,0.0017124396219718395,0.9999445912239658,0.0017,0.9982446854188851
9651668,K00183.01,1,CANDIDATE,0.995,2.684328541,2803.75,12.73,1.6,-1.45,0.121923,4.6e-05,-8.499999999999999e-05,0.99,0.046,-0.044,5561,13.21004480068588,0.6138202957785116,-0.5871853287695454,463,9651668,2.684,0.0013,0.0,1.517326752250621e-110,0.0,0.0013,0.0
7386827,K01704.01,1,CANDIDATE,1.0,10.4188915,36.838640000000005,3.17,0.93,-0.57,0.027287,0.001384,-0.003647,0.851,0.065,-0.059,5692,2.541375311619053,0.2330116410976607,-0.38264289548910696,2587,7386827,10.419,0.025,0.9687094997738583,0.005873510559502736,0.9998091575184691,0.025,0.9748139285805073
7626370,K01706.01,1,CANDIDATE,1.0,1.921437488,40.189835,1.77,0.41,-0.24,0.019017,0.000574,-0.003352,0.827,0.036,-0.034,5238,1.7211985505757612,0.09117444637866318,-0.3115274287319346,2589,7626370,1.921,4.9e-05,0.9687094997738583,0.003809850207052082,0.9998764665401906,4.9e-05,0.9998274725933302
7703955,K01707.01,1,CANDIDATE,0.998,96.109323,21.122614,4.01,0.54,-0.54,0.0365329999999999,0.0009539999999999,-0.008185,1.049,0.058,-0.055,5792,4.194153111140813,0.2564605739065368,-0.9650628605854865,2590,7703955,96.109,0.12,0.9687094997738583,0.08558054047775554,0.9969769278480098,0.12,0.8773396965062487
7703955,K01707.02,2,CANDIDATE,0.995,265.47847,15.090573,4.2,0.57,-0.57,0.038304,0.099656,-0.008892,1.049,0.058,-0.055,5792,4.397471895796627,11.443541374459572,-1.0465549267251986,2591,7703955,265.478,0.49,0.9687094997738583,0.6663469585734242,0.935490410383232,0.49,0.4771001092954483
7750419,K01708.01,1,CANDIDATE,1.0,32.7737631,18.888723,5.0,0.78,-1.17,0.029843,0.0010689999999999,-0.008458,1.225,0.06,-0.057,5640,4.000939859284546,0.24277925287693106,-1.1491130898335653,2592,7750419,32.774,0.67,0.9687094997738583,0.04021920354087146,0.9986464311317013,0.67,0.3295533222734614
9520838,K01866.01,1,CANDIDATE,1.0,105.3035093,29.1751,3.18,0.38,-0.19,0.033268,0.00122,-0.000535,0.908,0.044,-0.041,5534,3.3059478386609613,0.20090315556850666,-0.15846203948172996,2688,9520838,105.304,0.0026,0.9687094997738583,0.05022331990318804,0.9982919410214137,0.0026,0.995696381974758
7045496,K01939.01,1,CANDIDATE,1.0,13.47472742,29.437103000000004,1.96,0.33,-0.15,0.02444,0.001051,-0.0007099999999999,0.839,0.067,-0.06,5395,2.244122799521772,0.20354104208545,-0.1732217958044434,2389,7045496,13.475,0.0012,0.9687094997738583,0.011880230227779032,0.999611640247384,0.0012,0.9984121062790872
2832589,K01942.01,1,CANDIDATE,1.0,10.84969477,34.495014000000005,2.67,0.38,-0.21,0.031398,0.003218,-0.001247,0.863,0.068,-0.061,5251,2.9654884473005283,0.38337424175737267,-0.24043388053553552,2392,2832589,10.85,0.0036,0.9687094997738583,0.007282709165112667,0.9997630338417371,0.0036,0.9961638869199069
2832589,K01942.02,2,CANDIDATE,1.0,2.4337034980000003,7.266451400000001,1.66,0.24,-0.12,0.019596,0.010984,-0.004758,0.863,0.068,-0.061,5251,1.8508093385980366,1.0476204944292105,-0.4680399318362001,2393,2832589,2.434,0.34,0.9687094997738583,0.0680120432723318,0.9976428106544659,0.34,0.6584442550319475
8750043,K02017.01,1,CANDIDATE,1.0,2.29503515,28.85266,1.18,0.16,-0.08,0.011933,0.00098,-0.000565,0.87,0.037,-0.035,5637,1.1361936268248174,0.10507943293511494,-0.07059272150974272,2090,8750043,2.295,0.00086,0.9687094997738583,0.010494073905535787,0.9996574336768924,0.00086,0.9987977282839303
6226290,K02019.01,1,CANDIDATE,1.0,14.08826442,26.002214,2.66,0.77,-0.26,0.027205,0.00089,-0.000653,0.923,0.08,-0.072,5853,2.7481085727881953,0.2545912583733206,-0.22428935704378214,2126,6226290,14.088,0.00086,0.9687094997738583,0.016236106458556006,0.9994668984334404,0.00086,0.9986073569007876
6922710,K02087.01,1,CANDIDATE,0.997,23.1274171,25.366087,1.44,0.23,-0.13,0.012395,0.002267,-0.001016,1.014,0.042,-0.04,5865,1.3755232697269064,0.2579489173624729,-0.1251269931407922,3224,6922710,23.127,8.3e-06,0.9687094997738583,0.019768507190519185,0.9993485753760128,8.3e-06,0.9993402807828373
7204981,K02164.01,1,CANDIDATE,1.0,5.123320400000001,21.682825,1.65,0.17,-0.2,0.015347,0.00052,-0.000565,0.819,0.044,-0.041,5356,1.3755958296784545,0.08737276465244316,-0.08548034717436113,2926,7204981,5.123,6.7e-05,0.9687094997738583,0.02062058533589941,0.9993199059663168,6.7e-05,0.9992529515326171
4370527,K02166.01,1,CANDIDATE,0.997,61.6174528,14.842745,3.36,0.41,-0.2,0.033006,0.0017,-0.001277,0.854,0.053,-0.05,5480,3.084851209224767,0.24879282230416316,-0.2164849253610066,2928,4370527,61.617,0.014,0.9687094997738583,0.08660851573029994,0.9969371721677518,0.014,0.9829800517574032
6041734,K02167.01,1,CANDIDATE,1.0,24.3398202,20.40939,5.09,0.85,-1.13,0.031817,0.000198,-0.006305,0.957,0.059,-0.055,5597,3.332380783302919,0.2064885686900035,-0.6875705120323569,2929,6041734,24.34,0.18,0.9687094997738583,0.031013839837742373,0.9989661514738748,0.18,0.8191522442085774
6041734,K02167.03,2,CANDIDATE,0.998,76.53695309999999,12.341184,3.73,0.63,-0.83,0.023329,0.00104,-0.000877,0.957,0.059,-0.055,5597,2.443382823448905,0.18589302822581272,-0.16779756098576631,2930,6041734,76.537,0.024,0.9687094997738583,0.13020741690227142,0.9951645269112211,0.024,0.9712805782653519
5005121,K02237.01,1,CANDIDATE,0.994,76.421501,17.667220999999998,2.81,0.42,-0.51,0.021656,0.001009,-0.001096,1.241,0.075,-0.069,5561,2.941260427762397,0.22444795627932249,-0.22113741789920494,3323,5005121,76.422,0.0043,0.9687094997738583,0.08526739771142154,0.9969890205044203,0.0043,0.9927019677162513
9336200,K02242.01,1,CANDIDATE,0.999,1.755843555,22.947691,1.94,0.44,-0.17,0.021444,0.000875,-0.003627,0.821,0.072,-0.065,5569,1.9267812494966021,0.18636954870874134,-0.35982815139432983,3327,9336200,1.756,3.3e-05,0.9687094997738583,0.01751313456439189,0.999424220658291,3.3e-05,0.9993912396590092
10730703,K02327.01,1,CANDIDATE,1.0,5.60013327,20.543076,1.73,0.2,-0.22,0.01622,0.0007559999999999,-0.000491,0.91,0.049,-0.046,5279,1.6153837056380569,0.11504230145931373,-0.0951788238514045,3028,10730703,5.6,5.9e-05,0.9687094997738583,0.022949360968332937,0.999241295829724,5.9e-05,0.99918234059327
8007644,K02328.01,1,CANDIDATE,0.407,25.2034128,19.676186,2.42,0.67,-0.24,0.024063,0.001062,-0.000714,0.978,0.089,-0.08,5831,2.5755624307513214,0.2604910549507396,-0.22411252076558977,3029,8007644,25.203,0.00011,0.9687094997738583,0.03348236156887669,0.9988810124740641,0.00011,0.9987711355626919
7107802,K02420.01,1,CANDIDATE,0.996,10.41728722,17.48328,1.64,0.24,-0.26,0.013087,0.000594,-0.000396,1.07,0.051,-0.048,5559,1.5325241808771708,0.10086681268048665,-0.08292658233488855,2733,7107802,10.417,4.8e-05,0.9687094997738583,0.03224559634955059,0.9989237226411518,4.8e-05,0.998875774302465
7107802,K02420.02,2,CANDIDATE,0.991,5.4675514000000005,8.626607,1.07,0.15,-0.17,0.008485,0.000595,-0.000539,1.07,0.051,-0.048,5559,0.9936171524981122,0.08424768530244645,-0.07727048485604564,2734,7107802,5.468,0.00088,0.9687094997738583,0.06352719811917223,0.9978087926307388,0.00088,0.9969307208932238
8110767,K02504.01,1,CANDIDATE,0.96,20.49041,17.465052,2.34,0.67,-0.22,0.023227,0.001089,-0.000701,0.821,0.073,-0.066,5681,2.086986946561163,0.20978380933214663,-0.17920609533887102,3130,8110767,20.49,0.00014,0.9687094997738583,0.03768159963444222,0.9987351777749648,0.00014,0.9985953548500762
11133306,K00276.01,1,CANDIDATE,0.999,41.74598855,92.42659,2.4,0.12,-0.13,0.018741,0.000401,-0.000169,1.199,0.053,-0.05,5978,2.459208772700101,0.12077140460952435,-0.10492284117194937,302,11133306,41.746,0.0051,2.1768248021747146e-16,6.724669849556452e-05,0.0,0.0051,0.0
7761545,K01472.01,1,CANDIDATE,0.936,85.3514875,143.4172,6.31,0.86,-0.36,0.06161,0.000734,-0.000302,0.963,0.049,-0.046,5584,6.49323246775107,0.3393284008104231,-0.3117936068078483,1503,7761545,85.351,1.7e-06,4.909786029770684e-49,1.4036539225189732e-06,0.0,1.7e-06,0.0
7499398,K01473.01,1,CANDIDATE,1.0,23.02028478,99.735855,7.58,2.11,-0.71,0.072584,0.000288,-0.0073849999999999,0.96,0.082,-0.074,5613,7.6259786760634265,0.6520880907978472,-0.9734321967057971,1504,7499398,23.02,0.024,6.073994052457642e-20,2.5954445499589546e-05,0.0,0.024,0.0
5088591,K01801.01,1,CANDIDATE,1.0,14.5324483,65.03483,3.11,0.5,-0.37,0.033083,0.0018899999999999,-0.001416,0.727,0.055,-0.05,5345,2.6322234353290965,0.249536440700857,-0.21322752515482896,2328,5088591,14.532,0.00099,0.9603442031317769,0.000505826501573845,0.9999791021756403,0.00099,0.9989891228644864
11298298,K01802.01,1,CANDIDATE,1.0,5.248667607,94.72536,2.84,0.43,-0.2,0.0256899999999999,0.000104,-0.002966,0.995,0.042,-0.04,5812,2.7975035135602715,0.11862739876190026,-0.3420012717639615,2329,11298298,5.249,0.023,3.973278535797379e-16,3.062925940215394e-05,0.0,0.023,0.0
2438513,K01944.01,1,CANDIDATE,1.0,12.18420006,25.758984,2.59,0.39,-0.29,0.022196,0.005909,-0.0019089999999999,0.893,0.039,-0.037,5771,2.1692501226403222,0.585215125220405,-0.2070905748265424,2428,2438513,12.184,0.029,0.9687094997738583,0.01610060776301826,0.9994714202453188,0.029,0.9704867490582045
11656918,K01945.01,1,CANDIDATE,0.992,62.13859789999999,29.333271000000003,5.14,0.83,-2.47,0.029043,0.003176,-0.002375,0.926,0.043,-0.041,5123,2.9433093982192298,0.3496828108985951,-0.2737056856531796,2430,11656918,62.139,0.037,0.9687094997738583,0.025618093769746296,0.9991507480601347,0.037,0.9621821703819097
10844890,K01946.01,1,CANDIDATE,1.0,8.29482811,35.33945,2.76,0.79,-0.34,0.026936,0.001291,-0.00506,0.95,0.072,-0.065,5773,2.800529580921218,0.2511308134794173,-0.559896346792604,2431,10844890,8.295,0.0013,0.9687094997738583,0.0064892532649610465,0.999789020090148,0.0013,0.9984892943640309
8564674,K02022.01,1,CANDIDATE,1.0,5.92972237,30.503193,1.92,0.29,-0.1,0.018387,0.0016589999999999,-0.001227,0.986,0.048,-0.045,5739,1.9841351304744526,0.2034175575929644,-0.16040924285465166,2129,8564674,5.93,0.0025,0.9687094997738583,0.009601454044219984,0.9996868546545131,0.0025,0.9971876375178769
8564674,K02022.02,2,CANDIDATE,1.0,12.2476121,23.213758,1.9,0.28,-0.1,0.018189,0.001951,-0.001605,0.986,0.048,-0.045,5739,1.9627690155109487,0.23120023158371564,-0.19498938633247895,2130,8564674,12.248,0.00016,0.9687094997738583,0.020149242825609114,0.9993357711335308,0.00016,0.9991758774101493
8578780,K02023.01,1,CANDIDATE,0.999,13.59051547,22.137232,2.4,0.61,-0.33,0.022536,0.0008119999999999,-0.000696,0.958,0.075,-0.068,5442,2.362793670022653,0.2036294572939279,-0.18290142607095478,2131,8578780,13.591,0.031,0.9687094997738583,0.02260454156233016,0.999252959178342,0.031,0.9682761174438134
4544907,K02024.01,1,CANDIDATE,0.99,46.8776724,28.888874,2.62,0.35,-0.23,0.024183,0.002284,-0.0031579999999999,1.149,0.056,-0.053,5501,3.040980674537503,0.3231968724564924,-0.42116021568521156,2132,4544907,46.878,0.00015,0.9687094997738583,0.021017490368992874,0.9993065344810783,0.00015,0.9991566385009062
5705819,K02091.01,1,CANDIDATE,1.0,8.77997349,25.702608,2.12,0.3,-0.16,0.025421,0.007993,-0.00077,0.982,0.09,-0.081,5191,2.732043274194563,0.8947714858798183,-0.24006576314722886,3228,5705819,8.78,0.022,0.9687094997738583,0.015341655713959398,0.9994967247026051,0.022,0.9775077967591478
9458343,K02246.01,1,CANDIDATE,1.0,11.89520436,19.004755,1.33,0.2,-0.13,0.012286,0.000593,-0.000328,0.941,0.041,-0.039,5649,1.2652711046753082,0.08227221241735665,-0.06237726433722851,3366,9458343,11.895,4.9e-05,0.9687094997738583,0.028918101253345846,0.9990380934931671,4.9e-05,0.998989140626586
11360805,K02422.01,1,CANDIDATE,1.0,26.7838935,18.662968,1.59,0.12,-0.08,0.017057,0.001005,-0.0004639999999999,0.785,0.035,-0.033,5243,1.4653985647652905,0.10827587382973548,-0.07337550520685601,2737,11360805,26.784,0.00048,0.9687094997738583,0.0374271507954461,0.9987440507043125,0.00048,0.9982646535599744
11360805,K02422.02,2,CANDIDATE,0.852,57.3888262,7.999897,1.88,0.14,-0.1,0.020101,0.004406,-0.00359,0.785,0.035,-0.033,5243,1.7269142610275612,0.3862791619010562,-0.3168522300775872,2772,11360805,57.389,0.017,0.9687094997738583,0.13986772173984868,0.9947474378186477,0.017,0.9778367313757307
8081899,K02426.01,1,CANDIDATE,0.986,4.16056658,14.0594635,0.7,0.14,-0.06,0.007855,0.000466,-0.000312,0.941,0.04,-0.038,5481,0.8089455092971305,0.05903869910066117,-0.045821064656098254,2776,8081899,4.161,0.003,0.9687094997738583,0.03933960923092499,0.9986772459362774,0.003,0.9956812141984686
10068659,K02602.01,1,CANDIDATE,0.993,11.47685263,14.501732,1.58,0.21,-0.18,0.01398,0.000849,-0.0004849999999999,0.935,0.049,-0.046,5550,1.43054735244148,0.11475200069345783,-0.08611839659785918,2877,10068659,11.477,0.0028,0.9687094997738583,0.042337330702691786,0.9985719945601202,0.0028,0.9957759929753519
8935810,K01395.01,1,CANDIDATE,1.0,6.230335,31.010340000000003,3.7,0.74,-0.31,0.0391959999999999,0.0035399999999999,-0.004581,0.973,0.091,-0.082,5477,4.17386160577648,0.5426633225136317,-0.6014116167370208,1813,8935810,6.23,2.1e-05,0.9687094997738583,0.009223242888020441,0.9996993046008261,2.1e-05,0.9996783109154295
9455556,K01396.01,1,CANDIDATE,1.0,6.62643441,32.735558000000005,2.54,0.31,-0.12,0.025799,0.000709,-0.000495,0.935,0.062,-0.057,5623,2.639963601261641,0.1894949691260672,-0.16872171311918122,1814,9455556,6.626,3e-06,0.9687094997738583,0.007964659949873975,0.9997406662487834,3e-06,0.9997376670267847
9455556,K01396.02,2,CANDIDATE,0.992,3.70122061,15.119538,1.62,0.19,-0.08,0.016399,0.000707,-0.000634,0.935,0.062,-0.057,5623,1.6780791153567833,0.13272444363772654,-0.12113708142690544,1815,9455556,3.701,1.4e-05,0.9687094997738583,0.03566621748843143,0.9988053281800221,1.4e-05,0.9987913449054276
9269281,K01398.01,1,CANDIDATE,1.0,5.82348911,33.193825,3.0,0.87,-0.28,0.031846,0.001411,-0.004256,0.725,0.064,-0.058,5774,2.52683191149635,0.2495780424833186,-0.3935737903593917,1817,9269281,5.823,0.00011,0.9687094997738583,0.007550994420850952,0.9997542379076619,0.00011,0.9996442649414921
12406749,K01476.01,1,CANDIDATE,0.999,56.35879870000001,39.809235,5.04,0.96,-0.52,0.056204,0.000786,-0.0027559999999999,0.728,0.061,-0.055,5446,4.477979077271582,0.38040532300596847,-0.4033218836219877,1509,12406749,56.359,0.035,0.9687094997738579,0.00931690003338919,0.9996962224825579,0.035,0.9647068546956683
12403119,K01478.01,1,CANDIDATE,0.961,76.13622222,280.73087000000004,4.78,0.6,-0.31,0.049061,0.0005269999999999,-0.000172,0.941,0.04,-0.038,5591,5.052536681301912,0.2215243375656775,-0.20480188115743453,1511,12403119,76.136,3.2e-06,3.0357685094139916e-131,5.582491420801578e-12,0.0,3.2e-06,0.0
9836959,K01715.01,1,CANDIDATE,0.855,105.0145774,25.757719,2.29,0.32,-0.28,0.0201569999999999,0.000726,-0.004354,1.168,0.05,-0.047,5868,2.576630802164598,0.1441483193585362,-0.5661387456321924,2634,9836959,105.015,0.0045,0.9687094997738583,0.06660379855344226,0.9976951009081814,0.0045,0.9932054729540946
4644952,K01805.01,1,CANDIDATE,1.0,6.94135824,80.585655,2.96,0.33,-0.23,0.030784,0.000461,-0.004264,0.848,0.036,-0.035,5527,2.85696130480745,0.1286109533790165,-0.4129223630603353,2334,4644952,6.941,0.012,1.0739510735040021e-07,0.00011151696298005912,0.0,0.012,0.0
4644952,K01805.02,3,CANDIDATE,1.0,31.7821117,27.72263,2.08,0.23,-0.16,0.021609,0.0009539999999999,-0.000587,0.848,0.036,-0.035,5527,2.0054598764158067,0.12283032740608524,-0.09909132706554137,2335,4644952,31.782,0.00051,0.9687094997738583,0.018401346419375766,0.9993944714915685,0.00051,0.9988847803111077
4644952,K01805.03,2,CANDIDATE,1.0,4.36273233,39.210094,1.76,0.2,-0.14,0.01828,0.003118,-0.0016359999999999,0.848,0.036,-0.035,5527,1.6965063881198086,0.29819931466419514,-0.16719990377101893,2336,4644952,4.363,3.1e-05,0.9687094997738583,0.004321300110079677,0.9998598109284585,3.1e-05,0.9998288152743198
7747425,K01952.01,1,CANDIDATE,0.997,8.010392900000001,29.24046,1.88,0.27,-0.27,0.0154729999999999,0.000569,-0.000281,1.213,0.057,-0.054,5615,2.0540867542316756,0.12256643282006907,-0.0987594494133467,2437,7747425,8.01,8.9e-06,0.9687094997738583,0.011093834564708128,0.9996376355803168,8.9e-06,0.9996287388053602
7747425,K01952.02,2,CANDIDATE,0.967,27.6666375,20.440506,2.04,0.3,-0.29,0.016826,0.004971,-0.000575,1.213,0.057,-0.054,5615,2.233701526963252,0.6682104669053526,-0.12535907226210258,2471,7747425,27.667,0.015,0.9687094997738583,0.0325526138126005,0.9989131303596467,0.015,0.983929433404252
7747425,K01952.03,4,CANDIDATE,1.0,5.19559398,14.557533,1.18,0.17,-0.17,0.009719,0.000616,-0.00032,1.213,0.057,-0.054,5615,1.2902261464730684,0.10179957561002187,-0.07144051583963888,2472,7747425,5.196,0.00078,0.9687094997738583,0.038294639937637286,0.9987137810576924,0.00078,0.9979347843084674
7747425,K01952.04,3,CANDIDATE,1.0,42.4729078,16.694304000000002,2.03,0.29,-0.29,0.016741,0.000567,-0.00065,1.213,0.057,-0.054,5615,2.2224175242417568,0.12873252655528328,-0.13127981750541817,2473,7747425,42.473,0.0015,0.9687094997738583,0.05608772428737436,0.9980806457778748,0.0015,0.9965835248092081
11923284,K02026.01,1,CANDIDATE,1.0,2.757977384,32.95179,1.69,0.25,-0.13,0.015478,0.000212,-0.002304,1.001,0.043,-0.04,5919,1.6956350120500878,0.07645248626069781,-0.2613426578954631,2136,11923284,2.758,6.5e-05,0.9687094997738583,0.007350590874955225,0.9997608087380898,6.5e-05,0.9996958242855218
7102316,K02028.01,1,CANDIDATE,0.998,57.24885179999999,27.801964,3.19,0.88,-0.29,0.034581,0.001352,-0.000618,0.765,0.068,-0.062,5642,2.895225789784168,0.2811468446936545,-0.2402826279683854,2218,7102316,57.249,2.9e-05,0.9687094997738583,0.027135445640136948,0.9990990441175694,2.9e-05,0.99907007024529
7102316,K02028.02,2,CANDIDATE,1.0,37.055172600000006,22.671307,3.19,0.88,-0.29,0.034562,0.004149,-0.005407,0.765,0.068,-0.062,5642,2.8936350523848478,0.4322287807933667,-0.5098300871856214,2219,7102316,37.055,7.2e-05,0.9687094997738583,0.031010881847431972,0.998966253234372,7.2e-05,0.9988943276641392
7102316,K02028.03,3,CANDIDATE,0.985,142.545,11.702783,2.52,0.69,-0.23,0.02727,0.001603,-0.0010609999999999,0.765,0.068,-0.062,5642,2.2831267831298767,0.24330700740114733,-0.2052553319239924,2220,7102316,142.545,0.001,0.9687094997738583,0.3064717986392334,0.9857260116242152,0.001,0.9847402856125911
8505920,K02094.01,1,CANDIDATE,0.974,42.426964700000006,19.70963,3.44,0.55,-0.45,0.031124,0.001898,-0.010655,1.012,0.055,-0.052,5329,3.447143594512962,0.2815806953907816,-1.1933150092820453,3268,8505920,42.427,0.48,0.9687094997738583,0.043416980638837914,0.9985339259794622,0.48,0.5192376415093204
8505920,K02094.02,2,CANDIDATE,0.998,198.680859,12.916696,2.79,0.45,-0.36,0.0252419999999999,0.005279,-0.002498,1.012,0.055,-0.052,5329,2.795681744399687,0.6040961220265124,-0.31173720033031505,3269,8505920,198.681,0.00064,0.9687094997738583,0.4812513286093856,0.9700336469817461,0.00064,0.9694128254476778
7918992,K02095.01,1,CANDIDATE,0.998,1.434745129,20.247503,1.5,0.23,-0.13,0.012886,0.000463,-0.0003779999999999,1.041,0.051,-0.049,5808,1.4680887550654416,0.08919350588196814,-0.08142388260594614,3270,7918992,1.435,2.9e-06,0.9687094997738583,0.022074744137601278,0.9992708632913835,2.9e-06,0.9992679654058799
11410904,K02171.01,1,CANDIDATE,0.996,3.53232429,18.387432,1.43,0.21,-0.07,0.013699,0.000608,-0.0009699999999999,0.979,0.05,-0.047,5775,1.4677598822835387,0.09931253927697872,-0.12556486252064683,2971,11410904,3.532,0.00012,0.9687094997738583,0.026815862480004376,0.9991099473540657,0.00012,0.9989900541603831
4173026,K02172.01,1,CANDIDATE,1.0,10.44087398,25.988503,3.41,0.98,-0.49,0.031855,0.003781,-0.005949,0.809,0.063,-0.057,5738,2.820392730855147,0.4003828607301218,-0.5629543786612664,2972,4173026,10.441,0.053,0.9687094997738583,0.015354374036024703,0.9994963009784288,0.053,0.946522997026572
4173026,K02172.02,2,CANDIDATE,0.991,116.583183,14.992003,2.91,0.83,-0.42,0.027148,0.000712,-0.003215,0.809,0.063,-0.057,5738,2.4036421866977093,0.19751127611306765,-0.33122069750648225,2973,4173026,116.583,0.021,0.9687094997738583,0.1816415589094197,0.9928304714010538,0.021,0.9719810315016317
8099138,K02338.01,1,CANDIDATE,0.998,66.18436460000001,18.156345,2.72,0.37,-0.21,0.025433,0.001447,-0.004219,0.96,0.048,-0.045,5641,2.6720973722627734,0.20239252735646418,-0.4606226933723559,3072,8099138,66.184,0.0031,0.9687094997738583,0.07056450866446246,0.9975476298750248,0.0031,0.9944552322224122
8681734,K02340.01,1,CANDIDATE,1.0,7.68478504,17.893642,1.47,0.13,-0.11,0.014831,0.000701,-0.0005269999999999,0.889,0.041,-0.039,5344,1.4429645161559275,0.09529079789995833,-0.0814626871538556,3074,8681734,7.685,0.003,0.9687094997738583,0.02984075580674149,0.9990064591230375,0.003,0.9960094397456685
7047363,K02432.01,1,CANDIDATE,1.0,31.0572947,12.803437,1.85,0.34,-0.14,0.023111,0.0008869999999999,-0.001402,0.757,0.066,-0.06,5395,1.914688252564183,0.18239320702703465,-0.19110733785821926,2781,7047363,31.057,0.037,0.9687094997738583,0.06553086230933984,0.9977348348701381,0.037,0.960818645979943
8947520,K02517.01,1,CANDIDATE,0.98,0.968527683,16.33386,1.21,0.16,-0.05,0.012523,0.000132,-0.002737,0.987,0.053,-0.05,5592,1.3527233569877923,0.07402484402984545,-0.3034862064951315,3175,8947520,0.969,0.00026,0.9687094997738583,0.03080016279992051,0.9989735007725112,0.00026,0.9987137676623103
5095635,K02607.01,1,CANDIDATE,1.0,0.7544577290000001,21.0376,2.07,0.32,-0.4,0.01586,0.000356,-0.001566,0.949,0.045,-0.042,5561,1.647224719670274,0.08641793096621231,-0.17823607377305317,2881,5095635,0.754,0.069,0.9687094997738583,0.020384551012575882,0.9993278526790068,0.069,0.9303742308441554
9597806,K01481.01,1,CANDIDATE,1.0,5.101375725,45.956264,2.84,0.88,-0.3,0.027246,0.000643,-0.000359,0.859,0.07,-0.063,5869,2.561411598571608,0.21730656536279686,-0.19086434747767309,1548,9597806,5.101,1.4e-05,0.9687094997738478,0.0023957159472592954,0.9999224296116609,1.4e-05,0.9999084306976463
7898352,K01486.01,1,CANDIDATE,1.0,127.2824442,116.552216,12.04,1.87,-2.06,0.093207,0.000529,-0.001037,1.08,0.07,-0.065,5733,11.016806992826577,0.716784650612839,-0.6742825320433361,1553,7898352,127.282,0.29,9.264478699994722e-35,3.027766749302039e-05,0.0,0.29,0.0
7898352,K01486.02,2,CANDIDATE,1.0,30.1837021,29.342370000000003,3.65,0.57,-0.62,0.028292,0.000897,-0.000436,1.08,0.07,-0.065,5733,3.3440353561540404,0.24128488577238116,-0.20775441573201547,1554,7898352,30.184,4.8e-05,0.9687094997738583,0.015567203686109051,0.9994892087118923,4.8e-05,0.9994412332298741
8240797,K01809.01,1,CANDIDATE,0.371,13.09390911,54.010967,2.2,0.34,-0.12,0.021118,6e-06,-0.002473,0.993,0.042,-0.04,5772,2.295014795463126,0.0970723022117982,-0.2842110503000252,2375,8240797,13.094,0.0069,0.9687094980827226,0.0013247138168131767,0.999957153363517,0.0069,0.9930574490053087
8240797,K01809.02,2,CANDIDATE,0.404,4.915385452,52.813473,1.46,0.23,-0.08,0.0140069999999999,0.002007,-0.000334,0.993,0.042,-0.04,5772,1.5222214338503541,0.227416480579662,-0.0712560932994546,2376,8240797,4.915,0.00018,0.9687094996361029,0.0012946754017999229,0.9999581261897537,0.00018,0.9997781337270395
4035640,K01881.01,1,CANDIDATE,1.0,28.26727385,35.768566,2.93,0.16,-0.26,0.030268,0.001199,-0.000528,0.747,0.034,-0.032,5132,2.4745018495469417,0.14930957351044502,-0.11445459855728335,2075,4035640,28.267,0.0041,0.9687094997738583,0.008561511620659039,0.9997210646072335,0.0041,0.9956222082423439
3120355,K02099.01,1,CANDIDATE,0.995,78.0998908,20.047245,3.37,0.57,-0.56,0.024047,0.000204,-0.00141,1.165,0.076,-0.07,5779,3.065986825682733,0.20169696960465483,-0.2574039974489244,3275,3120355,78.1,0.003,0.9687094997738583,0.07190402210316954,0.9974974702964051,0.003,0.994504977885516
7620413,K02103.01,1,CANDIDATE,0.999,2.543063763,22.322142000000003,1.26,0.18,-0.14,0.011173,0.0004309999999999,-0.00031,1.211,0.059,-0.056,5580,1.4808033817486788,0.09202077275022645,-0.07985642763182343,3312,7620413,2.543,7.1e-07,0.9687094997738583,0.018729759281724347,0.9993834582155636,7.1e-07,0.9993827486533082
7620413,K02103.02,2,CANDIDATE,0.994,3.66520844,8.112807,0.82,0.12,-0.09,0.007315,0.00044,-0.000596,1.211,0.059,-0.056,5580,0.9694868645387618,0.07504424882125423,-0.09082597185079891,3313,7620413,3.665,0.00072,0.9687094997738583,0.0645583779529633,0.9977707700579328,0.00072,0.997052375103491
7672097,K02255.01,1,CANDIDATE,0.996,7.97033985,20.173883,1.81,0.44,-0.15,0.0202259999999999,0.000869,-0.000551,0.729,0.063,-0.057,5774,1.6136932667065111,0.15573872416439674,-0.1336124594260493,2717,7672097,7.97,0.00013,0.9687094997738583,0.02458710931355142,0.9991857871940952,0.00013,0.99905589304176
9071593,K02257.01,1,CANDIDATE,1.0,32.563524900000004,21.8976,2.05,0.15,-0.12,0.021865,0.000656,-0.000947,0.813,0.045,-0.043,5229,1.9454652728574124,0.1224843210439653,-0.13299458040918588,2719,9071593,32.564,0.00029,0.9687094997738583,0.030944125991974325,0.9989685495976574,0.00029,0.9986788487182741
9071593,K02257.02,2,CANDIDATE,0.514,59.284064,10.66435,1.81,0.13,-0.11,0.0193,0.000286,-0.0017739999999999,0.813,0.045,-0.043,5229,1.7172412424490309,0.0983977170879541,-0.18210985945649225,2720,9071593,59.284,0.0021,0.9687094997738583,0.11689937232651729,0.9957241650463736,0.0021,0.9936331442997762
8561231,K02346.01,1,CANDIDATE,0.999,28.6853212,18.835445,2.69,0.64,-0.23,0.029427,4.9e-05,-0.005577,0.889,0.079,-0.071,5726,2.8630649866442233,0.25446775977788755,-0.5888189948323906,3114,8561231,28.685,0.0083,0.9687094997738583,0.037962960538387186,0.9987253609258754,0.0083,0.9904359404301907
7778767,K02523.01,1,CANDIDATE,0.998,13.0313583,16.700882,2.88,0.43,-0.4,0.024587,0.005876,-0.003054,1.08,0.07,-0.065,5513,2.90611470739995,0.7196156429290715,-0.4011161913893987,3215,7778767,13.031,0.00013,0.9687094997738583,0.03590501046647254,0.9987970317110738,0.00013,0.9986671880969514
7778767,K02523.02,2,CANDIDATE,0.763,2.61090223,9.254996,1.8,0.27,-0.25,0.0153509999999999,0.006659,-0.00206,1.08,0.07,-0.065,5513,1.814445311477461,0.7958126754687563,-0.2668534933930509,3216,7778767,2.611,0.017,0.9687094997738583,0.05776918889319178,0.998019577209143,0.017,0.9810532443965876
9602613,K02612.01,1,CANDIDATE,0.856,4.61225043,11.438283,0.51,0.06,-0.05,0.004852,0.000306,-0.000215,1.035,0.043,-0.041,5495,0.549597309023408,0.04150634997601788,-0.03266639004182305,2920,9602613,4.612,0.12,0.9687094997738583,0.049521288632082,0.9983170605513876,0.12,0.8785190132852211
9602613,K02612.02,2,CANDIDATE,0.952,7.57299816,8.334758,0.53,0.06,-0.05,0.005049,0.0002819999999999,-0.000339,1.035,0.043,-0.041,5495,0.5719119565661966,0.039810902361987685,-0.04458449241656993,2921,9602613,7.573,0.66,0.9687094997738583,0.06714592118019391,0.997674989765955,0.66,0.3392094965204247
5807769,K02614.01,1,CANDIDATE,0.999,7.99022379,14.412554,1.97,0.31,-0.46,0.011686,0.000587,-0.000516,1.207,0.058,-0.055,5689,1.5436776194626227,0.10730781532076555,-0.09794872854610072,2923,5807769,7.99,0.00034,0.9687094997738583,0.040459506714102644,0.9986380027714574,0.00034,0.9982984658505151
8025596,K02615.01,1,CANDIDATE,0.997,4.69505576,14.638098,1.49,0.44,-0.15,0.014207,0.000759,-0.000571,1.088,0.107,-0.095,5999,1.6916664314120313,0.18933078893994496,-0.16260661448011945,2924,8025596,4.695,0.00047,0.9687094997738583,0.03774151459307734,0.9987330877875463,0.00047,0.9982636832362862
9391208,K01409.01,1,CANDIDATE,1.0,16.56062577,25.015602,2.94,0.68,-0.46,0.031445,0.0017739999999999,-0.007281,0.845,0.067,-0.061,5818,2.907982332698842,0.28298203112774434,-0.7053004239032846,1862,9391208,16.561,0.013,0.9687094997738583,0.018402344668199483,0.9993944380266102,0.013,0.9864023103322642
9425139,K01411.01,1,CANDIDATE,0.995,305.07624689999994,142.38934,7.82,1.25,-0.84,0.061965,0.003433,-0.003427,1.174,0.051,-0.048,5716,7.961556960577648,0.5605155897223577,-0.5475758636318074,1864,9425139,305.076,0.11,2.5641877008553237e-58,5.076434845243704e-05,0.0,0.11,0.0
9726659,K01491.01,1,CANDIDATE,1.0,3.148661555,27.554878,2.15,0.4,-0.29,0.022587,0.003257,-0.001402,1.103,0.101,-0.091,5258,2.726575449550088,0.46574060052147254,-0.2815041700646744,1671,9726659,3.149,1.3e-05,0.9687094997738583,0.011928846673167327,0.9996100318093261,1.3e-05,0.9995970368789125
12019440,K00186.01,1,CANDIDATE,0.998,3.24325988,1636.7843,12.91,2.11,-0.91,0.1166869999999999,2.8000000000000003e-05,-0.000205,1.071,0.055,-0.052,5823,13.677143414752694,0.7023819793081293,-0.6644975680777122,466,12019440,3.243,0.0078,0.0,3.463706179697053e-65,0.0,0.0078,0.0
9401997,K01633.01,1,CANDIDATE,0.977,32.2964275,13.979327,1.9,0.14,-0.16,0.019489,0.001049,-0.000712,0.875,0.042,-0.04,5251,1.8662983163698714,0.1345956424790911,-0.10921413442360607,2283,9401997,32.296,0.056,0.9687094997738583,0.06051201483963968,0.9979194922849823,0.056,0.9420360007170233
6849046,K00201.01,1,CANDIDATE,0.998,4.2253845430000005,1401.7281,9.0,1.42,-0.77,0.078185,0.000381,-4.7e-05,0.998,0.043,-0.041,5574,8.539598208375283,0.37028439688237497,-0.3508627329305354,530,6849046,4.225,0.00068,0.0,4.80710132155295e-56,0.0,0.00068,0.0
9455325,K01813.01,1,CANDIDATE,1.0,9.76785911,55.311665000000005,2.54,0.23,-0.15,0.0273269999999999,0.00035,-0.004763,0.831,0.035,-0.033,5371,2.4852863596306225,0.10940796693176835,-0.444277472468216,2380,9455325,9.768,0.011,0.9687094925134274,0.0011186206885981749,0.9999638267123994,0.011,0.9889642246185629
4851530,K01884.02,2,CANDIDATE,0.989,4.77502117,14.301238,1.73,0.24,-0.22,0.019883,0.000425,-0.001437,0.805,0.067,-0.06,5275,1.7517061250157315,0.15052542715046266,-0.18186302287500652,2079,4851530,4.775,0.0014,0.9687094997738583,0.038895354643367436,0.9986927880580602,0.0014,0.9972946181547789
11413812,K01885.01,1,CANDIDATE,1.0,5.65378163,32.973896,1.82,0.58,-0.15,0.017893,0.000205,-0.0006799999999999,1.179,0.09,-0.082,5988,2.3087686820255473,0.17821584161963405,-0.18298426880335542,2080,11413812,5.654,0.0013,0.9687094997738583,0.007679239334683883,0.9997500316214633,0.0013,0.9984503565803554
9836149,K01958.01,1,CANDIDATE,1.0,17.815968899999998,29.285742,3.12,0.46,-0.21,0.030625,3.6e-05,-0.005214,1.044,0.059,-0.055,5964,3.4991297901459855,0.19779053078451028,-0.6236063584068522,2516,9836149,17.816,0.0057,0.9687094997738583,0.012889197429827805,0.999578226860198,0.0057,0.9938806309670949
8491277,K00234.01,1,CANDIDATE,1.0,9.61375316,83.48201,3.27,0.97,-0.53,0.026947,0.003355,-0.001042,1.185,0.09,-0.082,5997,3.4947187360779006,0.5096717088640588,-0.2770247276221334,33,8491277,9.614,1.6e-05,1.4715725913086534e-09,8.979461691106218e-05,0.0,1.6e-05,0.0
3657758,K02034.01,1,CANDIDATE,1.0,3.609313059,38.35937,3.26,0.92,-0.31,0.034342,0.000537,-0.001398,0.971,0.086,-0.077,5668,3.6494571557072737,0.3282257566477154,-0.3253055805455451,2351,3657758,3.609,5.1e-05,0.9687094997738583,0.004606139784174599,0.9998505275671535,5.1e-05,0.9997995351902476
3657758,K02034.02,2,CANDIDATE,1.0,2.3702932,9.094969,1.29,0.37,-0.12,0.013622,0.00158,-0.001246,0.971,0.086,-0.077,5668,1.44758329086962,0.21125685610104256,-0.17524216132397746,2352,3657758,2.37,0.0041,0.9687094997738583,0.058340010678076454,0.997998796131401,0.0041,0.9939070010672623
9790806,K02035.01,1,CANDIDATE,1.0,1.93155546,69.970215,2.25,0.26,-0.09,0.023982,0.005646,-0.004281,0.861,0.037,-0.035,5470,2.2598104142650386,0.5408098530970802,-0.41372356014255524,2353,9790806,1.932,1.0,0.3029353704736043,0.0002662086080875178,0.999387281793697,1.0,0.0
8165946,K02105.01,1,CANDIDATE,1.0,6.42199919,21.660759,1.25,0.2,-0.07,0.011701,0.000348,-0.000429,1.019,0.046,-0.043,5985,1.304910179382708,0.07054191445279491,-0.07294559449682424,3315,8165946,6.422,5.9e-05,0.9687094997738583,0.02108195232087599,0.9993043617742423,5.9e-05,0.9992454028168976
12017109,K02106.01,1,CANDIDATE,1.0,9.75374033,17.274105,1.87,0.48,-0.17,0.019066,0.000712,-0.0009029999999999,0.819,0.07,-0.063,5806,1.7089405153221744,0.15939667630503243,-0.1543760749190389,3316,12017109,9.754,0.0046,0.9687094997738583,0.03250053011819803,0.9989149277509585,0.0046,0.994319919083304
9225395,K02107.01,1,CANDIDATE,0.979,81.3153052,18.805635,2.55,0.3,-0.33,0.0239169999999999,0.001266,-0.0008529999999999,0.779,0.037,-0.035,5321,2.039048786354761,0.1450142767375724,-0.1169682610849622,3317,9225395,81.315,0.0012,0.9687094997738583,0.08342740069144013,0.9970599088823283,0.0012,0.9958634369916696
7286911,K02180.01,1,CANDIDATE,0.99,11.55562042,18.907585,2.11,0.25,-0.09,0.022688,0.000572,-0.0036969999999999,0.832,0.042,-0.04,5431,2.065870030707274,0.11656947112154954,-0.35097882510041395,3019,7286911,11.556,0.034,0.9687094997738583,0.029010473411107775,0.9990349291058759,0.034,0.9650677415162761
6962109,K02182.01,1,CANDIDATE,0.969,17.13263125,22.876215,2.31,0.51,-0.22,0.026597,0.000837,-0.000905,0.754,0.064,-0.058,5477,2.1947621140510947,0.19868435322707337,-0.18460748400522653,3021,6962109,17.133,0.00029,0.9687094997738583,0.022390072168583658,0.9992602093510397,0.00029,0.9989704238903279
8126558,K02259.01,1,CANDIDATE,1.0,12.19140405,15.443105,2.46,0.67,-0.41,0.023339,0.001287,-0.000725,0.942,0.08,-0.073,5516,2.4061162293292218,0.24363879652477266,-0.20088393683352512,2722,8126558,12.191,0.12,0.9687094997738583,0.039489047433796116,0.9986720146513197,0.12,0.8788313728931614
1872821,K02351.01,1,CANDIDATE,1.0,10.27380957,17.77157,1.68,0.16,-0.08,0.017115,0.000889,-0.0004759999999999,0.862,0.042,-0.04,5806,1.6146099517052601,0.11499000537118456,-0.0873503107017357,3118,1872821,10.274,0.00057,0.9687094997738583,0.03138302063498371,0.9989534460722244,0.00057,0.9983840426079632
5097868,K02435.01,1,CANDIDATE,1.0,6.80243431,12.355037,2.6,0.72,-0.22,0.029185,0.010173,-0.015735,0.952,0.078,-0.071,5836,3.040745702869368,1.0887978192841627,-1.6550191064058741,2822,5097868,6.802,0.99,0.9687094997738583,0.04735568899220338,0.9983943150797522,0.99,0.009983943150797531
9205907,K02528.01,1,CANDIDATE,0.997,12.02295362,16.464874,3.28,0.95,-0.32,0.034126,0.0006889999999999,-0.008376,1.16,0.106,-0.095,5982,4.332382883211678,0.4054381259435007,-1.120986692520688,3220,9205907,12.023,0.33,0.9687094997738583,0.03608055734145042,0.9987909300021811,0.33,0.6691899231014613
8081905,K02619.01,1,CANDIDATE,1.0,3.27645723,15.281276,1.71,0.52,-0.17,0.016307,0.000733,-0.0007019999999999,0.999,0.108,-0.095,5812,1.7828837025075508,0.20874109797416074,-0.18610687089501177,3049,8081905,3.276,3.5e-05,0.9687094997738583,0.03494527503129463,0.9988303512290652,3.5e-05,0.9987953921667722
6438099,K02976.01,1,CANDIDATE,0.989,21.61313362,12.131297,1.94,0.23,-0.1,0.028166,0.015735,-0.002554,0.936,0.083,-0.075,5267,2.885256840422854,1.6320346575712306,-0.3491374615167965,3900,6438099,21.613,0.13,0.9687094997738583,0.06025203151229066,0.9979290040654695,0.13,0.8681982335369585
5768816,K03288.01,1,CANDIDATE,0.834,47.9869119,24.939644,3.35,0.88,-0.47,0.031301,7.099999999999999e-05,-0.004768,0.818,0.036,-0.034,5641,2.8021731787377298,0.12348671715556626,-0.44245302265601133,3659,5768816,47.987,0.0054,0.9687094997738583,0.03015187718268949,0.9989957783658421,0.0054,0.9936012011626666
11125797,K03371.01,1,CANDIDATE,0.998,58.1263775,10.819026,1.32,0.17,-0.04,0.0147949999999999,0.000925,-0.0006889999999999,1.07,0.051,-0.048,5406,1.7325357420400083,0.13620755732257944,-0.11202887321855697,4099,11125797,58.126,0.0044,0.9687094997738583,0.1136449828402081,0.9958584633647792,0.0044,0.9914766861259743
11125797,K03371.02,2,CANDIDATE,1.0,12.25384348,10.144701,1.0,0.13,-0.03,0.011217,0.0004669999999999,-0.000866,1.07,0.051,-0.048,5406,1.313541968128618,0.08312905169029224,-0.11728758894656359,4100,11125797,12.254,0.0091,0.9687094997738583,0.061897966370714826,0.9978686967332319,0.0091,0.9887880915929594
6947668,K03455.01,1,CANDIDATE,1.0,14.0545718,10.198106,1.45,0.43,-0.13,0.015078,0.001019,-0.000795,0.739,0.065,-0.059,5783,1.2194714383652152,0.1352662377734571,-0.1166751755815162,4513,6947668,14.055,0.00027,0.9687094997738583,0.06329091675467324,0.9978174932170035,0.00027,0.997548082493835
6364582,K03456.01,1,CANDIDATE,1.0,30.8609783,11.603067,1.08,0.14,-0.05,0.011914,0.001818,-0.001653,1.223,0.055,-0.052,5627,1.594657825541153,0.2536820848034389,-0.23140570012738576,4514,6364582,30.861,0.00091,0.9687094997738583,0.07217153468428,0.9974874356383905,0.00091,0.9965797220719596
2717158,K03459.01,1,CANDIDATE,1.0,13.2226149,11.174874,1.75,0.46,-0.16,0.018529,0.000118,-0.0043939999999999,1.17,0.1,-0.091,5931,2.3725823686446006,0.20334694644547752,-0.592127380862481,4517,2717158,13.223,0.00038,0.9687094997738583,0.05760900885350288,0.998025404127282,0.00038,0.9976461544737136
6426592,K03554.01,1,CANDIDATE,0.522,394.67816267,2223.4897,52.16,12.5,-6.23,0.575438,0.010737,-0.010086,1.215,0.102,-0.092,5780,76.51705939607979,6.580403977252494,-5.947082487531427,4163,6426592,394.678,1.0,0.0,2.7665951635362514e-85,0.0,1.0,0.0
12784167,K03848.01,1,CANDIDATE,1.0,1.847892736,43.869167,1.51,0.35,-0.15,0.016387,0.000432,-0.0002549999999999,1.125,0.085,-0.077,5763,2.0176016844166873,0.1614537263844659,-0.1416176783181556,4629,12784167,1.848,2.8e-06,0.9687094997738579,0.0027409784388366136,0.9999112197031444,2.8e-06,0.9999084199517293
3656121,K00386.01,1,CANDIDATE,1.0,31.158824900000003,63.95907,3.56,0.57,-0.46,0.02825,0.000627,-0.000266,1.035,0.046,-0.044,5951,3.1999431121004274,0.15896707131922624,-0.13933305013809572,472,3656121,31.159,0.0018,0.9581569674219828,0.0007254408852981816,0.9999682967570892,0.0018,0.9981683538229265
3656121,K00386.02,2,CANDIDATE,0.973,76.7324556,28.179665000000004,3.08,0.49,-0.4,0.024437,0.000263,-0.000972,1.035,0.046,-0.044,5951,2.7680357462087843,0.12657937884329407,-0.1611507286898877,473,3656121,76.732,0.0094,0.9687094997738583,0.03543669290089947,0.9988132987622188,0.0094,0.989424453753854
6029239,K00304.02,2,CANDIDATE,0.786,5.518195,7.5584307,0.46,0.06,-0.02,0.004772,0.002048,-0.001096,0.927,0.04,-0.038,5767,0.48413181644852754,0.20882247020312147,-0.11294921915284205,82,6029239,5.518,0.92,0.9687094997738583,0.0694721276901932,0.9975884283975909,0.92,0.07980707427180724
6029239,K00304.01,1,CANDIDATE,1.0,8.512037736,116.80596,2.14,0.3,-0.11,0.022246,0.000489,-0.000218,0.927,0.04,-0.038,5767,2.2569145827145736,0.10929394735322644,-0.09512329623329313,81,6029239,8.512,0.0024,1.4649514705107022e-29,4.472272514551843e-06,0.0,0.0024,0.0
7419318,K00313.02,2,CANDIDATE,1.0,8.43639829,61.167633,1.5,0.1,-0.08,0.017275,0.0016809999999999,-0.000554,0.856,0.036,-0.034,5188,1.618360524163101,0.1715584958183697,-0.08261725338770967,126,7419318,8.436,3.9e-06,0.968688384514944,0.0006487967408417631,0.9999790148584591,3.9e-06,0.9999751149403012
7419318,K00313.01,1,CANDIDATE,1.0,18.73577127,70.01182,2.1,0.14,-0.12,0.024162,2e-05,-0.002357,0.856,0.036,-0.034,5188,2.2635500425371253,0.09521446654151955,-0.23841131538341764,125,7419318,18.736,1.1e-05,0.06769230548380864,0.0003464896265717607,0.9952262386446116,1.1e-05,0.9952152911559865
3328080,K03075.01,1,CANDIDATE,0.983,4.76559056,13.615041,0.92,0.28,-0.23,0.007495,0.000411,-0.000325,0.86,0.036,-0.035,5702,0.7054293811351623,0.048666174706111946,-0.04195131467669555,3643,3328080,4.766,0.086,0.9687094997738583,0.041242726423310935,0.9986105029055425,0.086,0.9127299996556659
6779726,K03375.01,1,CANDIDATE,0.999,47.056332700000006,14.08191,2.57,0.75,-0.32,0.025508,0.001317,-0.001738,0.727,0.065,-0.058,5889,2.0295243898187767,0.20953923524964913,-0.2129287369989087,4106,6779726,47.056,0.016,0.9687094997738583,0.07459370027193599,0.9973963137664335,0.016,0.9814379727461705
9092504,K02716.01,1,CANDIDATE,1.0,0.962864171,25.515627,1.52,0.36,-0.15,0.0172639999999999,0.0022719999999999,-0.001323,0.969,0.095,-0.085,5704,1.83083269745783,0.3004525647946134,-0.21325359761116336,3404,9092504,0.963,5.4e-05,0.9687094997738583,0.013799320286112677,0.9995480281936804,5.4e-05,0.9994940526001579
9092504,K02716.02,2,CANDIDATE,0.956,6.46004728,12.190126,1.8,0.43,-0.17,0.020507,0.0031219999999999,-0.002472,0.969,0.095,-0.085,5704,2.174750123190914,0.39379745685920403,-0.3242171028006179,3405,9092504,6.46,0.0065,0.9687094997738583,0.04777570789936918,0.9983793590006608,0.0065,0.9918898931671565
5775129,K02802.01,1,CANDIDATE,0.988,3.84822189,14.959467000000002,1.72,0.28,-0.21,0.013198,0.000489,-0.000711,1.165,0.06,-0.056,5927,1.682741885697206,0.1067613557073181,-0.1214931215095364,3801,5775129,3.848,0.0044,0.9687094997738583,0.036242005925432495,0.9987853163635272,0.0044,0.9943906609715277
9898447,K02803.01,1,CANDIDATE,1.0,2.37752442,14.03587,0.53,0.07,-0.03,0.005152,0.0002529999999999,-0.000267,0.987,0.042,-0.039,5615,0.5565144721872641,0.036161818741032636,-0.03626798058523273,3802,9898447,2.378,0.0023,0.9687094997738583,0.03836238086816215,0.9987114150474287,0.0023,0.9964143787928196
8360640,K02982.01,1,CANDIDATE,0.999,4.0223109,14.053957999999998,1.37,0.31,-0.13,0.015181,0.006581,-0.001666,0.874,0.065,-0.059,5516,1.4520957975396425,0.638683396554402,-0.18709185532362343,3940,8360640,4.022,0.17,0.9687094997738583,0.039275361667400435,0.9986794945082684,0.17,0.8289039804418628
7106173,K03083.01,1,CANDIDATE,0.963,10.18318233,9.234554,0.79,0.13,-0.05,0.0066489999999999,0.000303,-0.000487,1.134,0.048,-0.046,5843,0.8251878848162473,0.05132348617254755,-0.06909028735870971,3649,7106173,10.183,0.0022,0.9687094997738583,0.06475834354774392,0.9977633870438908,0.0022,0.9955683075923942
7106173,K03083.02,3,CANDIDATE,0.979,6.2321233,7.3527875,0.61,0.1,-0.04,0.005154,0.000245,-0.000701,1.134,0.048,-0.046,5843,0.639647820475711,0.04071359346383069,-0.09078588897189536,3650,7106173,6.232,0.018,0.9687094997738583,0.07140854269030535,0.9975160409413639,0.018,0.9795607522044194
7106173,K03083.03,2,CANDIDATE,0.673,8.2942929,7.573117699999999,0.65,0.1,-0.04,0.005482,0.000433,-0.000315,1.134,0.048,-0.046,5843,0.680354938270828,0.06096836433642044,-0.047853719922341345,3651,7106173,8.294,0.019,0.9687094997738583,0.07227608688783853,0.9974835122103254,0.019,0.9785313254783292
9881662,K00327.01,1,CANDIDATE,1.0,3.254277742,46.75412,1.38,0.22,-0.12,0.0116189999999999,0.000192,-0.000248,1.187,0.051,-0.049,5945,1.5093950670305687,0.06948293250674113,-0.07014489009046028,214,9881662,3.254,1.3e-07,0.9687094997738321,0.0021665580180225785,0.9999298655790407,1.3e-07,0.9999297355881582
9881662,K00327.02,2,CANDIDATE,1.0,91.3514816,15.753266,1.57,0.25,-0.14,0.013179,0.000521,-0.000308,1.187,0.051,-0.049,5945,1.7120507434715582,0.09995878795228079,-0.08121445829084983,215,9881662,91.351,9.8e-05,0.9687094997738583,0.12261319795699764,0.9954859634655159,9.8e-05,0.9953884058410962
8078502,K03383.01,1,CANDIDATE,0.916,37.8862977,14.600046,2.09,0.48,-0.2,0.023418,0.00134,-0.000988,0.874,0.081,-0.073,5513,2.23998283293481,0.2439764631542312,-0.20960590416768196,4146,8078502,37.886,0.0002,0.9687094997738583,0.06242798152810894,0.9978492318177571,0.0002,0.9976496619713936
12735740,K03663.01,1,CANDIDATE,0.963,282.5253558,471.11786,8.98,1.31,-0.47,0.090074,0.00018,-0.000458,0.954,0.042,-0.039,5725,9.404404045620439,0.4144566742667001,-0.3874191923644605,4617,12735740,282.525,0.00081,4.2014573312043524e-255,5.937174432534821e-18,0.0,0.00081,0.0
1995519,K02634.01,1,CANDIDATE,0.952,19.9401211,15.501348000000002,2.42,0.47,-0.2,0.0290589999999999,0.003888,-0.004141,0.965,0.096,-0.086,5623,3.0689614553706157,0.5116816957639069,-0.5158173237848908,2965,1995519,19.94,0.0027,0.9687094997738583,0.044201488113419334,0.9985062102051775,0.0027,0.9958102434376235
6198182,K02636.01,1,CANDIDATE,0.957,3.88148385,15.536409,0.59,0.09,-0.04,0.005515,0.000385,-0.000266,0.993,0.042,-0.04,5854,0.5993468414139189,0.04892058008879212,-0.03766346450758765,2967,6198182,3.881,0.017,0.9687094997738583,0.03450398789430691,0.9988456493394424,0.017,0.9818652733006719
6211812,K02638.01,1,CANDIDATE,0.97,2.524017517,15.191005,1.5,0.31,-0.17,0.01576,0.0010789999999999,-0.000359,0.824,0.068,-0.062,5420,1.421238228039265,0.15239517216213497,-0.11173100352677534,2969,6211812,2.524,0.041,0.9687094997738583,0.034814580732588495,0.9988348834690306,0.041,0.9578826532468003
6587105,K02721.01,1,CANDIDATE,1.0,33.878639,24.357214000000003,3.52,0.49,-0.5,0.030037,6.7e-05,-0.005548,0.931,0.048,-0.045,5528,3.0604810247136927,0.15793824875860532,-0.5843228309302265,3444,6587105,33.879,0.00036,0.9687094997738583,0.025509948371161887,0.9991544269803753,0.00036,0.9987947313866623
6636320,K02989.01,1,CANDIDATE,1.0,6.33125228,14.56336,1.31,0.23,-0.1,0.015805,0.000909,-0.000654,0.798,0.065,-0.059,5383,1.3803233895985403,0.13763486071412714,-0.11695019496640216,3946,6636320,6.331,0.0016,0.9687094997738583,0.03894399132612521,0.9986910872178325,0.0016,0.997093181478284
10749059,K03086.01,1,CANDIDATE,0.994,174.731515,14.327529,3.0,0.17,-0.3,0.030591,0.001772,-0.001157,0.82,0.049,-0.046,5204,2.7453074084445004,0.22847421798405218,-0.18573802018433266,3687,10749059,174.732,0.014,0.9687094997738583,0.36560602433230255,0.9813845628013527,0.014,0.9676451789221338
9020114,K03088.01,1,CANDIDATE,1.0,3.48412874,11.505404,1.16,0.17,-0.05,0.011556,0.000694,-0.000605,1.034,0.052,-0.049,5696,1.307710249307828,0.10243426090970469,-0.09234520101630841,3690,9020114,3.484,0.014,0.9687094997738583,0.048410485516518297,0.998356730715263,0.014,0.9843797364852493
6880517,K03305.01,1,CANDIDATE,0.97,65.6491001,15.467764,2.52,0.52,-0.22,0.028187,0.001394,-0.00077,0.755,0.07,-0.063,5436,2.3290524170179965,0.2447384530939985,-0.20449427012941335,4503,6880517,65.649,0.002,0.9687094997738583,0.08725553476863179,0.9969121035816009,0.002,0.9949182793744377
6615511,K03306.01,1,CANDIDATE,1.0,25.1593389,11.736576,1.76,0.53,-0.17,0.017285,0.000763,-0.001249,1.202,0.117,-0.104,5973,2.2738264140762645,0.24302498804662903,-0.2563231400753091,4504,6615511,25.159,9.2e-05,0.9687094997738583,0.06563004924154339,0.9977311655164147,9.2e-05,0.9976393742491872
10360722,K04051.01,1,CANDIDATE,0.996,163.692336,15.790156,2.75,0.11,-0.21,0.029844,0.001623,-0.000798,0.867,0.041,-0.039,4989,2.8317804844575885,0.20408052946363714,-0.14818682187195925,5475,10360722,163.692,0.026,0.9687094997738583,0.3005046263696804,0.9861233299081412,0.026,0.9604841233305296
1718958,K04053.01,1,CANDIDATE,0.985,1.41975831,14.809012,0.85,0.13,-0.08,0.007542,0.003581,-0.000767,0.999,0.043,-0.041,5925,0.8245850790649383,0.39312485755457727,-0.09042912911298903,5477,1718958,1.42,0.25,0.9687094997738583,0.03537548035270354,0.9988154238181856,0.25,0.7491115678636392
6428794,K04054.01,1,CANDIDATE,0.999,169.135056,16.663416,2.21,0.15,-0.12,0.025256,0.004006,-0.002613,0.796,0.035,-0.033,5171,2.200194588975585,0.36214635874237466,-0.2452283913236023,5478,6428794,169.135,0.00067,0.9687094997738583,0.30222053959698103,0.986009773606081,0.00067,0.985349147057765
4673628,K04056.01,1,CANDIDATE,0.838,3.951383138,16.476116,23.51,5.67,-3.06,0.23944,6.708576,-0.124795,1.247,0.095,-0.086,5570,32.677333686131384,915.5495610554161,-17.179726226315868,5480,4673628,3.951,0.99,0.9687094997738583,0.03185113364330182,0.9989373219738865,0.99,0.009989373219738874
6933567,K02643.01,1,CANDIDATE,0.918,9.08233411,15.25862,1.35,0.24,-0.13,0.015633,0.000831,-0.000724,0.826,0.065,-0.06,5354,1.4132071656493834,0.134203738042043,-0.12174338918959625,3005,6933567,9.082,0.0014,0.9687094997738583,0.0382617487221885,0.998714929740031,0.0014,0.997316728838395
3346154,K02723.01,1,CANDIDATE,1.0,1.952711161,21.784075,2.58,0.76,-0.26,0.024933,0.000925,-0.006212,1.062,0.082,-0.075,5741,2.8978940917128115,0.24824289847936107,-0.7504481356526652,3450,3346154,1.953,0.17,0.9687094997738583,0.019454350608636296,0.9993591330595951,0.17,0.829468080439464
11283615,K02816.01,1,CANDIDATE,1.0,1.2895901790000002,14.052365,1.38,0.28,-0.12,0.015625,0.000533,-0.0008619999999999,0.767,0.064,-0.058,5467,1.3115922614365718,0.11823400701236227,-0.12277082381223983,3848,11283615,1.29,0.00077,0.9687094997738583,0.03767753821842639,0.998735319438153,0.00077,0.9979662932421856
4939533,K02899.01,1,CANDIDATE,0.985,5.77207177,12.219349,1.54,0.31,-0.15,0.016375,0.000987,-0.0008849999999999,1.031,0.098,-0.088,5591,1.8476658401239616,0.20796044367313038,-0.1866623404432718,3549,4939533,5.772,0.0027,0.9687094997738583,0.04716502973225331,0.9984010997443664,0.0027,0.9957054167750566
4175630,K02998.01,1,CANDIDATE,1.0,28.227413,19.216913,2.82,0.74,-0.26,0.030469,0.001181,-0.000761,1.005,0.1,-0.089,5858,3.35125687712371,0.3578655545533899,-0.3083555350490908,3989,4175630,28.227,0.00052,0.9687094997738583,0.03648339366341103,0.9987769196960488,0.00052,0.9982575556978068
12253769,K03310.01,1,CANDIDATE,0.904,20.5512722,15.7864275,1.64,0.18,-0.13,0.016358,0.0004969999999999,-0.003652,0.893,0.038,-0.036,5401,1.5986931657123082,0.08359012701102567,-0.36268789395685386,4509,12253769,20.551,0.0084,0.9687094997738583,0.0435417912384995,0.9985295196014545,0.0084,0.9901418716368023
11905409,K03312.01,1,CANDIDATE,1.0,18.0939004,9.789039,1.91,0.48,-0.16,0.020174,0.000739,-0.001748,1.01,0.114,-0.1,5904,2.229958834319154,0.2646218040209995,-0.2933944618112735,4511,11905409,18.094,0.0033,0.9687094997738583,0.06950304363222977,0.9975872750582968,0.0033,0.9942952370506044
5710069,K03396.01,1,CANDIDATE,0.951,36.2580749,11.612474,1.82,0.43,-0.15,0.019643,0.005756,-0.002111,1.228,0.121,-0.108,5818,2.6399131485653156,0.8161385290509833,-0.36659894737974286,4199,5710069,36.258,0.00092,0.9687094997738583,0.07803560232801424,0.9972660058344015,0.00092,0.9963485211090338
10878263,K00341.01,1,CANDIDATE,1.0,7.170710381,104.67581,2.73,0.32,-0.26,0.026573,0.00059,-0.000372,0.881,0.038,-0.036,5497,2.56212286120375,0.1242936324443668,-0.11066868615636974,269,10878263,7.171,0.00035,3.3510784079835165e-22,1.2962789667543048e-05,0.0,0.00035,0.0
10878263,K00341.02,2,CANDIDATE,1.0,4.699652821,41.030235,1.74,0.2,-0.17,0.016925,0.000539,-0.0003509999999999,0.881,0.038,-0.036,5497,1.6318793296155296,0.08749416160450482,-0.07477933174795882,305,10878263,4.7,0.00055,0.9687094997738583,0.0036940141774021258,0.9998802364210735,0.00055,0.9993303022910418
4150804,K03678.01,1,CANDIDATE,1.0,160.88451966,288.8604,9.09,3.04,-2.02,0.079769,0.000131,-0.0006519999999999,0.902,0.038,-0.036,5650,7.874520915649385,0.3319945233273854,-0.3208053418217861,4666,4150804,160.885,0.0053,5.914379943853356e-140,1.0387486937114369e-11,0.0,0.0053,0.0
9353742,K03867.01,1,CANDIDATE,1.0,0.938750221,38.891384,1.46,0.19,-0.06,0.01514,0.000505,-0.000262,0.938,0.045,-0.043,5497,1.5542188402970047,0.09081378943359848,-0.07615636136848779,4683,9353742,0.939,2.6e-05,0.9687094997738583,0.0042110697022314,0.9998634020809826,2.6e-05,0.9998374056325285
6842682,K02649.01,1,CANDIDATE,0.992,7.56126152,13.309786,1.2,0.34,-0.11,0.012323,0.000642,-0.000499,0.991,0.078,-0.071,5853,1.3365141423514975,0.12615149525055688,-0.10999025954909722,3011,6842682,7.561,0.00018,0.9687094997738583,0.044166012374483074,0.9985074645056286,0.00018,0.9983277331620176
11963206,K02820.01,1,CANDIDATE,1.0,3.00912491,14.820099,1.22,0.16,-0.04,0.012546,0.000658,-0.000496,0.891,0.048,-0.045,5699,1.223394272306821,0.09198172215165586,-0.07846658447465794,3885,11963206,3.009,0.00019,0.9687094997738583,0.0362114035483089,0.9987863805661705,0.00019,0.9985966111538629
4249611,K02821.01,1,CANDIDATE,0.983,79.2450351,12.376152,3.33,0.92,-0.46,0.033253,0.001825,-0.0014039999999999,0.922,0.075,-0.068,5648,3.355407021803423,0.3292585580391771,-0.2851531217377559,3886,4249611,79.245,0.0099,0.9687094997738583,0.1347410740049747,0.9949699434927488,0.0099,0.9851197410521706
10190075,K03007.01,1,CANDIDATE,0.946,11.1916199,10.262078,1.47,0.2,-0.1,0.0141129999999999,0.002443,-0.00259,1.053,0.049,-0.046,5638,1.6264142410174813,0.2915320662072811,-0.3068172699268962,4034,10190075,11.192,0.038,0.9687094997738583,0.06033400338918584,0.9979260056009138,0.038,0.9600048173880791
9650989,K03095.01,1,CANDIDATE,1.0,3.42390809,10.919047,1.25,0.2,-0.08,0.0112909999999999,0.000717,-0.000553,0.966,0.054,-0.051,5787,1.1936939410080436,0.10098799792680621,-0.08596310353206713,3732,9650989,3.424,0.022,0.9687094997738583,0.05082880179614562,0.9982702463011918,0.022,0.9763083008825655
9031209,K03316.01,1,CANDIDATE,0.996,47.056847600000005,24.130754,2.84,0.47,-0.22,0.03515,0.001272,-0.0006309999999999,0.801,0.065,-0.059,5288,3.081351915271835,0.27378369156459437,-0.23360938915208154,4549,9031209,47.057,8.5e-05,0.9687094997738583,0.031877554206687836,0.9989364114557708,8.5e-05,0.9988515018607971
9966219,K03401.01,1,CANDIDATE,0.996,17.9559673,10.403063,1.96,0.28,-0.33,0.014983,0.000866,-0.004997,0.951,0.054,-0.051,5637,1.559418751274226,0.12635083256127042,-0.5267644812886876,4241,9966219,17.956,0.0042,0.9687094997738583,0.06591836436756622,0.9977204950678175,0.0042,0.9935300689885327
9025971,K03680.01,1,CANDIDATE,0.999,141.2415405,336.2867,11.49,1.66,-1.21,0.103416,0.000364,-0.000305,1.014,0.053,-0.05,5705,11.476491687138182,0.6012146287193952,-0.5669132649155328,4668,9025971,141.242,0.014,1.3175693259847144e-167,1.0902552262536479e-13,0.0,0.014,0.0
4472818,K03878.01,1,CANDIDATE,0.982,70.9672087,31.67353,2.84,0.42,-0.15,0.0263649999999999,0.002218,-0.000871,0.97,0.041,-0.039,5827,2.7988715367795005,0.2635087552211895,-0.1456470287933891,4728,4472818,70.967,5.1e-05,0.9687094997738583,0.023955446534337826,0.999207218374939,5.1e-05,0.9991562588068018
4472818,K03878.02,2,CANDIDATE,0.999,15.3573445,9.701656,1.42,0.22,-0.07,0.013216,6.9e-05,-0.003903,0.97,0.041,-0.039,5827,1.4029920815504655,0.05975240281030338,-0.41815922719627974,4765,4472818,15.357,0.83,0.9687094997738583,0.06724167362729529,0.997671435204887,0.83,0.16960414398483084
9664142,K02654.01,1,CANDIDATE,0.978,13.5631157,13.206010999999998,1.75,0.51,-0.17,0.017929,0.003638,-0.001376,1.099,0.108,-0.096,5853,2.1564391871224515,0.48618159144686035,-0.25074597950827454,3789,9664142,13.563,0.0047,0.9687094997738583,0.04878730007537103,0.9983432839032489,0.0047,0.9936510704689036
10018233,K02655.01,1,CANDIDATE,0.894,16.2959916,14.116614000000002,1.83,0.21,-0.17,0.0174,0.001049,-0.000707,0.982,0.053,-0.05,5491,1.870011131386861,0.15131483363291326,-0.12181603354786404,3790,10018233,16.296,0.016,0.9687094997738583,0.04706063698672073,0.9984048134400458,0.016,0.9824303364250051
8547429,K02658.01,1,CANDIDATE,0.995,11.6601667,16.824768,2.08,0.33,-0.19,0.017606,0.0005769999999999,-0.005603,1.183,0.055,-0.052,5797,2.279443845739995,0.12965943475052255,-0.7323056598562481,3793,8547429,11.66,0.019,0.9687094997738583,0.034786595189712076,0.9988358537970806,0.019,0.9798579725749361
7428736,K02827.01,1,CANDIDATE,0.993,7.06321927,14.2268095,1.21,0.19,-0.16,0.01355,0.000205,-0.001357,0.775,0.059,-0.053,5305,1.1492763064749558,0.08920428291286386,-0.1393723784438051,3892,7428736,7.063,0.00032,0.9687094997738583,0.040531999350079916,0.998635459345864,0.00032,0.9983158959988733
5613821,K02915.01,1,CANDIDATE,0.999,5.06092282,13.158193,0.98,0.13,-0.06,0.0098739999999999,7.3e-05,-0.002477,0.922,0.039,-0.037,5637,0.996339847029942,0.04278341389752544,-0.2531205126289114,3633,5613821,5.061,0.0019,0.9687094997738583,0.04307643668132304,0.9985459428728994,0.0019,0.9966487055814409
12405333,K03009.01,1,CANDIDATE,0.986,0.764863517,11.064967,1.04,0.15,-0.13,0.011108,0.000615,-0.000843,0.764,0.035,-0.033,5231,0.928779637301787,0.06674323216567703,-0.08110314696380934,4036,12405333,0.765,0.0019,0.9687094997738583,0.04823405105483353,0.998363023205538,0.0019,0.9964661334614475
11518201,K03104.01,1,CANDIDATE,0.981,1.236866732,11.330463,1.75,0.46,-0.19,0.018187,0.000867,-0.0061259999999999,0.793,0.063,-0.057,5621,1.5784023169991188,0.1462395900683194,-0.5436300970561716,3741,11518201,1.237,0.2,0.9687094997738583,0.047496625726526846,0.998389298059544,0.2,0.7987114384476353
8753657,K00321.01,1,CANDIDATE,1.0,2.426304127,65.83189,1.41,0.21,-0.08,0.0132719999999999,0.001123,-0.000856,1.077,0.046,-0.044,5678,1.5643557829096282,0.14827433124191977,-0.11943413333718436,173,8753657,2.426,0.0052,0.9615129751554676,0.0003885269094413895,0.9999844421685415,0.0052,0.9947845230692651
8753657,K00321.02,2,CANDIDATE,0.996,4.62334491,20.600616,0.77,0.12,-0.05,0.007238,0.000169,-0.000346,1.077,0.046,-0.044,5678,0.8531349575572613,0.04152782826550686,-0.05364733080983265,174,8753657,4.623,1.5e-05,0.9687094997738583,0.022490831593462917,0.9992568035585416,1.5e-05,0.9992418147064883
7131760,K03407.01,1,CANDIDATE,0.943,92.436978,13.0419855,2.89,0.59,-0.25,0.035765,0.000762,-0.00815,0.774,0.062,-0.056,5595,3.0295815389818777,0.25111709520129616,-0.7243322645841493,4247,7131760,92.437,0.052,0.9687094997738583,0.15297482277130414,0.9941663202185154,0.052,0.9424696715671526
11395587,K00350.01,1,CANDIDATE,0.983,12.99065074,29.201063,2.02,0.3,-0.2,0.018005,0.000612,-0.000254,0.992,0.042,-0.04,5787,1.9547366398187767,0.10613201826741854,-0.08350463308942913,315,11395587,12.991,0.029,0.9687094997738583,0.012038655749886894,0.999606398277114,0.029,0.9706178127270776
12404954,K00361.01,1,CANDIDATE,1.0,3.247548814,38.281807,1.41,0.2,-0.07,0.013203,0.000294,-0.000342,0.956,0.041,-0.039,5703,1.3813825678957965,0.06675303466511329,-0.0667538927644191,379,12404954,3.248,2.3e-05,0.9687094997738583,0.004611573621091871,0.99985035041844,2.3e-05,0.9998273538603804
3544595,K00069.01,1,CANDIDATE,1.0,4.72674037,244.8787,1.56,0.07,-0.07,0.015943,4e-05,-0.0008359999999999,0.943,0.04,-0.037,5648,1.6453761372545932,0.06991524105598308,-0.10775794243528598,519,3544595,4.727,0.00013,1.8740812893529654e-106,4.433770394530545e-11,0.0,0.00013,0.0
9455677,K04076.01,1,CANDIDATE,0.995,124.827797,15.814648000000002,2.57,0.46,-0.38,0.022786,0.0010689999999999,-0.001241,0.764,0.038,-0.036,5340,1.9052190147243897,0.13026580779188593,-0.1372099173932055,4870,9455677,124.828,0.025,0.9687094997738583,0.19018717569945023,0.9924139530457458,0.025,0.9676036042196021
5342061,K02666.01,1,CANDIDATE,0.989,64.034363,13.237282,3.47,0.8,-0.32,0.040604,67.00418,-0.012032,1.142,0.102,-0.091,5691,5.0747935435439215,8374.35672723197,-1.5572130688927497,3833,5342061,64.034,0.92,0.9687094997738583,0.10199860945188004,0.9963310973431566,0.92,0.07970648778745248
9995402,K02832.01,1,CANDIDATE,0.991,3.57551429,13.674439,0.89,0.21,-0.13,0.008876,0.000227,-0.000596,0.773,0.033,-0.031,5213,0.7508967819657689,0.03736845201812768,-0.05872885899010047,3931,9995402,3.576,0.00044,0.9687094997738583,0.04029769222841485,0.9986436786945,0.00044,0.9982042754758744
10332213,K02919.01,1,CANDIDATE,1.0,2.522590567,11.662024,25.82,6.66,-2.23,0.274887,48.20747,-0.97084,0.908,0.069,-0.063,5591,27.316402654983637,4790.5313278738,-96.49409913258633,3637,10332213,2.523,1.0,0.9687094997738583,0.04708323510229242,0.9984040095975935,1.0,0.0
7090524,K02920.01,1,CANDIDATE,0.98,6.73968289,12.498557,1.48,0.23,-0.26,0.011491,0.002704,-0.000813,1.047,0.047,-0.044,5513,1.3167034150673294,0.31542697267914743,-0.10835272141233347,3638,7090524,6.74,1.7e-05,0.9687094997738583,0.04673765882111937,0.9984162980012812,1.7e-05,0.9983993249242151
11565544,K03013.01,1,CANDIDATE,0.998,3.76562031,11.634653,19.39,5.21,-1.73,0.208191,63.806830000000005,-0.060828,0.886,0.068,-0.062,5743,20.18734144981752,6187.060460965278,-6.065027774000551,4040,11565544,3.766,1.0,0.9687094997738583,0.048086394734875006,0.9983682875377783,1.0,0.0
12072872,K03017.01,1,CANDIDATE,0.98,2.46288834,10.592159,0.67,0.18,-0.12,0.006346,0.000453,-0.0003129999999999,0.895,0.038,-0.036,5893,0.6215936350050341,0.051627089147452676,-0.039561038388140686,4077,12072872,2.463,0.51,0.9687094997738583,0.05150358079873893,0.9982460359962184,0.51,0.489140557638147
10384298,K03224.01,1,CANDIDATE,1.0,3.43861067,10.745015,1.01,0.21,-0.33,0.006575,0.000231,-0.0008,0.82,0.034,-0.032,5392,0.5900557749181978,0.0320674986917284,-0.0753961597470392,3477,10384298,3.439,0.18,0.9687094997738583,0.05159343184037672,0.9982428096437204,0.18,0.8185591039078508
3109550,K03225.01,1,CANDIDATE,0.867,4.8754765,9.534516,0.8,0.16,-0.22,0.005681,0.000535,-0.000434,0.852,0.036,-0.034,5513,0.5297217921595772,0.05467698846073858,-0.0456566510145182,3478,3109550,4.875,0.93,0.9687094997738583,0.058368773078798245,0.9979977483538007,0.93,0.069859842384766
4271474,K03324.01,1,CANDIDATE,1.0,21.8634638,13.710323,2.37,0.44,-0.19,0.027476,0.001125,-0.002931,0.838,0.077,-0.069,5383,2.5198865123332492,0.25348872266551076,-0.3395703227372508,4596,4271474,21.863,0.059,0.9687094997738583,0.052964490359558726,0.9981935020143883,0.059,0.9393000853955394
10982872,K00343.01,1,CANDIDATE,1.0,4.761705895,95.51532,2.75,0.44,-0.48,0.020577,0.0017929999999999,-0.000278,1.116,0.048,-0.045,5794,2.51321537446514,0.24421715377912895,-0.10687629211631097,306,10982872,4.762,5.8e-07,1.3988088554718558e-16,2.8318509501503774e-05,0.0,5.8e-07,0.0
10982872,K00343.02,2,CANDIDATE,1.0,2.024143568,62.41155,1.94,0.31,-0.34,0.014511,0.001889,-0.000383,1.116,0.048,-0.045,5794,1.7723316469292725,0.24298404479492175,-0.08541354452752781,307,10982872,2.024,7.6e-05,0.9686486673866743,0.0005242169716735851,0.9999830242675526,7.6e-05,0.9999070255577083
10982872,K00343.03,3,CANDIDATE,0.998,41.8085031,13.963863,1.67,0.27,-0.29,0.01252,0.000525,-0.000234,1.116,0.048,-0.045,5794,1.529156654920715,0.0918550231707235,-0.06796116841823092,308,10982872,41.809,0.00016,0.9687094997738583,0.0697431372941874,0.9975783155989449,0.00016,0.997418703068449
3937814,K04084.01,1,CANDIDATE,0.82,214.881456,15.338302,2.68,0.29,-0.37,0.024625,0.00157,-0.000683,0.858,0.041,-0.039,5322,2.3123149265353637,0.18423694948161115,-0.12312732088299556,4876,3937814,214.881,0.00062,0.9687094997738583,0.4907012833637812,0.9688782822740316,0.00062,0.9682775777390218
3937814,K04084.03,2,CANDIDATE,0.409,8.19619768,7.277291,1.55,0.17,-0.21,0.014232,0.004832,-0.001839,0.858,0.041,-0.039,5322,1.3364006511452304,0.4582022029521683,-0.18305690068927785,4910,3937814,8.196,0.013,0.9687094997738583,0.07395324329623257,0.9974204541152352,0.013,0.9844539882117371
11253827,K02672.01,2,CANDIDATE,0.82,88.51220140000001,61.35698299999999,4.7,0.61,-0.37,0.045589,0.0009279999999999,-0.00081,0.903,0.038,-0.036,5593,4.505378393515605,0.21061131017688353,-0.1966466576667365,3839,11253827,88.512,0.0014,0.8688408432858128,0.00227684618214366,0.999655505709731,0.0014,0.9982559880017374
11253827,K02672.02,1,CANDIDATE,1.0,42.9923284,78.22098000000001,3.32,0.42,-0.27,0.0321269999999999,0.004906,-0.001838,0.903,0.038,-0.036,5593,3.1749828170934964,0.5029131609103831,-0.2213949364011346,3840,11253827,42.992,0.00086,6.751920473910498e-08,0.0002445158602908512,0.0,0.00086,0.0
8095441,K02743.01,1,CANDIDATE,1.0,11.87457664,18.11126,1.32,0.16,-0.09,0.013737,0.000349,-0.000716,0.93,0.04,-0.038,5523,1.3981646012144473,0.06984362547137364,-0.09259883511143623,3540,8095441,11.875,0.0012,0.9687094997738583,0.031233956329666426,0.9989585773038842,0.0012,0.9977598270111195
5881813,K02744.01,1,CANDIDATE,0.987,109.6469948,22.06446,4.85,0.73,-1.7,0.030575,0.005278,-0.003381,0.939,0.053,-0.05,5337,3.142067521787692,0.5706560352054565,-0.3856357633437904,3541,5881813,109.647,0.0036,0.9687094997738583,0.096319636183611,0.9965571433903393,0.0036,0.992969537674134
5881813,K02744.02,2,CANDIDATE,0.579,11.615625,8.123982,2.84,0.43,-1.0,0.017915,0.000517,-0.006254,0.939,0.053,-0.05,5337,1.8410511742543418,0.11670911088725305,-0.650131566634726,3542,5881813,11.616,0.27,0.9687094997738583,0.07251296774492387,0.9974746197422292,0.27,0.7281564724118272
9815053,K02923.01,1,CANDIDATE,0.994,5.83892993,12.597187,1.19,0.18,-0.11,0.014115,0.000788,-0.000799,0.76,0.057,-0.052,5279,1.1740265825572618,0.1097678372561835,-0.1042554794780487,3641,9815053,5.839,0.062,0.9687094997738583,0.04572069670807781,0.9984524086906702,0.062,0.9365483593518485
6974658,K02925.01,1,CANDIDATE,0.999,0.7165318509999999,14.491310999999998,1.11,0.33,-0.2,0.009893,0.000392,-0.001756,0.858,0.036,-0.034,5552,0.9289637185061668,0.05361124231068394,-0.16894957477174855,3677,6974658,0.717,0.13,0.9687094997738583,0.035966736011352,0.9987948864901003,0.13,0.8689515512463872
8709688,K03019.01,1,CANDIDATE,0.963,4.17939037,13.931228,1.52,0.24,-0.23,0.012013,0.000654,-0.000478,1.2,0.061,-0.058,5637,1.5776700415303295,0.11751103158149308,-0.09876987256229439,4079,8709688,4.179,0.056,0.9687094997738583,0.039785503956645374,0.9986616319734892,0.056,0.9427365805829738
8709688,K03019.02,2,CANDIDATE,0.935,2.012094,7.517123,0.99,0.16,-0.15,0.00782,0.000499,-0.000707,1.2,0.061,-0.058,5637,1.0270023911401964,0.08378626742570723,-0.10528620872822005,4080,8709688,2.012,0.00097,0.9687094997738583,0.06619876816763538,0.9977101110944401,0.00097,0.9967423322866784
11618601,K03022.01,1,CANDIDATE,0.828,2.76263737,11.600199,1.25,0.38,-0.12,0.012679,0.00041,-0.0009,0.799,0.065,-0.059,5772,1.1087030360716084,0.09705917674540757,-0.11356142309100396,4083,11618601,2.763,0.0016,0.9687094997738583,0.04750287120545282,0.9983890757006544,0.0016,0.9967916531795333
11618601,K03022.02,2,CANDIDATE,0.972,5.05368985,10.617677,1.21,0.37,-0.11,0.012312,0.000589,-0.000882,0.799,0.065,-0.059,5772,1.0766110718600554,0.10160559843183688,-0.11076338074784749,4084,11618601,5.054,0.0022,0.9687094997738583,0.05343032862730574,0.9981767164765742,0.0022,0.9959807277003258
8581240,K03111.01,1,CANDIDATE,1.0,10.76800074,11.922952,0.92,0.13,-0.12,0.007669,3.4e-05,-0.000697,1.096,0.047,-0.045,5874,0.919883327586207,0.03965780337685796,-0.09173937219263954,3781,8581240,10.768,0.0018,0.9687094997738583,0.052142099487515185,0.9982230949283103,0.0018,0.9964262933574393
8581240,K03111.02,2,CANDIDATE,0.986,4.32848303,9.97758,0.66,0.1,-0.09,0.005511,0.000305,-0.000352,1.096,0.047,-0.045,5874,0.6610349482758621,0.04628147539319134,-0.05019278344702356,3782,8581240,4.328,0.025,0.9687094997738583,0.05578006485294112,0.9980917960222343,0.025,0.9731395011216785
9569711,K03232.01,1,CANDIDATE,0.996,6.05919881,25.28146,1.21,0.18,-0.09,0.011561,0.000791,-0.000705,0.941,0.039,-0.037,5734,1.1906071334161843,0.09524086147642695,-0.08638854186220664,3486,9569711,6.059,0.14,0.9687094997738583,0.015257351921741718,0.9994995330947228,0.14,0.8595695984614616
7503885,K03417.01,1,CANDIDATE,1.0,91.078624,12.420644,3.26,1.03,-0.44,0.029618,0.00233,-0.00483,1.148,0.093,-0.084,5915,3.721183379184495,0.42020394733894106,-0.6651234395346571,4293,7503885,91.079,0.0041,0.9687094997738583,0.1573622641328615,0.9939677596312616,0.0041,0.9898924918167734
11760860,K03892.01,1,CANDIDATE,1.0,2.41660149,26.65567,0.92,0.15,-0.06,0.008255,0.000272,-0.00022,1.022,0.044,-0.042,5705,0.9233182697269068,0.05005740311657353,-0.04522489937505262,4087,11760860,2.417,0.00068,0.9687094997738583,0.012766977098484867,0.9995822779962196,0.00068,0.9989025620471821
5088536,K00282.01,1,CANDIDATE,1.0,27.50871575,137.73535,2.98,0.13,-0.12,0.023998,0.001387,-0.000828,1.146,0.049,-0.046,5903,3.009838008998238,0.21638684330648547,-0.15931221215954045,577,5088536,27.509,1.1e-05,5.2032211910891595e-43,9.297671730502795e-07,0.0,1.1e-05,0.0
5088536,K00282.02,2,CANDIDATE,0.999,8.45744892,24.473572,1.02,0.05,-0.04,0.0082469999999999,6.1e-05,-0.000389,1.146,0.049,-0.046,5903,1.034341780990423,0.04488264930573732,-0.06406302481929123,578,5088536,8.457,0.0004,0.9687094997738583,0.01700643316893376,0.9994411676890976,0.0004,0.9990413912220221
5088536,K00282.03,3,CANDIDATE,0.894,87.51777870000001,10.864963,1.85,0.08,-0.07,0.014911,0.001218,-0.004746,1.146,0.049,-0.046,5903,1.8701431182670525,0.1724245665056887,-0.5999597668823937,579,5088536,87.518,0.54,0.9687094997738583,0.16843426943219753,0.9934573630642212,0.54,0.4569903870095417
12456601,K02745.01,1,CANDIDATE,0.995,15.64588656,23.488997,2.18,0.67,-0.22,0.021809,0.000821,-0.0005679999999999,1.046,0.085,-0.077,5896,2.4966110747231314,0.22359171623286586,-0.19494826997167714,3576,12456601,15.646,0.00023,0.9687094997738583,0.02073774582378085,0.9993159600294494,0.00023,0.9990861173586427
11075737,K00292.01,1,CANDIDATE,1.0,2.586639524,57.04997,1.44,0.19,-0.16,0.013613,0.000151,-0.00032,0.988,0.043,-0.041,5780,1.4719540225899825,0.06611069265290241,-0.07020245959877608,630,11075737,2.587,0.00023,0.9687094614603734,0.0008543241665808324,0.9999723806550153,0.00023,0.9997423870074647
8758204,K02841.01,1,CANDIDATE,0.996,159.38878799999998,15.520331,2.73,0.14,-0.24,0.028604,0.001459,-0.0010789999999999,0.836,0.054,-0.05,5146,2.6170770105713563,0.21539662402234339,-0.18505564492939508,3976,8758204,159.389,0.0088,0.9687094997738583,0.29159046357603857,0.9867044023287063,0.0088,0.9780214035882137
6523351,K03117.01,1,CANDIDATE,0.976,6.06664931,11.132266,0.87,0.12,-0.04,0.008919,0.001139,-0.001701,0.922,0.039,-0.037,5569,0.8999751970488296,0.12107184175859674,-0.17539866102081936,3821,6523351,6.067,0.081,0.9687094997738583,0.051943353564025824,0.998230238898856,0.081,0.9173735895480487
8008067,K00316.01,1,CANDIDATE,1.0,15.77111067,89.63718399999999,2.62,0.4,-0.31,0.021029,0.000394,-0.000152,1.052,0.045,-0.043,5620,2.421128368927762,0.11306426888640941,-0.10049789756012084,131,8008067,15.771,4.4e-06,1.5369563727594512e-13,5.709417394126408e-05,0.0,4.4e-06,0.0
8008067,K00316.02,2,CANDIDATE,1.0,157.0659976,34.23117,2.63,0.41,-0.32,0.021105,0.0006129999999999,-0.000292,1.052,0.045,-0.043,5620,2.4298784643216713,0.12563632718601175,-0.1048556654312507,132,8008067,157.066,0.013,0.9687094997738519,0.07105658281661154,0.9975292204177097,0.013,0.9845613405522795
8008067,K00316.03,3,CANDIDATE,1.0,7.305706326,33.300167,2.11,0.33,-0.25,0.016939,7.7e-05,-0.0020329999999999,1.052,0.045,-0.043,5620,1.9502350773345078,0.0838923297000708,-0.24726689796823265,133,8008067,7.306,0.049,0.9687094997738583,0.007657084276772067,0.9997507583596581,0.049,0.9507629712000348
6587796,K03237.01,1,CANDIDATE,0.999,33.4203001,30.597952000000003,2.46,0.37,-0.28,0.021125,0.006843,-0.002786,0.992,0.042,-0.04,5731,2.293463566574377,0.7492382859567485,-0.31628751774689484,3522,6587796,33.42,0.02,0.9687094997738583,0.01466258704909135,0.999519332700254,0.02,0.9795289460462488
7692093,K03337.01,1,CANDIDATE,0.971,11.16622885,10.157672,1.56,0.37,-0.13,0.017052,0.000938,-0.000813,0.749,0.066,-0.059,5552,1.3977857135036498,0.14519889063430033,-0.128703675211951,4644,7692093,11.166,0.0012,0.9687094997738583,0.060840061544192164,0.997907482815094,0.0012,0.9967099938357159
10545066,K00337.01,1,CANDIDATE,1.0,19.7830259,30.561613,2.1,0.32,-0.28,0.017519,0.000529,-0.000242,1.192,0.052,-0.049,5747,2.285435787440221,0.12125422610215085,-0.09911078190805962,262,10545066,19.783,8.8e-06,0.9687094997738583,0.01187720557142588,0.9996117403106055,8.8e-06,0.9996029437272907
6697817,K03508.01,1,CANDIDATE,0.975,190.800788,10.55995,1.67,0.27,-0.07,0.015465,0.000966,-0.0007509999999999,0.963,0.046,-0.043,5997,1.6298951487383586,0.12816644673690905,-0.10752379250486989,4741,6697817,190.801,0.008,0.9687094997738583,0.5009032818102345,0.9675818587453351,0.008,0.9598412038753724
8827930,K03801.01,1,CANDIDATE,0.99,288.3128666,95.7085,13.21,2.07,-2.3,0.0991529999999999,0.005108,-0.002946,1.087,0.082,-0.075,5675,11.79556800004718,1.0775154183039897,-0.8861134789598647,4410,8827930,288.313,0.01,1.7904661487657916e-29,0.002528254408320225,0.0,0.01,0.0
3103227,K04091.01,1,CANDIDATE,0.958,225.585245,16.416048,3.71,0.64,-0.58,0.024932,0.001284,-0.000719,1.104,0.059,-0.055,5941,3.0123792489302796,0.22357270628507095,-0.1734035115019064,4917,3103227,225.585,0.0023,0.9687094997738583,0.5076320487917626,0.9666973951834229,0.0023,0.964473991174501
6779260,K02678.01,1,CANDIDATE,1.0,3.833087643,112.07767,2.25,0.23,-0.12,0.024847,6.7e-05,-0.004568,0.789,0.033,-0.031,5397,2.145529147228165,0.08992326298957486,-0.40335237917021066,3882,6779260,3.833,0.00026,1.6662754008231264e-26,6.338130104239099e-06,0.0,0.00026,0.0
6779260,K02678.02,2,CANDIDATE,0.976,2.2165905,9.266786,0.48,0.05,-0.03,0.005287,0.00894,-0.00072,0.789,0.033,-0.031,5397,0.45653047053548956,0.7722017653700786,-0.06470754921984768,3883,6779260,2.217,1.0,0.9687094997738583,0.05737355238012409,0.9980339658042079,1.0,0.0
3545135,K02755.01,1,CANDIDATE,0.995,8.48299282,18.021414,0.8,0.11,-0.06,0.007876,9.3e-05,-0.000482,0.975,0.041,-0.039,5827,0.8404149682230052,0.0367073763540572,-0.061443852456362545,3621,3545135,8.483,0.0075,0.9687094997738583,0.029877345414355636,0.9990052033619343,0.0075,0.9915126643367199
10064256,K02849.01,1,CANDIDATE,1.0,5.95958637,12.840978,1.02,0.25,-0.08,0.0104269999999999,0.000535,-0.000482,0.816,0.061,-0.055,5452,0.9311786028190194,0.08442929816752,-0.07610572723674637,4020,10064256,5.96,0.17,0.9687094997738583,0.044863749527542615,0.9984827778079347,0.17,0.8287407055805858
6949898,K03031.01,1,CANDIDATE,0.991,7.64809462,10.221423,1.19,0.3,-0.1,0.0127879999999999,0.000775,-0.000723,0.816,0.067,-0.06,5641,1.1420266589478891,0.11654551461969795,-0.10592597136584755,3429,6949898,7.648,0.014,0.9687094997738583,0.05742700062056495,0.9980320226926095,0.014,0.984059574374913
10917433,K03248.01,1,CANDIDATE,0.961,6.91261536,11.120144,0.64,0.1,-0.07,0.005657,1.3e-05,-0.00065,1.115,0.048,-0.045,5761,0.6903105357255221,0.02975971524157728,-0.08406858061307942,3566,10917433,6.913,0.016,0.9687094997738583,0.05266100026501013,0.9982044287840528,0.016,0.982233157923508
4814502,K04004.01,1,CANDIDATE,1.0,4.94330596,18.537338,1.41,0.19,-0.13,0.012786,0.000159,-0.002441,0.905,0.039,-0.036,5651,1.2663878493896301,0.05680038550386933,-0.24696100922726705,5257,4814502,4.943,2.8e-06,0.9687094997738583,0.027052130812336768,0.999101887264451,2.8e-06,0.9990990897791667
8142787,K04005.01,1,CANDIDATE,0.997,178.139072,17.83006,2.25,0.22,-0.16,0.023396,0.001222,-0.000687,0.927,0.042,-0.04,5431,2.3735850749433682,0.16411856196820943,-0.12388572483062259,5258,8142787,178.139,0.005,0.9687094997738583,0.3101729778605303,0.9854761182540114,0.005,0.9805487376627413
8951205,K04099.01,1,CANDIDATE,0.996,4.95060632,14.243670000000002,1.28,0.22,-0.1,0.0163759999999999,0.0004059999999999,-0.001148,0.769,0.059,-0.054,5431,1.3782170716083482,0.11112467230929494,-0.13675199531680424,4959,8951205,4.951,0.036,0.9687094997738583,0.03919246099363881,0.998682395467843,0.036,0.9627298292310006
3747817,K04103.01,1,CANDIDATE,0.999,184.77271,16.886051000000002,2.41,0.22,-0.1,0.027576,0.0013599999999999,-0.000793,0.989,0.046,-0.044,5273,2.9847710081802163,0.20234064247474673,-0.15811580221064603,4962,3747817,184.773,0.00071,0.9687094997738583,0.35044351451028594,0.9825731035310795,0.00071,0.9818754766275725
3747817,K04103.02,2,CANDIDATE,0.868,14.2378417,7.9679656,1.1,0.1,-0.04,0.012587,0.002031,-0.000569,0.989,0.046,-0.044,5273,1.3623916695664484,0.22878202672373815,-0.08641076701549089,4963,3747817,14.238,0.037,0.9687094997738583,0.07632212016639432,0.9973309984238826,0.037,0.9604297514821989
6432345,K02757.01,1,CANDIDATE,0.998,234.635652,21.258717,2.56,0.25,-0.19,0.0264589999999999,0.000972,-0.000832,0.876,0.039,-0.037,5422,2.5366525671406897,0.146416037246125,-0.1335730495236852,3623,6432345,234.636,0.038,0.9687094997738583,0.4410228731023233,0.9745149186382348,0.038,0.9374833517299819
12602314,K02853.01,1,CANDIDATE,0.992,1.4070201180000002,15.100548000000002,1.12,0.04,-0.09,0.012061,0.000618,-0.000503,0.844,0.04,-0.038,5018,1.1140616377422603,0.07775815620702474,-0.06837119430773762,4025,12602314,1.407,0.00052,0.9687094997738583,0.03449179308843699,0.9988460718984701,0.00052,0.9983266719410829
4547603,K02855.01,1,CANDIDATE,0.963,1.4007557430000002,16.541586,1.3,0.19,-0.19,0.011144,0.0004599999999999,-0.00055,1.037,0.047,-0.045,5487,1.2647460026428388,0.07753250792354152,-0.08311684435506503,4027,4547603,1.401,0.025,0.9687094997738583,0.030453363420319318,0.9989854218420846,0.025,0.9740107862960324
10880507,K02936.01,1,CANDIDATE,0.73,6.4802138,12.623598,1.26,0.16,-0.12,0.011743,0.003996,-0.001107,0.955,0.044,-0.041,5496,1.2273428250849483,0.42146058507148904,-0.1271338885473471,3725,10880507,6.48,6.2e-05,0.9687094997738583,0.04606261336852399,0.9984402763712591,6.2e-05,0.998378373074124
4385148,K02942.01,1,CANDIDATE,0.954,13.84301228,14.495762,1.98,0.5,-0.18,0.02167,0.00117,-0.000681,0.897,0.077,-0.07,5745,2.1273297324125346,0.21573157882958663,-0.17896778652554224,3730,4385148,13.843,0.0022,0.9687094997738583,0.043906808580483035,0.9985166262381178,0.0022,0.996319889660394
4385148,K02942.02,2,CANDIDATE,0.973,24.2758992,12.554711,2.25,0.56,-0.2,0.024621,0.000725,-0.0013039999999999,0.897,0.077,-0.07,5745,2.417027473083942,0.21934957032404379,-0.2279576653289486,3764,4385148,24.276,0.0021,0.9687094997738583,0.06050468104759541,0.9979197606721131,0.0021,0.9958241291747016
6357290,K03040.01,1,CANDIDATE,0.882,4.8099878,12.766799,1.59,0.43,-0.17,0.015608,0.000808,-0.000769,0.882,0.078,-0.07,5988,1.5066046279889251,0.15438673002431666,-0.1407390488241648,3471,6357290,4.81,0.0011,0.9687094997738583,0.04436894143744186,0.9985002883727463,0.0011,0.9974019380555362
4366323,K03258.01,1,CANDIDATE,0.736,40.3511707,10.252698,1.88,0.38,-0.17,0.020966,0.001574,-0.001,1.047,0.098,-0.088,5665,2.4024022104517995,0.288260214704333,-0.23216803641633918,3573,4366323,40.351,0.0031,0.9687094997738583,0.09245897345876185,0.9967091980373184,0.0031,0.9936193995234027
3236705,K03343.01,1,CANDIDATE,0.864,83.2664103,11.199243,2.89,0.43,-0.47,0.022432,0.0016489999999999,-0.001221,0.817,0.038,-0.036,5539,2.005734794361943,0.17447825564800415,-0.14046384695364555,4687,3236705,83.266,0.051,0.9687094997738583,0.15541377048676788,0.9940561964355626,0.051,0.9433593304173489
11810124,K03344.01,2,CANDIDATE,0.999,11.6044881,11.719749,1.88,0.28,-0.34,0.0147509999999999,0.000874,-0.000606,0.875,0.046,-0.044,5533,1.412579735480106,0.11189150737021368,-0.0917239759914588,4688,11810124,11.604,0.007,0.9687094997738583,0.05371335436756199,0.9981665101470543,0.007,0.9911793445760249
11810124,K03344.02,1,CANDIDATE,0.972,3.63898953,12.672195,1.68,0.25,-0.3,0.013212,0.000507,-0.000805,0.875,0.046,-0.044,5533,1.2652025940724891,0.08234840805276471,-0.09995142069994599,4689,11810124,3.639,0.00012,0.9687094997738583,0.043941521219307854,0.9985153995846411,0.00012,0.998395577736691
11810124,K03344.03,3,CANDIDATE,0.814,208.54335,8.227344500000001,2.84,0.42,-0.52,0.022302,0.001344,-0.001472,0.875,0.046,-0.044,5533,2.1356757684684116,0.17079349142923184,-0.17721033407323625,4690,11810124,208.543,0.0026,0.9687094997738583,0.6089736781483894,0.9496949626350666,0.0026,0.9472257557322153
11241912,K03346.01,1,CANDIDATE,0.999,14.42735088,17.863062,1.53,0.25,-0.13,0.013498,0.000724,-0.003495,1.171,0.052,-0.049,5929,1.7298552920651902,0.1204571404641705,-0.45371795575977125,4692,11241912,14.427,0.00082,0.9687094997738583,0.03318654048784188,0.9988912382340567,0.00082,0.9980721474187048
11623629,K00365.01,1,CANDIDATE,0.755,81.737872,86.0518,2.16,0.25,-0.15,0.022652,0.000403,-0.000168,0.863,0.036,-0.034,5559,2.139443413856028,0.0970244979500206,-0.085769124204724,404,11623629,81.738,3.7e-05,2.3531432913222507e-14,0.0002247570719974296,0.0,3.7e-05,0.0
7364176,K00373.01,1,CANDIDATE,1.0,135.1879934,62.985138,2.32,0.31,-0.2,0.023453,0.000441,-0.000185,0.945,0.04,-0.038,5731,2.4255691911810975,0.11234437389029643,-0.0993950308130006,414,7364176,135.188,0.81,0.006914114734641419,0.004127876236814886,0.40464868249979324,0.81,0.0768832496749607
8934103,K04009.01,1,CANDIDATE,0.997,175.13891999999998,16.485638,3.06,0.45,-0.59,0.022585,0.001209,-0.00079,0.948,0.054,-0.05,5518,2.3432136461741755,0.18316455325878575,-0.1482962098311884,5262,8934103,175.139,0.0067,0.9687094997738583,0.3252931962164298,0.9844267649893307,0.0067,0.9778311056639021
8934103,K04009.02,2,CANDIDATE,0.93,77.79271800000001,8.293034,2.17,0.31,-0.42,0.015988,0.000343,-0.002315,0.948,0.054,-0.05,5518,1.6587690845708531,0.10096616697383497,-0.25562106977181986,5296,8934103,77.793,0.77,0.9687094997738583,0.17906959072618744,0.9929541329350331,0.77,0.2283794505750576
5369827,K02690.01,1,CANDIDATE,1.0,3.606940379,45.816166,2.04,0.26,-0.07,0.022221,0.003471,-0.003252,0.849,0.036,-0.034,5508,2.064689481390008,0.3341836365096854,-0.31327213684086425,3963,5369827,3.607,0.0036,0.968709499773851,0.002369004178880538,0.999923296560258,0.0036,0.996323572692641
9008737,K02768.03,1,CANDIDATE,1.0,11.83271013,10.77723,1.17,0.3,-0.1,0.012494,0.003059,-0.001321,0.785,0.039,-0.036,5639,1.073382755946388,0.26816028710383427,-0.12370529999839876,3667,9008737,11.833,0.089,0.9687094997738583,0.058340866312215585,0.9979987649626635,0.089,0.9091768748809864
11259686,K00294.01,1,CANDIDATE,0.59,34.4359387,46.869064,2.78,0.48,-0.48,0.018691,0.000491,-0.000264,1.137,0.049,-0.047,5929,2.325821912267178,0.11738677475587646,-0.10159969682949022,35,11259686,34.436,0.0084,0.9687094997730777,0.0035167523585029224,0.9998860037059881,0.0084,0.9914869612748579
8617363,K02945.01,1,CANDIDATE,0.988,19.94752741,14.430404,2.52,0.57,-0.2,0.026742,0.0016879999999999,-0.000925,0.871,0.087,-0.077,5749,2.5491506083878677,0.30120345177375724,-0.24199139103223707,3767,8617363,19.948,0.044,0.9687094997738583,0.048419615928022755,0.9983564050179542,0.044,0.9544287231971642
9714550,K03048.01,1,CANDIDATE,1.0,4.73292061,12.931488,0.97,0.2,-0.08,0.011209,0.000752,-0.0004019999999999,0.932,0.071,-0.065,5595,1.1433158840297004,0.11605843611776466,-0.08966282351168443,3511,9714550,4.733,0.00047,0.9687094997738583,0.043699507195140055,0.9985239498706748,0.00047,0.9980546436142357
9349757,K03348.01,1,CANDIDATE,0.94,36.433786700000006,12.819838,2.2,0.33,-0.31,0.018302,0.0009599999999999,-0.000749,1.049,0.065,-0.06,5574,2.1011521156242132,0.17058012151207227,-0.14777461922942126,4694,9349757,36.434,0.0031,0.9687094997738583,0.07083791981971224,0.9975374034356688,0.0031,0.9944450374850182
9349757,K03348.02,2,CANDIDATE,0.997,17.718978600000003,7.945239999999999,1.44,0.22,-0.2,0.011983,0.00081,-0.000855,1.049,0.065,-0.06,5574,1.3757024260476969,0.12615045930539165,-0.12580354050696518,4729,9349757,17.719,0.015,0.9687094997738583,0.0804400448337563,0.9971743966233533,0.015,0.982216780674003
8628665,K03434.01,1,CANDIDATE,1.0,10.2856373,9.876122,1.24,0.2,-0.11,0.010713,0.0007509999999999,-0.000776,0.963,0.055,-0.052,5842,1.1290699468757863,0.10209296803239785,-0.10200856060490639,4386,8628665,10.286,0.063,0.9687094997738583,0.061478771567246564,0.997884076178108,0.063,0.9350173793788873
11015108,K00344.01,1,CANDIDATE,1.0,39.30944096,95.34753,2.87,0.37,-0.14,0.0304339999999999,0.000544,-0.000212,0.888,0.038,-0.036,5607,2.9577091011829757,0.13716659802528264,-0.12166431673148044,309,11015108,39.309,2.3e-06,4.8981447498461215e-18,4.981019702466839e-05,0.0,2.3e-06,0.0
8686097,K00374.01,1,CANDIDATE,0.992,172.70460830000002,79.35191999999999,2.85,0.45,-0.44,0.023415,0.000463,-0.0001889999999999,1.224,0.052,-0.049,5851,3.1365992593757865,0.14698100740865122,-0.12809345181581291,438,8686097,172.705,3.6e-05,2.0146794595345337e-14,0.0017378240312045257,0.0,3.6e-05,0.0
9009953,K04014.01,1,CANDIDATE,0.982,234.240739,19.096905,3.41,0.57,-0.57,0.025002,0.0023769999999999,-0.004926,1.092,0.048,-0.045,5812,2.98800173181475,0.31296938261356927,-0.6014478231447475,5300,9009953,234.241,0.066,0.9687094997738583,0.4841860450437225,0.9696793764684599,0.066,0.9056805376215415
3955817,K04117.01,1,CANDIDATE,1.0,4.24263096,14.401643,1.1,0.06,-0.06,0.012243,0.000647,-0.000609,0.804,0.038,-0.036,5078,1.077276916121319,0.07637741963539611,-0.07209903087437994,5006,3955817,4.243,0.00025,0.9687094997738583,0.038250159377668416,0.9987153344638907,0.00025,0.9984656556302748
5695396,K00283.01,1,CANDIDATE,0.976,16.09196369,98.37853,2.13,0.31,-0.21,0.019184,0.001723,-0.000628,1.003,0.042,-0.04,5680,2.1058311928014093,0.20868027476803738,-0.10865075551921341,580,5695396,16.092,0.0091,8.173050196812151e-19,2.6247474509740804e-05,0.0,0.0091,0.0
5695396,K00283.02,2,CANDIDATE,0.983,25.5172744,10.622858,0.83,0.12,-0.08,0.0074719999999999,0.000365,-0.000436,1.003,0.042,-0.04,5680,0.8202028082053753,0.05277220686831821,-0.05796984895400268,581,5695396,25.517,1.0,0.9687094997738583,0.07235087462384505,0.9974807051816896,1.0,0.0
11547513,K00295.01,1,CANDIDATE,1.0,5.317440164,70.34148,1.94,0.3,-0.22,0.016817,0.002353,-0.0009689999999999,0.976,0.041,-0.039,5923,1.7963121089856529,0.26241973456454915,-0.12595745060150182,36,11547513,5.317,2.3e-08,0.15566047851459267,0.00027176138373987503,0.9985255007956526,2.3e-08,0.998525477829566
11547513,K00295.02,2,CANDIDATE,0.958,10.10575764,17.889442000000003,1.28,0.2,-0.14,0.011144,0.001522,-0.00132,0.976,0.041,-0.039,5923,1.190349178957966,0.17008927786507738,-0.14880307909577314,37,11547513,10.106,0.0016,0.9687094997738583,0.030984628566538438,0.9989671563699818,0.0016,0.9973688089197897
5475042,K03050.01,1,CANDIDATE,0.892,1.242639742,13.234499,1.02,0.21,-0.09,0.011446,0.00073,-0.000432,0.955,0.077,-0.07,5520,1.1963012838220486,0.1229837184950153,-0.09862886855078348,3513,5475042,1.243,0.00049,0.9687094997738583,0.040384521169624654,0.9986406332571561,0.00049,0.9981512993468601
8827575,K03052.01,1,CANDIDATE,0.977,10.12956201,12.274704,0.78,0.07,-0.04,0.008451,0.0002279999999999,-0.000743,1.134,0.048,-0.045,5383,1.0488288185565064,0.05264590603217149,-0.10116921635774745,3515,8827575,10.13,0.51,0.9687094997738583,0.050131111264152074,0.9982952424765037,0.51,0.4891646688134868
8827575,K03052.02,2,CANDIDATE,0.87,15.6112238,11.277081,0.91,0.09,-0.05,0.009854,0.000226,-0.00072,1.134,0.048,-0.045,5383,1.2229510327837905,0.058875540961378356,-0.10168495914412733,3516,8827575,15.611,0.12,0.9687094997738583,0.059187676231543224,0.9979678898775792,0.12,0.8782117430922697
2716801,K03053.01,1,CANDIDATE,0.959,42.5217006,12.974654,2.45,0.75,-0.25,0.024534,0.000699,-0.001465,1.048,0.103,-0.092,5911,2.8139287664233574,0.28794590608713083,-0.29875490932577414,3517,2716801,42.522,0.00066,0.9687094997738583,0.0764615543233234,0.9973257186831094,0.00066,0.9966674837087786
2716801,K03053.02,2,CANDIDATE,0.553,9.476705699999998,8.125606,1.38,0.43,-0.14,0.013848,0.001053,-0.001018,1.048,0.103,-0.092,5911,1.5882972836647369,0.1973679012225249,-0.1818617960986294,3518,2716801,9.477,0.0017,0.9687094997738583,0.07026188162368177,0.9975589420675819,0.0017,0.9958630918660669
8081239,K03352.01,1,CANDIDATE,0.998,10.35857039,12.548059,1.68,0.5,-0.22,0.015084,0.000856,-0.0006129999999999,0.78,0.066,-0.059,5893,1.287640363705009,0.1311889930938847,-0.11056550414453155,4733,8081239,10.359,0.0011,0.9687094997738583,0.04915322713978634,0.998330215416493,0.0011,0.9972320521795349
7091432,K03353.01,1,CANDIDATE,1.0,11.55532445,14.371882,1.7,0.21,-0.18,0.019441,0.0003399999999999,-0.005256,1.014,0.076,-0.069,5149,2.1574463805373774,0.1660458047286675,-0.6014713545703804,4734,7091432,11.555,0.00018,0.9687094997738583,0.042860229614377625,0.9985535678092307,0.00018,0.998373828167025
9845909,K03354.01,1,CANDIDATE,0.937,11.5706005,7.8654885,1.33,0.35,-0.16,0.013484,0.000643,-0.001264,0.771,0.06,-0.054,5718,1.1377754994336773,0.1038439316760431,-0.13313807952694884,4735,9845909,11.571,0.0043,0.9687094997738583,0.07402497745399106,0.9974177519446397,0.0043,0.9931288556112777
7288306,K03443.01,1,CANDIDATE,0.985,96.169569,17.212970000000002,2.07,0.33,-0.14,0.0269839999999999,0.001402,-0.0008,1.05,0.095,-0.086,5340,3.1008380380065326,0.32352072169781065,-0.2700996607944381,4431,7288306,96.17,0.0016,0.9687094997738583,0.11698796900626511,0.9957204951011718,0.0016,0.9941273423090099
4820550,K03823.01,1,CANDIDATE,1.0,202.1168173,55.80787,5.8,0.72,-0.34,0.057885,0.000834,-0.002217,0.92,0.04,-0.038,5541,5.8282385697206145,0.2669528025171365,-0.3282982742459502,4501,4820550,202.117,0.88,0.12223709111193132,0.022309836930770034,0.8361413512806739,0.88,0.10033696215368086
5128673,K02698.01,1,CANDIDATE,0.95,87.97242270000001,43.503696000000005,3.39,0.52,-0.52,0.026755,0.00061,-0.000293,1.196,0.053,-0.051,5837,3.502027810533602,0.17452542874983107,-0.15417998908530506,4009,5128673,87.972,0.00031,0.9687094997719541,0.011048968217988479,0.9996391174491923,0.00031,0.999329229322783
6346809,K02775.01,1,CANDIDATE,1.0,17.57704569,17.63702,27.21,6.98,-3.74,0.27658,6.781329,-0.007175,0.788,0.06,-0.055,5653,23.85231001887742,584.8258790040849,-1.7760915984388346,3674,6346809,17.577,1.0,0.9687094997738583,0.03551209064077711,0.9988106808821279,1.0,0.0
7769819,K02778.01,1,CANDIDATE,1.0,2.21571296,17.881384,1.7,0.36,-0.25,0.0172289999999999,0.002531,-0.002032,0.842,0.07,-0.063,5417,1.5876531088912569,0.267989659896777,-0.22175094870241785,3710,7769819,2.216,0.0014,0.9687094997738583,0.027456842158911306,0.9990880717877811,0.0014,0.9976893484872783
8681833,K02865.01,1,CANDIDATE,0.982,1.3115589090000002,15.153018,1.15,0.35,-0.12,0.010897,0.000487,-0.000507,1.064,0.093,-0.084,5926,1.2689135485779008,0.124567729908555,-0.11627990610794457,3411,8681833,1.312,9.5e-05,0.9687094997738583,0.03428604434388536,0.9988531996354271,9.5e-05,0.9987583085814618
8884274,K02868.01,1,CANDIDATE,1.0,10.65275054,15.265494,2.2,0.49,-0.19,0.024669,0.001415,-0.00082,0.754,0.066,-0.06,5602,2.0356651724452552,0.21303757559897415,-0.17555390186941955,3415,8884274,10.653,0.0003,0.9687094997738583,0.039165696889870476,0.9986833319224934,0.0003,0.9983837269229167
7216284,K03056.01,1,CANDIDATE,0.972,6.69958851,11.795227,1.24,0.22,-0.09,0.01426,0.00094,-0.000711,0.919,0.086,-0.077,5296,1.4342289765290712,0.16417055464244348,-0.1398370285199735,3554,7216284,6.7,9e-05,0.9687094997738583,0.049580829209949176,0.9983149315575185,9e-05,0.9982250832136783
3234843,K03057.01,1,CANDIDATE,0.997,29.727220000000003,16.292034,3.02,0.91,-0.29,0.031506,0.0059409999999999,-0.002502,0.782,0.052,-0.048,5815,2.6963947779385853,0.539139737642906,-0.2706370716243759,3555,3234843,29.727,0.054,0.9687094997738583,0.04791796741305322,0.998374290416744,0.054,0.9444620787342397
3234843,K03057.02,2,CANDIDATE,1.0,10.61368712,16.158089999999998,2.06,0.63,-0.19,0.021552,0.001085,-0.000688,0.782,0.052,-0.048,5815,1.8444962944877925,0.15383799323110467,-0.12761329770465385,3556,3234843,10.614,0.0001,0.9687094997738583,0.036255375070876256,0.9987848514281072,0.0001,0.9986849729429644
7285757,K03271.01,1,CANDIDATE,0.963,19.548966600000004,11.059722,1.89,0.35,-0.15,0.023621,0.004997,-0.003101,0.716,0.062,-0.056,5549,1.850950299710546,0.42309988635334905,-0.2828503473513043,3619,7285757,19.549,0.19,0.9687094997738583,0.06390189824992831,0.9977949860461257,0.19,0.8082139386973619
7285757,K03271.02,2,CANDIDATE,1.0,7.41834569,9.0123415,1.12,0.21,-0.09,0.0140139999999999,0.000825,-0.000931,0.716,0.062,-0.056,5549,1.0981422251447188,0.11498470579816202,-0.11268983951584448,3620,7285757,7.418,0.0038,0.9687094997738583,0.0633216843107365,0.9978163605121797,0.0038,0.9940246583422334
5280587,K03274.01,1,CANDIDATE,0.997,35.6225528,15.579355,2.24,0.59,-0.2,0.023364,0.001727,-0.0016589999999999,0.901,0.074,-0.067,5799,2.303856603133652,0.25456561216865226,-0.23687890684295818,3744,5280587,35.623,0.0029,0.9687094997738583,0.055603839055651784,0.9980981795544297,0.0029,0.9952036948337218
4263529,K03358.01,1,CANDIDATE,1.0,10.10404351,47.393806,4.05,0.91,-0.39,0.04465,0.001947,-0.0107,0.857,0.037,-0.035,5530,4.187798150799145,0.25697696430901396,-1.0180402157825557,4739,4263529,10.104,0.81,0.9687094997737291,0.0022813334903501385,0.9999261416458288,0.81,0.18998596691270742
6619815,K03361.01,1,CANDIDATE,0.484,65.94078689999999,16.05288,2.33,0.64,-0.28,0.02222,0.000917,-0.0009449999999999,1.1,0.102,-0.091,5982,2.674977881953184,0.27150021303902255,-0.2488238344086309,4777,6619815,65.941,0.0048,0.9687094997738583,0.08355744898937544,0.9970549079439367,0.0048,0.9922690443858058
4815520,K00367.01,1,CANDIDATE,0.998,31.578651216,289.96722,4.52,0.68,-0.36,0.041835,0.00045,-0.000136,1.002,0.042,-0.04,5733,4.587657110338535,0.1985278250463081,-0.18374625018660742,406,4815520,31.579,0.26,8.556949048755044e-135,1.2021132186749623e-12,0.0,0.26,0.0
3446746,K00385.01,1,CANDIDATE,1.0,13.14496741,33.60837,1.59,0.16,-0.13,0.016418,0.0020559999999999,-0.00074,0.907,0.039,-0.037,5411,1.6297124902781273,0.21578193020034453,-0.09907344874797228,471,3446746,13.145,2.3e-05,0.9687094997738583,0.008169456192060776,0.9997339430444793,2.3e-05,0.9997109491637892
5088400,K04127.01,1,CANDIDATE,0.991,8.82715783,13.88664,1.67,0.23,-0.06,0.017452,0.001208,-0.001196,0.862,0.046,-0.043,5550,1.6464021546690157,0.14389720556602698,-0.1395551577237443,5048,5088400,8.827,0.0073,0.9687094997738583,0.04286084672849798,0.9985535460504784,0.0073,0.99126410516431
10793172,K02871.01,1,CANDIDATE,0.989,12.0999065,12.935891,1.39,0.21,-0.2,0.011614,0.000587,-0.000627,0.851,0.04,-0.037,5547,1.0816701311666246,0.074657735298843,-0.07497861376030465,3418,10793172,12.1,0.00038,0.9687094997738583,0.048828497861126856,0.9983418130940004,0.00038,0.9979624432050246
10793172,K02871.02,2,CANDIDATE,0.995,5.36375016,11.9805565,1.15,0.17,-0.16,0.00963,0.000718,-0.000301,0.851,0.04,-0.037,5547,0.8968902499685376,0.07905021327725133,-0.04802616858299209,3419,10793172,5.364,0.019,0.9687094997738583,0.04783511970119212,0.9983772423935264,0.019,0.9794080747880494
10793172,K02871.04,3,CANDIDATE,0.949,7.9788198,7.9889746,0.99,0.14,-0.15,0.008249,0.000641,-0.000703,0.851,0.04,-0.037,5547,0.768270786291845,0.06977156891503575,-0.07350237917917049,3420,10793172,7.979,0.0086,0.9687094997738583,0.06951215236267963,0.9975869352365756,0.0086,0.989007687593541
5966322,K00303.01,1,CANDIDATE,0.995,60.92818866,81.35701999999999,2.78,0.39,-0.38,0.024899,0.000574,-0.000221,1.015,0.043,-0.041,5638,2.7658677030109486,0.13339974025784573,-0.11439005756959097,80,5966322,60.928,0.00076,1.3622106065568595e-10,0.0002456778394154387,0.0,0.00076,0.0
8760040,K02963.01,1,CANDIDATE,0.999,18.2206024,15.275195000000002,1.78,0.3,-0.23,0.0129509999999999,0.000583,-0.000399,1.124,0.055,-0.052,5949,1.593136802605072,0.10592626416407984,-0.08855113213021243,3818,8760040,18.221,0.00014,0.9687094997738583,0.04390273313627002,0.9985167702477687,0.00014,0.9983769778999341
8760040,K02963.02,2,CANDIDATE,0.913,7.35101287,10.0476,1.42,0.23,-0.19,0.010277,7.2e-05,-0.00101,1.124,0.055,-0.052,5949,1.2642009821922982,0.06249119968502215,-0.13732042325533284,3852,8760040,7.351,0.0011,0.9687094997738583,0.058012934735709426,0.9980107065902087,0.0011,0.9969128948129595
3544640,K03279.01,1,CANDIDATE,1.0,30.8278245,13.308066,2.42,0.68,-0.27,0.023114,0.0014119999999999,-0.000946,1.051,0.103,-0.092,5982,2.658650688994462,0.30702730795662236,-0.25690823529827395,3749,3544640,30.828,0.0083,0.9687094997738583,0.0626208297160013,0.9978421439668521,0.0083,0.9895600541719273
10653179,K03280.01,1,CANDIDATE,1.0,47.1607932,10.610574,2.58,0.67,-0.28,0.02451,0.001414,-0.0012289999999999,0.854,0.073,-0.066,5936,2.290786618738988,0.23624072536332036,-0.21103877066903462,3750,10653179,47.161,0.0039,0.9687094997738583,0.09900572600078276,0.9964505813318493,0.0039,0.9925644240646551
11177676,K03281.01,1,CANDIDATE,0.958,47.0320478,10.485104,1.98,0.42,-0.31,0.017222,0.00107,-0.000846,0.859,0.041,-0.039,5375,1.6190497889818778,0.12684778656800605,-0.10829976636704547,3751,11177676,47.032,0.0028,0.9687094997738583,0.0998200347194229,0.9964181506068034,0.0028,0.9936281797851043
5257082,K03368.01,1,CANDIDATE,0.955,10.08535311,8.850205,1.45,0.46,-0.15,0.014096,0.000546,-0.001225,1.03,0.085,-0.077,5947,1.5889731965768938,0.14485483193675724,-0.18215047400190723,4784,5257082,10.085,0.0059,0.9687094997738583,0.0667638873400928,0.9976891645199529,0.0059,0.9918027984492852
11624249,K00356.01,1,CANDIDATE,1.0,1.82708193,263.46945,5.95,3.57,-3.56,0.030822,0.000294,-0.000109,0.915,0.05,-0.047,5311,3.086493493738988,0.17121112981232273,-0.1589164938480202,375,11624249,1.827,2.7e-06,1.6484147564801826e-117,8.020444779295186e-12,0.0,2.7e-06,0.0
5895158,K03935.01,1,CANDIDATE,1.0,1.0936658540000002,21.155846,1.29,0.38,-0.12,0.013555,0.0004669999999999,-0.000315,0.834,0.065,-0.059,5845,1.2372259720299519,0.10542757824395407,-0.092126944574024,4237,5895158,1.094,0.0006,0.9687094997738583,0.020281455261466054,0.999331322465564,0.0006,0.9987317236720846
11662184,K02791.01,1,CANDIDATE,0.995,27.5722144,18.632256,1.94,0.31,-0.17,0.016268,0.000138,-0.001088,1.235,0.063,-0.059,5910,2.1987941709665244,0.1137054867139062,-0.18071879856311818,3756,11662184,27.572,0.00041,0.9687094997738583,0.037980152984916124,0.9987247608850434,0.00041,0.9983152837330804
7019524,K02877.01,1,CANDIDATE,0.981,5.30873978,13.079889,1.08,0.33,-0.12,0.010322,0.000503,-0.000439,0.954,0.073,-0.066,5914,1.0776945462496852,0.09776771555499815,-0.08751946715918944,3460,7019524,5.309,0.00021,0.9687094997738583,0.04352837851763454,0.9985299931862446,0.00021,0.9983203018876754
11802615,K00296.01,1,CANDIDATE,1.0,28.86236571,54.010296,2.53,0.37,-0.37,0.021303,0.000165,-0.001885,1.092,0.047,-0.045,5725,2.5459323611250944,0.11133784180660246,-0.24850951673621544,38,11802615,28.862,9.3e-05,0.9687094910985128,0.0017019071264673506,0.9999449325853922,9.3e-05,0.9998519377066617
5980783,K02967.01,1,CANDIDATE,0.983,37.3033197,17.627789,2.31,0.57,-0.25,0.0258569999999999,0.001805,-0.004592,1.216,0.113,-0.102,5646,3.441083142209903,0.3999445290874438,-0.6758473707417394,3857,5980783,37.303,0.0051,0.9687094997738583,0.047963889432194644,0.9983726539313562,0.0051,0.9932809533963063
7269974,K00456.02,2,CANDIDATE,1.0,4.309381978,29.807705,1.89,0.28,-0.25,0.015879,0.0004769999999999,-0.000254,1.066,0.049,-0.047,5539,1.852523854738233,0.10172492172787173,-0.08688720220450064,225,7269974,4.309,1.0,0.9687094997738583,0.009954114318918753,0.9996752372216492,1.0,0.0
7269974,K00456.01,1,CANDIDATE,1.0,13.69942266,99.55829,3.85,0.57,-0.51,0.032372,0.000428,-0.000181,1.066,0.049,-0.047,5539,3.776680031839919,0.18063813747915702,-0.16784762415647347,191,7269974,13.699,1.5e-05,2.0431851405002768e-19,2.2735475249798894e-05,0.0,1.5e-05,0.0
8890783,K00464.01,1,CANDIDATE,0.963,58.36205791,201.45831,7.02,1.95,-0.79,0.06741,0.00251,-0.001011,0.892,0.04,-0.038,5592,6.580708250062924,0.38356733640718915,-0.2972098518929407,235,8890783,58.362,3.2e-05,9.612473092291388e-83,5.069474577953086e-09,0.0,3.2e-05,0.0
8890783,K00464.02,2,CANDIDATE,1.0,5.350156114,67.36277,2.6,0.72,-0.29,0.024953,0.000492,-0.000217,0.892,0.04,-0.038,5592,2.435965182670526,0.1193290271292489,-0.10591443558796111,349,8890783,5.35,1.2e-06,0.8931971159966161,0.00035493061653767415,0.9999575445641976,1.2e-06,0.999956344615144
10155434,K00473.01,1,CANDIDATE,1.0,12.70636123,38.16564,2.75,0.66,-0.22,0.029987,0.002284,-0.003085,0.775,0.058,-0.053,5573,2.543420561052731,0.27158853435742014,-0.3141990287180415,358,10155434,12.706,0.0034,0.9687094997738583,0.005411891509097217,0.9998242380886496,0.0034,0.9964248356791483
3634051,K06103.02,2,CANDIDATE,0.755,122.8054416,9.364022,118.62,22.57,-52.68,0.361369,6.952184,-0.064837,1.228,0.054,-0.051,5874,48.56604258941606,934.3384359017416,-8.944136401932617,5602,3634051,122.805,1.0,0.9687094997738583,0.28540906792371346,0.9870988265619316,1.0,0.0
12404305,K00486.01,1,CANDIDATE,1.0,22.18332255,59.862904,2.78,0.38,-0.39,0.024673,0.000545,-0.000362,1.068,0.049,-0.046,5565,2.88387655971558,0.14684875778822337,-0.13122081426237242,321,12404305,22.183,1.1e-05,0.968695080448868,0.000907176522809211,0.9999706565306073,1.1e-05,0.9999596568533855
5177859,K04246.02,2,CANDIDATE,0.98,8.75630628,9.002639,1.12,0.33,-0.25,0.008347,0.000473,-0.000654,0.925,0.039,-0.037,5839,0.8449978460074251,0.05968343842043131,-0.07433559974870907,5492,5177859,8.756,0.0006,0.9687094997738583,0.06464104170952155,0.9977677183772754,0.0006,0.997169057746249
8741470,K04251.01,1,CANDIDATE,1.0,6.23968392,9.789279,1.55,0.41,-0.3,0.012425,0.001105,-0.004974,0.912,0.039,-0.037,5751,1.2401513528819532,0.12237895720921219,-0.4990027375020795,4835,8741470,6.24,0.36,0.9687094997738583,0.05830908376915247,0.9979999226878647,0.36,0.6387199505202334
7801070,K04361.01,1,CANDIDATE,0.974,75.87813440000001,11.199573,3.39,0.91,-0.49,0.031915,0.000401,-0.0037939999999999,1.157,0.092,-0.084,5579,4.04121227402152,0.32532793948571787,-0.5629196779810149,5230,7801070,75.878,0.39,0.9687094997738583,0.14080229536552294,0.994706589506688,0.39,0.6067710195990796
7427764,K04364.01,1,CANDIDATE,1.0,4.56383697,10.996368,1.22,0.24,-0.13,0.013,0.000815,-0.001022,0.794,0.063,-0.058,5408,1.1296588535112004,0.1142350917416314,-0.12122859862989073,5232,7427764,4.564,0.00049,0.9687094997738583,0.05137032912516619,0.9982508196442699,0.00049,0.9977616767426442
10647452,K04366.01,1,CANDIDATE,0.953,0.762950224,12.50449,1.0,0.18,-0.08,0.012509,0.000883,-0.0004769999999999,0.808,0.045,-0.042,5385,1.1061586223256985,0.09945928361348694,-0.07131105265041271,5233,10647452,0.763,0.012,0.9687094997738583,0.04267221430500375,0.9985601957120915,0.012,0.9865774733635464
6276791,K04477.01,2,CANDIDATE,0.999,5.30179786,8.380222,1.22,0.33,-0.11,0.012946,0.000607,-0.000878,1.095,0.094,-0.085,5749,1.5514335450226526,0.1517530277454732,-0.1599204086742868,4933,6276791,5.302,0.0011,0.9687094997738583,0.06468516236694716,0.9977660893633814,0.0011,0.9966685466650816
6276791,K04477.02,1,CANDIDATE,0.973,9.32867952,11.328061,1.62,0.44,-0.15,0.017152,0.001098,-0.000752,1.095,0.094,-0.085,5749,2.0554756808457086,0.22011208920342218,-0.18324842661479812,4934,6276791,9.329,0.0035,0.9687094997738583,0.053654734547985965,0.9981686245662839,0.0035,0.9946750343803019
7905106,K04582.01,1,CANDIDATE,0.828,4.22426989,8.32915,0.35,0.05,-0.02,0.0036229999999999,0.001032,-0.0003259999999999,0.941,0.039,-0.037,5735,0.3731138867197229,0.10739940276683893,-0.03663852024181637,5293,7905106,4.224,0.97,0.9687094997738583,0.06393283798827046,0.9977938455148233,0.97,0.029933815365444726
9413156,K04700.01,1,CANDIDATE,1.0,3.83488354,9.321168,1.2,0.26,-0.11,0.0142189999999999,0.000946,-0.001009,0.855,0.082,-0.073,5515,1.330511475349223,0.15530196881569677,-0.14771244200599074,4996,9413156,3.835,0.084,0.9687094997738583,0.058507543392067166,0.9979926922286068,0.084,0.9141613060814038
9413156,K04700.02,2,CANDIDATE,0.573,66.47762,7.323951200000001,1.83,0.39,-0.16,0.021656,0.001049,-0.001939,0.855,0.082,-0.073,5515,2.0264123011578157,0.21772763373708431,-0.25070683392287313,4997,9413156,66.478,0.0035,0.9687094997738583,0.1659840637826486,0.9935714801182506,0.0035,0.9900939799378368
5651846,K04827.01,1,CANDIDATE,0.989,31.1920226,8.405147999999999,1.65,0.35,-0.16,0.019451,0.001321,-0.00104,0.907,0.076,-0.069,5675,1.9307794888780516,0.20825195749338013,-0.17953337369260614,6098,5651846,31.192,0.089,0.9687094997738583,0.09410262417649068,0.9966446202422513,0.089,0.907943249040691
11709124,K00435.04,4,CANDIDATE,1.0,3.93276627,24.820826,1.5,0.2,-0.15,0.014124,0.000318,-0.000513,1.071,0.05,-0.048,5688,1.6555055283790585,0.0858063118830314,-0.09550233783707633,93,11709124,3.933,1.3e-05,0.9687094997738583,0.015368599300657605,0.999495827035919,1.3e-05,0.9994828335901675
11709124,K00435.05,2,CANDIDATE,0.915,62.3026877,33.319363,3.05,0.4,-0.3,0.028719,0.002725,-0.002048,1.071,0.05,-0.048,5688,3.366218016816637,0.3559712918898847,-0.2835227297643291,94,11709124,62.303,0.00035,0.9687094997738583,0.01812878935571983,0.999403606057374,0.00035,0.9990538147952539
11709124,K00435.06,6,CANDIDATE,0.997,9.91937693,14.60874,1.32,0.17,-0.13,0.012428,0.000548,-0.000407,1.071,0.05,-0.048,5688,1.456713587276617,0.09354551722827441,-0.08085901423397925,95,11709124,9.919,4.8e-05,0.9687094997738583,0.0409708672200407,0.9986200533265163,4.8e-05,0.9985721195639565
11709124,K00435.01,1,CANDIDATE,1.0,20.5498184,93.74424,4.04,0.54,-0.4,0.038064,0.002459,-0.001866,1.071,0.05,-0.048,5688,4.461566300780267,0.35560960909074046,-0.29634580389148,91,11709124,20.55,2.5e-05,3.1626440754371027e-16,4.265782330784682e-05,0.0,2.5e-05,0.0
11709124,K00435.03,5,CANDIDATE,0.884,33.0405509,21.18267,2.36,0.32,-0.23,0.022276,0.000348,-0.0009279999999999,1.071,0.05,-0.048,5688,2.6110196226403217,0.12853999482888373,-0.15976654486754518,92,11709124,33.041,0.01,0.9687094997738583,0.0331575057669102,0.9988922415510906,0.01,0.9889033191355797
3663494,K06352.01,1,CANDIDATE,0.88,5.11683678,8.210594,1.16,0.36,-0.12,0.011703,0.000539,-0.0012109999999999,1.197,0.101,-0.092,5955,1.5331152763497358,0.14737686934680347,-0.19761683494970517,6409,3663494,5.117,0.011,0.9687094997738583,0.06542513739360477,0.9977387452345952,0.011,0.9867636190370146
3748855,K06355.01,1,CANDIDATE,1.0,4.37198905,8.651935,0.93,0.27,-0.11,0.009309,0.000694,-0.000722,0.869,0.067,-0.061,5823,0.8853322048357662,0.09495102368960633,-0.09261302323702192,6411,3748855,4.372,0.25,0.9687094997738583,0.062371761475879216,0.9978512975540328,0.25,0.7483884731655246
3217264,K00401.03,3,CANDIDATE,0.997,55.3291399,16.517689999999998,1.67,0.19,-0.13,0.016221,0.00065,-0.000704,0.989,0.043,-0.041,5376,1.7557285510476968,0.10381219630255203,-0.10537600323352544,541,3217264,55.329,0.0072,0.9687094997738583,0.06888354198207959,0.9976103713605753,0.0072,0.9904275766867792
3217264,K00401.01,1,CANDIDATE,1.0,29.19899219,150.68636,4.15,0.49,-0.32,0.0404589999999999,0.000799,-0.0004509999999999,0.989,0.043,-0.041,5376,4.379201124889871,0.20912040208559138,-0.18799267410183715,514,3217264,29.199,9.5e-05,7.03496377049042e-51,2.997150792697379e-07,0.0,9.5e-05,0.0
3217264,K00401.02,2,CANDIDATE,1.0,160.0191598,46.990246,4.28,0.5,-0.33,0.041725,0.002575,-0.005273,0.989,0.043,-0.041,5376,4.516230429225396,0.3409358470369916,-0.6006630755588921,515,3217264,160.019,0.052,0.9687090790434446,0.02505879768224476,0.9991697540217285,0.052,0.9472129268125985
5785279,K04259.01,1,CANDIDATE,0.885,0.909127736,10.0180235,0.98,0.26,-0.17,0.008986,0.0005099999999999,-0.00057,0.771,0.06,-0.054,5486,0.7582357340485778,0.07303205379924048,-0.07164853587795157,4842,5785279,0.909,0.0022,0.9687094997738583,0.0528153635257191,0.9981988720088293,0.0022,0.9960028344904098
5351250,K00408.04,4,CANDIDATE,1.0,3.42806306,15.834582,1.21,0.14,-0.1,0.012074,0.000645,-0.000489,0.881,0.042,-0.04,5559,1.164154270356154,0.08335281147271674,-0.0708289875255595,551,5351250,3.428,2.7e-05,0.9687094997738583,0.033395565004918755,0.998884013452763,2.7e-05,0.9988570435843998
5351250,K00408.01,1,CANDIDATE,1.0,7.381980206000001,87.59254,3.42,0.41,-0.27,0.034222,0.000668,-0.000289,0.881,0.042,-0.04,5559,3.299626258085829,0.16997845923297625,-0.15238214358273888,548,5351250,7.382,6.5e-05,6.236858136053168e-12,5.9990789109691436e-05,0.0,6.5e-05,0.0
5351250,K00408.02,2,CANDIDATE,1.0,12.56096618,44.640903,2.74,0.33,-0.21,0.027423,0.000868,-0.0004799999999999,0.881,0.042,-0.04,5559,2.6440783962213694,0.15130483230528827,-0.12866104029397707,549,5351250,12.561,3.2e-05,0.9687094997738547,0.003032530730494273,0.9999017475994165,3.2e-05,0.9998697507434933
5351250,K00408.03,3,CANDIDATE,1.0,30.8261043,25.828817,3.18,0.38,-0.24,0.031848,0.000424,-0.006506,0.881,0.042,-0.04,5559,3.0707292696954442,0.15199230971610742,-0.6426039957153843,550,5351250,30.826,0.022,0.9687094997738583,0.021399585416194723,0.9992936516881146,0.022,0.977309191350976
10991114,K04374.01,1,CANDIDATE,1.0,3.70386741,10.74156,0.86,0.17,-0.07,0.010182,0.00079,-0.000395,0.89,0.039,-0.037,5496,0.9917599241756859,0.08837295694146954,-0.056393458500169205,5240,10991114,3.704,0.026,0.9687094997738583,0.05181452467597697,0.9982348680847393,0.026,0.972280761514536
2303903,K04709.01,1,CANDIDATE,0.8,3.70858595,9.874765,1.33,0.25,-0.11,0.015797,0.001417,-0.000692,0.815,0.078,-0.07,5420,1.4090152141800902,0.18482144560808794,-0.13585102744840533,5036,2303903,3.709,0.2,0.9687094997738583,0.05574534951511183,0.9980930537250854,0.2,0.7984744429800683
9278216,K04710.01,1,CANDIDATE,0.998,9.4527721,9.767796,1.3,0.36,-0.12,0.013921,0.0009279999999999,-0.001034,1.067,0.095,-0.085,5973,1.6256172854108983,0.18080912886672143,-0.17705872043387486,5037,9278216,9.453,0.62,0.9687094997738583,0.06127490921839523,0.9978915505283487,0.62,0.3791987892007725
5645170,K04837.01,1,CANDIDATE,0.989,5.38613715,7.783955000000001,0.86,0.12,-0.06,0.011945,0.000802,-0.001139,0.872,0.07,-0.064,5516,1.1399507657941104,0.11929809330004691,-0.13716919573033876,6138,5645170,5.386,0.28,0.9687094997738583,0.06805402896503264,0.9976412492362754,0.28,0.7183016994501182
3553900,K04992.01,1,CANDIDATE,0.969,12.5747207,9.398239,1.45,0.29,-0.13,0.0171,0.000522,-0.00162,0.915,0.075,-0.068,5654,1.7123820239743268,0.14977695659338292,-0.20618442607274717,5835,3553900,12.575,0.28,0.9687094997738583,0.06618193865008329,0.997710734504637,0.28,0.7183517288433386
10460984,K00474.01,1,CANDIDATE,1.0,10.94577783,44.60486,2.84,0.46,-0.38,0.023673,0.0002279999999999,-0.002299,1.041,0.047,-0.045,5888,2.697040594339919,0.12450817869851853,-0.28669841479493463,359,10460984,10.946,0.016,0.9687094997738553,0.0029653518969761307,0.9999039306317461,0.016,0.9839054677416381
10460984,K00474.02,2,CANDIDATE,0.999,28.9869016,24.698427,2.7,0.44,-0.36,0.022565,0.001315,-0.002777,1.041,0.047,-0.045,5888,2.570807291483136,0.1895179460488017,-0.3353306752586364,270,10460984,28.987,0.037,0.9687094997738583,0.022955092228266742,0.9992411019030922,0.037,0.9622691811326778
10460984,K00474.03,3,CANDIDATE,1.0,94.886902,19.497467,4.24,0.69,-0.56,0.035401,40.01582,-0.007261,1.041,0.047,-0.045,5888,4.033199597863705,4558.961307898826,-0.8454109225513916,271,10460984,94.887,0.87,0.9687094997738583,0.0958775457583427,0.9965746212382415,0.87,0.1295547007609714
10460984,K00474.04,4,CANDIDATE,1.0,5.03505665,14.266844,1.63,0.26,-0.22,0.013596,0.000199,-0.002438,1.041,0.047,-0.045,5888,1.5489783263906367,0.07351782235816767,-0.285715666068568,272,10460984,5.035,0.0048,0.9687094997738583,0.03916506999364646,0.9986833538564671,0.0048,0.993889673757956
11015323,K00479.01,1,CANDIDATE,1.0,34.18884323,77.942184,2.97,0.35,-0.26,0.0293769999999999,0.00061,-0.000293,0.94,0.041,-0.039,5515,3.0221690419707925,0.14599331411440664,-0.12896001492485767,278,11015323,34.189,3.6e-05,2.4766265569355966e-07,0.00021793147084077784,0.0,3.6e-05,0.0
12834874,K00487.01,1,CANDIDATE,1.0,7.65880048,48.160652,2.19,0.56,-0.23,0.023499,0.000669,-0.000292,0.828,0.063,-0.057,5657,2.129429046123836,0.17299203987411252,-0.148960105158614,322,12834874,7.659,8.9e-06,0.9687094997735679,0.0020492595385453467,0.9999336704871252,8.9e-06,0.9999247710774579
8439323,K04153.01,1,CANDIDATE,1.0,4.62602867,13.297741,1.65,0.44,-0.15,0.018932,0.000491,-0.002568,0.958,0.075,-0.068,5834,1.9849312105461867,0.16370144156320982,-0.3038789794674782,5140,8439323,4.626,0.37,0.9687094997738583,0.042286392721947265,0.9985737885188829,0.37,0.6291014867668963
4252322,K00396.01,1,CANDIDATE,1.0,14.591504451,86.46115999999999,36.85,9.97,-9.97,0.257211,55.03341999999999,-0.125805,0.937,0.07,-0.063,5940,26.37622169328908,5643.513593669404,-13.022249717110078,507,4252322,14.592,1.0,1.4154105338359655e-11,7.445084208821727e-05,0.0,1.0,0.0
12554634,K04714.01,1,CANDIDATE,1.0,2.049602348,9.185251,1.08,0.18,-0.08,0.012687,0.0009199999999999,-0.000906,0.852,0.068,-0.061,5356,1.182992497294236,0.1275682779390565,-0.11962651764159972,5041,12554634,2.05,0.091,0.9687094997738583,0.05762370448225564,0.9980248696224444,0.091,0.907204606486802
8320630,K04846.02,1,CANDIDATE,0.862,32.526674,7.528005,1.26,0.34,-0.11,0.013319,0.000838,-0.001158,1.042,0.091,-0.082,5668,1.5188776567769946,0.16348597256278338,-0.1781174059945688,6183,8320630,32.527,0.039,0.9687094997738583,0.1028718431909594,0.9962960852594663,0.039,0.9574405379343471
3745690,K00442.01,1,CANDIDATE,0.982,13.54057461,42.19916,2.17,0.31,-0.26,0.019582,0.000507,-0.000359,1.085,0.049,-0.047,5767,2.325253142933551,0.12104483681454613,-0.10937471737667544,139,3745690,13.541,0.00033,0.9687094997738581,0.003829109662696054,0.9998758396566528,0.00033,0.9995458806295661
3745690,K00442.02,2,CANDIDATE,1.0,1.7323464030000002,33.456579999999995,1.37,0.19,-0.16,0.0123349999999999,0.000393,-0.0002299999999999,1.085,0.049,-0.047,5767,1.4647123643185131,0.08095285674970354,-0.06907675522312885,140,3745690,1.732,1.6e-05,0.9687094997738583,0.006915478367500608,0.9997750660750325,1.6e-05,0.9997590696739753
3745690,K00442.03,3,CANDIDATE,0.868,7.0257409,15.921431,1.56,0.23,-0.18,0.014129,0.002189,-0.001547,1.085,0.049,-0.047,5767,1.677739845598414,0.2707495586752375,-0.19755165157033683,141,3745690,7.026,0.0014,0.9687094997738583,0.035025022314989225,0.9988275851355836,0.0014,0.9974292265163938
11134879,K00480.01,1,CANDIDATE,1.0,4.30165843,83.365845,2.42,0.55,-0.24,0.0255889999999999,0.004696,-0.000878,0.807,0.061,-0.055,5480,2.260009707887608,0.4485529400088416,-0.17244641077871012,279,11134879,4.302,0.0013,2.9994267268176418e-09,8.337958241667877e-05,0.0,0.0013,0.0
2161949,K06259.01,1,CANDIDATE,0.813,4.78113942,8.089111,1.14,0.31,-0.22,0.009326,0.000654,-0.000727,1.047,0.08,-0.073,5683,1.0686255372829094,0.11082853808021949,-0.11176281386587086,6792,2161949,4.781,0.016,0.9687094997738583,0.06576210111987146,0.9977262791369965,0.016,0.9817626586708046
2161949,K06259.02,2,CANDIDATE,0.967,7.18864064,7.6470246,1.3,0.36,-0.24,0.010693,0.000681,-0.000924,1.047,0.08,-0.073,5683,1.225264086442864,0.12187698885760286,-0.1360444663983846,6793,2161949,7.189,0.39,0.9687094997738583,0.07067987976415409,0.9975433153659453,0.39,0.6085014223732266
2557816,K00488.01,1,CANDIDATE,1.0,9.3789167,36.6241,2.03,0.41,-0.27,0.023007,0.003639,-0.0013039999999999,0.969,0.074,-0.068,5684,2.4398730230776486,0.42853986075177497,-0.22008998262832666,323,2557816,9.379,1.7e-05,0.9687094997738583,0.005889006277534619,0.9998086510479979,1.7e-05,0.99979165430093
6607644,K04159.01,1,CANDIDATE,0.987,0.971915957,14.952725,0.79,0.05,-0.07,0.008139,9.1e-05,-0.000712,0.886,0.04,-0.038,5197,0.7892020887553486,0.03670626150873453,-0.07689054737973,5181,6607644,0.972,0.00011,0.9687094997738583,0.03470176910699046,0.9988387945836348,0.00011,0.9987289223162306
7610663,K04160.01,1,CANDIDATE,0.987,3.03196812,14.200007,0.9,0.25,-0.14,0.008297,0.0004669999999999,-0.000361,0.971,0.042,-0.04,5755,0.8817059583280896,0.06258862807054029,-0.05282951477934916,5182,7610663,3.032,0.085,0.9687094997738583,0.03820548727456968,0.998716894414788,0.085,0.913825958389531
3645438,K04385.01,2,CANDIDATE,1.0,7.298141999999999,12.195742,1.6,0.09,-0.1,0.017565,0.0007099999999999,-0.001176,0.847,0.052,-0.049,5122,1.6282272548294738,0.11968301049228987,-0.14407047250183078,5284,3645438,7.298,0.00045,0.9687094997738583,0.048360431550517016,0.9983585161143252,0.00045,0.9979092547820738
3645438,K04385.02,1,CANDIDATE,0.911,386.370512,13.001594,2.96,0.17,-0.19,0.032485,0.0018399999999999,-0.001359,0.847,0.052,-0.049,5122,3.0112702745878424,0.2515335837177498,-0.21498250129490493,5318,3645438,386.371,0.0046,0.9687094997738583,0.8819012993723998,0.7587908321075152,0.0046,0.7553003942798205
3645438,K04385.03,3,CANDIDATE,0.946,17.369511199999998,8.176327,1.45,0.08,-0.09,0.0159319999999999,0.00244,-0.000843,0.847,0.052,-0.049,5122,1.4768526401333912,0.24367761845682845,-0.11578454656327718,5319,3645438,17.37,0.029,0.9687094997738583,0.07853393793099722,0.9972470585328166,0.029,0.9683268938353649
6186182,K04496.01,1,CANDIDATE,0.967,96.384483,9.164617,2.41,0.74,-0.24,0.022095,0.001442,-0.001471,0.884,0.075,-0.068,5919,2.1376161726025673,0.22880926053524833,-0.21746547590156518,4981,6186182,96.384,0.0012,0.9687094997738583,0.2126121677267867,0.9912779541861718,0.0012,0.9900884206411484
4844367,K04498.01,1,CANDIDATE,0.983,17.1622587,10.310347,22.42,2.72,-1.07,0.218648,6.729959,-0.012264,0.918,0.046,-0.044,5733,21.967045319154295,676.1438945528421,-1.62071803839979,4983,4844367,17.162,1.0,0.9687094997738583,0.06565369137079077,0.9977302907767955,1.0,0.0
6144039,K04602.01,1,CANDIDATE,0.961,2.85855049,10.196333,1.23,0.14,-0.13,0.011676,0.000575,-0.003668,0.969,0.045,-0.043,5440,1.2382299916310093,0.08381489868987194,-0.3928499877513699,5378,6144039,2.859,0.017,0.9687094997738583,0.05357034624063011,0.9981716679959551,0.017,0.9812027496400239
2976017,K04849.01,1,CANDIDATE,0.994,3.19938075,8.471165,0.62,0.1,-0.04,0.008036,0.0004799999999999,-0.000674,0.808,0.06,-0.055,5483,0.7106156118801913,0.06772126766302805,-0.07675977317521185,6185,2976017,3.199,0.014,0.9687094997738583,0.062227635527136074,0.9978565921523559,0.014,0.9838865998622229
6786224,K04850.01,1,CANDIDATE,0.999,3.04185157,9.081595,0.71,0.21,-0.07,0.007624,0.000442,-0.000569,0.945,0.041,-0.039,5802,0.7884935621696451,0.05709611109906087,-0.0672453525574488,6186,6786224,3.042,0.38,0.9687094997738583,0.05899280078177469,0.9979750000500291,0.38,0.6187445000310181
6511182,K05288.01,1,CANDIDATE,0.994,29.5632952,7.9092245,1.9,0.51,-0.16,0.0210169999999999,0.00158,-0.001464,0.885,0.073,-0.066,5595,2.0356234750975237,0.22718448755379012,-0.2077317870576608,5579,6511182,29.563,0.15,0.9687094997738583,0.09567458953167873,0.9965826392989071,0.15,0.847095243404071
6543192,K05297.01,1,CANDIDATE,0.962,8.0906952,7.458956,0.8,0.09,-0.05,0.008151,0.000679,-0.000737,0.917,0.041,-0.039,5372,0.8180195525893532,0.07733815008588234,-0.08173762804986155,5583,6543192,8.091,0.064,0.9687094997738583,0.07274223317408669,0.9974660088293755,0.064,0.9336281842642954
4078311,K04166.01,1,CANDIDATE,1.0,9.84262076,14.454476,2.41,0.58,-0.21,0.022683,0.001133,-0.001009,1.031,0.087,-0.079,5585,2.559426213834004,0.2509753021285569,-0.22676633582972283,5221,4078311,9.843,0.0057,0.9687094997738583,0.04146639146117575,0.9986026414849234,0.0057,0.9929106064284593
5444548,K00409.01,1,CANDIDATE,1.0,13.24931848,74.35540999999999,2.86,0.43,-0.34,0.0243229999999999,0.001754,-0.001066,1.068,0.049,-0.046,5799,2.8429671933677207,0.242990490560423,-0.17469601961011075,587,5444548,13.249,0.00043,0.00031293939464382037,0.00021528972423930426,0.31210739067639603,0.00043,0.31197318449840516
10907132,K04503.01,1,CANDIDATE,1.0,5.89089509,8.614958,1.54,0.47,-0.15,0.015019,0.000826,-0.000959,1.012,0.095,-0.085,5869,1.6634317454694185,0.18097730524238406,-0.1755043299263919,5022,10907132,5.891,0.00045,0.9687094997738583,0.06398888738926019,0.9977917791742279,0.00045,0.9973427728735995
6520753,K04504.01,1,CANDIDATE,0.995,4.13029832,10.777867,1.44,0.33,-0.14,0.016301,0.001241,-0.001231,0.876,0.075,-0.068,5490,1.5627942664862822,0.1790473749017697,-0.16924796589711727,5023,6520753,4.13,0.00017,0.9687094997738583,0.05198773179584088,0.9982286439722716,0.00017,0.9980589451027964
6520753,K04504.02,2,CANDIDATE,0.809,8.119342999999999,9.522111,1.5,0.34,-0.15,0.016902,0.001455,-0.001299,0.876,0.075,-0.068,5490,1.6204127778756607,0.19673648635230082,-0.17700657485954968,5024,6520753,8.119,0.048,0.9687094997738583,0.06131894551519661,0.9978899362691909,0.048,0.9499912193282697
10220837,K04613.01,1,CANDIDATE,0.934,1.962282625,10.950456,0.81,0.22,-0.12,0.0075489999999999,0.000419,-0.000469,0.822,0.035,-0.033,5726,0.6791171508620599,0.047507514694358835,-0.050234099687092686,5420,10220837,1.962,0.017,0.9687094997738583,0.049591196405888695,0.9983145608301779,0.017,0.9813432132960649
8360041,K04854.01,1,CANDIDATE,0.984,2.63527677,7.9871445,0.76,0.05,-0.06,0.008055,0.002778,-0.000676,0.817,0.035,-0.033,5215,0.7202297507393656,0.2503010623257196,-0.06708027653639673,5520,8360041,2.635,0.027,0.9687094997738583,0.06425030147428577,0.9977821385039366,0.027,0.9708420207643302
6425597,K04861.01,1,CANDIDATE,0.977,29.1206519,8.623144,1.6,0.38,-0.14,0.01865,0.00118,-0.001566,1.092,0.097,-0.088,5671,2.2288709822552226,0.24307548471992116,-0.2593999136783609,5526,6425597,29.121,0.069,0.9687094997738583,0.0897603076713174,0.9968147207662502,0.069,0.928034505033379
6675757,K05310.01,1,CANDIDATE,0.982,22.2903562,7.840215,1.13,0.16,-0.1,0.010324,0.000842,-0.001004,0.985,0.043,-0.04,5596,1.1129295711678833,0.10295275391931186,-0.11728870572290079,5622,6675757,22.29,0.21,0.9687094997738583,0.08667945433971236,0.9969344254032096,0.21,0.7875781960685356
8891684,K05581.01,1,CANDIDATE,0.968,374.878133,14.203887,4.27,1.07,-1.18,0.028862,0.0068099999999999,-0.00168,0.815,0.061,-0.056,5636,2.5743493772023656,0.6372469038197385,-0.2318267842268503,6018,8891684,374.878,0.0038,0.9687094997738583,0.8688402632648563,0.7860273084986671,0.0038,0.7830404047263722
9583881,K00467.01,1,CANDIDATE,1.0,18.00932214,230.01062,4.96,1.57,-0.39,0.05176,0.002682,-0.0013599999999999,1.077,0.084,-0.076,5815,6.100893258243141,0.5712741870886255,-0.4593934886970482,351,9583881,18.009,7.2e-06,4.175131136942408e-98,2.072117745214517e-10,0.0,7.2e-06,0.0
11192998,K00481.01,1,CANDIDATE,1.0,7.650243512999999,68.67351,2.3,0.45,-0.18,0.028274,0.000481,-0.000193,0.782,0.036,-0.034,5409,2.4197888005914927,0.11875979311548922,-0.10649694367438141,280,11192998,7.65,4.1e-07,0.5836337635041853,0.0003274223795985639,0.9997663392973463,4.1e-07,0.9997659293931472
11192998,K00481.02,2,CANDIDATE,1.0,1.55400389,55.116364,1.59,0.31,-0.12,0.019515,0.00036,-0.000157,0.782,0.036,-0.034,5409,1.6701626385917445,0.08283063892734872,-0.07384844083776287,281,11192998,1.554,3.2e-06,0.968709497411544,0.000999008242712216,0.9999676985414255,3.2e-06,0.9999644986447902
11192998,K00481.03,3,CANDIDATE,1.0,34.25951418,43.793594,2.41,0.46,-0.19,0.029532,0.000757,-0.000389,0.782,0.036,-0.034,5409,2.527452884596023,0.13317439041810294,-0.11482162439258481,316,11192998,34.26,2.1e-06,0.9687094997738476,0.004612477152776542,0.9998503209621833,2.1e-06,0.9998482212765093
8324518,K04393.01,1,CANDIDATE,0.936,1.62888267,11.443328,0.92,0.19,-0.08,0.010339,0.000627,-0.0006259999999999,1.119,0.093,-0.084,5398,1.266170169534986,0.13026776419380195,-0.12211192734511532,5328,8324518,1.629,0.0045,0.9687094997738583,0.04732289881534725,0.9983954821209883,0.0045,0.9939027024514439
5802637,K04398.01,1,CANDIDATE,0.979,7.3422467,10.581186,1.6,0.34,-0.14,0.017463,0.001096,-0.001074,0.838,0.072,-0.065,5573,1.6015714865655675,0.1704077039445529,-0.15853824163025138,5365,5802637,7.342,0.047,0.9687094997738583,0.055463137983931314,0.9981032745431662,0.047,0.9511924206396373
8345384,K04399.01,1,CANDIDATE,0.958,42.1003351,13.519419,1.42,0.16,-0.07,0.0158449999999999,0.002758,-0.002548,0.833,0.034,-0.033,5595,1.4445104918355058,0.2582535922422062,-0.23923366875724275,5366,8345384,42.1,0.44,0.9687094997738583,0.07266141639260261,0.9974690446890161,0.44,0.5585826650258491
6850504,K00070.03,3,CANDIDATE,0.563,77.6114427,75.38519000000001,2.59,0.29,-0.23,0.02568,0.000598,-0.000273,0.887,0.037,-0.035,5465,2.492884141706519,0.1190934490143581,-0.10187376640285833,522,6850504,77.611,1e-05,9.459459097410781e-08,0.000546523737757472,0.0,1e-05,0.0
6850504,K00070.01,1,CANDIDATE,1.0,10.854095934000002,203.21265,2.99,0.33,-0.27,0.029604,0.001495,-0.000524,0.887,0.037,-0.035,5465,2.8738061577523277,0.18823476539648104,-0.12428345636551325,520,6850504,10.854,6.6e-06,1.1691842540037224e-81,2.034620527851375e-09,0.0,6.6e-06,0.0
6850504,K00070.02,2,CANDIDATE,1.0,3.696121272,108.19572,1.78,0.19,-0.16,0.017627,0.000379,-0.000113,0.887,0.037,-0.035,5465,1.7111397494494087,0.08030197548990531,-0.06840487193667864,521,6850504,3.696,3.7e-06,3.662311175106993e-24,8.951318516282996e-06,0.0,3.7e-06,0.0
6850504,K00070.04,4,CANDIDATE,0.999,6.09855603,16.530762,0.84,0.09,-0.08,0.008309,0.000339,-0.0002379999999999,0.887,0.037,-0.035,5465,0.8065955737320665,0.047063985531610494,-0.039328949462557126,523,6850504,6.099,8.1e-05,0.9687094997738583,0.03276376514323857,0.9989058416129678,8.1e-05,0.9988249302397971
6850504,K00070.05,5,CANDIDATE,0.963,19.5776073,12.244888,0.9,0.1,-0.08,0.008912,0.0004509999999999,-0.000312,0.887,0.037,-0.035,5465,0.8651317550969042,0.05673699666826825,-0.045636247813893575,524,6850504,19.578,0.0042,0.9687094997738583,0.057899306402698233,0.99801484242631,0.0042,0.9938231800881195
4545570,K04506.01,1,CANDIDATE,0.997,5.60473115,10.654026,1.11,0.19,-0.09,0.013128,0.000795,-0.000789,0.893,0.075,-0.068,5401,1.2830201662471683,0.13284658669876198,-0.12446331150842038,5026,4545570,5.605,0.00093,0.9687094997738583,0.05370862218644245,0.9981666808467361,0.00093,0.9972383858335486
9216775,K04513.01,1,CANDIDATE,0.872,3.91794676,11.472025,0.94,0.11,-0.04,0.009856,0.000462,-0.000691,0.874,0.041,-0.038,5500,0.9427479204631262,0.0625197879679918,-0.07777362993157726,5064,9216775,3.918,0.0002,0.9687094997738583,0.048866163397053616,0.9983404682787155,0.0002,0.9981408001850598
6468904,K04743.01,1,CANDIDATE,0.998,49.5387264,10.238926,20.52,4.61,-1.54,0.251507,6.7874490000000005,-0.086467,0.933,0.073,-0.066,5683,25.68119191522464,693.0642605279394,-9.014043435604922,5082,6468904,49.539,0.99,0.9687094997738583,0.10546736781830295,0.9961916148189905,0.99,0.009961916148189915
11805075,K00436.01,1,CANDIDATE,0.804,199.83920527,624.0963,21.48,4.95,-1.75,0.2263929999999999,0.003101,-0.0031079999999999,1.22,0.095,-0.086,5457,30.227781953498603,2.389941089810351,-2.170843394016814,96,11805075,199.839,0.9,0.0,1.805594981802241e-24,0.0,0.9,0.0
9011877,K05597.01,1,CANDIDATE,0.996,7.77710639,10.173459,0.73,0.03,-0.06,0.007848,0.000504,-0.000589,0.868,0.036,-0.034,5067,0.745524937830355,0.056994291346744684,-0.06311464800945586,6023,9011877,7.777,0.00026,0.9687094997738583,0.05776966403661287,0.9980195599217588,0.00026,0.9977600748361791
7977197,K00459.01,1,CANDIDATE,1.0,19.44639139,73.35643,3.24,0.89,-0.48,0.031094,0.001709,-0.003128,1.152,0.053,-0.05,5815,3.920238856279889,0.28098847090806345,-0.4295085714266175,229,7977197,19.446,0.011,0.0006564104210309491,0.00025980770498387816,0.6043563151284443,0.011,0.5977083956620315
7977197,K00459.02,2,CANDIDATE,1.0,6.91986988,21.593683,1.39,0.38,-0.2,0.0133669999999999,0.001335,-0.001524,1.152,0.053,-0.05,5815,1.6852715247923358,0.1853125927860472,-0.20559321092273136,230,7977197,6.92,7.1e-05,0.9687094997738583,0.021370720354551818,0.9992946252595786,7.1e-05,0.9992236753411851
11152511,K05874.01,1,CANDIDATE,0.534,287.33114,15.635027,2.07,0.26,-0.25,0.018829,0.000332,-0.001241,1.203,0.052,-0.05,5422,2.4789989249150515,0.11572769519495357,-0.1931624660581,5719,11152511,287.331,0.97,0.9687094997738583,0.7179498216682779,0.9177782604839079,0.97,0.02753334781451726
4454752,K00496.01,1,CANDIDATE,1.0,1.616883373,40.888733,4.47,1.01,-2.18,0.022557,0.000496,-0.00345,0.847,0.037,-0.035,4868,2.09097194347785,0.10226029989027037,-0.33127207808850384,1026,4454752,1.617,0.81,0.9687094997738583,0.0035625191120783528,0.9998845148626685,0.81,0.18997805782390695
9946525,K00398.01,1,CANDIDATE,0.963,51.84688984,188.06175,8.73,0.7,-0.42,0.095348,0.0007469999999999,-0.001326,0.815,0.039,-0.037,5228,8.504575719544423,0.4123855926595895,-0.4038063442012066,509,9946525,51.847,0.0092,2.1744323220638465e-74,1.5156665831571142e-08,0.0,0.0092,0.0
9946525,K00398.02,2,CANDIDATE,1.0,4.180048081,102.849686,3.44,0.27,-0.17,0.037538,0.000838,-0.000584,0.815,0.039,-0.037,5228,3.3482061853448277,0.1767982760645884,-0.16068203425977842,510,9946525,4.18,2.1e-05,5.737882570607969e-21,1.4554734072737185e-05,0.0,2.1e-05,0.0
9946525,K00398.03,3,CANDIDATE,1.0,1.7293670769999998,36.352104,1.82,0.15,-0.09,0.019899,0.000599,-0.00049,0.815,0.039,-0.037,5228,1.7748935713723886,0.10034065382591083,-0.09166783792027657,511,9946525,1.729,1.1e-05,0.9687094997738583,0.0053457591207074166,0.9998263974123619,1.1e-05,0.9998153993219904
10063208,K04292.01,1,CANDIDATE,0.995,9.3281912,11.1252775,0.59,0.09,-0.03,0.006063,0.000354,-0.000298,1.056,0.044,-0.042,5524,0.7007045572615151,0.050261306580284965,-0.04430342688616426,4973,10063208,9.328,0.014,0.9687094997738583,0.054578814107238346,0.9981352624672519,0.014,0.9841613687927104
2831055,K04400.01,1,CANDIDATE,0.995,2.20923119,11.010214,0.84,0.26,-0.11,0.007076,0.000392,-0.000376,1.072,0.046,-0.044,5991,0.8301681459854013,0.05817283661231837,-0.055740417737690964,5367,2831055,2.209,0.00018,0.9687094997738583,0.04952467558465402,0.9983169394511983,0.00018,0.9981372424020971
7703882,K04403.01,1,CANDIDATE,1.0,5.88350251,11.783633,1.27,0.37,-0.12,0.013655,0.000774,-0.0009029999999999,1.031,0.1,-0.089,5840,1.5407558501919203,0.17309068552305412,-0.16754579407771392,5368,7703882,5.884,0.015,0.9687094997738583,0.04902324923229437,0.9983348585166495,0.015,0.9833598356388997
10003058,K04519.01,1,CANDIDATE,0.898,148.568877,9.631365,5.97,1.14,-1.94,0.0183289999999999,0.001318,-0.000976,1.208,0.061,-0.058,5810,2.423199446639806,0.21291999327130381,-0.17374056729144458,5068,10003058,148.569,0.29,0.9687094997738583,0.36648363891728825,0.9813140276026858,0.29,0.6967329595979069
6311891,K04627.01,1,CANDIDATE,0.944,7.51731745,9.023955,1.19,0.15,-0.07,0.011854,0.000725,-0.000859,0.93,0.043,-0.041,5520,1.2065111147118048,0.09250456588779335,-0.10233854700432853,5463,6311891,7.517,0.086,0.9687094997738583,0.06335327438269267,0.9978151974490806,0.086,0.9120030904684597
6520519,K04749.01,1,CANDIDATE,0.825,1.97650073,8.173038499999999,0.97,0.31,-0.1,0.009654,0.000659,-0.000642,0.998,0.085,-0.077,5792,1.0544385892902088,0.11509171125021066,-0.10740357086759159,5121,6520519,1.977,0.00071,0.9687094997738583,0.06264803357653952,0.997841143894333,0.00071,0.997132676682168
11904151,K00072.02,1,CANDIDATE,0.982,45.29422297,93.40869,2.26,0.12,-0.09,0.019806,0.000328,-0.000128,1.087,0.046,-0.044,5676,2.356187102850491,0.10707292650646816,-0.09658256823861422,526,11904151,45.294,9.9e-05,3.863640047845797e-17,6.516610296967633e-05,0.0,9.9e-05,0.0
4478142,K05067.01,1,CANDIDATE,0.898,219.931324,9.900649,2.3,0.29,-0.14,0.023063,0.002006,-0.002919,0.836,0.038,-0.036,5564,2.1101121205008813,0.20708670030604834,-0.28210389588868695,5964,4478142,219.931,0.79,0.9687094997738583,0.6154588298298805,0.9483018371108368,0.79,0.1991433857932757
6869373,K05331.01,1,CANDIDATE,0.884,31.5034587,7.505692999999999,1.17,0.11,-0.05,0.012966,0.001021,-0.001235,1.122,0.067,-0.063,5268,1.592143946073496,0.157344898057402,-0.1760394762442177,5665,6869373,31.503,0.11,0.9687094997738583,0.10157338028041177,0.9963481221572071,0.11,0.8867498287199144
9141355,K05622.01,1,CANDIDATE,0.954,469.61309000000006,13.892415,3.24,0.64,-0.28,0.038837,0.000267,-0.0070819999999999,0.863,0.054,-0.051,5474,3.6680895225113264,0.23090243458378454,-0.7031313963195966,6066,9141355,469.613,0.0011,0.9687094997734028,0.9108264722404612,0.6700724030318714,0.0011,0.6693353233885364
4274071,K06399.01,1,CANDIDATE,0.827,6.76890076,8.565714999999999,1.24,0.34,-0.23,0.010077,0.000683,-0.000638,1.243,0.147,-0.126,5737,1.3708370788289703,0.1868558862331661,-0.16383581665182367,6578,4274071,6.769,0.00056,0.9687094997738583,0.06509201349692213,0.9977510604431234,0.00056,0.9971923198492753
7257966,K04185.01,1,CANDIDATE,0.992,3.035206175,14.005139000000002,3.59,0.8,-0.37,0.037643,0.015802,-0.009981,0.84,0.072,-0.065,5505,3.46056466838661,1.4826697405063065,-0.9558412281137516,5272,7257966,3.035,0.47,0.9687094997738583,0.03885122343940371,0.9986943311913108,0.47,0.5293079955313947
7661893,K04296.01,1,CANDIDATE,0.992,2.49385348,10.817567,0.59,0.06,-0.05,0.006317,0.000397,-0.000367,0.97,0.041,-0.038,5615,0.670603887647873,0.050790190848190545,-0.04699007736120709,5010,7661893,2.494,0.35,0.9687094997738583,0.050554903955707796,0.9982800636257357,0.35,0.6488820413567282
5308537,K04409.01,1,CANDIDATE,0.999,14.2651545,11.675163,1.06,0.18,-0.18,0.00749,0.0003259999999999,-0.000432,1.239,0.054,-0.052,5825,1.0156324765605336,0.06255771736307367,-0.07244564018277111,5406,5308537,14.265,0.0029,0.9687094997738583,0.056105397117348035,0.9980800050554717,0.0029,0.9951855730408108
5003670,K04524.01,1,CANDIDATE,1.0,7.99144696,10.7262335,1.53,0.23,-0.12,0.01394,0.000417,-0.0034509999999999,0.84,0.042,-0.04,5702,1.2815203750314623,0.07466813868225831,-0.32307027073432076,5072,5003670,7.991,0.00085,0.9687094997738583,0.05532512254402081,0.9981082708067706,0.00085,0.9972598787765848
5003670,K04524.02,2,CANDIDATE,0.607,4.52628739,9.255154,1.02,0.15,-0.08,0.009313,0.000754,-0.000373,0.84,0.042,-0.04,5702,0.8561548961741756,0.08146915997159813,-0.053272511603234804,5073,5003670,4.526,0.0016,0.9687094997738583,0.0594410131009028,0.9979586422930082,0.0016,0.9963619084653393
5003670,K04524.03,3,CANDIDATE,0.989,3.33930957,8.40802,1.2,0.18,-0.09,0.010966,0.001784,-0.002409,0.84,0.042,-0.04,5702,1.0081171042033727,0.17157637540505793,-0.22660544123553455,5074,5003670,3.339,0.00017,0.9687094997738583,0.06268634281759511,0.9978397354656668,0.00017,0.9976701027106377
3765917,K04526.01,1,CANDIDATE,0.924,30.539293100000005,11.202491,2.72,0.46,-0.5,0.01877,0.000821,-0.001039,1.224,0.084,-0.078,5812,2.5143697671784544,0.20462267369875972,-0.21223776266853936,5108,3765917,30.539,0.00078,0.9687094997738583,0.07424260240207164,0.9974095516177569,0.00078,0.9966315721674951
3765917,K04526.02,2,CANDIDATE,1.0,11.8187288,8.598025999999999,2.09,0.35,-0.38,0.014436,0.000267,-0.001397,1.224,0.084,-0.078,5812,1.933800850239114,0.13744696679998172,-0.2240686137000325,5109,3765917,11.819,0.011,0.9687094997738583,0.06993723542317473,0.9975710691513437,0.011,0.9865977873906789
7949593,K04759.01,1,CANDIDATE,0.929,17.7662938,9.780214,1.54,0.23,-0.08,0.014903,0.0021149999999999,-0.003075,0.921,0.056,-0.052,5724,1.5021620546658696,0.23192577484021118,-0.3213419738425229,5129,7949593,17.766,0.0044,0.9687094997738583,0.0692193113898112,0.9975978569988315,0.0044,0.9932084264280368
9935642,K04885.01,1,CANDIDATE,1.0,9.33955596,9.466705,2.67,0.78,-0.58,0.022231,0.0015019999999999,-0.00924,0.75,0.058,-0.053,5516,1.8247514512018628,0.18738381127805925,-0.7693159819028035,5609,9935642,9.34,0.14,0.9687094997738583,0.0627290782087456,0.9978381641749592,0.14,0.8581408211904649
4813750,K05088.01,1,CANDIDATE,0.627,49.1782244,7.6310887,1.79,0.37,-0.25,0.019512,0.001126,-0.001594,1.057,0.094,-0.085,5674,2.2571490071734206,0.23928902705652447,-0.25874228753838374,5972,4813750,49.178,0.00061,0.9687094997738583,0.12867032415655116,0.9952300389046734,0.00061,0.9946229485809416
11716643,K05929.01,1,CANDIDATE,0.939,466.002988,42.02669,4.92,1.32,-0.43,0.051475,0.005874,-0.005614,1.059,0.05,-0.048,5830,5.9658972741788325,0.7367610114587375,-0.7046098046414027,5767,11716643,466.003,0.2,3.5292103207764174e-05,0.7845341148881512,0.0,0.2,0.0
5171707,K06532.01,1,CANDIDATE,1.0,0.813998812,9.265632,1.36,0.38,-0.2,0.012555,0.001396,-0.0007019999999999,1.094,0.097,-0.087,5705,1.5032025184054871,0.21377710415547665,-0.14613222088836614,6282,5171707,0.814,0.12,0.9687094997738583,0.05618981940975404,0.9980769440230631,0.12,0.8783077107402956
9828127,K04192.01,1,CANDIDATE,1.0,18.0541469,15.734565,1.51,0.18,-0.09,0.015187,0.000711,-0.0005639999999999,0.942,0.045,-0.043,5505,1.5656920679901836,0.10472374624860203,-0.09213480194388993,5312,9828127,18.054,0.00061,0.9687094997738583,0.04210880863379524,0.9985800412702442,0.00061,0.9979709074450694
9828127,K04192.02,2,CANDIDATE,0.995,32.0273169,7.998034,1.14,0.15,-0.06,0.011529,0.000717,-0.001019,0.942,0.045,-0.043,5505,1.1885733753775483,0.0932084053118809,-0.1182361761383208,5313,9828127,32.027,0.0049,0.9687094997738583,0.09838871021437719,0.9964751156419825,0.0049,0.9915923875753369
8507475,K04300.01,1,CANDIDATE,1.0,3.58273837,12.543833,1.64,0.37,-0.16,0.017176,0.001297,-0.0008939999999999,0.677,0.059,-0.053,5448,1.2726065546186762,0.14674811740236085,-0.11963802756828155,5014,8507475,3.583,0.031,0.9687094997738583,0.0443869316176791,0.9984996520431468,0.031,0.9675461628298092
12647577,K04530.01,1,CANDIDATE,0.999,12.636204800000002,9.943496,1.1,0.16,-0.07,0.010119,0.00058,-0.0007469999999999,1.024,0.046,-0.044,5766,1.1340207681852503,0.08258379966205859,-0.09686376890265792,5113,12647577,12.636,0.024,0.9687094997738583,0.06330369345798943,0.9978170228528483,0.024,0.97386941430438
11655826,K04643.01,1,CANDIDATE,1.0,5.59346375,9.279454,1.43,0.46,-0.15,0.0140419999999999,0.000965,-0.001068,0.787,0.062,-0.057,5874,1.209447877516981,0.1264384210841508,-0.12702318648974237,4815,11655826,5.593,0.021,0.9687094997738583,0.060269749047476756,0.9979283560167628,0.021,0.9769718605404107
10189546,K00427.01,1,CANDIDATE,1.0,24.61480613,53.93441800000001,4.2,0.45,-0.5,0.038975,0.00502,-0.00086,0.828,0.037,-0.035,5313,3.5318310171784546,0.4815015304848802,-0.16840875706346883,45,10189546,24.615,0.022,0.9687094947476721,0.0016016957339418068,0.9999481802631187,0.022,0.9779493202973301
10189546,K00427.02,2,CANDIDATE,1.0,42.949522,27.550690000000003,2.98,0.32,-0.35,0.027673,0.000976,-0.0005099999999999,0.828,0.037,-0.035,5313,2.507667985590234,0.14275531972954159,-0.11563707595907455,46,10189546,42.95,0.00026,0.9687094997738583,0.022226075714223477,0.9992657511319402,0.00026,0.9990059420366458
10189546,K00427.03,3,CANDIDATE,0.995,117.033521,13.216369,2.68,0.29,-0.32,0.024911,0.001121,-0.000703,0.828,0.037,-0.035,5313,2.257381461678832,0.1431588502024675,-0.11473167564834508,47,10189546,117.034,0.0018,0.9687094997738583,0.20709389387813823,0.9915634578820737,0.0018,0.9897786436578859
10937029,K00433.01,2,CANDIDATE,1.0,4.030466786,218.61652,4.48,0.42,-0.21,0.048052,0.00073,-0.000195,0.872,0.042,-0.04,5234,4.585760920714825,0.23160015691167377,-0.2111775611004246,55,10937029,4.03,5.2e-07,1.2781230719656544e-90,4.598880050485299e-10,0.0,5.2e-07,0.0
10937029,K00433.02,1,CANDIDATE,0.992,328.240201,225.933,10.99,1.03,-0.51,0.1178839999999999,0.0005059999999999,-0.000636,0.872,0.042,-0.04,5234,11.250059110495837,0.5440080978115833,-0.519614820999243,89,10937029,328.24,0.012,1.2460319691924106e-109,4.1561867083669034e-08,0.0,0.012,0.0
10221505,K04768.01,1,CANDIDATE,0.957,3.43633133,9.665986,1.44,0.12,-0.13,0.020187,0.001292,-0.00161,0.852,0.071,-0.064,5201,1.8823259669645103,0.19778443114919314,-0.20622740744920756,5914,10221505,3.436,0.31,0.9687094997738583,0.05650183988181629,0.9980656258502256,0.31,0.6886652818366557
10747501,K04891.01,1,CANDIDATE,0.983,4.7309013,10.886312,1.39,0.43,-0.14,0.0139949999999999,0.000592,-0.001093,0.944,0.086,-0.077,5941,1.4458670236596927,0.1452278122646677,-0.16327935924754947,5612,10747501,4.731,0.00041,0.9687094997738583,0.05198045898198687,0.9982289053629961,0.00041,0.9978196315117973
12416597,K04895.01,1,CANDIDATE,0.921,12.460565,7.6062803,1.1,0.11,-0.09,0.010763,0.0008039999999999,-0.0007379999999999,0.891,0.043,-0.041,5438,1.0495291370028947,0.09333854228666279,-0.08666753211137959,5616,12416597,12.461,0.0025,0.9687094997738583,0.07660882551428964,0.9973201404578537,0.0025,0.9948268401067091
3847138,K00444.01,1,CANDIDATE,1.0,11.72291212,47.386738,2.08,0.26,-0.21,0.020002,0.000633,-0.0002569999999999,0.922,0.041,-0.039,5550,2.018309663793103,0.11015929385093268,-0.08922491229745273,143,3847138,11.723,1e-05,0.9687094997737069,0.002342187794971015,0.9999241668575255,1e-05,0.9999141676158569
9391817,K05663.01,1,CANDIDATE,0.965,140.884533,11.95487,1.52,0.26,-0.2,0.011447,0.000505,-0.000533,1.178,0.05,-0.048,5960,1.4757759511389377,0.09034613494306122,-0.09131200932163894,6111,9391817,140.885,0.0012,0.9687094997738583,0.2965283949847108,0.9863843411287226,0.0012,0.9852006799193682
11923213,K05943.01,1,CANDIDATE,0.4,27.2020672,8.062192999999999,1.87,0.33,-0.36,0.012294,0.000815,-0.001149,1.118,0.051,-0.049,5877,1.5042446237729676,0.12104844568496324,-0.15527805376497586,5770,11923213,27.202,0.34,0.9687094997738583,0.09136705942737507,0.9967519693569648,0.34,0.6578562997755967
8590149,K06182.01,1,CANDIDATE,0.56,19.2405821,7.109093700000001,1.19,0.06,-0.09,0.012881,0.001406,-0.000681,0.829,0.041,-0.039,5033,1.1686583500031462,0.14004600797903924,-0.08270504145152839,5818,8590149,19.241,0.17,0.9687094997738583,0.08801606005094949,0.9968825917472371,0.17,0.8274125511502068
2970670,K06299.01,1,CANDIDATE,0.894,0.947554749,11.153532,0.67,0.08,-0.02,0.00734,0.000583,-0.000336,0.904,0.039,-0.037,5508,0.7261861238358923,0.06563843416614938,-0.04459216697038469,6228,2970670,0.948,0.062,0.9687094997738583,0.04800513639293616,0.9983711839126067,0.062,0.9364721705100251
5461440,K00504.01,1,CANDIDATE,0.932,40.606895,28.843336,2.67,0.38,-0.3,0.023844,0.004691,-0.00075,0.865,0.041,-0.039,5548,2.2572448782406243,0.4567904461426369,-0.12409086768550662,1072,5461440,40.607,0.0062,0.9687094997738583,0.019139073108474288,0.9993697216140405,0.0062,0.9931736293400334
5084171,K04202.01,1,CANDIDATE,0.949,153.979362,14.797884,2.53,0.77,-0.25,0.025664,0.001357,-0.0008699999999999,0.886,0.077,-0.07,5858,2.4885222270324694,0.25315422744408933,-0.2139442442324214,5354,5084171,153.979,0.0018,0.9687094997738583,0.28733446030211474,0.9869767042730605,0.0018,0.985200146205369
7103919,K04310.01,1,CANDIDATE,0.986,10.7769944,11.672962,1.15,0.25,-0.17,0.012328,0.00084,-0.00073,0.966,0.074,-0.067,5455,1.3033264462622702,0.13362107169827211,-0.11885986257933787,5057,7103919,10.777,0.0056,0.9687094997738583,0.05326088510079902,0.9981828239420828,0.0056,0.9925930001280071
5126182,K04428.01,1,CANDIDATE,0.912,13.00291716,11.4969635,1.28,0.35,-0.11,0.0146699999999999,0.003904,-0.001107,0.999,0.079,-0.072,5796,1.6039065380379955,0.4452800048402207,-0.16736527395735573,5456,5126182,13.003,0.026,0.9687094997738583,0.05588778990607832,0.9980878926597423,0.026,0.972137607450589
3547760,K04535.01,1,CANDIDATE,0.981,9.8480917,8.013927,0.88,0.11,-0.1,0.0107599999999999,0.00079,-0.000666,0.948,0.085,-0.076,5289,1.1163594789831257,0.12937186400256684,-0.11306763302244459,5117,3547760,9.848,0.059,0.9687094997738583,0.0713012296637943,0.9975200604395417,0.059,0.9386663768736088
4750669,K04649.01,1,CANDIDATE,0.842,3.38419892,9.775006,1.2,0.27,-0.11,0.013798,0.000625,-0.001201,0.931,0.08,-0.072,5613,1.4058833165429145,0.1365631470407586,-0.16369413511181047,4821,4750669,3.384,0.54,0.9687094997738583,0.05594293448063059,0.9980858941794197,0.54,0.45911951132253304
6717252,K04651.01,1,CANDIDATE,0.97,1.19260017,8.514938,0.77,0.21,-0.15,0.0069209999999999,0.00055,-0.00032,0.956,0.041,-0.039,5600,0.7241194237981269,0.0653896502680772,-0.04464950324536743,4856,6717252,1.193,0.0097,0.9687094997738583,0.06017923786263242,0.9979316663594542,0.0097,0.9882517291957674
4277304,K04774.01,1,CANDIDATE,0.986,51.567801,10.004025,1.3,0.24,-0.18,0.013584,0.000234,-0.001168,0.814,0.035,-0.033,5285,1.2101397689403472,0.056053497655751176,-0.11503776936281698,5954,4277304,51.568,0.012,0.9687094997738583,0.11055050995117886,0.9959852509211805,0.012,0.9840334279101264
8803757,K04904.01,1,CANDIDATE,0.995,3.5944891000000005,8.480067,0.98,0.14,-0.12,0.00854,0.000608,-0.000601,0.84,0.042,-0.039,5525,0.7850921092373522,0.06830138760764864,-0.06619128132816685,5656,8803757,3.594,0.00022,0.9687094997738583,0.06254700290565657,0.9978448577069517,0.00022,0.9976253318382562
5027859,K05117.01,1,CANDIDATE,0.984,33.3726538,8.500976,1.95,0.43,-0.15,0.0224639999999999,0.001601,-0.001687,0.734,0.064,-0.058,5504,1.804540385602811,0.20321763725595896,-0.19671736437773182,6051,5027859,33.373,0.097,0.9687094997738583,0.09633321987724654,0.9965566060942713,0.097,0.8998906153031271
8043638,K00460.01,1,CANDIDATE,1.0,17.58751692,100.84191,4.03,0.68,-0.68,0.033351,0.000754,-0.000347,0.942,0.045,-0.042,5432,3.4382956580984136,0.1817152203664169,-0.15741851255818295,231,8043638,17.588,8e-05,2.3053522948714338e-20,2.1561761780221053e-05,0.0,8e-05,0.0
9456887,K05677.01,1,CANDIDATE,0.884,20.5142642,7.763436,1.14,0.12,-0.12,0.011132,0.000608,-0.001228,0.841,0.043,-0.041,5213,1.0245959835766423,0.07665517680598036,-0.12357145731982105,6115,9456887,20.514,0.0032,0.9687094997738583,0.08501404970131432,0.9969987980052434,0.0032,0.9938084018516267
9844088,K00470.01,1,CANDIDATE,1.0,3.750832927,205.47449,4.61,1.33,-0.42,0.044422,0.000546,-0.000213,0.954,0.073,-0.066,5776,4.637991390573874,0.35944796347388697,-0.32163707370044936,354,9844088,3.751,0.0037,1.0640472391803295e-82,1.4841920122890227e-09,0.0,0.0037,0.0
10593535,K04204.01,1,CANDIDATE,0.974,20.9254083,11.433498,1.26,0.2,-0.2,0.00951,0.000511,-0.00039,1.246,0.056,-0.053,5821,1.2968269132267807,0.09084430242650297,-0.07662367681286296,5356,10593535,20.925,9.5e-05,0.9687094997738583,0.06321844699695388,0.997820160890629,9.5e-05,0.9977253679753444
3450040,K04205.01,1,CANDIDATE,0.986,1.166960319,14.387222,0.88,0.12,-0.03,0.008944,0.000475,-0.000295,1.065,0.05,-0.048,5619,1.0424730921218222,0.07389532987725962,-0.058222114080362576,5357,3450040,1.167,7.6e-05,0.9687094997738583,0.036540793686059295,0.9987749224182435,7.6e-05,0.9986990155241398
5791986,K00413.01,1,CANDIDATE,1.0,15.22895514,57.036846,3.0,0.64,-0.28,0.033813,0.00199,-0.003312,0.823,0.063,-0.057,5456,3.0455588463220487,0.2940734188307223,-0.36535387132704283,591,5791986,15.229,0.00087,0.9687093601030342,0.00104569585714729,0.999966187232872,0.00087,0.9990962166499794
5791986,K00413.02,2,CANDIDATE,1.0,24.67458244,25.773003,2.33,0.5,-0.22,0.026266,0.00235,-0.002941,0.823,0.063,-0.057,5456,2.3657956601749306,0.27856711873693746,-0.3114777248104833,592,5791986,24.675,0.00036,0.9687094997738583,0.019541570229817357,0.9993562025972758,0.00036,0.9989964343643407
5511659,K04541.01,1,CANDIDATE,0.967,8.529122300000001,9.873334,2.08,0.32,-0.32,0.017152,0.000206,-0.001712,0.799,0.046,-0.043,5544,1.4998402456581927,0.08820766321891813,-0.1700783134055388,5156,5511659,8.529,0.008,0.9687094997738583,0.05990821080242901,0.9979415750509528,0.008,0.9899580424505452
5511659,K04541.02,2,CANDIDATE,0.629,17.236085,7.351248,1.98,0.31,-0.3,0.016355,0.001192,-0.001047,0.799,0.046,-0.043,5544,1.4301473424521776,0.13283020185625846,-0.11960761276394812,5157,5511659,17.236,0.0041,0.9687094997738583,0.08384244439306585,0.9970439436318161,0.0041,0.9929560634629258
6527078,K04657.01,1,CANDIDATE,0.521,7.57600886,10.2443905,0.54,0.09,-0.05,0.00635,0.0003689999999999,-0.0003819999999999,0.916,0.039,-0.037,5361,0.6365795085577649,0.045858257424350644,-0.04612684261878387,4861,6527078,7.576,0.2,0.9687094997738583,0.05725477993377981,0.9980382829895033,0.2,0.7984306263916027
6527078,K04657.02,2,CANDIDATE,0.969,10.4314847,8.862012,0.77,0.13,-0.07,0.009133,1e-05,-0.002547,0.916,0.039,-0.037,5361,0.9155717561666248,0.03899465517891875,-0.25799794427057066,4862,6527078,10.431,0.018,0.9687094997738583,0.06704007957823349,0.9976789180117112,0.018,0.9797206974875003
8054719,K04776.01,1,CANDIDATE,0.969,7.5861587,10.027519,1.07,0.24,-0.17,0.011302,0.0017629999999999,-0.001623,1.233,0.099,-0.089,5934,1.5251123405172415,0.26756794848277593,-0.24512112585650356,5956,8054719,7.586,0.011,0.9687094997738583,0.05831478309165733,0.9979997150875315,0.011,0.9870217182215686
3849187,K04780.01,1,CANDIDATE,1.0,6.60180003,8.885752,1.25,0.29,-0.1,0.013259,0.0011539999999999,-0.001111,0.877,0.072,-0.066,5591,1.2726055696419583,0.1522624646301094,-0.14332879316913086,5959,3849187,6.602,0.69,0.9687094997738583,0.06322361645299257,0.9978199706122117,0.69,0.3093241908897857
7098355,K00454.01,1,CANDIDATE,1.0,29.00789166,36.558846,2.64,0.43,-0.22,0.03013,0.002055,-0.002866,0.817,0.062,-0.057,5295,2.6940437479549457,0.27488149718160604,-0.3178004307515108,189,7098355,29.008,1.9e-05,0.9687094997738583,0.008075779056436135,0.9997370186921009,1.9e-05,0.9997180236887457
11497977,K00483.01,1,CANDIDATE,1.0,4.79860021,73.07672,2.51,0.62,-0.2,0.027166,0.003261,-0.0011539999999999,0.849,0.064,-0.058,5631,2.524159779102693,0.35779116751734763,-0.20305832393831716,318,11497977,4.799,1.9e-06,0.004403655740597219,0.00021102054755703598,0.9522815494613749,1.9e-06,0.9522797401264309
4847534,K00499.01,1,CANDIDATE,1.0,9.66857386,32.688408,1.9,0.33,-0.19,0.020759,0.00266,-0.002464,0.794,0.06,-0.054,5288,1.8038913953876163,0.26834649933763677,-0.2467707171374524,1029,4847534,9.669,0.0056,0.9687094997738583,0.008391112429069635,0.9997266632182226,0.0056,0.9941281939042005
2857607,K04659.01,1,CANDIDATE,0.999,41.8681996,10.880907,1.25,0.33,-0.11,0.013675,1.5e-05,-0.002868,0.92,0.04,-0.038,5852,1.3768880096904101,0.059883744329454015,-0.29431589341854203,4864,2857607,41.868,0.0019,0.9687094997738583,0.0898239645284875,0.9968122388737068,0.0019,0.9949182956198468
12071754,K04914.01,1,CANDIDATE,1.0,5.47455167,9.887408,1.4,0.23,-0.27,0.009788,0.000308,-0.0025239999999999,1.18,0.054,-0.051,5613,1.26403594387113,0.07020128738700336,-0.33049952754416967,5699,12071754,5.475,8e-05,0.9687094997738583,0.057174761646289624,0.9980411909108879,8e-05,0.9979613476156151
12470954,K00439.01,1,CANDIDATE,1.0,1.902208647,343.7984,4.45,0.53,-0.33,0.043475,0.000407,-0.00022,0.973,0.043,-0.041,5400,4.629519168056254,0.2091334688179212,-0.19647903802465883,135,12470954,1.902,2.9e-05,7.557079445202001e-166,6.063174778495494e-15,0.0,2.9e-05,0.0
7829836,K05433.01,1,CANDIDATE,0.562,237.819002,9.357273,2.55,0.4,-0.18,0.022527,0.0013,-0.001037,0.981,0.049,-0.047,5876,2.4185541869966016,0.18459098767838455,-0.16069273747012916,5796,7829836,237.819,0.0048,0.9687094997738583,0.6796489019742652,0.9314705336310061,0.0048,0.9269994750695773
10019643,K00471.01,1,CANDIDATE,1.0,21.34736612,39.393997,3.2,0.54,-0.54,0.0273449999999999,0.001473,-0.003978,0.913,0.041,-0.039,5395,2.7323237736754242,0.19161968983544223,-0.4142649070125241,355,10019643,21.347,0.0021,0.9687094997738583,0.005562238999904124,0.9998193279442719,0.0021,0.9977197073555889
10019643,K00471.02,2,CANDIDATE,0.998,7.81100952,13.908585999999998,1.36,0.22,-0.23,0.0116,0.002997,-0.001527,0.913,0.041,-0.039,5395,1.1590768248175183,0.3039513800198786,-0.16041065844744157,356,10019643,7.811,0.00061,0.9687094997738583,0.042125821172344084,0.9985794423576804,0.00061,0.9979703088978422
9183378,K04222.01,1,CANDIDATE,0.996,3.38557445,13.11794,1.63,0.42,-0.64,0.010068,0.0006219999999999,-0.00052,1.248,0.056,-0.053,5718,1.3751220558771708,0.10499877355478214,-0.09194954931231353,5439,9183378,3.386,0.016,0.9687094997738583,0.04213947751738374,0.9985789615817824,0.016,0.9826016981964738
7429240,K04450.01,1,CANDIDATE,1.0,196.436796,11.060613,2.33,0.28,-0.19,0.022558,0.001362,-0.000958,0.819,0.041,-0.039,5466,2.021938536905361,0.15858463084215582,-0.1290106203425098,4844,7429240,196.437,0.00087,0.9687094997738583,0.511161947971723,0.9662236700056506,0.00087,0.9653830554127456
8937762,K04668.01,1,CANDIDATE,0.978,15.07277287,10.633059,1.73,0.36,-0.13,0.020577,0.002973,-0.0037,1.132,0.086,-0.078,5521,2.549247136106217,0.41613417422747156,-0.4908896008700349,4905,8937762,15.073,0.59,0.9687094997738583,0.061964422319929616,0.9978662573309545,0.59,0.40912516550569133
6839010,K04674.01,1,CANDIDATE,0.987,4.84350003,7.976379400000001,0.9,0.24,-0.16,0.007775,0.001138,-0.001466,1.197,0.051,-0.048,5762,1.0185397995060408,0.15526798220853805,-0.19634394785657305,4907,6839010,4.844,0.00012,0.9687094997738583,0.06644210200270695,0.9977010948485289,0.00012,0.997581370717147
8278073,K04799.01,1,CANDIDATE,0.994,12.0729757,9.005999000000001,1.69,0.28,-0.43,0.009058,0.000941,-0.00044,1.031,0.046,-0.043,5438,1.022055400295746,0.1155554689616311,-0.06543623987378736,6003,8278073,12.073,0.0063,0.9687094997738583,0.06786747721851717,0.9976481858876872,0.0063,0.9913630023165948
10810859,K04801.01,1,CANDIDATE,0.414,82.401274,8.411982,2.21,0.37,-0.12,0.020272,0.000839,-0.002232,1.035,0.063,-0.059,5893,2.2962565227787564,0.1690206858525555,-0.2847000135165712,6005,10810859,82.401,0.36,0.9687094997738583,0.18829086407610637,0.9925071375223653,0.36,0.6352045680143138
4473613,K04803.01,1,CANDIDATE,0.995,4.36125889,10.114161,1.2,0.17,-0.05,0.012616,0.000559,-0.001228,0.885,0.043,-0.04,5520,1.2219358501132644,0.08035120721762426,-0.13113638749355963,6040,4473613,4.361,0.025,0.9687094997738583,0.05516995556155431,0.9981138862262089,0.025,0.9731610390705536
9947389,K04460.01,1,CANDIDATE,0.972,284.727213,10.6837435,2.02,0.3,-0.29,0.017149,0.000917,-0.001235,1.085,0.052,-0.049,5503,2.0363479801944377,0.14622390769902305,-0.173099476801815,4852,9947389,284.727,0.32,0.9687094997738583,0.7749120365024097,0.8887963397555195,0.32,0.6043815110337533
4587135,K04680.01,1,CANDIDATE,0.767,54.0812235,10.334499,1.54,0.37,-0.12,0.018566,0.001178,-0.001041,1.003,0.084,-0.077,5757,2.0379932196388113,0.21413160376253537,-0.19374292492456807,4946,4587135,54.081,0.067,0.9687094997738583,0.11156834319246896,0.9959436454674895,0.067,0.9292154212211677
4270799,K04810.01,1,CANDIDATE,0.854,115.238544,10.220816,3.17,0.47,-0.35,0.02801,0.00088,-0.008783,0.849,0.046,-0.043,5589,2.6025809987729676,0.16300289021327927,-0.8266593884186583,6046,4270799,115.239,0.07,0.9687094997738583,0.24807746371670977,0.989343044336566,0.07,0.9200890312330062
3356193,K06331.01,1,CANDIDATE,0.452,5.8229815,7.7581415,1.36,0.33,-0.11,0.015533,0.001617,-0.0014199999999999,0.913,0.087,-0.078,5704,1.5520638206802164,0.21904035992002982,-0.1942005623386507,6356,3356193,5.823,0.039,0.9687094997738583,0.06864012088501771,0.9976194381939387,0.039,0.958712280104375
5456979,K06579.01,1,CANDIDATE,0.997,2.6528082000000004,8.3019705,1.17,0.35,-0.13,0.0114939999999999,0.000498,-0.001242,1.122,0.105,-0.094,5778,1.4113915252328093,0.1455512299539002,-0.1929795783593956,6422,5456979,2.653,0.013,0.9687094997738583,0.06260267088655255,0.997842811492238,0.013,0.9848708549428389
9509343,K04346.01,1,CANDIDATE,0.95,6.39269778,9.810187,1.21,0.1,-0.12,0.011795,0.000786,-0.00079,1.069,0.051,-0.049,5246,1.379936512632142,0.11309372076727583,-0.11199646398371871,5186,9509343,6.393,0.004,0.9687094997738583,0.058339879972945416,0.9979988008926762,0.004,0.9940068056891055
4060229,K04570.01,1,CANDIDATE,0.996,35.0175053,11.686475,2.13,0.33,-0.36,0.017393,0.003939,-0.001947,1.227,0.064,-0.06,5944,2.335621773958595,0.5427971391753387,-0.2853103698219327,5249,4060229,35.018,0.0049,0.9687094997738583,0.07617285326570658,0.9973366487198818,0.0049,0.9924496991411543
9115800,K00421.01,1,CANDIDATE,1.0,4.454194254,1030.3761,11.76,3.12,-1.77,0.117743,0.000558,-0.00074,0.889,0.068,-0.062,5359,11.455665229974201,0.877929075261813,-0.8021703189500837,6,9115800,4.454,0.00038,0.0,1.306808314573589e-41,0.0,0.00038,0.0
9773980,K04691.01,1,CANDIDATE,0.965,3.3879165,9.56524,1.09,0.18,-0.18,0.008048,0.000505,-0.000596,1.15,0.057,-0.054,5706,1.0129062798892523,0.08099505513990417,-0.08881955986269024,4987,9773980,3.388,0.011,0.9687094997738583,0.056940793838914754,0.9980496906362609,0.011,0.987071144039262
7287677,K04815.01,1,CANDIDATE,0.848,18.3721835,8.597889,1.12,0.32,-0.08,0.012401,0.005157,-0.001285,0.799,0.062,-0.057,5937,1.0843935917914675,0.45873242645731227,-0.13642051600609367,6089,7287677,18.372,0.12,0.9687094997738583,0.07698364923334225,0.9973059351418565,0.12,0.8776292229248337
8037038,K05466.01,1,CANDIDATE,1.0,4.09513876,9.745558,1.75,0.56,-0.18,0.0166009999999999,5.9e-05,-0.004803,1.047,0.092,-0.083,5858,1.9022359580134542,0.16728633658244174,-0.5706403569711287,5845,8037038,4.095,0.011,0.9687094997738583,0.05668042136476254,0.9980591446495822,0.011,0.9870804940584368
3559935,K00492.01,1,CANDIDATE,1.0,29.9111886,32.622295,2.9,0.29,-0.35,0.027392,0.000913,-0.00042,0.885,0.041,-0.039,5268,2.653080755096904,0.15141639123343062,-0.12379031063984468,1022,3559935,29.911,9.7e-05,0.9687094997738583,0.011607604351769107,0.9996206569352847,9.7e-05,0.9995236937315619
9285568,K04241.01,1,CANDIDATE,0.992,2.55315031,12.37913,1.25,0.34,-0.12,0.012589,0.000553,-0.000681,0.966,0.082,-0.074,5970,1.3309195840359929,0.12720734877919557,-0.1248123730177806,5486,9285568,2.553,4.9e-05,0.9687094997738583,0.04431756096355489,0.9985021056165257,4.9e-05,0.9984531790133506
9514372,K04242.01,1,CANDIDATE,0.996,145.78655600000002,12.051897,1.82,0.24,-0.15,0.0175759999999999,0.001032,-0.000899,0.871,0.039,-0.037,5578,1.675412126730421,0.1237144121995799,-0.11139655000263488,5487,9514372,145.787,0.094,0.9687094997738583,0.3106490952174657,0.9854437773311336,0.094,0.8928120622620072
10554999,K00534.02,2,CANDIDATE,1.0,2.735900074,37.10211,1.56,0.24,-0.13,0.018704,0.000558,-0.000407,0.83,0.037,-0.035,5299,1.6990104178202867,0.09113485045053349,-0.08062152569210433,1294,10554999,2.736,0.0013,0.9687094997738583,0.005080903009846931,0.9998350424928145,0.0013,0.998535256937574
10554999,K00534.01,1,CANDIDATE,1.0,6.400157105,39.781902,2.52,0.37,-0.22,0.030148,7.900000000000001e-05,-0.004767,0.83,0.037,-0.035,5299,2.738546090485779,0.12229049672004287,-0.44815294814456613,1293,10554999,6.4,0.0002,0.9687094997738583,0.004241387548358766,0.9998624144472239,0.0002,0.9996624419643345
11823054,K00543.02,2,CANDIDATE,1.0,3.137845914,25.52837,1.5,0.07,-0.11,0.016057,0.000179,-0.0009199999999999,0.796,0.036,-0.034,5044,1.3988170935690913,0.06515659431047162,-0.09996666822139541,647,11823054,3.138,8.6e-05,0.9687094997738583,0.014261703486045005,0.9995326645556514,8.6e-05,0.9994467047464995
11823054,K00543.01,1,CANDIDATE,1.0,4.302139338,53.66931999999999,2.46,0.12,-0.19,0.0262959999999999,0.0031379999999999,-0.001614,0.796,0.036,-0.034,5044,2.2907949363201525,0.29234299036277533,-0.1713007217640696,646,11823054,4.302,0.00011,0.9687094993507471,0.001187710796059398,0.9999615898697081,0.00011,0.9998515940948224
2577353,K07635.01,1,CANDIDATE,0.872,60.458443,8.224685000000001,1.59,0.46,-0.31,0.012311,0.001614,-0.000484,1.106,0.086,-0.078,5865,1.4901566112194817,0.22714045138698158,-0.12031865794426928,7170,2577353,60.458,0.11,0.9687094997738583,0.14331101861750947,0.9945964975949761,0.11,0.8851908828595287
7834712,K07850.01,1,CANDIDATE,0.966,66.119119,10.450334,3.0,0.85,-0.34,0.026737,0.001826,-0.001966,1.157,0.125,-0.11,5828,3.385552015369368,0.43272077016167754,-0.4069115370060607,7231,7834712,66.119,0.19,0.9687094997738583,0.13059362079163883,0.9951480302115496,0.19,0.8060699044713553
9640649,K07951.01,1,CANDIDATE,0.971,0.862329309,8.789984,1.09,0.31,-0.11,0.011096,0.001276,-0.000684,0.805,0.07,-0.063,5806,0.9775653152529575,0.14093768893514547,-0.09738791112401887,7651,9640649,0.862,0.08,0.9687094997738583,0.05852058031277341,0.9979922171491014,0.08,0.9181528397771733
9650579,K07953.01,1,CANDIDATE,0.335,432.96905,7.316128,1.43,0.33,-0.12,0.014757,0.002398,-0.000741,1.001,0.079,-0.072,5580,1.6166485251856277,0.29204795388595556,-0.14181462475483095,7653,9650579,432.969,0.23,0.9687094997738583,0.9108921601104231,0.6698053778282708,0.23,0.5157501409277685
8822216,K00581.01,1,CANDIDATE,1.0,6.996926239,93.73316,3.21,0.77,-0.31,0.032904,0.000624,-0.0002569999999999,0.866,0.069,-0.062,5713,3.118530846463629,0.2554153979513109,-0.2245913762961191,872,8822216,6.997,0.00012,1.3103825682515434e-15,3.44173986505095e-05,0.0,0.00012,0.0
8822216,K00581.02,2,CANDIDATE,0.962,151.863949,13.330562,2.41,0.58,-0.23,0.024748,0.001094,-0.000589,0.866,0.069,-0.062,5713,2.345532500251699,0.21372044801331352,-0.1769605865311459,873,8822216,151.864,0.0056,0.9687094997738583,0.3070060400328512,0.9856901059648195,0.0056,0.9801702413714165
9570741,K00586.01,1,CANDIDATE,1.0,15.77980122,33.72235,2.11,0.62,-0.2,0.02126,0.000686,-0.000341,0.943,0.072,-0.066,5941,2.194110059463881,0.1818705282768183,-0.1575453742171313,915,9570741,15.78,0.00014,0.9687094997738583,0.008430377156185716,0.9997253733126863,0.00014,0.9995854117604225
6422155,K00510.02,2,CANDIDATE,1.0,6.38899658,32.128864,2.89,0.42,-0.3,0.025119,0.000346,-0.003481,1.063,0.053,-0.05,5527,2.92226143073559,0.15115872669374317,-0.4276594127455262,1154,6422155,6.389,4.6e-06,0.9687094997738583,0.008373591236329025,0.9997272387828817,4.6e-06,0.9997226400375833
6422155,K00510.03,3,CANDIDATE,0.932,14.62709685,15.998437,2.7,0.39,-0.28,0.023474,0.00011,-0.005345,1.063,0.053,-0.05,5527,2.7308875681789573,0.1367590713592185,-0.6349484609062742,1155,6422155,14.627,0.0024,0.9687094997738583,0.03907753374401211,0.9986864163117297,0.0024,0.9962895689125816
6422155,K00510.04,4,CANDIDATE,0.998,35.1184432,14.461804999999998,3.26,0.47,-0.34,0.0283089999999999,0.00187,-0.007178,1.063,0.053,-0.05,5527,3.2933754863925127,0.2725633969198575,-0.8493115774624792,1156,6422155,35.118,0.091,0.9687094997738583,0.06060965938067305,0.9979159184903258,0.091,0.9071055699077062
6422155,K00510.01,1,CANDIDATE,1.0,2.940304817,38.672123,2.59,0.38,-0.27,0.022515,5.8e-05,-0.0026609999999999,1.063,0.053,-0.05,5527,2.619320678092751,0.13077061756433506,-0.3331877195192993,1118,6422155,2.94,2.1e-05,0.9687094997738583,0.004432419919313807,0.9998561899955977,2.1e-05,0.9998351930156077
8015907,K00517.01,1,CANDIDATE,1.0,2.752359689,127.52513,2.54,0.29,-0.13,0.025966,0.002345,-0.0005269999999999,0.901,0.039,-0.037,5462,2.560432312830355,0.25642165620540025,-0.11728602939796924,1164,8015907,2.752,1.3e-05,9.45013108891129e-36,1.5635916363545772e-06,0.0,1.3e-05,0.0
9941859,K00528.02,2,CANDIDATE,1.0,96.6781852,37.79153,3.29,0.59,-0.53,0.028035,0.000534,-0.000841,0.897,0.04,-0.038,5387,2.7521776210514726,0.13345522677630012,-0.14286303268791972,1252,9941859,96.678,0.017,0.9687094997738567,0.020929391618998386,0.9993095034096391,0.017,0.9823212418516752
9941859,K00528.03,3,CANDIDATE,1.0,20.55280311,33.833244,2.99,0.53,-0.48,0.025416,0.004202,-0.001099,0.897,0.04,-0.038,5387,2.4950721033224266,0.4272492979597533,-0.15103740223847992,1253,9941859,20.553,0.074,0.9687094997738583,0.00900014543192379,0.9997066440617904,0.074,0.925728352401218
9941859,K00528.01,1,CANDIDATE,1.0,9.57665962,66.11585,2.88,0.51,-0.46,0.024495,0.000538,-0.000227,0.897,0.04,-0.038,5387,2.4046581354612386,0.11953221881227206,-0.10427850561010696,1251,9941859,9.577,0.0011,0.9466592548972514,0.0004244039477197754,0.9999760762550788,0.0011,0.9988761025711982
10053138,K07279.01,1,CANDIDATE,0.769,11.772814599999998,7.914059,0.93,0.17,-0.15,0.008052,0.00045,-0.000695,0.956,0.041,-0.039,5401,0.8424519000755096,0.05934728074762249,-0.0804280401000055,7422,10053138,11.773,0.00027,0.9687094997738583,0.07394813795610879,0.9974206464135168,0.00027,0.9971513428389852
3110177,K07644.01,1,CANDIDATE,0.988,3.39904814,7.6781254,0.81,0.2,-0.12,0.007945,0.000685,-0.000757,0.89,0.069,-0.063,5766,0.7738688467467908,0.08972909872949478,-0.09185604465570588,7213,3110177,3.399,0.06,0.9687094997738583,0.06667106205943328,0.9976926069010715,0.06,0.9378310504870072
5888187,K07749.01,1,CANDIDATE,0.656,133.6348207,8.24968,1.89,0.12,-0.19,0.018879,0.000914,-0.001786,0.812,0.035,-0.033,5202,1.6777160967153284,0.10875149469873907,-0.1727417804145354,6916,5888187,133.635,0.99,0.9687094997738583,0.3416156945585632,0.9832398734848806,0.99,0.009832398734848815
11714107,K08063.01,1,CANDIDATE,0.471,405.35457,8.28041,2.11,0.56,-0.24,0.021319,0.001292,-0.001702,0.903,0.074,-0.067,5650,2.106871437657312,0.21473969417656827,-0.2296279386130566,7905,11714107,405.355,0.023,0.9687094997738583,0.9026543039997951,0.7004815014213803,0.023,0.6843704268886885
4165473,K00550.01,1,CANDIDATE,1.0,13.02363236,43.55852,2.3,0.3,-0.19,0.022266,0.00073,-0.000342,0.95,0.043,-0.04,5627,2.314990779952177,0.12938368839391867,-0.10375640020182055,691,4165473,13.024,4.2e-05,0.9687094997738575,0.0033644412470276224,0.9998909575708458,4.2e-05,0.9998489621506278
9607164,K00587.01,1,CANDIDATE,1.0,14.03490255,51.662617,2.41,0.32,-0.28,0.028141,0.003258,-0.0015949999999999,0.755,0.057,-0.051,5258,2.3252515013056883,0.32138475966935176,-0.20503724069541596,916,9607164,14.035,0.00022,0.9687094997018246,0.0016585818313458241,0.9999463367757343,0.00022,0.9997263485816437
10965008,K00536.01,1,CANDIDATE,0.921,81.1701587,45.641262,4.71,0.81,-0.89,0.037029,0.001307,-0.005428,0.943,0.043,-0.041,5460,3.821528757849861,0.220364630901664,-0.5843109357593658,1296,10965008,81.17,0.078,0.968709499755685,0.008214591312476135,0.9997324609414096,0.078,0.9217533289879797
11068630,K07404.01,1,CANDIDATE,0.91,1.817079849,8.821142,1.39,0.45,-0.14,0.013225,0.000788,-0.0012699999999999,1.117,0.107,-0.095,5808,1.6167106881607098,0.18238354228204448,-0.20738800956151224,7164,11068630,1.817,0.22,0.9687094997738583,0.059204104580553495,0.9979672903426969,0.22,0.7784144864673036
5978361,K00558.01,1,CANDIDATE,1.0,9.17858526,44.101025,2.3,0.52,-0.2,0.026756,0.003371,-0.001074,0.895,0.07,-0.064,5506,2.620762574565819,0.3886401922411815,-0.21491388448333104,734,5978361,9.179,0.028,0.968709499773857,0.0030159365836296987,0.9999022868674448,0.028,0.9719050228351562
6106046,K07762.01,1,CANDIDATE,0.977,8.507351199999999,7.893211999999999,1.38,0.43,-0.14,0.0132699999999999,0.001165,-0.000897,0.774,0.064,-0.058,5914,1.1240751299395837,0.13556473447436332,-0.11343998060758317,6958,6106046,8.507,0.0095,0.9687094997738583,0.0706114659394237,0.997545873952821,0.0095,0.9880691881502692
8182107,K07870.01,1,CANDIDATE,0.982,92.552007,7.5794725,2.1,0.6,-0.4,0.015755,0.000838,-0.002945,0.879,0.067,-0.061,5808,1.5156214331896554,0.1408717887710669,-0.30220147883714965,7861,8182107,92.552,0.94,0.9687094997738583,0.2261341701603009,0.9905611416580544,0.94,0.05943366849948332
9873004,K07970.01,1,CANDIDATE,0.959,1.98514635,8.30868,1.28,0.28,-0.11,0.0138729999999999,0.000826,-0.001071,0.721,0.066,-0.06,5581,1.0946848474232238,0.11953893588276596,-0.1242603932417176,7693,9873004,1.985,0.0013,0.9687094997738583,0.0619508384289423,0.9978667559837118,0.0013,0.996569529200933
8873873,K08174.01,1,CANDIDATE,0.665,295.06066,7.372084,0.64,0.07,-0.07,0.007668,0.000543,-0.000546,1.055,0.078,-0.071,5332,0.8853561726025673,0.09063891806606049,-0.08674345390901059,7755,8873873,295.061,0.018,0.9687094997738583,0.8237273524475018,0.8490554256399914,0.018,0.8337724279784715
10600261,K00597.01,1,CANDIDATE,1.0,17.30795548,36.02527,3.56,0.57,-0.78,0.022671,0.000677,-0.00035,1.008,0.054,-0.051,5566,2.5010056030707277,0.15339206478863068,-0.13229863188116622,960,10600261,17.308,0.00072,0.9687094997738583,0.007039841923813849,0.999770992328123,0.00072,0.9990511572136468
10600261,K00597.02,2,CANDIDATE,1.0,2.09227115,24.470907,2.06,0.33,-0.45,0.013112,0.000433,-0.000376,1.008,0.054,-0.051,5566,1.4464816491316386,0.09102989205494143,-0.08412248240922479,961,10600261,2.092,1.8e-05,0.9687094997738583,0.015399296806144892,0.9994948042418293,1.8e-05,0.999476813335353
10600261,K00597.03,3,CANDIDATE,0.9,52.8148051,21.870878,3.33,0.53,-0.73,0.0212,0.0008849999999999,-0.000461,1.008,0.054,-0.051,5566,2.3387287188522525,0.1588368165657283,-0.12879443928020834,985,10600261,52.815,0.017,0.9687094997738583,0.042268053893696866,0.9985744343380031,0.017,0.981598668954257
8329346,K08275.01,1,CANDIDATE,0.229,389.875816,7.391050999999999,3.76,0.63,-0.29,0.043549,0.001432,-0.005272,0.866,0.079,-0.071,5289,4.12742827111125,0.4002345798476096,-0.6034664038210182,8044,8329346,389.876,0.74,0.9687094997738583,0.8990467712142935,0.7123389777383665,0.74,0.1852081342119753
8098960,K06966.01,1,CANDIDATE,0.98,8.47484677,7.9195485,1.35,0.28,-0.11,0.015752,0.0035259999999999,-0.002747,0.849,0.071,-0.064,5564,1.4636149908129874,0.3497397048868654,-0.27806617281168866,6346,8098960,8.475,0.025,0.9687094997738583,0.07042427547650466,0.9975528727044503,0.025,0.9726140508868389
8265218,K00522.01,1,CANDIDATE,1.0,12.82993461,62.248104000000005,3.31,0.82,-0.28,0.035889,0.002933,-0.00129,0.964,0.075,-0.068,5862,3.786359507488044,0.4272351773231281,-0.2997637738182207,1244,8265218,12.83,0.023,0.9685606850041842,0.0006316618227269593,0.9999794834051872,0.023,0.9769799552868679
4270253,K00551.01,1,CANDIDATE,1.0,11.6370303,30.17394,2.9,0.45,-0.49,0.022173,0.000732,-0.0004269999999999,1.062,0.056,-0.053,5579,2.577106874244903,0.1603282114864013,-0.1378559477095554,692,4270253,11.637,0.0013,0.9687094997738583,0.010814240961920829,0.9996468679510966,0.0013,0.9983473270227602
4270253,K00551.02,2,CANDIDATE,1.0,5.68798675,28.342422,2.76,0.43,-0.47,0.021092,0.003692,-0.001298,1.062,0.056,-0.053,5579,2.451465214069972,0.44815883726827715,-0.19423518247748503,693,4270253,5.688,0.0023,0.9687094997738583,0.011579882422806597,0.9996215735174911,0.0023,0.997322443898401
11137061,K07411.01,1,CANDIDATE,0.67,1.88912273,8.133816,0.59,0.1,-0.05,0.0072209999999999,0.000442,-0.000322,0.935,0.071,-0.064,5413,0.7389114758211577,0.07206928340608786,-0.06036392833680481,7205,11137061,1.889,0.41,0.9687094997738583,0.06277193105659239,0.9978365884217296,0.41,0.5887235871688206
6231721,K07773.01,1,CANDIDATE,0.95,2.69339974,7.3883557,1.04,0.19,-0.11,0.011019,0.001206,-0.000678,0.92,0.078,-0.071,5355,1.109464641958218,0.1535989836501511,-0.10950457685985264,6967,6231721,2.693,0.2,0.9687094997738583,0.06758630959829325,0.9976586354463834,0.2,0.7981269083571068
6277410,K07774.01,1,CANDIDATE,0.851,6.32589574,8.370732,1.14,0.31,-0.1,0.012726,0.000826,-0.0013289999999999,0.885,0.073,-0.066,5749,1.232590014944626,0.12937364979286567,-0.15817370062522748,7001,6277410,6.326,0.28,0.9687094997738583,0.06572406710347582,0.9977276866696991,0.28,0.7183639344021834
8222395,K07873.01,1,CANDIDATE,0.965,1.93188768,7.295529400000001,0.57,0.16,-0.06,0.0056799999999999,0.000474,-0.0008179999999999,0.969,0.072,-0.065,5896,0.6023592285426524,0.06730543291809199,-0.0956968751733742,7864,8222395,1.932,0.14,0.9687094997738583,0.06734805959227293,0.9976674850461151,0.14,0.857994037139659
8242769,K07875.01,2,CANDIDATE,0.826,21.9711574,7.432082,1.32,0.39,-0.17,0.012115,0.0009019999999999,-0.001149,1.063,0.095,-0.086,5763,1.4094190546344072,0.1639428671253606,-0.17569836084195664,7866,8242769,21.971,0.0086,0.9687094997738583,0.08918089745009351,0.9968372952173632,0.0086,0.9882644944784938
9906688,K07976.01,1,CANDIDATE,0.975,5.82561701,8.317393,1.21,0.36,-0.15,0.011488,0.0004969999999999,-0.00115,0.962,0.081,-0.073,5999,1.20949187314372,0.11449498094657104,-0.15193076041794987,7699,9906688,5.826,0.029,0.9687094997738583,0.06552978983347804,0.9977348745414033,0.029,0.9688005631797025
8115647,K06970.01,1,CANDIDATE,0.987,40.7698541,8.182845,1.87,0.31,-0.25,0.014137,0.001838,-0.000683,1.003,0.05,-0.047,5880,1.5518210786401962,0.21607993680929677,-0.10444511396669705,6350,8115647,40.77,0.16,0.9687094997738583,0.10969373608316085,0.996020199091195,0.16,0.8366569672366038
8760760,K07088.01,1,CANDIDATE,1.0,2.68814059,7.9685,0.92,0.17,-0.07,0.011448,0.000709,-0.001308,0.994,0.085,-0.077,5636,1.2453730427888243,0.13149208551359232,-0.1719118892493864,7490,8760760,2.688,0.59,0.9687094997738583,0.06440048675525457,0.9977765973956725,0.59,0.40908840493222576
11073351,K00537.01,1,CANDIDATE,1.0,2.820190603,49.710533,2.53,0.4,-0.27,0.020656,0.002557,-0.000904,1.192,0.06,-0.056,5829,2.694672163100931,0.360094909806313,-0.17301476890819253,1297,11073351,2.82,3e-05,0.9687094997723531,0.0016523834820886694,0.9999465376546643,3e-05,0.9999165392585347
6501635,K00560.01,1,CANDIDATE,1.0,23.67513153,33.20943,2.76,0.43,-0.23,0.032391,0.005035,-0.003773,0.817,0.062,-0.056,5309,2.896208796548578,0.5009843702221219,-0.3914329629759142,735,6501635,23.675,1.8e-05,0.9687094997738583,0.009990788125934602,0.999674028627789,1.8e-05,0.9996560344952737
7445445,K00567.01,1,CANDIDATE,1.0,10.68758211,65.98891,2.64,0.69,-0.29,0.028544,0.000682,-0.00263,0.832,0.037,-0.035,5788,2.5990917734709282,0.1312105339461284,-0.26325544675066814,779,7445445,10.688,0.00036,0.9479283124612713,0.00043690193112949145,0.9999759895716759,0.00036,0.99961599821543
7445445,K00567.02,2,CANDIDATE,1.0,20.30303506,37.89774,2.16,0.56,-0.24,0.023337,0.002727,-0.002217,0.832,0.037,-0.035,5788,2.12496513163856,0.26568287478042296,-0.22077698732767376,780,7445445,20.303,1.2e-05,0.9687094997738583,0.006249712912822189,0.9997968570531172,1.2e-05,0.9997848594908325
7445445,K00567.03,3,CANDIDATE,1.0,29.02235217,32.837140000000005,2.55,0.66,-0.29,0.027485,6.8e-05,-0.0038929999999999,0.832,0.037,-0.035,5788,2.5026638660961487,0.11146845137942743,-0.36978331414086035,781,7445445,29.022,0.0025,0.9687094997738583,0.011231290503934701,0.9996330947773435,0.0025,0.9971340120404002
9782691,K00590.01,1,CANDIDATE,1.0,11.38840217,28.622696,3.04,0.49,-0.59,0.01914,0.000588,-0.000455,1.035,0.051,-0.048,5877,2.168032253649635,0.12589234000076804,-0.11298602639337689,951,9782691,11.388,0.0059,0.9687094997738583,0.012354741707909834,0.9995959346268628,0.0059,0.9936983186125643
9782691,K00590.02,2,CANDIDATE,0.955,50.6985408,22.80585,3.58,0.57,-0.7,0.022503,0.000754,-0.000459,1.035,0.051,-0.048,5877,2.5489670743927757,0.15188842216842358,-0.12914129056697932,952,9782691,50.699,0.013,0.9687094997738583,0.03777961627290167,0.998731758567849,0.013,0.985748245706467
5812960,K00507.01,1,CANDIDATE,1.0,18.49234792,60.3851,3.34,0.52,-0.42,0.036503,0.00116,-0.0004509999999999,0.749,0.057,-0.052,5289,2.992222138167002,0.24676832858390887,-0.21100164109598762,1112,5812960,18.492,0.0023,0.9686892301899419,0.0008164568875470504,0.9999735882450838,0.0023,0.9976736489921201
10266615,K00530.01,1,CANDIDATE,1.0,10.94026745,24.899769,2.08,0.52,-0.18,0.022096,0.004553,-0.000987,0.808,0.061,-0.056,5749,1.9539276456078534,0.42878953606659787,-0.16111013260225684,1288,10266615,10.94,0.0018,0.9687094997738583,0.017029234202386948,0.9994404054658304,0.0018,0.9976414127359918
3934657,K07676.01,1,CANDIDATE,0.904,5.3694084,7.346263400000001,0.62,0.19,-0.05,0.006556,0.000139,-0.001066,0.912,0.068,-0.062,5753,0.6543607460357412,0.05072425242733577,-0.11532371911896266,7310,3934657,5.369,0.1,0.9687094997738583,0.07054739522764374,0.997548269771447,0.1,0.8977934427943023
4048898,K07678.01,1,CANDIDATE,0.967,13.0914878,7.643167500000001,0.79,0.12,-0.14,0.005595,0.000489,-0.000505,1.185,0.05,-0.048,5919,0.725607723618802,0.07042137066457159,-0.07178559606241604,7345,4048898,13.091,0.035,0.9687094997738583,0.0770835044213767,0.9973021488178204,0.035,0.9623965736091967
4054784,K07679.01,1,CANDIDATE,1.0,1.8679943,7.4732122,0.7,0.14,-0.07,0.007812,0.001253,-0.000268,0.855,0.064,-0.058,5487,0.7309906213818274,0.1293861904690623,-0.055568139930041345,7346,4054784,1.868,0.91,0.9687094997738583,0.06629941924341701,0.9977063822411466,0.91,0.08979357440170316
8489260,K07889.01,1,CANDIDATE,0.386,130.235324,7.605977,2.44,0.68,-0.23,0.024722,0.002133,-0.001436,0.821,0.079,-0.07,5616,2.221315335294488,0.2870848791361966,-0.22916785094004732,7924,8489260,130.235,0.034,0.9687094997738583,0.3423722004395879,0.9831834354839155,0.034,0.9497551986774624
10160922,K07990.01,1,CANDIDATE,0.789,87.487573,7.8486037,1.87,0.49,-0.16,0.020983,0.001837,-0.001846,1.007,0.091,-0.082,5774,2.3124934262050085,0.2909587287521763,-0.27721594450420783,7735,10160922,87.488,0.013,0.9687094997738583,0.2087436053509677,0.9914785226364936,0.013,0.9785893018422192
10028127,K08193.01,1,CANDIDATE,0.519,367.947848,8.615878,3.72,0.9,-0.3,0.039795,0.007028,-0.007913,0.905,0.08,-0.072,5570,3.941491042269695,0.7784173493115324,-0.8441459594943346,7796,10028127,367.948,0.58,0.9687094997738583,0.8856370064029326,0.7498565199419793,0.58,0.31493973837563133
6266741,K00508.01,1,CANDIDATE,1.0,7.930583519,71.042274,3.05,0.47,-0.17,0.0270389999999999,0.004337,-0.001019,1.004,0.045,-0.043,5674,2.9710351795242778,0.4948035614913988,-0.16949368660981629,1113,6266741,7.931,1.2e-05,0.050752584482012704,0.0002660795482747758,0.9950220752476907,1.2e-05,0.9950101349827877
6266741,K00508.02,2,CANDIDATE,1.0,16.6658994,48.868120000000005,2.85,0.44,-0.16,0.025297,0.000143,-0.000891,1.004,0.045,-0.043,5674,2.779624872829096,0.12557172891305562,-0.1541340243941782,1114,6266741,16.666,1.7e-06,0.9687094997718878,0.0022195390426443954,0.9999281466962979,1.7e-06,0.9999264468184486
6664842,K06750.01,1,CANDIDATE,0.788,5.21395046,8.140921,1.24,0.19,-0.27,0.008015,0.0007019999999999,-0.000695,1.156,0.053,-0.05,5523,1.0140160203246915,0.10024554650285449,-0.09825930225136698,6333,6664842,5.214,0.005,0.9687094997738583,0.06589967033879912,0.9977211871274134,0.005,0.9927325811917763
8167504,K06983.01,1,CANDIDATE,0.99,7.702172900000001,7.75047,0.85,0.12,-0.06,0.008061,0.00053,-0.000678,0.999,0.046,-0.043,5620,0.8813286028032973,0.07074343770713601,-0.08327026660007128,6395,8167504,7.702,0.011,0.9687094997738583,0.07060901351770112,0.9975459656631677,0.011,0.9865729600408728
12555616,K07540.01,1,CANDIDATE,0.347,21.980467,8.091769000000001,0.92,0.24,-0.14,0.009047,0.000491,-0.000741,0.84,0.063,-0.057,5573,0.831701207525799,0.07699623938134613,-0.08846236082491846,6950,12555616,21.98,0.0062,0.9687094997738583,0.08454799695818685,0.997016770319799,0.0062,0.9908352663438162
4073017,K07681.01,1,CANDIDATE,1.0,6.05552018,7.941939,0.92,0.17,-0.07,0.010451,0.000886,-0.000673,0.852,0.065,-0.059,5352,0.9744978788698716,0.11114145858690816,-0.09215170981642722,7348,4073017,6.056,0.062,0.9687094997738583,0.06783453766232682,0.9976494104080791,0.062,0.9357951469627781
8555967,K07894.01,1,CANDIDATE,0.837,347.97611,8.54345,1.62,0.49,-0.15,0.016926,0.001239,-0.000797,1.017,0.078,-0.071,5995,1.8839038996664987,0.19973545988247768,-0.15864098885063485,7929,8555967,347.976,0.014,0.9687094997738583,0.8727113957798782,0.7785375653399531,0.014,0.7676380394251937
6763884,K06763.01,1,CANDIDATE,0.971,2.44693823,7.283589999999999,0.56,0.08,-0.05,0.00495,0.000323,-0.0005549999999999,1.011,0.042,-0.04,5820,0.5476963039579662,0.04236676117512398,-0.06511954417779475,6343,6763884,2.447,0.91,0.9687094997738583,0.06792872984105539,0.9976459086054827,0.91,0.08978813177449342
7447895,K06878.01,1,CANDIDATE,1.0,2.4056253030000003,8.087268,1.11,0.23,-0.09,0.012218,0.009025,-0.001084,0.955,0.073,-0.067,5450,1.2769883877107977,0.9483029082487267,-0.14443822041411739,6742,7447895,2.406,0.92,0.9687094997738583,0.06350032464098132,0.9978097824138239,0.92,0.07982478259310587
9651602,K07215.01,1,CANDIDATE,0.971,3.90735046,8.902447,0.83,0.16,-0.06,0.009441,0.0007509999999999,-0.000758,0.797,0.065,-0.059,5497,0.8234927398848477,0.09381684165667273,-0.08993153755137738,7235,9651602,3.907,0.0011,0.9687094997738583,0.060660183508115605,0.9979140690132715,0.0011,0.9968163635373569
12116489,K00547.01,1,CANDIDATE,1.0,25.30291816,104.07783,3.95,0.22,-0.37,0.0407709999999999,0.0010279999999999,-0.000364,0.843,0.038,-0.036,5127,3.7615114998269474,0.1942809310588967,-0.16410680912598508,652,12116489,25.303,0.00017,1.1694430762478136e-22,1.824889314256028e-05,0.0,0.00017,0.0
12116489,K00547.03,2,CANDIDATE,0.882,12.3860474,8.032078,1.11,0.06,-0.1,0.011472,0.000397,-0.001336,0.843,0.038,-0.036,5127,1.0584008223005286,0.06014772296667213,-0.13128448120207706,686,12116489,12.386,0.076,0.9687094997738583,0.07389345972315522,0.9974227057966797,0.076,0.9216185801561321
11288492,K07434.01,1,CANDIDATE,0.986,5.704593,8.239894999999999,0.95,0.2,-0.08,0.010452,0.00146,-0.000863,0.833,0.063,-0.057,5523,0.9528572837276617,0.15135790835193935,-0.10218152952978951,7294,11288492,5.705,0.23,0.9687094997738583,0.06583542384899727,0.9977235653441531,0.23,0.7682471453149979
11288772,K07435.01,1,CANDIDATE,1.0,1.36752316,10.241317,0.82,0.13,-0.06,0.007198,0.000363,-0.00053,1.012,0.054,-0.051,5838,0.7972156404480242,0.05853163993903708,-0.07113240789301907,7295,11288772,1.368,0.033,0.9687094997738583,0.05218707764503225,0.9982214777617645,0.033,0.9652801689956263
11296724,K07437.01,1,CANDIDATE,0.668,1.9997244,8.192667,0.84,0.2,-0.09,0.008536,0.0016179999999999,-0.000235,1.025,0.094,-0.084,5838,0.9575505883463377,0.2016308882883814,-0.0827820541483044,7297,11296724,2.0,0.0038,0.9687094997738583,0.06256708397220626,0.9978441196055636,0.0038,0.9940523119510625
6887030,K07795.01,1,CANDIDATE,1.0,5.44085762,7.938199000000001,0.97,0.19,-0.09,0.011602,0.003113,-0.001131,0.796,0.061,-0.055,5519,1.0107165672036245,0.2820352282794309,-0.1207675524542971,7057,6887030,5.441,0.6,0.9687094997738583,0.06724327233975314,0.9976713758506425,0.6,0.399068550340257
10656823,K00598.01,1,CANDIDATE,1.0,8.30783912,50.371227000000005,2.15,0.36,-0.18,0.025018,0.0006,-0.000237,0.806,0.036,-0.035,5320,2.2068412118676064,0.11187911844548803,-0.09808440975719963,986,10656823,8.308,4.7e-06,0.9687094997672144,0.0016995424488599606,0.99994500924359,4.7e-06,0.9999403095020466
10656823,K00598.02,2,CANDIDATE,0.999,34.0963441,14.434025,1.71,0.28,-0.15,0.019891,0.000574,-0.0008789999999999,0.806,0.036,-0.035,5320,1.7545878385665743,0.09330226831738182,-0.10870661784981973,987,10656823,34.096,0.0017,0.9687094997738583,0.05983410813077271,0.9979442832342948,0.0017,0.9962477779527965
6587002,K00612.01,2,CANDIDATE,1.0,20.73989406,38.613728,2.11,0.15,-0.11,0.025087,0.002391,-0.002601,0.789,0.034,-0.032,5132,2.166253057371634,0.22658471279230838,-0.24116828443439145,1038,6587002,20.74,1.8e-05,0.9687094997738583,0.0059049338534440795,0.9998081304459934,1.8e-05,0.9997901338996453
6587002,K00612.02,1,CANDIDATE,0.998,47.4277116,46.8974,2.33,0.17,-0.12,0.0277399999999999,0.002864,-0.0018329999999999,0.789,0.034,-0.032,5132,2.3953386140825486,0.2679823456903794,-0.18571535891497284,1039,6587002,47.428,0.00016,0.9687094997707332,0.004309664679758904,0.999860190032027,0.00016,0.9997002124016218
6587002,K00612.03,3,CANDIDATE,0.995,122.0804953,18.941614,2.92,0.2,-0.15,0.034713,0.000504,-0.00885,0.789,0.034,-0.032,5132,2.997454553375912,0.13630241815587724,-0.7738035686467011,1040,6587002,122.08,0.27,0.9687094997738583,0.14592594481944315,0.9944810567029824,0.27,0.7259711713931771
6838050,K00512.01,1,CANDIDATE,1.0,6.51003001,40.47481,2.78,0.75,-0.5,0.022098,0.000731,-0.000339,0.967,0.073,-0.067,5638,2.3386374443430653,0.1927525874822246,-0.16596008961320052,1159,6838050,6.51,2.1e-05,0.9687094997738583,0.0039944204768542525,0.9998704578933374,2.1e-05,0.9998494606137216
7592922,K06890.01,1,CANDIDATE,0.952,2.15888911,8.309589,0.72,0.1,-0.07,0.0091849999999999,0.000659,-0.000717,0.776,0.061,-0.055,5269,0.7800534061162765,0.08301962956745562,-0.08224712788944376,6783,7592922,2.159,0.012,0.9687094997738583,0.06210608836977472,0.9978610560333395,0.012,0.9858867233609394
7602351,K06892.01,1,CANDIDATE,0.786,17.580602600000002,7.420501700000001,1.87,0.29,-0.35,0.012611,0.006845,-0.002051,1.07,0.056,-0.053,5846,1.4767832539957213,0.8052862042314134,-0.25107005276974453,6785,7602351,17.581,0.025,0.9687094997738583,0.08378790229331903,0.9970460424973266,0.025,0.9721198914348934
8248103,K07002.01,1,CANDIDATE,0.78,4.83014159,8.7853,1.3,0.35,-0.15,0.012676,0.001418,-0.000539,1.237,0.104,-0.095,5693,1.7160715278756609,0.24014129726175346,-0.15064432317284382,6444,8248103,4.83,0.66,0.9687094997738583,0.06210216334004308,0.9978612001627623,0.66,0.33927280805533916
4384909,K07693.01,1,CANDIDATE,0.655,6.41097179,7.288214999999999,1.4,0.32,-0.13,0.013772,0.0009339999999999,-0.001371,0.837,0.071,-0.064,5383,1.2615542403095896,0.13701062284458748,-0.1583581806567879,7394,4384909,6.411,0.0029,0.9687094997738583,0.07197883316405479,0.997494664643203,0.0029,0.9946019301157377
10515564,K08211.01,1,CANDIDATE,0.266,5.0487451,7.110107000000001,0.67,0.15,-0.05,0.007408,0.000642,-0.000688,0.886,0.068,-0.062,5450,0.7183203186508936,0.08315457649742147,-0.08352973404093492,7848,10515564,5.049,0.017,0.9687094997738583,0.07159906192744928,0.9975089025964821,0.017,0.9805512512523419
6381846,K00509.01,1,CANDIDATE,1.0,4.16696628,57.862125,2.74,0.34,-0.22,0.026616,0.000517,-0.000205,0.937,0.048,-0.045,5460,2.7293914979864082,0.14953344417257602,-0.13275571803716849,1115,6381846,4.167,2.4e-07,0.9687093606993705,0.0008146990643542262,0.9999736626472199,2.4e-07,0.9999734226535408
6381846,K00509.02,2,CANDIDATE,1.0,11.46347165,39.453987,3.0,0.37,-0.24,0.029133,0.000767,-0.000448,0.937,0.048,-0.045,5460,2.987502348618802,0.17207021298421835,-0.15065233440410516,1116,6381846,11.463,0.0069,0.9687094997738583,0.004731621323450126,0.9998464362455302,0.0069,0.992947495835436
8037145,K00520.01,1,CANDIDATE,1.0,12.75934489,50.40442,2.58,0.1,-0.19,0.028553,0.000117,-0.002015,0.796,0.035,-0.033,4965,2.4874151132016107,0.10984517293075244,-0.20358705749744174,1205,8037145,12.759,3e-05,0.9687094997628181,0.0018186421547958839,0.9999411486070865,3e-05,0.9999111503726283
8037145,K00520.02,3,CANDIDATE,1.0,5.4331329020000005,23.608395,1.61,0.06,-0.12,0.0178569999999999,0.002491,-0.001642,0.796,0.035,-0.033,4965,1.5556253870500796,0.22753005224374284,-0.1569101901717033,1206,8037145,5.433,1.0,0.9687094997738583,0.01750256735480452,0.9994245742654844,1.0,0.0
8037145,K00520.03,2,CANDIDATE,1.0,25.75274977,28.693022,2.27,0.09,-0.16,0.02519,0.007023,-0.0009519999999999,0.796,0.035,-0.033,4965,2.1944449515479487,0.6193756536596189,-0.12310426294745877,1207,8037145,25.753,0.0022,0.9687094997738583,0.015378663506993514,0.9994954917189319,0.0022,0.9972966016371503
8037145,K00520.04,4,CANDIDATE,0.905,51.1658019,10.171093,1.51,0.05,-0.11,0.0166979999999999,0.003012,-0.002446,0.796,0.035,-0.033,4965,1.4546582691920376,0.27007567513039915,-0.22145445004378322,1208,8037145,51.166,0.0048,0.9687094997738583,0.10848997237620413,0.9960691876351305,0.0048,0.9912880555344818
11656721,K00541.01,1,CANDIDATE,1.0,13.64617478,38.652847,2.06,0.47,-0.16,0.022774,0.0007639999999999,-0.000383,0.904,0.07,-0.063,5569,2.25315569267556,0.19013977374086682,-0.1615303460000339,643,11656721,13.646,3.6e-05,0.9687094997738583,0.005259929579024791,0.9998291994501602,3.6e-05,0.99979320559898
10586619,K07345.01,1,CANDIDATE,0.902,377.501257,10.777698,2.16,0.32,-0.1,0.021072,0.001439,-0.000832,1.082,0.055,-0.052,5764,2.495263845456834,0.21242523738193334,-0.1552014489041072,6945,10586619,377.501,0.0062,0.9687094997738583,0.8841194519331166,0.7535553738621558,0.0062,0.7488833305442104
11411639,K07445.01,1,CANDIDATE,0.948,6.933574,7.7034254,1.3,0.25,-0.1,0.0150419999999999,0.001942,-0.001098,0.864,0.075,-0.068,5510,1.4223378998238012,0.22127916434054903,-0.15267876410829367,7338,11411639,6.934,0.46,0.9687094997738583,0.0700878440925476,0.9975654442522439,0.46,0.5386853398962117
7595157,K00568.01,1,CANDIDATE,1.0,3.383540239,24.679447,1.65,0.21,-0.21,0.015341,0.00256,-0.000888,0.872,0.037,-0.036,5302,1.4640422518248175,0.25208338764714167,-0.10409094531289767,782,7595157,3.384,0.00077,0.9687094997738583,0.015427847966038617,0.9994938529034578,0.00077,0.9987242426367221
7595157,K00568.02,2,CANDIDATE,0.989,2.358952404,14.349433,0.96,0.12,-0.12,0.008881,0.00029,-0.000534,0.872,0.037,-0.036,5302,0.8475431352881952,0.045378701689520066,-0.06181734758121382,783,7595157,2.359,0.0086,0.9687094997738583,0.037333213399864,0.998747325225966,0.0086,0.9901580982290227
10353968,K00618.01,1,CANDIDATE,1.0,9.07098164,48.7044,2.94,0.83,-0.28,0.028977,0.000837,-0.00036,0.775,0.06,-0.055,5672,2.4577549470645605,0.20308996551927114,-0.1770738224829569,1079,10353968,9.071,5.6e-05,0.968709499773144,0.001996399992191686,0.9999353848437347,5.6e-05,0.9998793884621835
6128245,K06666.01,1,CANDIDATE,0.955,1.118510435,8.018559,0.75,0.21,-0.08,0.00789,0.000466,-0.000785,0.91,0.071,-0.064,5918,0.7857815929398438,0.07689330078149224,-0.09574008001814016,6726,6128245,1.119,0.31,0.9687094997738583,0.06265810559851023,0.9978407736103823,0.31,0.6885101337911637
8311864,K07016.01,1,CANDIDATE,0.771,384.847556,7.6023917,1.09,0.2,-0.1,0.012491,0.000737,-0.0006889999999999,1.108,0.082,-0.075,5579,1.514678372703247,0.14336221958695242,-0.13225897756126587,6478,8311864,384.848,0.0086,0.9687094997738583,0.8966201825755784,0.71984930968841,0.0086,0.7136586056250896
9025739,K07125.01,1,CANDIDATE,0.999,7.918267,7.728578,0.93,0.28,-0.12,0.008395,0.00056,-0.000925,0.887,0.071,-0.064,5966,0.8149440175088095,0.08491449785126563,-0.10733390003521397,7590,9025739,7.918,0.0036,0.9687094997738583,0.07096178188459787,0.9975327686227857,0.0036,0.9939416506557437
10513530,K00533.01,1,CANDIDATE,1.0,16.54967098,40.86483,2.95,0.63,-0.41,0.029514,0.000493,-0.004351,0.783,0.059,-0.053,5372,2.529142447992701,0.19520043410818189,-0.4102736311511242,1291,10513530,16.55,1.2e-05,0.9687094997738583,0.0045229631080685615,0.9998532389716035,1.2e-05,0.9998412407327358
10513530,K00533.02,2,CANDIDATE,0.999,3.52467888,11.125127,1.46,0.31,-0.2,0.014627,9.6e-05,-0.004605,0.783,0.059,-0.053,5372,1.2534311373175182,0.0948051514359353,-0.4036337337261881,1292,10513530,3.525,0.011,0.9687094997738583,0.05002606599820099,0.9982990027555955,0.011,0.9873177137252839
11669239,K00542.01,1,CANDIDATE,0.999,41.8854433,38.99938,3.28,0.88,-0.6,0.02918,0.000194,-0.004752,0.93,0.07,-0.064,5735,2.9699674647621443,0.22441629008834627,-0.52507431498275,644,11669239,41.885,0.00025,0.9687094997738583,0.00796840421304433,0.9997405433542216,0.00025,0.9994906082183831
11669239,K00542.02,2,CANDIDATE,0.992,13.81733587,17.675926,2.04,0.55,-0.37,0.0181759999999999,0.000592,-0.004919,0.93,0.07,-0.064,5735,1.8499701384344223,0.1517226735292549,-0.5165932605281558,645,11669239,13.817,0.0016,0.9687094997738583,0.033412531413528276,0.9988834268840079,0.0016,0.9972852134009934
8096395,K07587.01,1,CANDIDATE,0.897,366.088938,21.286785,2.57,0.78,-0.31,0.024943,0.000487,-0.0034969999999999,1.014,0.079,-0.071,5941,2.7680255681160335,0.22232365581106373,-0.4337833006919047,7044,8096395,366.089,0.0017,0.9687094997735809,0.8130567808186343,0.8595149512643467,0.0017,0.8580537758471973
3541946,K00624.01,1,CANDIDATE,1.0,17.79001678,66.87443499999999,2.7,0.36,-0.19,0.026716,0.000543,-0.0003779999999999,0.9,0.039,-0.037,5569,2.6314637993959225,0.12595009615234237,-0.11441006320883895,1123,3541946,17.79,2.6e-06,0.8378185126158105,0.0004518984841450918,0.9999124837878139,2.6e-06,0.9999098840153561
3541946,K00624.02,3,CANDIDATE,0.999,49.5674085,26.813261,2.91,0.38,-0.21,0.028762,7.6e-05,-0.004009,0.9,0.039,-0.037,5569,2.8329900358671027,0.12299092464420468,-0.4116948192720396,1124,3541946,49.567,0.019,0.9687094997738583,0.026260664869216625,0.9991288720452022,0.019,0.9801454234763434
3541946,K00624.03,2,CANDIDATE,1.0,1.311842968,49.34426,1.43,0.19,-0.1,0.014172,0.0004639999999999,-0.000268,0.9,0.039,-0.037,5569,1.3959090045305813,0.0758137401541498,-0.06316748941187812,1125,3541946,1.312,6.5e-05,0.9687094997730833,0.001666925303138045,0.9999460663730503,6.5e-05,0.999881069878736
6187508,K06672.01,1,CANDIDATE,1.0,2.28494301,8.627483999999999,1.0,0.18,-0.09,0.0115599999999999,0.00095,-0.000794,0.883,0.069,-0.062,5396,1.117125571985895,0.126683329689556,-0.10972776061823415,6732,6187508,2.285,0.28,0.9687094997738583,0.060591729060126255,0.9979165747965625,0.28,0.718499933853525
6878408,K06786.01,1,CANDIDATE,0.556,455.62395,13.303884,3.0,0.87,-0.3,0.030751,0.001444,-0.001736,1.001,0.104,-0.091,5883,3.368812007724012,0.38409535626850805,-0.36050152454778606,6432,6878408,455.624,0.044,0.9687094997738113,0.9085939203331033,0.6789196771208179,0.044,0.6490472113275019
2571238,K00084.01,1,CANDIDATE,1.0,9.286964466,223.70905,2.1,0.26,-0.1,0.023784,0.000354,-0.000106,0.884,0.037,-0.035,5546,2.3010211834885475,0.10221793447881419,-0.09167915031680877,598,2571238,9.287,1.1e-07,6.389337409227e-94,3.1699545098174085e-10,0.0,1.1e-07,0.0
10665749,K07359.01,1,CANDIDATE,0.965,4.237447181,7.679031,2.26,0.68,-0.29,0.020826,0.003595,-0.006118,1.082,0.098,-0.089,5993,2.466133487352127,0.4807467635632296,-0.7523331682533232,7026,10665749,4.237,0.71,0.9687094997738583,0.06749588859429594,0.9976619945923471,0.71,0.2893219784317807
11602794,K07460.01,1,CANDIDATE,0.925,5.70509519,8.405696,1.58,0.37,-0.2,0.015647,0.001466,-0.001292,0.714,0.059,-0.053,5455,1.2226798358608106,0.15274412022429731,-0.1357567759068269,7382,11602794,5.705,0.55,0.9687094997738583,0.06493448180885669,0.9977568811531223,0.55,0.448990596518905
5097856,K07716.01,1,CANDIDATE,0.23,483.36405,7.1056905,1.27,0.25,-0.1,0.01617,0.000304,-0.002316,0.83,0.08,-0.071,5700,1.4688301142084066,0.1442419743785315,-0.24504286377792706,7481,5097856,483.364,0.0085,0.9687094997738581,0.9176717740256812,0.6399543536184168,0.0085,0.6345147416126603
6265961,K06680.01,1,CANDIDATE,0.913,5.52507406,8.149264,0.8,0.12,-0.08,0.007094,0.00044,-0.000591,1.073,0.048,-0.045,5601,0.8330563166058393,0.06370660411844528,-0.0776994903777391,6772,6265961,5.525,0.0042,0.9687094997738583,0.06615739002790624,0.9977116438107554,0.0042,0.9935212549067503
6947623,K06793.01,1,CANDIDATE,0.972,3.62657392,8.468717,0.79,0.16,-0.07,0.009052,0.000641,-0.000615,0.834,0.063,-0.058,5416,0.8262168571608355,0.08554723981665678,-0.08032752533755089,6471,6947623,3.627,0.063,0.9687094997738583,0.062636055188924,0.9978415842528195,0.063,0.934977564444892
9157634,K00526.01,1,CANDIDATE,1.0,2.104721971,120.485374,2.89,0.79,-0.26,0.027167,0.000391,-0.000179,0.899,0.069,-0.063,5703,2.6729130424270076,0.2087270290942331,-0.18813815154592373,1249,9157634,2.105,5.4e-06,1.7400571108263065e-31,2.9056968696120943e-06,0.0,5.4e-06,0.0
10593626,K00087.01,1,CANDIDATE,0.881,289.864067,35.636192,2.34,0.22,-0.23,0.024234,0.000951,-0.003242,0.85,0.035,-0.034,5516,2.25438187924742,0.12823186199014222,-0.314781608470883,602,10593626,289.864,0.039,0.9687094558436428,0.3491857347722466,0.9826691842039685,0.039,0.9443450860200138
5709725,K00555.01,2,CANDIDATE,1.0,3.701765401,28.447165,1.63,0.12,-0.17,0.0166669999999999,0.002127,-0.001338,0.856,0.04,-0.037,5252,1.5614017282909545,0.21220023812231278,-0.14236148773646434,730,5709725,3.702,1.8e-05,0.9687094997738583,0.011120558347062427,0.9996367528695159,1.8e-05,0.9996187594079643
5709725,K00555.02,1,CANDIDATE,0.97,86.49437040000001,30.617346,3.07,0.21,-0.33,0.031289,0.002529,-0.002635,0.856,0.04,-0.037,5252,2.9312232961238354,0.27366735526120284,-0.27746919123156527,731,5709725,86.494,0.0072,0.9687094997738583,0.033356945843046416,0.9988853485314826,0.0072,0.9916933740220559
8344004,K00573.01,1,CANDIDATE,1.0,5.996533443,58.03445,2.96,0.44,-0.35,0.024912,0.002918,-0.0007019999999999,1.049,0.051,-0.048,5622,2.8600099171910394,0.3627103864891182,-0.15369324392855704,827,8344004,5.997,1.5e-05,0.9687092862841281,0.0008259188761685586,0.999973299571062,1.5e-05,0.9999582999715684
8344004,K00573.02,2,CANDIDATE,0.999,2.06190864,23.648258,1.63,0.24,-0.19,0.013746,9.6e-05,-0.000801,1.049,0.051,-0.048,5622,1.5781027746350362,0.07751132463819953,-0.11692186309137406,828,8344004,2.062,0.00015,0.9687094997738583,0.01654680948092826,0.9994565250638217,0.00015,0.9993066065850621
9390228,K07934.01,1,CANDIDATE,0.943,22.6432436,7.3129215,2.12,0.65,-0.22,0.0217599999999999,0.002352,-0.003167,0.802,0.071,-0.064,5880,1.9099267656682521,0.2668461854134698,-0.3170172062666104,7614,9390228,22.643,0.79,0.9687094997738583,0.09091647119475842,0.9967695893822266,0.79,0.20932161377026756
10718726,K00600.01,1,CANDIDATE,1.0,3.595769013,37.563694,2.39,0.38,-0.38,0.0183,5.6000000000000006e-05,-0.000906,1.212,0.063,-0.06,5763,2.427376623458344,0.1263939752338403,-0.16994759878692256,989,10718726,3.596,9.2e-07,0.9687094997738583,0.00494320230222687,0.9998395353175942,9.2e-07,0.9998386154652217
12554485,K08238.01,1,CANDIDATE,0.444,495.662346,8.735097999999999,2.73,0.56,-0.33,0.030468,0.001593,-0.008092,0.991,0.075,-0.068,5515,3.304464244840171,0.3039620048344119,-0.906450652296665,7919,12554485,495.662,0.04,0.968709499773853,0.9179330374932262,0.638705301623737,0.04,0.6131570895587874
4644604,K00628.01,1,CANDIDATE,1.0,14.48584765,43.133007,2.88,0.45,-0.37,0.024271,0.000185,-0.004016,0.979,0.043,-0.041,5784,2.600481794503524,0.11592647693845641,-0.443856935690115,1165,4644604,14.486,0.009,0.9687094997738577,0.003576473093678888,0.9998840608969428,0.009,0.9908851043488703
8394475,K07032.01,1,CANDIDATE,0.914,3.64049242,7.847150999999999,0.61,0.09,-0.03,0.005936,0.0004309999999999,-0.0005549999999999,0.957,0.041,-0.039,5749,0.6217120510948905,0.05241349873922886,-0.06341005789102634,6527,8394475,3.64,0.95,0.9687094997738583,0.06597641466930385,0.997718345848417,0.95,0.049885917292420895
3629119,K08242.01,1,CANDIDATE,0.175,331.55459,7.1282005,1.36,0.32,-0.11,0.015518,0.000989,-0.002142,0.862,0.065,-0.059,5762,1.4639507584319154,0.14453793953063512,-0.22555277857023062,7945,3629119,331.555,0.0094,0.9687094997738583,0.8659025546545817,0.7914224969988226,0.0094,0.7839831255270338
5113822,K00638.01,1,CANDIDATE,1.0,23.6421965,60.679752,2.9,0.4,-0.14,0.03015,0.000606,-0.000241,0.919,0.039,-0.037,5750,3.032398572394916,0.1423912349965947,-0.12447079676463188,1175,5113822,23.642,1.7e-07,0.9686574791879513,0.0008630714748093268,0.9999720497665943,1.7e-07,0.9999718797713458
5113822,K00638.02,2,CANDIDATE,0.954,67.0930642,53.49991,3.51,0.48,-0.17,0.0364149999999999,0.001556,-0.003655,0.919,0.039,-0.037,5750,3.662513897637166,0.2205660058168748,-0.3960809086664894,1211,5113822,67.093,0.0077,0.968709273924746,0.0032675400359143533,0.999894107671347,0.0077,0.9921949230422776
7902204,K06931.01,1,CANDIDATE,0.972,2.54031121,9.051803,1.2,0.34,-0.09,0.012081,0.000686,-0.001034,1.192,0.136,-0.118,5778,1.5760231604580919,0.20085352472036944,-0.20624319888700104,6212,7902204,2.54,0.0065,0.9687094997738583,0.058700014592276605,0.9979856770326762,0.0065,0.9914987701319639
8443812,K07041.01,1,CANDIDATE,0.888,8.361373200000001,7.563681,0.79,0.12,-0.09,0.009364,0.0006889999999999,-0.000695,1.122,0.09,-0.081,5470,1.1498408075761393,0.12515972412337897,-0.11905395044223573,7314,8443812,8.361,0.0047,0.9687094997738583,0.07240355165504334,0.9974787277685232,0.0047,0.992790577748011
10815677,K07376.01,1,CANDIDATE,0.756,1.284241817,10.361855,1.18,0.34,-0.11,0.011768,0.000896,-0.000405,0.946,0.093,-0.083,5849,1.218364543418072,0.1514976075632156,-0.11482622995187747,7074,10815677,1.284,0.00043,0.9687094997738583,0.05159390729373056,0.9982427925696143,0.00043,0.9978135481688094
7941200,K00092.01,1,CANDIDATE,0.972,65.7045275,81.88671,2.78,0.42,-0.25,0.0243889999999999,0.001802,-0.001188,1.071,0.045,-0.043,5918,2.8586890634123967,0.24298047824590327,-0.18045292242412495,607,7941200,65.705,0.2,3.9838517059893e-11,0.000252802962773075,0.0,0.2,0.0
8625925,K00580.01,1,CANDIDATE,1.0,6.521209629,58.743534,2.54,0.61,-0.25,0.025899,0.003411,-0.000683,1.074,0.086,-0.078,5822,3.0441828338472186,0.46921758708043915,-0.23521030455385877,871,8625925,6.521,0.0003,0.9687088976491884,0.0007816729450839588,0.9999747307551287,0.0003,0.9996747383359021
9604563,K07949.01,1,CANDIDATE,0.912,1.001916708,8.045534,0.62,0.1,-0.05,0.007686,0.000572,-0.000736,0.961,0.076,-0.069,5521,0.8083644824754593,0.08778411563007565,-0.09675067405546564,7649,9604563,1.002,0.0026,0.9687094997738583,0.06240922204414796,0.99784992113933,0.0026,0.9952555113443677
9597345,K00711.01,1,CANDIDATE,0.483,44.6996563,58.786575,3.05,0.47,-0.32,0.0267399999999999,0.003296,-0.000682,1.053,0.046,-0.043,5497,3.0815784599169276,0.40298794847633024,-0.14836617762479914,997,9597345,44.7,0.0013,0.9686759371748691,0.0014284788577021827,0.9999537412156385,0.0013,0.9986538013520582
9597345,K00711.02,2,CANDIDATE,0.972,3.619309734,40.834072,1.47,0.23,-0.15,0.012902,0.0004669999999999,-0.000233,1.053,0.046,-0.043,5497,1.4868558447961238,0.08435204457572537,-0.06638924194296973,998,9597345,3.619,3.9e-06,0.9687094997738583,0.003695356448464043,0.9998801927419132,3.9e-06,0.9998762932091616
9597345,K00711.03,3,CANDIDATE,0.772,124.5245224,28.535248,2.69,0.41,-0.29,0.023514,0.000713,-0.000368,1.053,0.046,-0.043,5497,2.709806877579914,0.14409955766221147,-0.11850519805866165,999,9597345,124.525,0.00017,0.9687094997738583,0.07053004459506813,0.9975489185129095,0.00017,0.9973793351967623
5796675,K00652.01,1,CANDIDATE,1.0,16.080657264000003,253.61078,4.43,0.38,-0.23,0.049706,0.000873,-0.000288,1.154,0.052,-0.049,5303,6.277664184306568,0.30360353865972906,-0.26902616193444884,1261,5796675,16.081,0.003,3.2132678765035733e-112,2.4314022498250875e-11,0.0,0.003,0.0
2444412,K00103.01,1,CANDIDATE,1.0,14.91095177,107.95887,2.62,0.33,-0.17,0.026641,0.000444,-0.000197,0.88,0.038,-0.036,5650,2.56576366347848,0.11875983910052403,-0.10666401651941003,20,2444412,14.911,7.9e-05,1.5883351314868062e-24,1.0929233271931236e-05,0.0,7.9e-05,0.0
5941160,K00654.01,1,CANDIDATE,1.0,8.59481851,29.628357,1.75,0.23,-0.13,0.017524,0.002886,-0.0008029999999999,0.99,0.043,-0.041,5675,1.8986805203876165,0.32338280848433476,-0.11727125589658707,1263,5941160,8.595,0.096,0.9687094997738583,0.010818710247520446,0.9996467204132953,0.096,0.903680635253619
5941160,K00654.02,2,CANDIDATE,1.0,10.22215697,10.490836,1.72,0.23,-0.13,0.017212,0.002834,-0.003206,0.99,0.043,-0.041,5675,1.8648761194311603,0.3175605893723236,-0.3558442096740234,1264,5941160,10.222,0.14,0.9687094997738583,0.05834103528866314,0.9979987588072426,0.14,0.8582789325742287
9702072,K00714.01,1,CANDIDATE,1.0,4.182001885,165.43068,2.46,0.26,-0.1,0.0260199999999999,0.000597,-0.000295,0.84,0.035,-0.033,5328,2.3920487918449442,0.11378041440752489,-0.09780831945627969,1002,9702072,4.182,2.1e-07,1.2664565301814374e-58,5.3800790312083425e-08,0.0,2.1e-07,0.0
6678383,K00111.02,3,CANDIDATE,1.0,23.66834635,99.441605,2.32,0.31,-0.26,0.021099,0.000762,-0.001355,1.062,0.045,-0.043,5979,2.4522788048389126,0.13653241932725504,-0.18617552730875508,63,6678383,23.668,1.5e-05,8.537459473859622e-20,2.6923144029751768e-05,0.0,1.5e-05,0.0
6678383,K00111.03,2,CANDIDATE,0.978,51.75530504,99.92415,2.61,0.35,-0.3,0.023742,0.001263,-0.000966,1.062,0.045,-0.043,5979,2.7594674337402467,0.18767153353820784,-0.15839618974074446,64,6678383,51.755,0.00057,2.3735621277299373e-21,4.031398478634726e-05,0.0,0.00057,0.0
6678383,K00111.01,1,CANDIDATE,0.999,11.427550984000002,148.07863999999998,2.35,0.32,-0.27,0.021404,8e-06,-0.0008039999999999,1.062,0.045,-0.043,5979,2.4877281169141705,0.10541630912470072,-0.13739818390937608,62,6678383,11.428,6.4e-08,1.6486825699295786e-48,2.8526725515639977e-07,0.0,6.4e-08,0.0
9873254,K00717.01,1,CANDIDATE,1.0,14.70749512,29.69435,2.04,0.35,-0.34,0.0146169999999999,0.000536,-0.000293,1.206,0.05,-0.048,5676,1.9292522277560904,0.10678269395155134,-0.08597470413432723,1005,9873254,14.707,0.0018,0.9687094997738583,0.01184035440533978,0.9996129593904474,0.0018,0.9978136560635446
9873254,K00717.02,2,CANDIDATE,1.0,0.900375925,11.478353,0.82,0.13,-0.14,0.005833,0.0002529999999999,-0.000364,1.206,0.05,-0.048,5676,0.7698794721558015,0.046193892090067405,-0.05698317011595258,1006,9873254,0.9,0.0012,0.9687094997738583,0.04666609297460978,0.9984188417094447,0.0012,0.9972207390993935
6062088,K00658.01,1,CANDIDATE,1.0,3.162692075,64.98132,2.61,0.39,-0.35,0.022069,3.6e-05,-0.001574,1.041,0.047,-0.044,5821,2.514298520529197,0.113591869854151,-0.20844880630184617,1303,6062088,3.163,3.6e-07,0.9663070131261349,0.00042418056583775406,0.999985203486091,3.6e-07,0.9999848434914177
6062088,K00658.02,2,CANDIDATE,1.0,5.370639542,50.1357,2.54,0.38,-0.34,0.0214789999999999,0.003636,-0.001141,1.041,0.047,-0.044,5821,2.4470804260476853,0.4287260529169025,-0.16612078397023577,1304,6062088,5.371,0.0001,0.9687094997703236,0.0016565672245319643,0.9999464020663852,0.0001,0.9998464074261786
6062088,K00658.03,3,CANDIDATE,1.0,11.32977062,14.24908,1.37,0.21,-0.18,0.011589,0.000629,-0.000317,1.041,0.047,-0.044,5821,1.320322876179839,0.09321389899420442,-0.06647296504713661,1305,6062088,11.33,0.0023,0.9687094997738583,0.043163715720021,0.9985428638422152,0.0023,0.9962462152553782
9884104,K00718.01,1,CANDIDATE,1.0,4.585466941,62.9034,3.29,0.54,-0.71,0.020175,0.000306,-0.002172,1.18,0.052,-0.049,5788,2.605427581487541,0.12142570771664457,-0.30063748967113085,1042,9884104,4.585,2.7e-05,0.9685526595783225,0.0005225111420386826,0.9999830260381092,2.7e-05,0.9999560264964061
9884104,K00718.02,2,CANDIDATE,1.0,22.71443351,46.50063,4.01,0.66,-0.87,0.024589,0.000458,-0.002379,1.18,0.052,-0.049,5788,3.175457685313365,0.15192189325192418,-0.33432963420990325,1043,9884104,22.714,0.04,0.9687094997737193,0.003017845827043612,0.9999022248227503,0.04,0.9599061358298402
9884104,K00718.03,3,CANDIDATE,0.997,47.903427,22.787811,3.55,0.59,-0.77,0.0217699999999999,0.000133,-0.003624,1.18,0.052,-0.049,5788,2.8114081015605206,0.1250774752142842,-0.48234970826983087,1044,9884104,47.903,0.015,0.9687094997738583,0.03625682928395358,0.9987848008545257,0.015,0.9838030288417078
6347299,K00661.01,1,CANDIDATE,1.0,14.40090414,30.417171000000003,2.71,0.4,-0.45,0.02071,0.001145,-0.002701,0.991,0.043,-0.041,5815,2.246142001793355,0.1578611608554011,-0.3073282963815817,1308,6347299,14.401,0.00084,0.9687094997738583,0.011054213112981008,0.9996389442250516,0.00084,0.9987992475119026
6347299,K00661.02,2,CANDIDATE,0.959,25.6613816,10.894302,1.78,0.27,-0.29,0.013624,0.001466,-0.002054,0.991,0.043,-0.041,5815,1.4776165442990183,0.17143795056326108,-0.23100615763700189,1309,6347299,25.661,0.0016,0.9687094997738583,0.07089753451312589,0.9975351728589141,0.0016,0.9959391165823398
6442340,K00664.01,1,CANDIDATE,1.0,13.13747785,35.811054,1.85,0.29,-0.27,0.014821,0.000176,-0.001405,1.092,0.047,-0.045,5762,1.7712652454694187,0.079084235136132,-0.18309100671432701,656,6442340,13.137,2e-05,0.9687094997738583,0.006717717799002864,0.9997815419692718,2e-05,0.9997615463384324
6442340,K00664.02,2,CANDIDATE,0.999,7.78199862,20.25474,1.32,0.21,-0.19,0.010595,0.001369,-0.001188,1.092,0.047,-0.045,5762,1.2662138368361442,0.17244781878730392,-0.15126319031680815,657,6442340,7.782,5.9e-05,0.9687094997738583,0.024343398781595707,0.9991940591415478,5.9e-05,0.9991351066920584
6442340,K00664.03,3,CANDIDATE,1.0,23.4433748,11.136332,1.29,0.21,-0.18,0.010373,5.7e-05,-0.002164,1.092,0.047,-0.045,5762,1.2396825039642587,0.05378939723777193,-0.26361799641226863,658,6442340,23.443,0.00029,0.9687094997738583,0.06725861255696304,0.9976708063151174,0.00029,0.997381481781286
8711794,K00105.01,1,CANDIDATE,1.0,8.981014925,183.9084,3.14,0.43,-0.48,0.029697,0.000371,-0.000184,1.082,0.047,-0.044,5666,3.5166026204694187,0.158946460807361,-0.14465453638184772,22,8711794,8.981,0.013,5.861185594975004e-70,1.1112387035891408e-08,0.0,0.013,0.0
10002866,K00723.01,2,CANDIDATE,1.0,3.936993144,76.264,3.36,0.74,-0.25,0.036449,0.0020859999999999,-0.003685,0.816,0.039,-0.037,5431,3.2550617525799144,0.2427068230946236,-0.36066971323280994,1088,10002866,3.937,0.0018,5.8444989031914335e-05,0.0001565025641450446,0.0,0.0018,0.0
10002866,K00723.02,3,CANDIDATE,1.0,28.08185982,58.22654,3.63,0.8,-0.27,0.039445,0.000254,-0.0014529999999999,0.816,0.039,-0.037,5431,3.5226182016108734,0.169881631326448,-0.20579141640899604,1089,10002866,28.082,0.00038,0.9687067448850049,0.0011532800138816727,0.9999627012450517,0.00038,0.9995827154185786
10002866,K00723.03,1,CANDIDATE,1.0,10.08881066,82.97855,4.71,1.04,-0.35,0.05115,0.001702,-0.0094709999999999,0.816,0.039,-0.037,5431,4.56792802668009,0.2660198358756782,-0.8707949821163505,1090,10002866,10.089,0.11,2.8139519929851225e-09,9.464507279986336e-05,0.0,0.11,0.0
6707835,K00666.01,1,CANDIDATE,1.0,22.24814617,63.322964,2.72,0.41,-0.13,0.026424,0.000907,-0.003415,0.987,0.042,-0.04,5629,2.8542970522275355,0.15604862157518987,-0.38659695253857346,662,6707835,22.248,0.00015,0.9669593900051872,0.0006664636344238994,0.9999772120206821,0.00015,0.9998272154388791
7630229,K00683.01,1,CANDIDATE,1.0,278.1243979,51.01961,5.86,0.94,-0.5,0.051146,0.000614,-0.006644,1.097,0.048,-0.045,5799,6.140472030487037,0.2786094936450226,-0.8364894707780038,786,7630229,278.124,0.81,0.038419932700679345,0.10432156363666154,0.0,0.81,0.0
7906882,K00686.01,1,CANDIDATE,0.952,52.513548727,766.6954,12.43,1.67,-1.22,0.116129,0.000296,-0.000415,1.061,0.046,-0.043,5589,13.48464525599358,0.5856406519751279,-0.5486235167959935,789,7906882,52.514,0.26,0.0,4.970234816185574e-31,0.0,0.26,0.0
8557374,K00692.01,1,CANDIDATE,1.0,2.462344253,32.406216,1.33,0.22,-0.07,0.012128,0.00042,-0.000183,1.104,0.048,-0.045,5736,1.4653511764409766,0.08145083170491012,-0.06369016893492739,796,8557374,2.462,4.5e-05,0.9687094997738583,0.007679400370544462,0.9997500263389881,4.5e-05,0.9997050375878029
8557374,K00692.02,2,CANDIDATE,1.0,4.822969318,25.570423,2.22,0.35,-0.12,0.020176,0.001168,-0.003096,1.104,0.048,-0.045,5736,2.437741205134659,0.17649105679628133,-0.38704269353077414,830,8557374,4.823,0.12,0.9687094997738583,0.014588994085612497,0.9995217809338729,0.12,0.8795791672218082
8802165,K00694.01,1,CANDIDATE,1.0,17.42115972,86.8946,3.11,0.47,-0.15,0.0292769999999999,6.6e-05,-0.001819,0.95,0.042,-0.04,5679,3.043922799993697,0.13474826496924852,-0.22845801431093501,833,8802165,17.421,8.3e-09,5.7885846351963644e-12,7.491649751365979e-05,0.0,8.3e-09,0.0
8805348,K00695.01,1,CANDIDATE,1.0,29.90721859,71.085464,2.16,0.26,-0.19,0.022053,0.000453,-0.0002529999999999,0.932,0.04,-0.038,5739,2.2494018369619937,0.10702860606868024,-0.095275232333506,834,8805348,29.907,3.1e-05,0.005132010410979871,0.00037596489950625736,0.9270897580381086,3.1e-05,0.9270610182556094
8962094,K00700.01,1,CANDIDATE,1.0,30.86436512,46.549694,2.23,0.28,-0.1,0.024615,0.000186,-0.002856,0.905,0.039,-0.036,5677,2.437989747593129,0.10666546090806907,-0.29903502714889063,839,8962094,30.864,0.0054,0.9687094997735123,0.003419160738127791,0.999889178013096,0.0054,0.9944897764518252
8962094,K00700.02,2,CANDIDATE,1.0,9.36059705,33.322113,1.42,0.17,-0.07,0.0156509999999999,0.001047,-0.001573,0.905,0.039,-0.036,5677,1.550151433661581,0.12335400029830564,-0.1675567861557056,840,8962094,9.361,0.00094,0.9687094997738583,0.007894017207523913,0.9997429847177403,0.00094,0.9988032263121055
8962094,K00700.03,3,CANDIDATE,0.997,14.6672293,25.679129,1.21,0.15,-0.05,0.013386,0.002676,-0.000566,0.905,0.039,-0.036,5677,1.3258147780329725,0.27113231780963404,-0.0769683138670173,874,8962094,14.667,0.0033,0.9687094997738583,0.016855545411727433,0.999446210874577,0.0033,0.9961480383786909
8962094,K00700.04,4,CANDIDATE,0.976,68.1609897,17.723257,1.45,0.18,-0.07,0.015986,0.000292,-0.000699,0.905,0.039,-0.036,5677,1.5833314688207905,0.07410823989954823,-0.0935949990589325,875,8962094,68.161,0.046,0.9687094997738583,0.07527826886306987,0.9973704737728654,0.046,0.9514914319793135
9266431,K00704.01,1,CANDIDATE,1.0,18.39629744,57.642532,2.47,0.23,-0.12,0.02808,0.000233,-0.004025,0.762,0.032,-0.031,5316,2.341723048074503,0.10024137276951806,-0.34892101796725644,883,9266431,18.396,0.0025,0.9687090507443589,0.0010417282666438288,0.999966315315642,0.0025,0.9974663995273529
9578686,K00709.01,1,CANDIDATE,1.0,21.3851584,58.81958,2.17,0.18,-0.15,0.0240599999999999,0.002815,-0.000748,0.857,0.036,-0.034,5376,2.2566276261640987,0.28052516997763666,-0.11374145380505714,926,9578686,21.385,5.9e-06,0.9687063722599788,0.0009833079981762648,0.9999682034073968,5.9e-06,0.9999623035949967
