kepid_x,kepoi_name,koi_tce_plnt_num,koi_pdisposition,koi_score,koi_period,koi_max_mult_ev,koi_prad,koi_prad_err1,koi_prad_err2,koi_ror,koi_ror_err1,koi_ror_err2,radius,radius_err1,radius_err2,teff,corrected_prad,corrected_prad_err1,corrected_prad_err2,rowid,kepid_y,fpp_koi_period,fpp_prob,fpEffectiveness,obsFpRate,reliability,fpp_prob_use,totalReliability
10854555,K00755.01,1,CANDIDATE,1.0,2.525591777,33.1919,2.75,0.88,-0.35,0.024064,0.003751,-0.001522,0.878,0.075,-0.067,6031,2.3123085789076265,0.4110068770525991,-0.2291811025543193,1273,10854555,2.526,0.001,0.9872832607319133,0.009051913981547165,0.999882341445519,0.001,0.9988824591040735
10872983,K00756.01,1,CANDIDATE,1.0,11.09432054,55.204865000000005,3.9,1.27,-0.42,0.036779,0.005115,-0.001065,1.145,0.083,-0.076,6046,4.608810579772841,0.7228082225299449,-0.3337557292634899,1274,10872983,11.094,3.6e-05,0.9872832607319133,0.0009205654252159267,0.9999881316967785,3.6e-05,0.9999521321240373
10872983,K00756.02,2,CANDIDATE,1.0,4.13443512,33.546658,2.77,0.9,-0.3,0.026133,0.001968,-0.002055,1.145,0.083,-0.076,6046,3.274750452192927,0.3422987466622759,-0.3369870357811267,1275,10872983,4.134,6.3e-06,0.9872832607319133,0.008935561463886799,0.9998838674541228,6.3e-06,0.9998775681857579
9579641,K00115.03,3,CANDIDATE,0.871,3.43591631,7.4337807,0.55,0.08,-0.07,0.004612,0.000197,-0.000565,1.036,0.045,-0.042,5779,0.5229166974578404,0.031856115876833624,-0.06747728722289185,103,9579641,3.436,0.04,0.9872715590516932,0.13769928970799805,0.997941212408432,0.04,0.9580235639120948
10872983,K00756.03,3,CANDIDATE,0.992,2.56658897,12.325094,1.59,0.52,-0.17,0.014983,0.003935,-0.001417,1.145,0.083,-0.076,6046,1.877533617464762,0.5115364365167363,-0.21693376575950496,1276,10872983,2.567,7.8e-05,0.987283259629851,0.08402069736533185,0.9988184974785681,7.8e-05,0.9987405896357647
7938496,K00900.01,1,CANDIDATE,1.0,13.81020318,40.226162,4.56,1.33,-0.88,0.0365949999999999,0.0001,-0.003401,1.097,0.097,-0.087,5942,4.393512179949019,0.38867287158145575,-0.5367780272720285,680,7938496,13.81,0.046,0.9872832607319133,0.005017780326725419,0.9999350423480644,0.046,0.9539380304000534
6362874,K01128.01,1,CANDIDATE,1.0,0.974868896,24.318182,1.16,0.12,-0.06,0.012716,0.000388,-0.000161,0.842,0.036,-0.034,5487,1.1717799601057135,0.06154965140900325,-0.04958795833264916,1793,6362874,0.975,0.00027,0.9872832607319133,0.02320071428325913,0.9996940644003922,0.00027,0.9994241470030041
3660924,K01214.01,1,CANDIDATE,1.0,4.24153629,14.714512,1.44,0.39,-0.28,0.012577,0.000571,-0.000505,1.221,0.107,-0.097,5776,1.6806457457997734,0.16587171796605846,-0.1496004977145607,1523,3660924,4.242,0.001,0.9872832607200872,0.0675025042473454,0.9990675915419562,0.001,0.9980685239504142
10538176,K01301.01,1,CANDIDATE,1.0,12.69905011,25.154327,2.62,0.22,-0.17,0.027241,0.00624,-0.001791,0.774,0.051,-0.048,5291,2.307530566291216,0.5500116066046409,-0.208554339663708,1356,10538176,12.699,0.00075,0.9872832607319133,0.025533251109870675,0.9996625005377591,0.00075,0.9989127536623558
10724369,K01302.01,1,CANDIDATE,1.0,55.6391882,38.47574,3.13,0.97,-0.32,0.0298029999999999,0.002837,-0.003148,0.991,0.077,-0.07,5949,3.232340419094502,0.39717890115074167,-0.41072933650544813,1358,10724369,55.639,0.0012,0.9872832607319133,0.011936259463062076,0.9998443972450402,0.0012,0.9986445839683461
10744335,K01304.01,1,CANDIDATE,0.984,4.59726613,14.917146,1.69,0.53,-0.17,0.0161669999999999,0.000745,-0.000763,0.952,0.095,-0.085,5999,1.6844178783035386,0.1851445301839753,-0.17011200983786867,1360,10744335,4.597,0.00016,0.9872832607238676,0.06646460225833715,0.9990829487363428,0.00016,0.9989230954645449
10730034,K01305.01,1,CANDIDATE,1.0,2.633852528,20.749485,1.38,0.07,-0.12,0.0144319999999999,0.0006349999999999,-0.000588,0.859,0.042,-0.04,5113,1.3567603387868015,0.08924328316574663,-0.08394769245593922,1361,10730034,2.634,1.1e-05,0.9872832607319131,0.03493454047157009,0.9995337356016587,1.1e-05,0.9995227407305671
10730034,K01305.02,2,CANDIDATE,0.978,6.18670882,11.189779,1.21,0.06,-0.1,0.01265,0.000839,-0.000473,0.859,0.042,-0.04,5113,1.18923352866222,0.09799108949078511,-0.07102105185660279,1362,10730034,6.187,0.00028,0.9872832513477396,0.09933046973791218,0.9985794669695143,0.00028,0.9982998647187629
10973814,K01307.02,2,CANDIDATE,1.0,20.34237838,23.735342000000003,2.88,0.44,-0.36,0.024633,0.0054009999999999,-0.003071,0.922,0.044,-0.042,5514,2.48560253715706,0.5577495335536528,-0.3299185605840311,1401,10973814,20.342,0.11,0.9872832607319133,0.033542303460203295,0.9995529624254939,0.11,0.8896021365586896
4072526,K01329.01,1,CANDIDATE,0.995,33.1996355,30.042027,2.85,0.15,-0.25,0.0296069999999999,0.0013369999999999,-0.000679,0.768,0.036,-0.034,5103,2.488508218474696,0.16197363797780778,-0.1240731439967517,1492,4072526,33.2,0.00018,0.9872832607319133,0.02086026848986087,0.9997255841365328,0.00018,0.9995456335313883
4077526,K01336.01,1,CANDIDATE,1.0,10.21864532,22.117716,2.33,0.75,-0.33,0.019663,0.000404,-0.000743,0.986,0.05,-0.047,6100,2.1218278713503644,0.11609412860042259,-0.12906593767914487,1536,4077526,10.219,0.011,0.9872832607319133,0.034005671207506596,0.9995465694598713,0.011,0.9885515571958127
4077526,K01336.02,2,CANDIDATE,1.0,15.573637,18.62881,2.94,0.95,-0.41,0.02484,2.1e-05,-0.00466,0.986,0.05,-0.047,6100,2.6804762408759126,0.13594567541650973,-0.5188378533010114,1537,4077526,15.574,0.032,0.9872832607319065,0.053452346645599905,0.9992726251403226,0.032,0.9672959011358322
4077526,K01336.03,3,CANDIDATE,1.0,40.1015561,14.215785999999998,2.92,0.95,-0.4,0.024714,0.003509,-0.0032869999999999,0.986,0.05,-0.047,6100,2.6668796222627735,0.4020805461287109,-0.37679134593982455,1538,4077526,40.102,0.054,0.987283260704469,0.12047937886174682,0.9982355852170711,0.054,0.9443308636153492
10358759,K00738.02,2,CANDIDATE,1.0,13.28689997,28.055307,2.78,0.22,-0.13,0.029278,0.000786,-0.000482,0.748,0.043,-0.04,5730,2.3967705513465893,0.1520660843153117,-0.13410572510926103,1183,10358759,13.287,0.00045,0.9872832607319133,0.018835828188183225,0.9997527268094324,0.00045,0.9993028380823682
10601284,K00749.01,1,CANDIDATE,1.0,5.349553819,48.504196,2.55,0.16,-0.24,0.025706,0.0008449999999999,-0.000453,0.88,0.049,-0.046,5190,2.475714903095897,0.1600816044444253,-0.13656850051448605,1229,10601284,5.35,1.2e-05,0.9872832607319133,0.0017571043182484226,0.9999773277140007,1.2e-05,0.9999653279860682
10601284,K00749.02,2,CANDIDATE,0.98,3.94105221,22.749151,1.7,0.11,-0.16,0.017105,0.000703,-0.000557,0.88,0.049,-0.046,5190,1.6473626164107724,0.11400892391573068,-0.10145433000085052,1230,10601284,3.941,2.6e-06,0.9872832607319133,0.028791355651314226,0.9996181581122843,2.6e-06,0.9996155591050733
10601284,K00749.03,3,CANDIDATE,0.971,8.10904807,9.776852,1.3,0.09,-0.12,0.013127,0.0008699999999999,-0.000503,0.88,0.049,-0.046,5190,1.2642460722376039,0.10943524637901755,-0.08193938481982145,1231,10601284,8.109,0.0014,0.9872831248126124,0.11738962097820385,0.9982868343216406,0.0014,0.9968892327535903
11018648,K00759.01,1,CANDIDATE,1.0,32.62876672,61.372303,3.36,0.76,-0.33,0.03852,0.000971,-0.000365,0.785,0.038,-0.036,5586,3.309324776617166,0.18061539375292412,-0.1549709429954223,1314,11018648,32.629,2.9e-06,0.9872832607319133,0.000660931076476513,0.9999914812220221,2.9e-06,0.9999885812467265
11018648,K00759.02,2,CANDIDATE,0.978,91.7732862,14.678595,2.12,0.48,-0.21,0.0243199999999999,0.007051,-0.001216,0.785,0.038,-0.036,5586,2.0893763906367897,0.6141500671791063,-0.1417565727766681,1315,11018648,91.773,0.03,0.987283260722083,0.23149277402274052,0.9961200736877728,0.03,0.9662364714771395
11138155,K00760.01,1,CANDIDATE,1.0,4.959319244,670.4895,12.21,1.96,-1.46,0.103379,0.001245,-7.4e-05,1.046,0.063,-0.059,5714,11.834433320821796,0.7268906552914118,-0.6675791476343043,1316,11138155,4.959,0.071,0.9872832607319133,2.418225076619327e-33,1.0,0.071,0.929
8260218,K01066.01,1,CANDIDATE,1.0,5.714817602999999,529.8256,9.29,2.47,-0.99,0.101045,0.000109,-0.000195,1.235,0.153,-0.133,5695,13.657312331283036,1.6920226712756292,-1.4710236140599136,1512,8260218,5.715,0.00033,0.9872832607319133,1.3855039640072584e-26,1.0,0.00033,0.99967
8222813,K01069.01,1,CANDIDATE,1.0,8.70420525,60.56746,2.86,0.13,-0.24,0.030316,0.0035689999999999,-0.00099,0.862,0.042,-0.039,5073,2.859977522401208,0.3643927163931227,-0.15958061967320455,1515,8222813,8.704,1.2e-05,0.9872832607319133,0.0004896955137960302,0.9999936893681811,1.2e-05,0.9999816894439086
8222813,K01069.02,2,CANDIDATE,1.0,2.46697039,24.837725,1.56,0.07,-0.13,0.016558,0.003196,-0.000833,0.862,0.042,-0.039,5073,1.562063194877926,0.31096497012869273,-0.10568925573298413,1516,8222813,2.467,0.00014,0.9872832607319133,0.02246090391121298,0.9997040440418843,0.00014,0.9995640854757184
10538176,K01301.02,2,CANDIDATE,1.0,37.5142128,24.432262,2.68,0.22,-0.18,0.027815,0.000649,-0.001083,0.774,0.051,-0.048,5291,2.3561529569909387,0.1646966536743727,-0.17252963236919946,1357,10538176,37.514,0.00013,0.9872832607319133,0.04074957378613296,0.999452826490994,0.00013,0.9993228976235502
8972058,K00159.01,1,CANDIDATE,1.0,8.99088621,72.13723,2.78,0.46,-0.39,0.021706,5.2e-05,-0.001717,1.147,0.05,-0.048,5881,2.724750068808205,0.11895647754619669,-0.2438383995043853,366,8972058,8.991,2.5e-06,0.9872832607319133,0.0001369875066533589,0.9999982352855112,2.5e-06,0.999995735289923
10973814,K01307.01,1,CANDIDATE,0.999,44.8520997,27.30246,3.35,0.51,-0.42,0.02861,0.002579,-0.003349,0.922,0.044,-0.042,5514,2.8869032837276616,0.29445334719477795,-0.3626187720547153,1400,10973814,44.852,0.049,0.9872832607319133,0.03367913693553506,0.9995510752071658,0.049,0.9505730725220146
10713616,K01311.01,1,CANDIDATE,0.939,83.5781976,46.45182,6.63,0.88,-2.06,0.023697,0.003251,-0.000729,1.077,0.047,-0.044,6065,2.7931388628397933,0.40211133598118787,-0.14284532973884895,1406,10713616,83.578,0.044,0.9872832607319133,0.007817593734612615,0.9998985117955663,0.044,0.9559029772765614
8972058,K00159.02,2,CANDIDATE,1.0,2.403640701,15.105959,1.24,0.2,-0.17,0.0096709999999999,0.0009429999999999,-0.001849,1.147,0.05,-0.048,5881,1.2139987982789957,0.1296654911979713,-0.23759961948891975,367,8972058,2.404,0.0066,0.9872832607262528,0.06304277717266946,0.9991333383753748,0.0066,0.9925390583420972
10928043,K01315.01,1,CANDIDATE,1.0,6.84639884,29.791174,1.9,0.35,-0.28,0.013285,8.4e-05,-0.001997,1.202,0.052,-0.049,6065,1.7476299630317138,0.07640788209901317,-0.27219241212820405,1444,10928043,6.846,0.0011,0.9872832607319133,0.014069869027842843,0.9998161862865703,0.0011,0.9987163884816551
6631721,K00160.01,1,CANDIDATE,1.0,13.73808249,63.54221999999999,3.84,1.09,-0.73,0.029865,0.000405,-0.001208,1.11,0.083,-0.075,6375,3.6280139936760634,0.27570921210499794,-0.2857040257593567,368,6631721,13.738,0.42,0.9872832607319133,0.00038257080686154306,0.9999950703963739,0.42,0.579997140829897
4076098,K01323.01,1,CANDIDATE,1.0,3.990105908,246.02412,7.45,2.18,-0.73,0.074711,0.003166,-0.002293,1.1,0.103,-0.093,5926,8.994161680405236,0.9244119963531174,-0.8089701259029654,1452,4076098,3.99,0.00012,0.9872832607319133,5.671966311949866e-13,0.9999999999999927,0.00012,0.9998799999999927
4282872,K01325.01,1,CANDIDATE,1.0,10.035381809,139.00804,4.42,1.13,-0.38,0.0485709999999999,0.00075,-0.000314,0.873,0.073,-0.066,5813,4.640606503759743,0.39460681143947346,-0.3521165799864444,1454,4282872,10.035,9.2e-05,0.9872832607319133,8.587870420754251e-08,0.9999999988938361,9.2e-05,0.9999079988939379
4455231,K01332.01,1,CANDIDATE,1.0,19.30581662,30.262682,4.0,0.62,-0.93,0.0240669999999999,0.000823,-0.00035,1.07,0.058,-0.055,5665,2.818312788352619,0.18062786599988134,-0.1505528681784745,1496,4455231,19.306,0.0026,0.9872832607319133,0.016316962171688418,0.9997863425123276,0.0026,0.9971868980217955
4455231,K01332.02,3,CANDIDATE,0.999,6.09747233,13.949024,2.22,0.34,-0.52,0.013336,0.000669,-0.000588,1.07,0.058,-0.055,5665,1.5616827749811226,0.11534030973516164,-0.10575930288060029,1497,4455231,6.097,0.00037,0.9872832606817076,0.07509322251283267,0.9989542285648846,0.00037,0.9985846155003156
4455231,K01332.03,2,CANDIDATE,0.991,56.637918000000006,17.116478,3.68,0.57,-0.85,0.022163,0.000785,-0.0010019999999999,1.07,0.058,-0.055,5665,2.595349080826831,0.16805323715910664,-0.1776656291989025,1498,4455231,56.638,0.014,0.9872832607318063,0.11510540046834135,0.9983245242406323,0.014,0.9843479809012635
4077526,K01336.04,4,CANDIDATE,1.0,4.45814897,11.357054,1.61,0.52,-0.22,0.013643,0.003627,-0.001228,0.986,0.05,-0.047,6100,1.4722116487226278,0.3984449095031722,-0.14994814113839366,1539,4077526,4.458,0.00066,0.9872832538637036,0.09524157424163701,0.9986440984415973,0.00066,0.9979849933366258
4243911,K01337.01,1,CANDIDATE,1.0,1.922799706,24.998684,1.28,0.11,-0.05,0.014398,0.0006519999999999,-0.000412,0.8,0.036,-0.034,5191,1.2605950918701232,0.08047738927197175,-0.06458717866504479,1540,4243911,1.923,5.3e-05,0.9872832607319133,0.021883440199857298,0.9997118232240878,5.3e-05,0.999658838497457
4466677,K01338.01,1,CANDIDATE,1.0,3.222975318,26.349789,1.47,0.4,-0.21,0.014062,0.0004089999999999,-0.000413,0.986,0.046,-0.044,5823,1.5174258010948907,0.08342366155346918,-0.08106464382714938,1541,4466677,3.223,0.00015,0.9872832607319133,0.019301324866299208,0.9997464955862044,0.00015,0.9995965336118665
4466677,K01338.02,2,CANDIDATE,0.999,42.0370662,12.082628,1.66,0.45,-0.24,0.015824,0.0037479999999999,-0.00108,0.986,0.046,-0.044,5823,1.7075626423357664,0.4122163765990106,-0.13924264059753375,1542,4466677,42.037,0.0018,0.9872832591748575,0.15175683896194556,0.9976955783213315,0.0018,0.9958997262803531
4466677,K01338.03,3,CANDIDATE,0.754,21.0112068,7.701652,1.4,0.38,-0.2,0.0133789999999999,0.003282,-0.0020239999999999,0.986,0.046,-0.044,5823,1.4437234954379452,0.36050738527173,-0.22771308889922462,1543,4466677,21.011,0.02,0.9872765672701198,0.17098535470170603,0.9973419559158317,0.02,0.9773951167975151
10358759,K00738.01,1,CANDIDATE,1.0,10.3392408,38.329365,2.98,0.23,-0.15,0.031329,0.0008029999999999,-0.000429,0.748,0.043,-0.04,5730,2.564670558205387,0.16142500564579262,-0.14157317054816979,1182,10358759,10.339,0.00072,0.9872832607319133,0.005843824050039633,0.9999242859443467,0.00072,0.9992043404584667
9579641,K00115.01,1,CANDIDATE,1.0,5.412203927,163.47614,2.94,0.43,-0.38,0.024775,6e-05,-0.0018859999999999,1.036,0.045,-0.042,5779,2.80903321325195,0.122203492213546,-0.24227109869262597,101,9579641,5.412,7.1e-06,0.9872832607319133,5.328588468857453e-09,0.9999999999313649,7.1e-06,0.9999928999313653
9579641,K00115.02,2,CANDIDATE,1.0,7.12594387,39.793564,1.79,0.26,-0.23,0.0151199999999999,0.000323,-0.002193,1.036,0.045,-0.042,5779,1.7143322778756491,0.08298262831470106,-0.2581766478146036,102,9579641,7.126,5.1e-05,0.9872832607319133,0.00472289112530323,0.9999388779499834,5.1e-05,0.9998878810672079
11153539,K00762.01,1,CANDIDATE,1.0,4.49876511,26.501581,2.1,0.65,-0.22,0.0198169999999999,0.000458,-0.000789,1.176,0.101,-0.091,6075,2.5505197260256605,0.2268423449239249,-0.22195369955218094,1318,11153539,4.499,4.9e-07,0.9872832607319133,0.01937651060993225,0.9997454885812381,4.9e-07,0.9997449987059487
8395660,K00116.01,1,CANDIDATE,1.0,13.57078281,76.76886999999999,2.64,0.4,-0.27,0.023908,0.000413,-0.002627,1.049,0.046,-0.044,5854,2.7447461905990433,0.12936305107022236,-0.3228184613238006,104,8395660,13.571,0.0035,0.9872832607319133,8.844928523981886e-05,0.9999988606248693,0.0035,0.9964988646126823
11391957,K00765.01,1,CANDIDATE,1.0,8.35389523,36.34974,2.52,0.54,-0.24,0.029305,0.000955,-0.000532,0.722,0.056,-0.051,5592,2.315593804587214,0.1948116589250979,-0.1688823162437016,664,11391957,8.354,0.0003,0.9872832607319133,0.007033785384442835,0.9999087592945872,0.0003,0.9996087866667989
5792202,K00841.01,2,CANDIDATE,1.0,15.33528675,84.09906,5.0,0.49,-0.18,0.0559999999999999,0.001045,-0.005222,0.761,0.049,-0.046,5251,4.663974200855768,0.31266584103734174,-0.5182969371546153,1014,5792202,15.335,0.048,0.9872832607319133,4.048356920035606e-05,0.9999994785287494,0.048,0.9519995035593694
5792202,K00841.02,1,CANDIDATE,1.0,31.33046135,110.02644,6.5,0.64,-0.23,0.072904,0.000828,-0.002069,0.761,0.049,-0.046,5251,6.071828127485526,0.39699398063520797,-0.40546109769120064,1015,5792202,31.33,0.019,0.9872832607319133,2.9892542336605927e-06,0.999999961496683,0.019,0.980999962228246
5792202,K00841.03,3,CANDIDATE,1.0,6.54626149,24.029488,2.19,0.22,-0.08,0.024555,0.005751,-0.001612,0.761,0.049,-0.046,5251,2.0450694018216717,0.49674460471231935,-0.18249932384936468,1016,5792202,6.546,0.0013,0.9872832607319133,0.026144697228898672,0.9996542014429082,0.0013,0.9983546509810324
8247638,K00907.01,1,CANDIDATE,1.0,16.51410989,43.083504,2.72,0.27,-0.24,0.028718,0.000169,-0.000905,0.828,0.045,-0.042,5527,2.6023636472438962,0.14225951732989017,-0.15540446008427103,726,8247638,16.514,9.1e-05,0.9872832607319133,0.003827864773235109,0.9999505055855226,9.1e-05,0.9998595100895143
8247638,K00907.02,2,CANDIDATE,1.0,30.1329298,32.878609999999995,3.14,0.32,-0.27,0.03322,0.003077,-0.00395,0.828,0.045,-0.042,5527,3.0103252441479986,0.32328514603357733,-0.38915036193979785,727,8247638,30.133,0.0034,0.9872832607319133,0.014597430840976897,0.9998091919340703,0.0034,0.9964098406814944
8247638,K00907.03,4,CANDIDATE,1.0,4.79090809,16.134592,1.36,0.14,-0.12,0.014349,0.000597,-0.000504,0.828,0.045,-0.042,5527,1.3002756450415303,0.08899737934902026,-0.08022513448904872,728,8247638,4.791,0.00091,0.9872832607311136,0.0587630145224227,0.9991958462787762,0.00091,0.9982865780586626
8247638,K00907.04,3,CANDIDATE,1.0,99.6415962,19.405544,2.64,0.27,-0.23,0.027879,0.001176,-0.000776,0.828,0.045,-0.042,5527,2.526335264346841,0.1738043677970834,-0.1461731602304489,729,8247638,99.642,0.036,0.987283260731912,0.16883935707807782,0.9973834881091683,0.036,0.9614776825372382
8255887,K00908.01,1,CANDIDATE,1.0,4.7083264510000005,619.7065,10.6,2.85,-2.56,0.080242,0.0001629999999999,-0.0001149999999999,1.142,0.095,-0.086,5560,10.028853894223507,0.8345228827415899,-0.7553744383687864,763,8255887,4.708,0.0012,0.9872832607319133,6.601406630709768e-31,1.0,0.0012,0.9988
7626506,K00150.01,1,CANDIDATE,1.0,8.408878137,132.78516000000002,2.28,0.19,-0.2,0.025693,0.000347,-0.0001419999999999,0.913,0.039,-0.037,5551,2.5672552465548706,0.11501434908602381,-0.10500296894854225,290,7626506,8.409,1.7e-05,0.9872832607319133,1.6639427918559202e-07,0.9999999978567519,1.7e-05,0.9999829978567882
11414511,K00767.01,1,CANDIDATE,1.0,2.816504904,1328.3038,12.21,1.62,-0.87,0.117059,0.001834,-0.000297,0.96,0.047,-0.044,5534,12.298708225522274,0.6322042194530382,-0.5645538099948059,666,11414511,2.817,0.00098,0.9872832607319133,6.152169959202232e-65,1.0,0.00098,0.99902
11460018,K00769.01,1,CANDIDATE,1.0,4.280963604,52.913242,2.3,0.58,-0.19,0.025377,0.0001409999999999,-0.000935,0.961,0.083,-0.075,5644,2.6689910840202615,0.2309929089285384,-0.23034380584856295,668,11460018,4.281,6.9e-07,0.9872832607319133,0.00106143508549472,0.999986313618151,6.9e-07,0.9999856236275946
5881688,K00843.01,1,CANDIDATE,1.0,4.190425659,245.59174,6.21,2.05,-0.82,0.050076,0.00173,-0.000957,1.194,0.103,-0.094,6073,6.543610086961992,0.6080672302404925,-0.5301198187169903,1055,5881688,4.19,0.00015,0.9872832607319133,5.969050162015998e-13,0.9999999999999923,0.00015,0.9998499999999924
6022556,K00844.01,1,CANDIDATE,1.0,3.709870784,88.43494,4.35,0.64,-0.28,0.040686,0.000711,-0.000254,1.042,0.063,-0.058,5722,4.639766975270577,0.29200603285875515,-0.2598788696020507,1056,6022556,3.71,1.1e-09,0.9872832607319133,2.0751267645402004e-05,0.999999732706968,1.1e-09,0.9999997316069683
8490993,K00911.01,1,CANDIDATE,1.0,4.093578461,31.433712,2.85,0.8,-0.34,0.026123,4.2e-05,-0.004349,0.944,0.081,-0.073,6077,2.6988484643845956,0.231615570200548,-0.4954143850710245,766,8490993,4.094,0.00063,0.9872832607319133,0.01125241262845739,0.9998534134221766,0.00063,0.9992235057717206
8490993,K00911.02,2,CANDIDATE,0.999,105.145959,10.855937,3.43,0.96,-0.42,0.031397,0.000123,-0.008187,0.944,0.081,-0.073,6077,3.2437218250692172,0.2786177662365562,-0.8822352578125798,767,8490993,105.146,0.11,0.9872832474556535,0.36318483472797103,0.9926540365863504,0.11,0.8834620925618519
2854698,K00986.01,1,CANDIDATE,1.0,8.18739443,40.58191,1.92,0.13,-0.14,0.020743,0.000388,-0.000741,0.931,0.041,-0.039,5251,2.113511931805311,0.10112409765486903,-0.11635711830541964,1827,2854698,8.187,0.00026,0.9872832607319133,0.0044055177121842155,0.999943003463736,0.00026,0.9996830182828353
2854698,K00986.02,2,CANDIDATE,0.881,76.04981629999999,12.8004465,1.75,0.11,-0.13,0.018858,0.00107,-0.000699,0.931,0.041,-0.039,5251,1.921448585546187,0.13800782651621638,-0.10747639785663593,1828,2854698,76.05,0.0054,0.9872832603699828,0.22307010969999463,0.9963017730709497,0.0054,0.9909217434963666
7295235,K00987.01,1,CANDIDATE,1.0,3.1792672860000004,41.68947,1.21,0.14,-0.06,0.0129169999999999,0.000373,-0.000349,0.916,0.038,-0.036,5511,1.2949129940221396,0.06545197880975034,-0.06175799463236187,1829,7295235,3.179,0.0017,0.9872832607319133,0.0035959805697798023,0.999953514676354,0.0017,0.9982535937014041
8313667,K01145.01,1,CANDIDATE,0.996,30.5872153,22.413473,2.32,0.39,-0.24,0.01965,0.000729,-0.00033,1.094,0.05,-0.048,5944,2.352682555688397,0.13849277779516167,-0.11052878182310098,1844,8313667,30.587,1.0,0.9872832607319133,0.045294693223005375,0.9993889004283537,1.0,0.0
7626506,K00150.02,2,CANDIDATE,1.0,28.5742692,87.12114,2.32,0.19,-0.2,0.0261089999999999,0.0005269999999999,-0.000231,0.913,0.039,-0.037,5551,2.608822139582799,0.12325414606193989,-0.10821469158643342,291,7626506,28.574,2.4e-06,0.9872832607319133,3.594910548627115e-05,0.9999995369395446,2.4e-06,0.999997136940656
8395660,K00116.02,2,CANDIDATE,0.998,43.84439721,65.59482,2.87,0.43,-0.3,0.025934,2.7e-05,-0.003042,1.049,0.046,-0.044,5854,2.9773401249370752,0.13059698729293368,-0.3708924847810193,105,8395660,43.844,0.00035,0.9872832607319133,0.000497414457117811,0.9999935898458253,0.00035,0.9996435920893794
11507101,K00773.01,1,CANDIDATE,1.0,38.3775486,31.946487,2.82,0.37,-0.34,0.024901,0.000184,-0.001271,0.972,0.05,-0.047,5476,2.64890576711553,0.13765924299728588,-0.1862427404784746,672,11507101,38.378,0.001,0.9872832607319133,0.018430632505992358,0.999758146021226,0.001,0.9987583878752048
11812062,K00776.01,1,CANDIDATE,1.0,3.728732147,360.1958,6.02,1.22,-0.52,0.068178,0.002209,-0.001842,0.798,0.064,-0.058,5497,5.954298516675057,0.5150351737258184,-0.4617010887458798,710,11812062,3.729,2.9e-05,0.9872832607319133,1.865991153592176e-18,1.0,2.9e-05,0.999971
6276477,K00849.01,1,CANDIDATE,1.0,10.35533116,43.478497,2.47,0.59,-0.31,0.024674,0.000863,-0.00039,0.856,0.066,-0.06,5501,2.3115153443241883,0.19570454033254742,-0.16609047666020524,1061,6276477,10.355,0.00042,0.9872832607319133,0.0033168698164993153,0.999957134754819,0.00042,0.999537152758222
6291653,K00850.01,1,CANDIDATE,0.999,10.526294577,488.70584,8.24,1.48,-0.8,0.0951429999999999,0.000586,-0.00148,0.954,0.078,-0.071,5386,9.933645825792839,0.8144861043129843,-0.7552726041658893,1062,6291653,10.526,0.005,0.9872832607319133,1.4112308314752497e-24,1.0,0.005,0.995
6392727,K00851.01,1,CANDIDATE,1.0,4.583520948,212.06973,5.39,1.6,-0.53,0.056287,0.001029,-0.0004059999999999,1.021,0.089,-0.08,5815,6.289517065803548,0.5601809069925868,-0.4948960382369189,1063,6392727,4.584,0.0008,0.9872832607319133,2.4431725893031945e-11,0.9999999999996853,0.0008,0.9991999999996855
6422070,K00852.01,1,CANDIDATE,0.876,3.76181843,29.971922,2.66,0.73,-0.26,0.025656,0.0002009999999999,-0.004673,1.113,0.096,-0.087,5653,3.1251262505663226,0.2706623101204767,-0.619416318863208,1097,6422070,3.762,2.8e-05,0.9872832607319133,0.013129491743699262,0.9998286351531701,2.8e-05,0.9998006399513858
8552202,K00914.01,1,CANDIDATE,1.0,3.886655224,41.233078000000006,1.87,0.36,-0.15,0.023262,0.002814,-0.001107,1.004,0.085,-0.077,5662,2.5560198360181223,0.3774025634249138,-0.23070116422799594,771,8552202,3.887,1.5e-05,0.9872832607319133,0.003824915901378683,0.9999505438609306,1.5e-05,0.9999355446027727
8628973,K00916.01,1,CANDIDATE,1.0,3.314947362,105.955894,3.94,1.11,-0.37,0.038195,0.0001899999999999,-0.003621,0.846,0.067,-0.061,5609,3.5363914593820787,0.28062076776302997,-0.42121072930051107,773,8628973,3.315,0.00019,0.9872832607319133,2.972655993068154e-06,0.9999999617104786,0.00019,0.9998099617177535
8672910,K00918.01,1,CANDIDATE,0.996,39.6431552,487.53952,10.98,0.72,-0.99,0.1116849999999999,7.4e-05,-0.0001419999999999,0.815,0.04,-0.037,5236,9.961756295227147,0.4889651053704706,-0.45242883521412247,808,8672910,39.643,0.008,0.9872832607319133,2.5774888525266686e-24,1.0,0.008,0.992
8644288,K00137.01,2,CANDIDATE,1.0,7.641567589,366.27887,4.91,0.3,-0.33,0.042627,0.000225,-8.6e-05,0.923,0.039,-0.037,5356,4.305959350569468,0.183356070164136,-0.1728300586256785,238,8644288,7.642,6.5e-06,0.9872832607319133,1.0151104171059599e-18,1.0,6.5e-06,0.9999935
10154388,K00991.01,1,CANDIDATE,0.999,12.06222962,27.932955,1.62,0.21,-0.13,0.0159449999999999,0.000269,-0.000666,0.871,0.038,-0.036,5547,1.5199389144695348,0.07109703506254007,-0.08931412655900449,1833,10154388,12.062,0.002,0.9872832607319133,0.018718146656206056,0.9997543011796225,0.002,0.9977547925772633
8240904,K01070.01,1,CANDIDATE,1.0,6.61836309,27.650803000000003,2.98,0.49,-0.66,0.0211,0.000735,-0.000478,1.121,0.071,-0.066,5530,2.5886392005411527,0.18711589334806703,-0.1633016690509162,1517,8240904,6.618,5.1e-06,0.9872832607319133,0.01769384386748388,0.9997679886034437,5.1e-06,0.9997628897867019
8280511,K01151.01,1,CANDIDATE,1.0,10.43547031,29.555204,1.22,0.13,-0.09,0.013143,0.0003799999999999,-0.000267,0.856,0.037,-0.035,5528,1.2312655495846967,0.06402919375925938,-0.05621526760194538,1884,8280511,10.435,6.1e-06,0.9872832607319133,0.01529047279309509,0.9997999922759563,6.1e-06,0.9997938934960033
8280511,K01151.02,2,CANDIDATE,0.997,7.41084314,21.517443,0.94,0.1,-0.08,0.010073,0.000381,-0.000304,0.856,0.037,-0.035,5528,0.9436611033224263,0.05420087701643478,-0.04795646268673822,1885,8280511,7.411,4.7e-05,0.9872832607319133,0.03469208897764935,0.9995370878502757,4.7e-05,0.9994901096071468
8280511,K01151.03,3,CANDIDATE,0.975,5.24970432,12.187006,0.67,0.07,-0.06,0.007159,0.000399,-0.000335,0.856,0.037,-0.035,5528,0.6706710849484017,0.04730310896001016,-0.04167624636248891,1886,8280511,5.25,0.001,0.9872832593111215,0.08866267385267045,0.9987468712075096,0.001,0.9977481243363021
8280511,K01151.04,4,CANDIDATE,0.895,17.453294500000002,8.376621,0.76,0.08,-0.06,0.008165,0.000399,-0.000474,0.856,0.037,-0.035,5528,0.7649154083815756,0.04990353516152457,-0.05431399313979842,1887,8280511,17.453,0.0024,0.9872813796873333,0.15303874803284728,0.9976722468741682,0.0024,0.9952778334816703
8395660,K00116.03,3,CANDIDATE,0.95,6.1648760000000005,11.552998,0.79,0.13,-0.08,0.007192,0.002592,-0.000407,1.049,0.046,-0.044,5854,0.8256740255474452,0.2997679068608927,-0.05816087345183957,106,8395660,6.165,0.21,0.9872832560180571,0.09576742082618049,0.998635819625753,0.21,0.7889222975043448
8689031,K00920.01,1,CANDIDATE,1.0,21.80451611,43.653084,2.6,0.47,-0.19,0.0336529999999999,0.004907,-0.002737,0.782,0.061,-0.056,5481,2.8801426224200766,0.47627702048989407,-0.3121036593463063,810,8689031,21.805,0.00018,0.9872832607319133,0.003916806319855495,0.9999493510463614,0.00018,0.9997693601631731
11359879,K00128.01,1,CANDIDATE,0.996,4.942783419,1927.6256,10.62,1.44,-0.73,0.099444,0.000194,-0.0002109999999999,1.229,0.056,-0.053,5514,13.375620043606846,0.610025155971372,-0.5775145707133815,196,11359879,4.943,0.055,0.9872832607319133,1.0782611554441337e-93,1.0,0.055,0.945
8826878,K00922.01,1,CANDIDATE,1.0,5.15448142,44.139656,2.94,0.63,-0.39,0.0304149999999999,0.001275,-0.005944,0.821,0.065,-0.059,5431,2.732841433661582,0.24482141210528072,-0.5690430477842503,814,8826878,5.154,0.0005,0.9872832607319133,0.002834485969788226,0.9999633865161779,0.0005,0.9994634048229198
1718189,K00993.01,1,CANDIDATE,1.0,21.85362905,19.608992,1.75,0.47,-0.16,0.018296,0.003946,-0.001116,0.825,0.037,-0.035,5830,1.651937286055877,0.3639039471662222,-0.12273841719880735,1871,1718189,21.854,0.0024,0.9872832607319122,0.05313772402947424,0.9992771467662875,0.0024,0.9968788816140485
1718189,K00993.02,2,CANDIDATE,1.0,13.0607936,16.736902,1.45,0.38,-0.13,0.015111,0.005684,-0.001135,0.825,0.037,-0.035,5830,1.3643651251415807,0.5168406655619205,-0.1176954183603398,1872,1718189,13.061,0.91,0.9872832607316641,0.0626306523605259,0.9991393824841422,0.91,0.08992254442357277
1431122,K00994.01,1,CANDIDATE,0.99,4.298920099999999,15.994445,2.12,0.27,-0.27,0.019694,0.0019809999999999,-0.005939,0.873,0.04,-0.038,5300,1.8816187536810973,0.20798085801181415,-0.5733088710877868,1874,1431122,4.299,0.029,0.9872832607308687,0.05917861750082945,0.9991898011371186,0.029,0.9702132969041422
8644288,K00137.02,1,CANDIDATE,1.0,14.85890852,399.39264,5.94,0.37,-0.4,0.05159,7.5e-05,-0.00057,0.923,0.039,-0.037,5356,5.211355312264032,0.2203284046962193,-0.21669553294558258,239,8644288,14.859,0.014,0.9872832607319133,2.936320061161826e-20,1.0,0.014,0.986
8240904,K01070.02,2,CANDIDATE,1.0,107.7214092,20.731815,4.75,0.79,-1.05,0.033622,0.00121,-0.000603,1.121,0.071,-0.066,5530,4.1248922843883715,0.3004849819499986,-0.253874863903723,1518,8240904,107.721,0.00043,0.9872832607319133,0.1667154990602366,0.9974229866633908,0.00043,0.9969940947791255
8229696,K01072.01,1,CANDIDATE,0.998,10.12805158,33.04488,1.95,0.24,-0.11,0.02174,0.002811,-0.0017829999999999,0.885,0.042,-0.039,5676,2.105650394852756,0.29002175911979433,-0.19604481453299377,1520,8229696,10.128,3.1e-06,0.9872832607319133,0.01039655645383802,0.9998646798995015,3.1e-06,0.9998615803189937
8280511,K01151.05,5,CANDIDATE,0.795,21.7203362,7.773399,0.8,0.08,-0.07,0.00856,0.000482,-0.0005269999999999,0.856,0.037,-0.035,5528,0.801919889252454,0.05692488760378525,-0.05926680249146032,1888,8280511,21.72,0.27,0.9872774304407671,0.17149551654929482,0.9973325669200366,0.27,0.7280527738516267
6690082,K01240.01,1,CANDIDATE,1.0,2.1395563,40.34683,1.76,0.27,-0.24,0.014957,0.000254,-0.000507,0.988,0.044,-0.042,5534,1.6172788008431915,0.07708336198400975,-0.08793192119000111,1622,6690082,2.14,7.2e-05,0.9872832607319133,0.004099303366520674,0.9999469814292062,7.2e-05,0.9998749852465434
6690082,K01240.02,2,CANDIDATE,1.0,4.807103253999999,23.289696,2.96,0.45,-0.41,0.025102,0.000111,-0.005209,0.988,0.044,-0.042,5534,2.714242993833375,0.12147162793051063,-0.5749385534475872,1623,6690082,4.807,0.25,0.9872832607319133,0.0275416557568096,0.99963520151006,0.25,0.7497264011325451
12070811,K00785.01,1,CANDIDATE,1.0,12.3935651,31.608551,2.66,0.54,-0.23,0.032536,2.5e-05,-0.0046619999999999,0.793,0.065,-0.059,5557,2.8237146195570104,0.23146218733711998,-0.45589481847725116,754,12070811,12.394,2.7e-05,0.9872832607319133,0.01261421062686187,0.9998354464714994,2.7e-05,0.9998084509144446
12110942,K00786.01,1,CANDIDATE,1.0,3.689920099,31.786789,1.89,0.54,-0.2,0.018878,0.000671,-0.00037,1.201,0.104,-0.094,5880,2.481318107318147,0.23226496794990525,-0.20020468297536406,755,12110942,3.69,1e-05,0.9872832607319133,0.010756337988527057,0.9998599461160289,1e-05,0.9998499475165677
6784235,K00863.01,1,CANDIDATE,1.0,3.167893418,55.665585,2.62,0.78,-0.26,0.025513,0.000588,-0.000292,1.071,0.096,-0.086,5895,2.9904356092845457,0.27676887887652224,-0.24255523363055387,1144,6784235,3.168,0.0004,0.9872832607319133,0.0007691855135907429,0.9999900848503985,0.0004,0.9995900888164584
6849310,K00864.01,1,CANDIDATE,1.0,4.311780262,68.72953000000001,3.11,0.39,-0.21,0.030716,0.000643,-0.0004309999999999,0.879,0.051,-0.048,5522,2.954860548514976,0.18225996363934147,-0.1665993954572819,1145,6849310,4.312,4e-07,0.9872832607319133,0.00018501639874201825,0.9999976164483033,4e-07,0.9999972164492568
6849310,K00864.02,2,CANDIDATE,1.0,20.0504494,29.427977,2.69,0.33,-0.18,0.026569,0.000508,-0.000927,0.879,0.051,-0.048,5522,2.5559216666719102,0.1561404844128028,-0.16562908863411135,1146,6849310,20.05,5.1e-05,0.9872832607319133,0.01807944333106765,0.9997628393152793,5.1e-05,0.9997118514104743
8951215,K00924.01,1,CANDIDATE,1.0,39.4759093,20.340858,4.06,1.31,-0.44,0.036074,0.001545,-0.006936,0.928,0.075,-0.068,6225,3.6637491678832124,0.33510783212818523,-0.7538573180830109,816,8951215,39.476,0.12,0.9872832607319131,0.06448208203555525,0.999112188154621,0.12,0.8792187255760665
9140402,K00928.01,1,CANDIDATE,1.0,2.494170338,37.2115,2.42,0.24,-0.12,0.026777,0.0009199999999999,-0.00062,0.805,0.042,-0.039,5569,2.3590723185407754,0.14737271625857842,-0.12667248817700819,853,9140402,2.494,0.00086,0.9872832607319133,0.005820687889567357,0.9999245874572793,0.00086,0.9990646523120661
2165002,K00999.01,1,CANDIDATE,1.0,16.56806842,31.120844,2.54,0.15,-0.11,0.032537,0.0011,-0.0008449999999999,0.727,0.038,-0.035,4987,2.5887813655140954,0.16115178389457457,-0.14160934683727205,1878,2165002,16.568,9.7e-05,0.9872832607319133,0.014224533270846853,0.999814136541886,9.7e-05,0.9997171545706415
2165002,K00999.02,2,CANDIDATE,1.0,47.3329299,13.270042000000002,2.18,0.13,-0.09,0.0279269999999999,0.000971,-0.001898,0.727,0.038,-0.035,4987,2.221990263229919,0.13949091119308313,-0.18506270920607137,1879,2165002,47.333,0.041,0.9872832605704657,0.14604220264152834,0.9977971954491719,0.041,0.9568875104357558
10426656,K01161.01,1,CANDIDATE,1.0,6.05729966,27.37242,1.94,0.21,-0.26,0.017666,0.000605,-0.000458,1.233,0.057,-0.054,5330,2.3838820215517247,0.13714930508781914,-0.1213250346208233,1933,10426656,6.057,1.5e-05,0.9872832607319133,0.018074041168734616,0.9997629114835884,1.5e-05,0.9997479150399162
10426656,K01161.02,2,CANDIDATE,0.991,10.93725572,20.159246,2.41,0.27,-0.32,0.021998,0.002892,-0.003403,1.233,0.057,-0.054,5330,2.968449943965517,0.4136759833839955,-0.47725504595563356,1934,10426656,10.937,0.0017,0.9872832607319129,0.04234998302586508,0.9994303863169023,0.0017,0.9977313546601635
6693640,K01245.01,1,CANDIDATE,1.0,13.71938426,36.90624,1.98,0.61,-0.22,0.016377,0.000385,-0.000221,1.141,0.088,-0.08,6387,2.0450477323338783,0.16488931624296513,-0.14601793150994885,1761,6693640,13.719,0.00018,0.9872832607319133,0.0072157532189149705,0.9999063816919664,0.00018,0.999726398543262
6441738,K01246.01,1,CANDIDATE,1.0,19.03723442,22.91305,5.74,1.29,-0.93,0.018189,0.0007769999999999,-0.000452,1.145,0.057,-0.054,5248,2.27928044904669,0.1495154453869891,-0.12150393921743907,1762,6441738,19.037,0.00031,0.9872832607319133,0.035875310398517005,0.9995207121098036,0.00031,0.9992108606890495
6541920,K00157.01,2,CANDIDATE,1.0,13.02493307,94.94626,2.88,0.19,-0.18,0.025235,0.0004059999999999,-0.000174,1.098,0.048,-0.045,5657,3.0324182719292727,0.14125744027802836,-0.1260260624697251,337,6541920,13.025,4e-07,0.9872832607319133,1.1755501557307776e-05,0.999999848581039,4e-07,0.9999994485810996
8395660,K00116.04,4,CANDIDATE,0.952,23.9800854,10.87813,1.31,0.2,-0.13,0.011879,0.000305,-0.002656,1.049,0.046,-0.044,5854,1.3637627571576894,0.06929967993243814,-0.31023993941328193,107,8395660,23.98,0.0015,0.9872832446382099,0.132253251528068,0.9980368751828708,0.0015,0.9965398198700965
12470844,K00790.01,1,CANDIDATE,1.0,8.47237911,39.867977,2.59,0.37,-0.22,0.030119,0.000904,-0.000397,0.834,0.066,-0.06,5354,2.7490969422036238,0.2326761436221435,-0.2010688748490618,760,12470844,8.472,1.2e-05,0.9872832607319133,0.004787568979026899,0.9999380368845479,1.2e-05,0.9999260376281053
12470844,K00790.02,2,CANDIDATE,0.989,60.41893689999999,15.139797,2.36,0.34,-0.2,0.027422,0.001196,-0.000917,0.834,0.066,-0.06,5354,2.502929590926252,0.2261636228102725,-0.19856877086476646,761,12470844,60.419,0.00047,0.9872832607274239,0.14680291336257234,0.9977837471652623,0.00047,0.9973147888040946
6849310,K00864.03,3,CANDIDATE,1.0,9.76734503,17.335663,2.67,0.33,-0.18,0.026407,0.0018789999999999,-0.004856,0.879,0.051,-0.048,5522,2.5403373650421597,0.2332337302953341,-0.48730627385010855,1147,6849310,9.767,0.0017,0.9872832607318324,0.05596096855319858,0.9992364644452131,0.0017,0.9975377624556562
6862328,K00865.01,1,CANDIDATE,1.0,119.0207044,165.9875,8.98,1.23,-1.35,0.077431,0.000688,-0.000272,0.904,0.049,-0.046,5451,7.660669993833376,0.42077744588960275,-0.39074062066473686,1148,6862328,119.021,0.00064,0.9872832607319133,2.5603167854250358e-08,0.9999999996702175,0.00064,0.9993599996704285
9166862,K00931.01,1,CANDIDATE,0.999,3.855603916,1321.7062,13.61,3.8,-1.35,0.119176,0.000279,-0.000403,0.991,0.087,-0.078,6033,12.925457228668511,1.1351307137052578,-1.018280224164915,857,9166862,3.856,0.0038,0.9872832607319133,1.297458043943726e-64,1.0,0.0038,0.9962
8644288,K00137.03,3,CANDIDATE,1.0,3.504691252,50.787594,2.03,0.13,-0.14,0.017643,0.001689,-0.001489,0.923,0.039,-0.037,5356,1.7822047252233828,0.18649373274901898,-0.16651591270119914,240,8644288,3.505,7.5e-05,0.9872832607319133,0.0013253823478218845,0.9999829057062165,7.5e-05,0.9999079069882885
10157458,K01083.01,1,CANDIDATE,1.0,7.33685101,18.445663,1.52,0.45,-0.14,0.016434,0.000754,-0.000395,0.91,0.073,-0.066,5795,1.636696412975082,0.1512526462355271,-0.12505411620744988,1604,10157458,7.337,9.3e-05,0.9872832607319034,0.04798575302744637,0.9993507636012058,9.3e-05,0.9992578239801908
10157458,K01083.02,2,CANDIDATE,0.819,4.57797412,7.873112700000001,0.96,0.28,-0.09,0.010324,0.00065,-0.000754,0.91,0.073,-0.066,5795,1.0281887408759123,0.10485098777960103,-0.10582932866672184,1605,10157458,4.578,0.0006,0.9872781895964736,0.13417977924241048,0.9980030429482092,0.0006,0.9974042411224402
10426656,K01161.03,3,CANDIDATE,0.961,2.97136658,19.352438,1.52,0.17,-0.2,0.013899,0.000395,-0.000575,1.233,0.057,-0.054,5330,1.8755562219827586,0.10177810682979509,-0.11299387367691095,1935,10426656,2.971,1.5e-05,0.9872832607319115,0.040744273909817046,0.9994529006789364,1.5e-05,0.9994379088854263
10528068,K01162.01,1,CANDIDATE,0.999,158.6850022,89.57583000000001,3.08,0.44,-0.49,0.027275,0.000603,-0.000218,1.123,0.049,-0.046,5751,3.3521849440756353,0.16397017530698335,-0.1399007947498326,1936,10528068,158.685,3e-06,0.9872832607319133,0.0002272670949667671,0.9999970720121782,3e-06,0.9999940720209622
10468940,K01163.01,1,CANDIDATE,1.0,2.936527336,29.484695,1.92,0.21,-0.26,0.01755,0.003477,-0.000647,0.794,0.036,-0.034,5359,1.525039452240121,0.30995135002655266,-0.08617162154542299,1937,10468940,2.937,6.9e-05,0.9872832607319133,0.013663863129541924,0.9998215639702384,6.9e-05,0.9997525762823244
10468940,K01163.02,2,CANDIDATE,1.0,8.01500821,22.859743,2.0,0.22,-0.27,0.018282,0.003879,-0.001133,0.794,0.036,-0.034,5359,1.58864793537629,0.3446829251558641,-0.11967032499886797,1972,10468940,8.015,0.00062,0.9872832607319133,0.03034054788416445,0.9995969692552957,0.00062,0.9989772191343574
10337517,K01165.01,1,CANDIDATE,1.0,7.053934488,48.294144,2.36,0.2,-0.17,0.025075,0.000226,-0.00413,0.856,0.036,-0.035,5357,2.3490819185753837,0.10103638347728437,-0.3986513413025359,1974,10337517,7.054,0.01,0.9872832607319133,0.0018487437442344522,0.999976143081161,0.01,0.9899763816503494
10337517,K01165.02,2,CANDIDATE,1.0,4.29263699,9.91662,0.68,0.06,-0.05,0.0072349999999999,0.0004019999999999,-0.000495,0.856,0.036,-0.035,5357,0.6777909344324095,0.04723179903168534,-0.05402278224152805,1975,10337517,4.293,0.00092,0.9872831552942408,0.10960054606118774,0.9984145028214846,0.00092,0.9974959614788887
2713049,K00794.01,1,CANDIDATE,1.0,2.539183147,34.037075,2.06,0.29,-0.28,0.017724,0.000507,-0.0004799999999999,1.029,0.056,-0.052,5525,1.9960001600176187,0.1227173462635243,-0.11443830116631891,799,2713049,2.539,4.8e-05,0.9872832607319133,0.008253053581793823,0.9998928116005315,4.8e-05,0.9998448167455746
9334289,K00934.01,1,CANDIDATE,1.0,5.826657507999999,61.85785,4.09,0.6,-0.49,0.035356,0.000729,-0.000371,0.931,0.07,-0.064,5561,3.6024358993833374,0.28085990653727827,-0.2505117492638483,860,9334289,5.827,5.8e-06,0.9872832607319133,0.0004052250422742609,0.9999947783676266,5.8e-06,0.9999889783979121
9334289,K00934.02,3,CANDIDATE,0.998,12.41216347,18.328804,2.58,0.38,-0.31,0.0222699999999999,0.00099,-0.000547,0.931,0.07,-0.064,5561,2.2690985258305965,0.1981980154906968,-0.16564327105720905,861,9334289,12.412,0.00015,0.987283260731901,0.05253718051735547,0.9992857691924177,0.00015,0.9991358763270389
9334289,K00934.03,2,CANDIDATE,1.0,18.74649011,19.490282,3.05,0.45,-0.37,0.026327,0.000298,-0.001573,0.931,0.07,-0.064,5561,2.682467754357538,0.20396202465029836,-0.24431860291253124,862,9334289,18.746,0.0064,0.987283260731912,0.051287790093286295,0.9993036725918087,0.0064,0.9929081290872213
10122255,K01086.01,1,CANDIDATE,1.0,27.6652847,32.011665,2.21,0.64,-0.35,0.019867,0.000674,-0.000306,1.123,0.087,-0.079,6036,2.441717993912031,0.20650514021107935,-0.17583718300177634,1608,10122255,27.665,1.1e-06,0.9872832607319133,0.015420729689197476,0.9997982617588729,1.1e-06,0.9997971619807849
3247268,K01089.01,1,CANDIDATE,0.934,86.67856052,229.12724,9.83,1.48,-1.2,0.083303,0.000106,-0.000883,1.099,0.054,-0.051,5822,10.01940172931349,0.4924741499431636,-0.47693377835536305,1611,3247268,86.679,0.0044,0.9872832607319133,1.4086241242734005e-11,0.9999999999998186,0.0044,0.9955999999998194
10351231,K01166.01,1,CANDIDATE,0.994,7.6746614,18.007523000000003,2.8,0.89,-0.29,0.025638,0.000394,-0.005301,0.988,0.084,-0.076,6063,2.7721998994462624,0.23951247862362482,-0.6115718182845351,1976,10351231,7.675,0.11,0.9872832607318905,0.05050927658796202,0.9993148046361678,0.11,0.8893901761261894
10482160,K01170.01,1,CANDIDATE,0.965,7.34373964,25.57594,1.84,0.4,-0.14,0.022075,0.000666,-0.000678,0.899,0.069,-0.062,5757,2.171920175638686,0.17911538350072764,-0.16397005152151264,1979,10482160,7.344,0.035,0.9872832607319133,0.022410312735993435,0.9997047259376822,0.035,0.9647150605298633
6541920,K00157.02,3,CANDIDATE,1.0,22.687155,93.95543,3.2,0.21,-0.21,0.028022,0.000553,-0.000183,1.098,0.048,-0.045,5657,3.3673241456707776,0.1615096420007721,-0.1397461640047726,360,6541920,22.687,3.2e-06,0.9872832607319133,1.5347418236496922e-05,0.9999998023139667,3.2e-06,0.9999966023145993
3342970,K00800.01,1,CANDIDATE,1.0,2.711504086,48.726124,3.12,1.02,-0.34,0.0265329999999999,0.000651,-0.000276,1.216,0.092,-0.084,6214,3.5310461001761757,0.28084820651677184,-0.24667094243334386,805,3342970,2.712,2.1e-10,0.9872832607319133,0.0016427259679984017,0.9999788059902756,2.1e-10,0.99997880578028
3342970,K00800.02,2,CANDIDATE,1.0,7.21203748,40.04205,3.32,1.09,-0.36,0.028255,0.0007019999999999,-0.000335,1.216,0.092,-0.084,6214,3.7602120966524035,0.2994365999253309,-0.26354964251647156,806,3342970,7.212,0.00049,0.9872832607319133,0.004601930458104281,0.9999404506190962,0.00049,0.9994504797982928
3351888,K00801.01,1,CANDIDATE,1.0,1.625522174,712.5235,9.73,1.41,-1.42,0.0805429999999999,8.7e-05,-0.0001149999999999,0.971,0.055,-0.051,5543,8.559147041294352,0.4849007998071029,-0.4497196290863963,807,3351888,1.626,0.00034,0.9872832607319133,2.198121034320561e-35,1.0,0.00034,0.99966
3453214,K00802.01,1,CANDIDATE,1.0,19.620346923,353.8584,13.6,1.82,-0.92,0.137595,1e-05,-0.003638,0.953,0.063,-0.058,5710,14.35089572575824,0.9486956737620825,-0.9522619349811273,841,3453214,19.62,0.19,0.9872832607319133,4.868149362858844e-18,1.0,0.19,0.81
7109675,K00872.01,1,CANDIDATE,1.0,33.60123371,173.7981,8.46,0.4,-0.5,0.083298,0.00069,-0.002152,0.809,0.039,-0.037,5149,7.375076870028946,0.36074571818090706,-0.38739718282352686,1193,7109675,33.601,0.0056,0.9872832607319133,2.6924484574068205e-09,0.9999999999653199,0.0056,0.994399999965514
7109675,K00872.02,2,CANDIDATE,1.0,6.76652928,16.790316,1.97,0.09,-0.12,0.019382,0.0003799999999999,-0.0009339999999999,0.809,0.039,-0.037,5149,1.716052484992449,0.08930675816133966,-0.11400992776781907,1194,7109675,6.767,1.0,0.987283260731684,0.0565708554065643,0.9992276441316097,1.0,0.0
9406990,K00937.01,1,CANDIDATE,1.0,20.83426731,38.21066,2.74,0.69,-0.22,0.028495,0.000673,-0.000659,0.798,0.064,-0.058,5537,2.4885994929838913,0.20806148498013122,-0.1898115047096587,980,9406990,20.834,0.00012,0.9872832607319133,0.0070144113289199944,0.9999090123858285,0.00012,0.9997890233043422
3247268,K01089.02,2,CANDIDATE,1.0,12.21828097,81.52411,5.1,0.76,-0.62,0.043209,0.003588,-0.0035329999999999,1.099,0.054,-0.051,5822,5.197031671391265,0.5014437267921836,-0.4886060204281945,1612,3247268,12.218,0.11,0.9872832607319133,5.115377950807698e-05,0.9999993410781078,0.11,0.889999413559516
3329204,K01095.01,1,CANDIDATE,0.997,51.59809554,81.96965,6.57,1.9,-0.59,0.070071,0.001149,-0.001167,1.125,0.1,-0.091,5681,8.627287949518625,0.7798093676059282,-0.7124899915072463,1650,3329204,51.598,0.5,0.9872832607319133,9.237411743680498e-05,0.9999988100617776,0.5,0.4999994050308888
8612847,K01264.01,1,CANDIDATE,1.0,14.13175309,33.003277000000004,3.02,0.76,-0.25,0.033654,0.000337,-0.004031,0.783,0.066,-0.06,5616,2.883911362226278,0.24479766760386584,-0.41006959191176123,1850,8612847,14.132,3.8e-05,0.9872832607319133,0.01113860882133758,0.9998549126579165,3.8e-05,0.9998169181712355
3641726,K00804.01,1,CANDIDATE,1.0,9.02930689,47.37303,2.57,0.44,-0.26,0.028718,0.000882,-0.000544,0.892,0.071,-0.065,5349,2.8035125281902844,0.2391848580601191,-0.2110816120409387,843,3641726,9.029,2.4e-05,0.9872832607319133,0.002113145551779965,0.9999727239106916,2.4e-05,0.9999487245653177
7366258,K00880.01,2,CANDIDATE,1.0,26.44439337,67.97784,3.91,0.43,-0.29,0.038511,0.00088,-0.000357,0.854,0.046,-0.043,5427,3.5993669308142455,0.21060139291456034,-0.18427867847743593,1237,7366258,26.444,0.0098,0.9872832607319133,0.0002880977956932986,0.999996288076082,0.0098,0.9901963244529364
2716853,K01022.01,1,CANDIDATE,1.0,18.82744023,25.10813,2.7,0.78,-0.25,0.028791,0.001045,-0.000663,0.939,0.084,-0.075,5687,2.9587331486439714,0.28563554848368533,-0.24594635821747632,1332,2716853,18.827,0.00012,0.9872832607319133,0.028272808003863666,0.99962523538232,0.00012,0.999505280354074
8559644,K00139.01,1,CANDIDATE,1.0,224.7789355,153.20587,7.67,1.33,-1.2,0.056891,0.000478,-0.000822,1.123,0.049,-0.046,5873,6.992086293433802,0.3106913530250701,-0.3037034304877859,242,8559644,224.779,0.0018,0.9872832607319133,5.870875691665451e-07,0.999999992437992,0.0018,0.9981999924516036
3231341,K01102.01,1,CANDIDATE,1.0,12.33343853,26.762255,4.12,0.61,-0.84,0.030411,5.720139,-0.005212,1.111,0.059,-0.055,5896,3.6976705621853765,695.5111780247653,-0.6596345776718453,1655,3231341,12.333,0.99,0.9872832607319133,0.021340746792629404,0.999719125637577,0.99,0.009997191256375779
3231341,K01102.02,2,CANDIDATE,1.0,8.14515981,24.346912,3.43,0.5,-0.7,0.025296,0.001749,-0.005273,1.111,0.059,-0.055,5896,3.0757382046312607,0.2681490329560386,-0.6589760805278432,1656,3231341,8.145,0.016,0.9872832607319133,0.025914281716687106,0.9996573300721324,0.016,0.9836628127909783
3231341,K01102.03,3,CANDIDATE,1.0,18.9985279,15.231214,43.17,6.37,-8.74,0.318792,73.13847,-6.931319,1.111,0.059,-0.055,5896,38.761888588346345,8892.899764143122,-842.7805944541504,1657,3231341,18.999,1.0,0.9872832607276583,0.07995466486434893,0.9988806431197297,1.0,0.0
6541920,K00157.03,1,CANDIDATE,1.0,31.99552485,102.289505,4.12,0.27,-0.26,0.036106,0.0002549999999999,-0.002135,1.098,0.048,-0.045,5657,4.338755463692424,0.19213166956483752,-0.3121548049687383,361,6541920,31.996,0.044,0.9872832607319133,7.106900797436852e-06,0.9999999084586457,0.044,0.9559999124864653
8813698,K01268.01,1,CANDIDATE,0.996,268.9410974,133.10529,13.57,2.3,-2.31,0.095141,0.000859,-0.0017329999999999,1.18,0.059,-0.056,5803,12.286641166310094,0.624267480802944,-0.6245694006380584,1854,8813698,268.941,0.42,0.9872832607319133,1.1104673707266467e-05,0.9999998569642432,0.42,0.5799999170392611
8564587,K01270.01,1,CANDIDATE,1.0,5.729317577000001,41.12044,2.41,0.38,-0.2,0.028094,0.003956,-0.0013109999999999,0.825,0.037,-0.035,5320,2.536594125188774,0.3748643588408163,-0.15997478752702707,1856,8564587,5.729,0.0013,0.9872832607319133,0.003989961869480562,0.9999484012687173,0.0013,0.998648468347068
8564587,K01270.02,2,CANDIDATE,1.0,11.60908533,21.786615,1.71,0.26,-0.15,0.019868,0.000851,-0.000294,0.825,0.037,-0.035,5320,1.7938724310974072,0.11124940253180979,-0.08060033171357485,1857,8564587,11.609,0.01,0.9872832607319133,0.03600472535148152,0.9995189185727948,0.01,0.9895237293870669
3935914,K00809.01,1,CANDIDATE,1.0,1.5947453740000002,1015.921,11.3,3.09,-1.33,0.115879,0.000387,-0.000621,1.129,0.103,-0.093,5934,14.317992687940471,1.3071222751952234,-1.1819205300581839,849,3935914,1.595,0.00016,0.9872832607319133,5.981275676394294e-50,1.0,0.00016,0.99984
7366258,K00880.02,1,CANDIDATE,0.983,51.53997972,112.0813,5.51,0.62,-0.41,0.05435,0.000727,-0.000517,0.854,0.046,-0.043,5427,5.079732873458344,0.2819262327495996,-0.2602954622233705,1238,7366258,51.54,0.016,0.9872832607319133,3.3084537449228124e-06,0.9999999573851958,0.016,0.9839999580670327
7366258,K00880.03,3,CANDIDATE,1.0,5.9022457820000005,43.151917,2.43,0.27,-0.18,0.023909,0.000453,-0.000375,0.854,0.046,-0.043,5427,2.2346151475899823,0.12759498711917744,-0.1178482475028288,1239,7366258,5.902,0.0011,0.9872832607319133,0.003198988840773756,0.999958663067223,0.0011,0.9988587085378491
7366258,K00880.04,4,CANDIDATE,1.0,2.382951591,23.52045,1.86,0.21,-0.13,0.018369,0.0037119999999999,-0.000508,0.854,0.046,-0.043,5427,1.7168282088786808,0.35904911939920586,-0.0986252762757689,1240,7366258,2.383,1.0,0.9872832607319133,0.02585541079792629,0.9996581291961958,1.0,0.0
9513865,K00943.01,1,CANDIDATE,1.0,3.6014653360000004,42.125446,2.31,0.11,-0.18,0.0247639999999999,0.000907,-0.000389,0.856,0.05,-0.047,5053,2.3199467450289357,0.1599470854783341,-0.13249066606291918,904,9513865,3.601,0.00016,0.9872832607319133,0.0034509020203182094,0.9999553966044538,0.00016,0.999795403740997
3231341,K01102.04,5,CANDIDATE,0.999,4.24439049,12.186046,2.07,0.3,-0.42,0.015253,0.000215,-0.003249,1.111,0.059,-0.055,5896,1.854610801519632,0.10190001375785068,-0.4055743379282682,1680,3231341,4.244,0.00057,0.9872832593043926,0.08735996410811159,0.9987670457184317,0.00057,0.9981977485023722
5735762,K00148.01,2,CANDIDATE,1.0,4.77800306,83.910446,1.85,0.13,-0.14,0.0193759999999999,0.000441,-0.00016,0.846,0.036,-0.034,5192,1.7939814351875063,0.08657325729149595,-0.07360472958332272,286,5735762,4.778,1.1e-06,0.9872832607319133,3.481657272325142e-05,0.999999551528208,1.1e-06,0.9999984515287013
3240158,K01106.01,1,CANDIDATE,1.0,7.42608123,32.02532,2.47,0.39,-0.23,0.019228,0.0006,-0.000345,1.103,0.059,-0.056,6047,2.3210958845330985,0.14373847836539885,-0.1249860614276542,1684,3240158,7.426,2.8e-05,0.9872832607319133,0.011128376923378803,0.9998550474346289,2.8e-05,0.9998270514933008
3240158,K01106.02,2,CANDIDATE,0.989,15.9868932,9.3422165,1.62,0.25,-0.15,0.012587,0.000161,-0.001423,1.103,0.059,-0.056,6047,1.5194317609017114,0.08356654422010966,-0.1883033391223804,1685,3240158,15.987,0.015,0.9872829578722196,0.13688493866850293,0.997957173701477,0.015,0.9829878160959548
3859628,K01191.01,1,CANDIDATE,1.0,8.17242644,31.579298,3.29,0.44,-0.19,0.033266,0.000847,-0.005804,0.905,0.054,-0.05,5705,3.294827013749056,0.2137480878591425,-0.6029897134763268,1394,3859628,8.172,0.0019,0.9872832607319133,0.011825133453592977,0.9998458632348336,0.0019,0.9979461560946874
8806072,K01273.01,1,CANDIDATE,0.927,40.05881661,46.182766,3.43,0.98,-0.31,0.03618,9.5e-05,-0.003812,0.861,0.066,-0.059,5668,3.4092211153410514,0.2614872963005173,-0.4284895834632424,1892,8806072,40.059,0.0049,0.9872832607319133,0.003984405746943957,0.999948473408687,0.0049,0.9950487258889844
8583696,K01275.01,1,CANDIDATE,0.936,50.28635977,91.00462,3.88,0.62,-0.56,0.030461,0.000503,-0.000226,1.192,0.053,-0.05,5900,3.9737804395922467,0.18847798527148482,-0.16927274678662957,1893,8583696,50.286,0.0019,0.9872832607319133,3.331013463824931e-05,0.9999995709332624,0.0019,0.9980995717484892
8804283,K01276.01,1,CANDIDATE,1.0,22.79020351,40.07861,2.57,0.36,-0.36,0.02233,0.000728,-0.00039,0.98,0.046,-0.044,5478,2.394959945255474,0.13687214490732177,-0.11537800531788359,1894,8804283,22.79,0.00017,0.9872832607319133,0.005896860555735817,0.9999235947139369,0.00017,0.9997536077028355
6541920,K00157.04,5,CANDIDATE,0.998,46.6856205,40.456486,2.52,0.16,-0.16,0.022055,0.000437,-0.000381,1.098,0.048,-0.045,5657,2.6502867044739498,0.12720475828671038,-0.11787316406101006,362,6541920,46.686,0.0035,0.9872832607319133,0.008320520215523127,0.999891928010442,0.0035,0.9963923062624055
8804283,K01276.02,2,CANDIDATE,1.0,13.26079792,14.653385,1.47,0.2,-0.21,0.0127599999999999,0.00065,-0.0004969999999999,0.98,0.046,-0.044,5478,1.3685485401459745,0.09479781691962397,-0.08134426226446388,1895,8804283,13.261,0.00053,0.987283260718976,0.07781809564519496,0.9989130789580638,0.00053,0.998383655026216
4275191,K00813.01,1,CANDIDATE,1.0,3.895936525,375.5263,7.34,1.53,-0.65,0.08689,0.000424,-0.00262,1.063,0.098,-0.088,5557,10.108495390605334,0.9332260178320401,-0.8906090888413619,889,4275191,3.896,0.00012,0.9872832607319133,3.4365860959072727e-19,1.0,0.00012,0.99988
4476123,K00814.01,1,CANDIDATE,0.999,22.36646466,25.599396,2.32,0.38,-0.16,0.028938,0.000601,-0.001166,0.987,0.089,-0.08,5395,3.1258571032909637,0.2892450849118475,-0.2829415459905592,890,4476123,22.366,9.2e-05,0.9872832607319133,0.02836192059869604,0.9996240196885235,9.2e-05,0.9995320542787122
4664847,K00816.01,1,CANDIDATE,1.0,7.748094238999999,106.29421,5.52,1.7,-0.56,0.046615,0.0026449999999999,-0.001294,1.14,0.123,-0.108,5973,5.815860695633022,0.7089832330051297,-0.5741420584035077,892,4664847,7.748,0.00045,0.9872832607319133,3.0775689276180846e-06,0.9999999603591354,0.00045,0.9995499603769739
9605514,K00945.01,2,CANDIDATE,1.0,25.8474958,19.885572,2.4,0.75,-0.25,0.021322,0.000907,-0.00036,1.153,0.099,-0.09,6297,2.6905477372577398,0.25781498116696167,-0.2148735747003724,906,9605514,25.847,0.0032,0.9872832607319126,0.0548929843815481,0.9992518824392022,0.0032,0.9960542764153967
9605514,K00945.02,1,CANDIDATE,0.999,40.715561,21.326845,2.7,0.84,-0.28,0.023993,0.000768,-0.000521,1.153,0.099,-0.09,6297,3.027591776569972,0.2774345838463174,-0.2452995846187353,940,9605514,40.716,0.12,0.9872832607319133,0.059328136578193774,0.9991876250050191,0.12,0.8792851100044168
9761882,K00948.01,1,CANDIDATE,1.0,24.58716355,30.480999,2.37,0.41,-0.21,0.028979,0.005072,-0.00156,0.911,0.076,-0.069,5474,2.8892507021300027,0.5601932383282059,-0.26847628958170344,944,9761882,24.587,0.00038,0.9872832607319133,0.017337996966246425,0.9997727369909377,0.00038,0.9993928233508811
8559644,K00139.02,2,CANDIDATE,1.0,3.341799486,35.878597,1.67,0.29,-0.26,0.01238,0.00202,-0.000237,1.123,0.049,-0.046,5873,1.521541690473194,0.2569879991596293,-0.06879566222459887,243,8559644,3.342,1.0,0.9872832607319133,0.0068312999586674335,0.9999114039571455,1.0,0.0
3240158,K01106.03,3,CANDIDATE,0.949,13.2298203,7.897725599999999,1.5,0.24,-0.14,0.011692,0.002655,-0.001323,1.103,0.059,-0.056,6047,1.4113924007676817,0.3292685180278206,-0.1750442436599422,1686,3240158,13.23,0.098,0.987278540274834,0.15101247238813048,0.9977080309014715,0.098,0.8999326438731273
8609450,K01278.01,2,CANDIDATE,1.0,24.8056775,32.728817,2.16,0.22,-0.22,0.022674,0.0006309999999999,-0.000465,1.162,0.067,-0.062,5600,2.883485195633023,0.18461175758593346,-0.16482526588603882,1897,8609450,24.806,4.8e-05,0.9872832607319133,0.013623259383379568,0.9998221015369033,4.8e-05,0.9997741100760295
8609450,K01278.02,1,CANDIDATE,1.0,44.3471936,31.948462,2.45,0.25,-0.25,0.0257319999999999,0.000605,-0.000582,1.162,0.067,-0.062,5600,3.2723754544424737,0.20376624317105085,-0.18964130283739317,1898,8609450,44.347,3.6e-05,0.9872832607319133,0.020266638215190765,0.9997335548549,3.6e-05,0.9996975644469251
8609450,K01278.03,4,CANDIDATE,0.896,9.220769099999998,11.264972,1.02,0.11,-0.1,0.010738,0.000475,-0.000721,1.162,0.067,-0.062,5600,1.3655669061792095,0.09923977091799562,-0.1171152265957407,1899,8609450,9.221,0.00024,0.9872832526655002,0.1030585434193844,0.9985200256964977,0.00024,0.9982803808903304
8609450,K01278.04,3,CANDIDATE,0.992,13.639664800000002,11.99926,1.1,0.11,-0.11,0.0115859999999999,0.000609,-0.000569,1.162,0.067,-0.062,5600,1.4734082859929396,0.11495889292115569,-0.10684783440842122,1900,8609450,13.64,0.00047,0.9872832587523107,0.1022010090223054,0.9985337428853522,0.00047,0.9980644320261961
8628758,K01279.01,1,CANDIDATE,1.0,14.37457572,42.90383,1.94,0.29,-0.24,0.016643,0.000446,-0.000215,1.065,0.048,-0.045,5768,1.9398344892870627,0.10171613558371877,-0.0857100379156087,1902,8628758,14.375,9e-08,0.9872832607319133,0.0037713655163547394,0.9999512388882816,9e-08,0.9999511488926701
8628758,K01279.02,2,CANDIDATE,0.971,9.65188331,16.245525,1.08,0.16,-0.14,0.009238,0.000463,-0.000271,1.065,0.048,-0.045,5768,1.0767404321356655,0.07257633484474199,-0.05538595205138588,1938,8628758,9.652,7.7e-05,0.9872832607312743,0.06256546634447607,0.9991403379974158,7.7e-05,0.99906340419139
5021899,K00821.01,1,CANDIDATE,1.0,21.81295996,31.218940000000003,3.38,0.91,-0.49,0.0309519999999999,0.001019,-0.0008439999999999,0.848,0.072,-0.065,5601,2.8725528295997886,0.2615888864180391,-0.23370141587845733,931,5021899,21.813,0.00016,0.9872832607319133,0.015306834227099953,0.9997997749326374,0.00016,0.9996398069686481
7458762,K00887.01,1,CANDIDATE,1.0,7.41113177,42.620125,2.45,0.77,-0.25,0.0244379999999999,0.000303,-0.001726,1.104,0.09,-0.082,5849,2.952692286433414,0.24347669079544598,-0.30263443824224817,1284,7458762,7.411,0.00089,0.9872832607319133,0.003475967406452783,0.9999550715007512,0.00089,0.9990651114871156
757450,K00889.01,1,CANDIDATE,0.999,8.884922995,474.02078,10.51,0.56,-0.57,0.114124,0.000396,-0.000266,0.962,0.047,-0.044,5332,12.015324732821545,0.5885059740547137,-0.550270580560343,1286,757450,8.885,0.0027,0.9872832607319133,6.966029823709001e-24,1.0,0.0027,0.9973
7663691,K00891.01,1,CANDIDATE,1.0,10.00653012,59.281075,3.52,1.11,-0.38,0.032174,0.000566,-0.003631,1.137,0.097,-0.088,6063,4.003584302888245,0.3487406613836924,-0.547869942579436,631,7663691,10.007,7.2e-08,0.9872832607319133,0.0005765530480984981,0.9999925694025898,7.2e-08,0.9999924974031249
9766437,K00949.01,1,CANDIDATE,1.0,12.53248222,52.609734,3.24,0.94,-0.32,0.032795,0.002946,-0.00159,1.052,0.09,-0.081,5997,3.775781295305814,0.4683886279100736,-0.34355493101907547,945,9766437,12.532,1.5e-05,0.9872832607319133,0.0012550093308262389,0.9999838144920272,1.5e-05,0.9999688147348098
5735762,K00148.02,1,CANDIDATE,1.0,9.673958488,134.0802,2.63,0.2,-0.19,0.027629,0.000307,-0.000293,0.846,0.036,-0.034,5192,2.5581086433111,0.11250560164208279,-0.10632711908316012,287,5735762,9.674,1.3e-05,0.9872832607319133,1.4719784033946962e-07,0.9999999981040124,1.3e-05,0.999986998104037
6541920,K00157.05,4,CANDIDATE,0.997,118.3786735,57.47981600000001,3.4,0.22,-0.22,0.029761,0.000512,-0.000212,1.098,0.048,-0.045,5657,3.576294836175434,0.16801139921489391,-0.14876694755090664,363,6541920,118.379,0.00034,0.9872832607319133,0.004083588569524608,0.9999471855108029,0.00034,0.9996072034677291
8742590,K01281.01,1,CANDIDATE,0.989,49.4781446,17.370657,1.88,0.52,-0.17,0.020297,0.001022,-0.000583,0.834,0.063,-0.057,5776,1.852598712968789,0.16818471660637413,-0.13734393012926213,1940,8742590,49.478,0.067,0.9872832607318458,0.10119424843193402,0.9985498130931318,0.067,0.931646975615892
5272878,K00826.01,1,CANDIDATE,1.0,6.365839713,58.17086,2.44,0.6,-0.21,0.026275,0.003895,-0.000741,0.943,0.076,-0.069,5776,2.7116764728322424,0.45754587654497375,-0.2126426869790724,936,5272878,6.366,0.00017,0.9872832607319133,0.0006143439937440595,0.9999920820546809,0.00017,0.9998220834007316
5358241,K00829.01,1,CANDIDATE,1.0,18.64932728,36.000114,3.12,0.47,-0.28,0.027096,0.000733,-0.000426,1.09,0.074,-0.068,5776,3.2323258633274605,0.23622195594785023,-0.20795453574801342,939,5358241,18.649,1.4e-05,0.9872832607319133,0.008629221835058046,0.9998878835046553,1.4e-05,0.9998738850742863
9820483,K00953.01,1,CANDIDATE,1.0,3.584101048,152.47115,4.66,1.34,-0.44,0.046303,0.0006889999999999,-0.000371,0.971,0.091,-0.082,5739,4.920529226041404,0.46691780153053625,-0.4174000123021828,1705,9820483,3.584,2.3e-06,0.9872832607319133,1.7458772743570412e-08,0.9999999997751217,2.3e-06,0.9999976997751222
9823457,K00954.01,1,CANDIDATE,1.0,8.11528727,49.552048,3.1,0.9,-0.3,0.031988,0.0006519999999999,-0.005034,0.919,0.046,-0.044,5926,3.2172592216838662,0.17387778029722925,-0.5292182019656261,1706,9823457,8.115,0.0081,0.9872832607319133,0.0016371050479544273,0.9999788786287949,0.0081,0.9918790497119017
9823457,K00954.02,2,CANDIDATE,1.0,36.9250409,30.908642,3.01,0.88,-0.29,0.031099,7.900000000000001e-05,-0.003502,0.919,0.046,-0.044,5926,3.1278462090517247,0.15676397778392678,-0.3827352101967176,1707,9823457,36.925,0.00032,0.9872832607319133,0.02015297565344482,0.999735079909029,0.00032,0.9994151646834581
6131236,K01051.01,1,CANDIDATE,1.0,6.79685353,27.037577,2.01,0.62,-0.2,0.019,0.004477,-0.000843,1.109,0.096,-0.087,6061,2.306049380191291,0.5788856835001004,-0.20783647587770104,1424,6131236,6.797,0.0066,0.9872832607319133,0.018965114949595487,0.9997509967464332,0.0066,0.9931526401679067
5956342,K01052.01,1,CANDIDATE,1.0,17.02902786,24.106216,2.54,0.38,-0.41,0.0218389999999999,0.000718,-0.000538,0.973,0.059,-0.055,5839,2.3255680071576785,0.16040967197732628,-0.1433969989252475,1425,5956342,17.029,5.7e-05,0.9872832607319133,0.03059989828064619,0.9995934154092226,5.7e-05,0.9995364385845443
5956342,K01052.02,2,CANDIDATE,0.945,6.84619236,16.315655,1.67,0.25,-0.27,0.014341,0.000666,-0.000565,0.973,0.059,-0.055,5839,1.527129025626101,0.11663877015503525,-0.10522104765714663,1426,5956342,6.846,4.4e-05,0.9872832607313492,0.05950848018717001,0.9991849993254924,4.4e-05,0.9991410351855221
5956342,K01052.03,3,CANDIDATE,0.765,67.83216379999999,12.3348,2.39,0.35,-0.38,0.02055,0.001091,-0.0006349999999999,0.973,0.059,-0.055,5839,2.188306357758621,0.1763647484259472,-0.14097240732013266,1427,5956342,67.832,0.00062,0.987283259835898,0.20918100671238396,0.9965929447068645,0.00062,0.9959750570811463
5956342,K01052.04,4,CANDIDATE,0.815,43.13121470000001,8.868775,2.39,0.35,-0.39,0.020505,0.005549,-0.001363,0.973,0.059,-0.055,5839,2.1835144460263023,0.6055480008775003,-0.19052567731641723,1428,5956342,43.131,0.026,0.9872825737033146,0.20614237034258243,0.9966551056853349,0.026,0.9707420729375161
2849805,K01116.01,1,CANDIDATE,1.0,3.749105745,32.216377,1.68,0.26,-0.13,0.015686,0.000628,-0.003078,1.056,0.045,-0.043,5751,1.81284045607853,0.10599737719815401,-0.3633047649736157,1721,2849805,3.749,0.00031,0.9872832607319133,0.010272427542647546,0.9998663123126047,0.00031,0.9995563537557878
5735762,K00148.03,3,CANDIDATE,0.998,42.89645024,44.07612,2.0,0.15,-0.15,0.02097,0.000602,-0.0002299999999999,0.846,0.036,-0.034,5192,1.9415664066826075,0.09966317499844893,-0.08088351972415726,288,5735762,42.896,0.00017,0.9872832607319133,0.005259859240742402,0.9999318919459346,0.00017,0.9997619035243037
3962243,K01203.01,1,CANDIDATE,0.999,31.8841473,21.641197,3.7,0.6,-0.2,0.03477,1.3e-05,-0.007395,0.914,0.058,-0.053,5778,3.4780381553611877,0.22071084728178686,-0.7667215293479199,1480,3962243,31.884,0.017,0.9872832607319133,0.050125916255485986,0.9993202796396771,0.017,0.9823318348858026
3962243,K01203.02,2,CANDIDATE,0.985,14.12847677,18.86908,2.73,0.44,-0.15,0.0256579999999999,0.002889,-0.00293,0.914,0.058,-0.053,5778,2.566566091177941,0.33172105532196244,-0.3287092780312123,1481,3962243,14.128,0.0002,0.987283260731909,0.0509764015969011,0.9993081273594467,0.0002,0.9991082657339748
10790387,K01288.01,1,CANDIDATE,1.0,117.93110803,200.66483,10.36,3.5,-1.17,0.088538,0.000473,-0.001248,1.225,0.073,-0.068,6392,11.86995989884848,0.7101894904863446,-0.6798150906764895,1946,10790387,117.931,0.0039,0.9872832607319133,5.443317275013408e-10,0.9999999999929887,0.0039,0.996099999993016
6541920,K00157.06,6,CANDIDATE,1.0,10.30401132,40.980724,1.84,0.12,-0.12,0.016083,0.000396,-0.000175,1.098,0.048,-0.045,5657,1.9326484274792348,0.0969668008708836,-0.08195097878814989,364,6541920,10.304,0.0012,0.9872832607319133,0.004363311850105696,0.9999435518965052,0.0012,0.9987436196342294
10682541,K00751.01,1,CANDIDATE,1.0,4.99677968,24.283327,2.78,0.52,-0.23,0.030014,0.004603,-0.002436,0.847,0.072,-0.065,5339,2.7822153615970295,0.4878472778035444,-0.3107690857510752,1268,10682541,4.997,0.0022,0.9872832607319133,0.02482269566987692,0.9996721317588462,0.0022,0.9974728530689767
10797460,K00752.01,1,CANDIDATE,1.0,9.48803557,28.47082,2.26,0.26,-0.15,0.022344,0.000832,-0.000528,0.949,0.053,-0.05,5465,2.3206550527309338,0.15577014008678497,-0.13400300714597996,1269,10797460,9.488,0.00068,0.9872832607319133,0.016945445831856393,0.99977797116845,0.00068,0.9990981221480555
10797460,K00752.02,2,CANDIDATE,0.969,54.4183827,20.109507,2.83,0.32,-0.19,0.027954,0.009078,-0.001347,0.949,0.053,-0.05,5465,2.903311463660961,0.9566847943322199,-0.20729408352518328,1270,10797460,54.418,0.0058,0.9872832607319129,0.08269274877917447,0.998838854628708,0.0058,0.9930455892718615
5358241,K00829.02,3,CANDIDATE,0.998,9.75192101,24.258644,2.76,0.43,-0.24,0.0240419999999999,0.000898,-0.005325,1.09,0.074,-0.068,5776,2.8680092414422234,0.22223202980037998,-0.6599450383582502,962,5358241,9.752,7.8e-05,0.9872832607319133,0.026835470523585446,0.9996448131024975,7.8e-05,0.9995668408070755
5358241,K00829.03,2,CANDIDATE,1.0,38.557654600000006,32.640865000000005,4.02,0.62,-0.36,0.03498,0.003036,-0.005546,1.09,0.074,-0.068,5776,4.172821032595016,0.45980567567476105,-0.7109648831614903,963,5358241,38.558,0.0038,0.9872832607319133,0.017141583687567023,0.999775356438533,0.0038,0.9959762100840666
7849854,K00897.01,1,CANDIDATE,1.0,2.052349884,943.8128,13.12,2.01,-1.18,0.11123,0.000372,-0.000762,1.142,0.067,-0.062,5855,13.901814743581673,0.8169296985216289,-0.7607244945894965,640,7849854,2.052,0.0013,0.9872832607319133,1.7445552140859113e-46,1.0,0.0013,0.9987
11449844,K00125.01,1,CANDIDATE,0.92,38.47876629,1014.9963,13.26,1.78,-0.59,0.138123,9.7e-05,-7e-05,0.814,0.035,-0.033,5510,12.30478027866222,0.5291458830323017,-0.49888142010419995,192,11449844,38.479,0.00094,0.9872832607319133,1.2068153032673954e-49,1.0,0.00094,0.99906
3962243,K01203.03,3,CANDIDATE,0.829,48.64785429999999,10.06212,4.14,0.67,-0.23,0.038915,69.74292,-0.650998,0.914,0.058,-0.053,5778,3.892661915901082,6976.374373838318,-65.11962857358013,1482,3962243,48.648,0.97,0.9872831903368412,0.19933052117098835,0.996793310151281,0.97,0.02990379930453846
10879038,K01641.01,1,CANDIDATE,0.986,4.8538404,13.1556225,1.72,0.25,-0.1,0.016263,0.000166,-0.003677,0.916,0.053,-0.049,5774,1.6303452830984144,0.09578881727780189,-0.37879125027708593,2321,10879038,4.854,0.0014,0.9872832605051663,0.0799139619943411,0.9988812624288215,0.0014,0.9974828286614211
10990917,K01643.01,1,CANDIDATE,0.996,11.04605365,22.176304,1.8,0.61,-0.2,0.016086,0.000687,-0.0003799999999999,1.095,0.092,-0.083,6093,1.9277274837968787,0.1816880584078274,-0.15305171594120964,2323,10990917,11.046,0.00036,0.9872832607319133,0.03423556072654417,0.9995433954565401,0.00036,0.9991835598341757
6869184,K01732.01,1,CANDIDATE,1.0,43.316742700000006,21.455402,2.42,0.53,-0.19,0.0286209999999999,0.001201,-0.000633,1.073,0.095,-0.086,5654,3.3609958891423237,0.3293020184852877,-0.27944868479198937,2020,6869184,43.317,5.4e-05,0.9872832607319133,0.06091434507790022,0.999164496321921,5.4e-05,0.9991105414391196
8396405,K01733.01,1,CANDIDATE,0.938,19.18109525,14.985963,1.72,0.09,-0.1,0.026864,0.001238,-0.000951,1.134,0.102,-0.091,5214,3.334012233073244,0.3369532303351475,-0.29242091009446625,2021,8396405,19.181,0.0024,0.987283260725143,0.08219419441859838,0.9988464821047116,0.0024,0.9964492505476603
6604328,K01736.01,1,CANDIDATE,1.0,31.0033072,17.33398,2.72,0.72,-0.31,0.023218,0.000991,-0.000687,1.019,0.103,-0.091,6090,2.589300448244399,0.28410243745032354,-0.2435950221532994,2024,6604328,31.003,0.00017,0.987283260731837,0.07725880428575836,0.9989215449071892,0.00017,0.9987517282445549
4365645,K01738.01,1,CANDIDATE,0.999,4.16787814,27.731834000000003,1.07,0.1,-0.04,0.011622,0.000334,-0.0004269999999999,0.854,0.036,-0.034,5251,1.0862310111376792,0.055418166819596125,-0.05884649080233774,2025,4365645,4.168,0.026,0.9872832607319133,0.016865396387757744,0.9997790380143975,0.026,0.9737847830260231
7870032,K01818.01,1,CANDIDATE,1.0,16.87725775,48.815918,2.54,0.29,-0.15,0.026718,0.004895,-0.00086,0.854,0.038,-0.036,5497,2.4971536874528057,0.4708030538137576,-0.13244516360846123,2419,7870032,16.877,3.4e-06,0.9872832607319133,0.0020469560501302146,0.9999735800248822,3.4e-06,0.9999701801147102
9597058,K01819.01,1,CANDIDATE,1.0,12.05705659,43.550297,1.96,0.19,-0.11,0.021488,0.000167,-0.001493,0.811,0.034,-0.032,5365,1.9072178608104708,0.08131963436266076,-0.15239196470658492,2420,9597058,12.057,0.0057,0.9872832607319133,0.0033827457996165313,0.9999562805232961,0.0057,0.9942565297243133
8277797,K01820.01,1,CANDIDATE,1.0,4.33722007,50.629402,1.63,0.15,-0.11,0.017003,0.000553,-0.000265,0.812,0.034,-0.032,5390,1.5110020018248178,0.08011228083864634,-0.06403451311091715,2421,8277797,4.337,6e-06,0.9872832607319133,0.0013670866743531083,0.9999823670828151,6e-06,0.9999763671886126
8277797,K01820.02,2,CANDIDATE,0.973,1.653889476,23.63809,0.97,0.09,-0.07,0.010095,0.000543,-0.000289,0.812,0.034,-0.032,5390,0.8971102281021898,0.061151831656785435,-0.04369786174720655,2422,8277797,1.654,0.00042,0.9872832607319133,0.025236735584521556,0.999666521363511,0.00042,0.9992466614245383
8832512,K01821.01,1,CANDIDATE,1.0,9.97682072,50.714653000000006,2.85,0.73,-0.46,0.028075,0.0011279999999999,-0.000548,0.856,0.066,-0.06,5500,2.6301286087339544,0.22867182165736788,-0.19136946384381537,2423,8832512,9.977,2.9e-05,0.9872832607319133,0.0014841442045986104,0.999980855010684,2.9e-05,0.9999518555658887
11074178,K01889.01,1,CANDIDATE,1.0,14.30517579,29.050053,3.05,0.85,-0.28,0.033025,0.000654,-0.005796,0.814,0.043,-0.04,5741,2.9420543189969792,0.16597736910758223,-0.536198501171658,2117,11074178,14.305,0.00013,0.9872832607319133,0.017185238175465842,0.9997747743349674,0.00013,0.9996448036143039
11074178,K01889.02,2,CANDIDATE,0.976,9.18189122,13.234464,2.17,0.61,-0.2,0.023538,0.002445,-0.006357,0.814,0.043,-0.04,5741,2.096898548389126,0.2443626335286302,-0.5756155270175198,2118,11074178,9.182,0.0061,0.9872832605390728,0.08456390896395292,0.9988101532750121,0.0061,0.9927174113400346
9030537,K01892.01,1,CANDIDATE,1.0,62.56138789999999,28.120026,3.54,0.93,-0.31,0.038618,0.0004059999999999,-0.0047,0.821,0.068,-0.061,5662,3.4698954622766167,0.2897029180518348,-0.49477983265353553,2122,9030537,62.561,0.029,0.9872832607319133,0.04073458348133135,0.9994530363239353,0.029,0.9704688982705412
6949061,K01960.02,2,CANDIDATE,0.992,23.2218115,13.971096,2.42,0.39,-0.44,0.016108,0.00059,-0.003029,1.233,0.059,-0.056,5808,2.173642681034483,0.13098409804277858,-0.4204918025132969,2519,6949061,23.222,0.0053,0.9872832606860893,0.09664028994999974,0.9986220562091892,0.0053,0.9933293593112805
7269493,K01961.01,1,CANDIDATE,1.0,1.907810683,39.49102,0.91,0.09,-0.04,0.010107,0.000124,-0.0004089999999999,1.149,0.05,-0.047,5435,1.2709420534073748,0.057462502597352735,-0.07312952863378869,2520,7269493,1.908,0.00038,0.9872832607319133,0.004487327009398954,0.9999419402823091,0.00038,0.9995619623450017
7887791,K01964.01,1,CANDIDATE,1.0,2.229326354,35.477276,0.6,0.08,-0.03,0.006393,0.000223,-0.000245,1.025,0.045,-0.042,5587,0.7171533401239618,0.040212874755603506,-0.04023521463586703,2523,7887791,2.229,0.0021,0.9872832607319133,0.0070118756192276924,0.9999090455101144,0.0021,0.9978092365145431
11657891,K01965.01,1,CANDIDATE,1.0,2.514628496,28.595043,1.27,0.31,-0.11,0.013835,0.000511,-0.000318,0.836,0.062,-0.057,5662,1.2658110908004025,0.10487395813706289,-0.09107753969345642,2524,11657891,2.515,0.00019,0.9872832607319133,0.014953117473110584,0.9998044720541963,0.00019,0.999614509204506
8950568,K02038.01,1,CANDIDATE,1.0,8.30537702,21.758528,1.69,0.18,-0.13,0.017763,0.036224,-0.001801,0.868,0.04,-0.038,5435,1.687405641014347,3.4419966489307803,-0.18635424963964214,2359,8950568,8.305,1.0,0.9872832607319133,0.03428909015285734,0.9995426561777704,1.0,0.0
8950568,K02038.02,2,CANDIDATE,1.0,12.51353325,19.935074,1.88,0.19,-0.15,0.019678,0.004392,-0.000897,0.868,0.04,-0.038,5435,1.8693220854517993,0.4260206697397234,-0.1181446385927455,2360,8950568,12.514,1.0,0.9872832607319126,0.04444164143160538,0.9994009447637382,1.0,0.0
8107225,K00235.01,1,CANDIDATE,1.0,5.63252508,62.67986,2.04,0.28,-0.16,0.023204,0.003018,-0.00058,0.894,0.067,-0.061,5216,2.2703030429146738,0.3407966203887739,-0.1649759212543697,67,8107225,5.633,4e-05,0.9872832607319133,0.00036887524740586734,0.9999952469351784,4e-05,0.9999552471253009
8950568,K02038.03,4,CANDIDATE,0.889,17.9134215,8.255046,1.39,0.15,-0.1,0.014619,0.003915,-0.002089,0.868,0.04,-0.038,5435,1.3887396873269569,0.3773736074359452,-0.20754999809507618,2262,8950568,17.913,0.00015,0.987280895263492,0.15576703677072626,0.9976230006477189,0.00015,0.9974733571976218
8612275,K02111.01,1,CANDIDATE,1.0,3.289726319,19.873373,1.37,0.16,-0.08,0.013779,0.000598,-0.000342,0.918,0.043,-0.041,5468,1.3843434079096402,0.08839855127511044,-0.07073402967587461,3321,8612275,3.29,1.8e-06,0.9872832607319126,0.03874506375287439,0.9994808273686412,1.8e-06,0.9994790283031518
8612275,K02111.02,2,CANDIDATE,1.0,7.18644594,18.709436,2.19,0.27,-0.13,0.02206,6e-06,-0.003742,0.918,0.043,-0.041,5468,2.2163158123584195,0.10381610732712121,-0.3887627522454274,3355,8612275,7.186,0.11,0.9872832607319074,0.0465629181371622,0.9993709543773177,0.11,0.8894401493958127
5706595,K02183.02,2,CANDIDATE,1.0,4.57948235,17.950302,1.35,0.18,-0.1,0.012971,0.000601,-0.000478,1.058,0.06,-0.056,5570,1.501905413509942,0.10998792469167237,-0.0968655567064571,3023,5706595,4.579,0.0002,0.9872832607318877,0.04844095779241784,0.9993442912570107,0.0002,0.9991444223987593
12256520,K02264.01,1,CANDIDATE,0.999,33.2407985,17.635292,1.51,0.16,-0.05,0.01668,0.00067,-0.000661,0.855,0.038,-0.036,5391,1.5607941070979108,0.09350141692411275,-0.09024650190955645,2763,12256520,33.241,0.0047,0.9872832607318706,0.07747812701002103,0.9989182262603191,0.0047,0.9942233105968956
12256520,K02264.02,2,CANDIDATE,0.983,7.25101997,9.212867,0.91,0.1,-0.03,0.010066,0.000593,-0.0006219999999999,0.855,0.038,-0.036,5391,0.941903685974075,0.06950864069406461,-0.07042974616728875,2764,12256520,7.251,0.0026,0.987282863814273,0.1224926089957788,0.9982019290488953,0.0026,0.9956066040333681
5514383,K00257.01,1,CANDIDATE,1.0,6.88341278,165.79648,2.63,0.07,-0.09,0.020209,0.000615,-0.000411,1.198,0.05,-0.048,6139,2.6496291777938583,0.13686093672976926,-0.11905534651846388,208,5514383,6.883,0.029,0.9872832607319133,4.222889965553608e-09,0.999999999945607,0.029,0.9709999999471843
9209624,K02443.01,1,CANDIDATE,0.996,6.79164656,15.718208,1.01,0.15,-0.14,0.009257,0.000486,-0.0003259999999999,1.142,0.051,-0.048,5772,1.156963940315882,0.07974424753409506,-0.06344190843433874,2865,9209624,6.792,4.8e-05,0.9872832607301624,0.06325981674757325,0.9991301531954283,4.8e-05,0.9990821949480749
9209624,K02443.02,2,CANDIDATE,0.991,11.8376933,11.67936,1.0,0.15,-0.15,0.009122,0.000283,-0.000658,1.142,0.051,-0.048,5772,1.1400912891391894,0.061994798641911306,-0.09518132231212481,2866,9209624,11.838,0.0019,0.9872832570825192,0.10275818662701097,0.998524833481198,0.0019,0.9966276362975838
3354846,K02444.01,1,CANDIDATE,0.995,18.5525162,17.103079,2.53,0.65,-0.21,0.027989,0.0076319999999999,-0.002961,0.806,0.068,-0.062,5569,2.468913529417317,0.7047069195826388,-0.32293742062655156,2867,3354846,18.553,0.0066,0.9872832607317907,0.06555725491249352,0.9990963462466114,0.0066,0.9925023103613837
1996180,K02534.01,1,CANDIDATE,0.999,3.02558494,20.523762,1.62,0.29,-0.25,0.011717,0.001295,-0.001317,1.171,0.056,-0.053,6123,1.5016087166341556,0.1808322912254327,-0.18195164426708446,3260,1996180,3.026,0.0026,0.9872832607319131,0.03600576183922615,0.9995189042063661,0.0026,0.9969201550554295
1996180,K02534.02,2,CANDIDATE,0.922,5.42204257,8.699086,1.39,0.26,-0.21,0.010112,0.000749,-0.002153,1.171,0.056,-0.053,6123,1.295917670274352,0.11425706603629011,-0.2820860485174953,3261,1996180,5.422,0.00095,0.9872822039053484,0.12542787934663938,0.9981525657132251,0.00095,0.9972043207757975
9153570,K02625.01,1,CANDIDATE,0.95,3.81371423,11.01746,1.37,0.32,-0.12,0.015334,0.000833,-0.001101,0.84,0.077,-0.069,5547,1.4096724125346085,0.1502068293513574,-0.1537956157877891,3056,9153570,3.814,0.00029,0.9872832476326073,0.09759747757710321,0.9986069306429424,0.00029,0.9983173346330559
8082001,K01570.01,1,CANDIDATE,1.0,6.33855946,47.97676,3.31,1.09,-0.37,0.029391,0.000526,-0.003988,1.015,0.084,-0.076,6108,3.2648547194343065,0.27644045352640023,-0.5059758056513587,2661,8082001,6.339,0.0011,0.9872832607319133,0.0018925285190591614,0.9999755769938116,0.0011,0.9988756038591183
10004519,K01572.01,1,CANDIDATE,1.0,9.80321143,46.059982,2.99,0.99,-0.31,0.0276029999999999,0.003288,-0.001359,0.878,0.074,-0.067,6170,2.6523709152089006,0.38703271383548044,-0.24087193335755425,2663,10004519,9.803,1.3e-05,0.9872832607319133,0.0024732691594079354,0.9999680639769499,1.3e-05,0.9999550643921182
5031857,K01573.01,1,CANDIDATE,1.0,24.81097206,91.72884,4.22,1.32,-0.44,0.041991,0.000673,-0.0003399999999999,1.175,0.093,-0.084,6086,5.399798321875786,0.4360626064665683,-0.3884962503010825,2664,5031857,24.811,0.023,0.9872832607319133,2.031987976726517e-05,0.999999738263704,0.023,0.9769997442836388
5031857,K01573.02,2,CANDIDATE,1.0,7.136922,13.640516,1.38,0.43,-0.15,0.0136759999999999,0.000537,-0.000309,1.175,0.093,-0.084,6086,1.7586540413415428,0.15538345344519994,-0.13185487295620044,2665,5031857,7.137,0.017,0.987283260642077,0.07871139202091344,0.9988995358767833,0.017,0.981918243766878
11337372,K01650.01,1,CANDIDATE,1.0,6.53194024,32.68434,3.09,0.3,-0.4,0.0289649999999999,0.00113,-0.003692,0.954,0.049,-0.046,5301,3.024164167033717,0.19505526730291214,-0.4121315101307819,2364,11337372,6.532,1.2e-05,0.9872832607319133,0.010206756073481581,0.9998671757892015,1.2e-05,0.999855177383092
11337372,K01650.02,2,CANDIDATE,1.0,100.8276725,30.88894,4.35,0.43,-0.57,0.040808,0.0057079999999999,-0.002786,0.954,0.049,-0.046,5301,4.260662569594764,0.6348674691806261,-0.35611335161316277,2365,11337372,100.828,0.00058,0.9872832607319133,0.0550409500721972,0.9992497484066326,0.00058,0.9986701835525568
11337833,K01651.01,1,CANDIDATE,0.994,51.3011844,16.529358,2.07,0.65,-0.17,0.020447,0.00105,-0.000654,0.962,0.075,-0.068,6032,2.1527228699660204,0.20096817971590258,-0.1670209052195275,2366,11337833,51.301,0.0011,0.9872832607315825,0.11289784446390319,0.9983607469176982,0.0011,0.9972625500960887
8197343,K01746.01,1,CANDIDATE,0.998,11.79161234,16.844379999999997,2.41,0.38,-0.42,0.018403,0.00085,-0.000552,1.18,0.061,-0.057,5620,2.376589035049081,0.16475277024101612,-0.13513344199325983,2064,8197343,11.792,0.0011,0.9872832607317092,0.06074932666709458,0.9991669061145392,0.0011,0.9980678225178132
7032421,K01747.01,1,CANDIDATE,1.0,20.55848388,17.007568,36.9,4.89,-2.09,0.361005,70.52246,-3.734483,0.998,0.047,-0.045,5571,39.430039665083065,7702.673026364885,-407.89521368602516,2065,7032421,20.558,1.0,0.9872832607317673,0.06825099515895888,0.999056495352097,1.0,0.0
5124667,K01822.01,1,CANDIDATE,1.0,150.8783198,51.390972,4.37,0.65,-1.53,0.02302,0.0006519999999999,-0.000268,1.053,0.046,-0.043,5501,2.652877193241882,0.13811678226022384,-0.11264868616603756,2424,5124667,150.878,0.00048,0.9872832607319133,0.013449684412725437,0.9998243990554782,0.00048,0.9993444833439314
2989404,K01824.01,1,CANDIDATE,1.0,3.553831111,54.74985,1.62,0.27,-0.18,0.013709,8.4e-05,-0.000925,1.101,0.049,-0.046,6015,1.651872605918072,0.07421007449719215,-0.1310957913145356,2460,2989404,3.554,2.3e-07,0.9872832607319133,0.0008564054818787511,0.9999889595818229,2.3e-07,0.9999887295843621
2989404,K01824.02,2,CANDIDATE,1.0,1.6783263,53.33878000000001,1.57,0.26,-0.18,0.01326,0.00063,-0.001923,1.101,0.049,-0.046,6015,1.5977701330858292,0.10401495113249058,-0.24113705807025754,2461,2989404,1.678,8.4e-06,0.9872832607319133,0.0009707917285215686,0.9999874835296485,8.4e-06,0.9999790836347868
5375194,K01825.01,1,CANDIDATE,1.0,13.52252364,44.9959,2.11,0.2,-0.1,0.02369,0.0010019999999999,-0.000898,0.809,0.035,-0.033,5338,2.097476182513214,0.12690496052338104,-0.11679761117635078,2462,5375194,13.523,0.00027,0.9872832607319133,0.0029539788526813204,0.9999618384355458,0.00027,0.9996918487391682
7132798,K00220.02,2,CANDIDATE,1.0,4.12511935,16.764023,0.88,0.19,-0.08,0.00976,0.0003509999999999,-0.000407,1.001,0.076,-0.069,5598,1.0692206821042032,0.08982606204182995,-0.08613998187106656,611,7132798,4.125,4.8e-05,0.9872832607316704,0.05447209388696186,0.9992579490728847,4.8e-05,0.9992099846913292
5695524,K01897.01,1,CANDIDATE,0.938,59.7711433,29.686596,3.17,1.09,-0.43,0.025906,0.000407,-0.003575,1.171,0.053,-0.05,6214,3.3200200915869615,0.15906097228467844,-0.4795891434495509,2163,5695524,59.771,0.018,0.9872832607319133,0.03300371114811912,0.9995603855455911,0.018,0.9815682986057704
7948784,K01968.01,1,CANDIDATE,1.0,10.08744556,32.66846,3.15,0.9,-0.38,0.026351,1.1e-05,-0.00392,1.0,0.085,-0.077,6310,2.883902387993959,0.24513465908672558,-0.4830757959319636,2560,7948784,10.087,0.029,0.9872832607319133,0.01082638647937773,0.9998590240607107,0.029,0.9708631123629501
9244756,K01969.01,1,CANDIDATE,1.0,16.34355902,27.110012,3.26,0.5,-0.29,0.02826,0.004091,-0.00215,0.955,0.051,-0.048,5727,2.9536496838031714,0.4557453446661035,-0.26932201487472374,2561,9244756,16.344,0.022,0.9872832607319133,0.02190682917345086,0.9997115083228857,0.022,0.9777178551397822
9650808,K01970.01,1,CANDIDATE,1.0,21.96401646,23.871181,2.57,0.72,-0.31,0.0246,0.0002279999999999,-0.0012029999999999,0.88,0.05,-0.047,5774,2.369197331990939,0.13639267663967536,-0.17156619870168147,2562,9650808,21.964,0.0014,0.9872832607319133,0.0339121707437168,0.9995478599555981,0.0014,0.9981484929516603
9650808,K01970.02,2,CANDIDATE,0.899,125.602323,19.515469,2.89,0.81,-0.35,0.0276459999999999,0.001152,-0.0007559999999999,0.88,0.05,-0.047,5774,2.6625540422854166,0.18760462527486146,-0.15976033894978045,2563,9650808,125.602,0.00073,0.9872832607319124,0.23423595210620815,0.996060033084717,0.00073,0.9953329092605652
8950568,K02038.04,3,CANDIDATE,0.998,25.2149143,8.677660000000001,1.19,0.13,-0.09,0.012512,0.001397,-0.000592,0.868,0.04,-0.038,5435,1.1885841006795874,0.14356791649256648,-0.07661761714643427,2263,8950568,25.215,0.0072,0.9872822212740732,0.1654605708726209,0.9974460193293252,0.0072,0.990264407990154
10480915,K02040.01,1,CANDIDATE,1.0,19.58561177,22.337149,3.09,0.41,-0.34,0.028415,0.001542,-0.007209,1.016,0.045,-0.043,5618,3.1595470280644347,0.22131814288590654,-0.8126669243241837,2266,10480915,19.586,0.44,0.9872832607319133,0.038471275849015864,0.9994846428330303,0.44,0.559711399986497
3448130,K02043.01,1,CANDIDATE,0.983,78.54611059999999,23.548868,3.55,0.58,-0.64,0.023284,0.000745,-0.0004179999999999,1.176,0.056,-0.053,5814,2.9967351920463123,0.17192308784033913,-0.1453774916596091,2269,3448130,78.546,0.0015,0.9872832607319133,0.08361661115170306,0.9988246983456485,0.0015,0.9973264612981301
9532052,K02115.01,1,CANDIDATE,0.999,15.72585941,29.69453,2.69,0.25,-0.11,0.032661,0.001103,-0.00067,0.819,0.066,-0.06,5332,2.9274995369210925,0.255793912384459,-0.22271813094696036,3360,9532052,15.726,0.00017,0.9872832607319133,0.01639085783308125,0.9997853587839615,0.00017,0.9996153952729682
8164012,K02116.01,1,CANDIDATE,1.0,1.2527538809999998,25.040089,2.44,0.37,-0.56,0.0131069999999999,0.000152,-0.000478,1.119,0.054,-0.051,5911,1.6051545035395045,0.07966582644090861,-0.09369485559440306,3361,8164012,1.253,4.4e-07,0.9872832607319133,0.021554760786476872,0.9997162468598499,4.4e-07,0.9997158069847013
9717943,K02273.01,1,CANDIDATE,0.999,6.11010439,14.305465,0.93,0.15,-0.05,0.007118,0.0003799999999999,-0.000455,1.215,0.052,-0.049,6213,0.9464936774792349,0.06476217166679213,-0.07153717596054436,2805,9717943,6.11,1.0,0.9872832607063703,0.07241716514486582,0.9989944056819678,1.0,0.0
11566256,K02361.01,1,CANDIDATE,1.0,5.78387049,16.521729,2.07,0.62,-0.21,0.018724,0.000769,-0.000661,0.917,0.073,-0.066,6063,1.8791066252831614,0.16832546743712326,-0.15063923934557513,3164,11566256,5.784,0.0016,0.9872832607315305,0.05730684548184437,0.9992169848899127,0.0016,0.9976182377140889
7987866,K02363.01,1,CANDIDATE,0.999,3.13877646,18.053844,0.97,0.13,-0.11,0.012262,0.000227,-0.000775,0.821,0.061,-0.056,5242,1.1017623429083816,0.08436325648778231,-0.10245326360741293,3167,7987866,3.139,0.059,0.9872832607318922,0.046859161797198436,0.9993667554926915,0.059,0.9404041169186228
6516185,K02445.01,1,CANDIDATE,0.989,47.3659328,13.911759,11.97,3.3,-1.42,0.1215059999999999,72.29213,-6.679799000000001,0.978,0.088,-0.08,5708,13.005289810533592,7737.725811257002,-714.9673105663951,2868,6516185,47.366,1.0,0.9872832606840889,0.13748793171035956,0.9979467898936033,1.0,0.0
12208631,K02449.01,1,CANDIDATE,1.0,53.3580444,16.338236,3.41,0.45,-0.41,0.030108,0.00032,-0.005825,0.807,0.041,-0.039,5481,2.6591258855398943,0.13802264472671674,-0.5302687766621831,2905,12208631,53.358,0.0014,0.9872832607314409,0.1184751151048501,0.9982688824629417,0.0014,0.9968713060274936
12208631,K02449.02,2,CANDIDATE,1.0,0.912351255,7.7193766,1.46,0.19,-0.18,0.012879,0.002496,-0.003356,0.807,0.041,-0.039,5481,1.137467858372137,0.22789455321594584,-0.30145484533745687,2906,12208631,0.912,0.13,0.9872764014447085,0.12931094383470199,0.9980859935470061,0.13,0.8683348143858953
8676148,K02544.01,1,CANDIDATE,1.0,28.6253502,14.582435999999998,2.38,0.71,-0.22,0.023158,0.001132,-0.000888,0.719,0.065,-0.059,5774,1.822272812012333,0.18727941897408346,-0.16505349944840855,3304,8676148,28.625,0.00033,0.987283260717756,0.09842433938942259,0.9985938413472291,0.00033,0.9982643053795844
4650674,K01341.01,1,CANDIDATE,1.0,4.51436096,24.762657,1.84,0.31,-0.24,0.013852,0.000469,-0.000377,1.11,0.06,-0.056,5940,1.682747357790083,0.10732973640118405,-0.09646082941503634,1580,4650674,4.514,2.5e-05,0.9872832607319133,0.023392250166162407,0.9996914782210303,2.5e-05,0.9996664859340747
4275721,K01342.01,1,CANDIDATE,0.808,3.77359871,21.186813,1.29,0.33,-0.19,0.012228,0.000417,-0.000302,1.058,0.081,-0.073,6224,1.4158738259501635,0.11866606277883512,-0.10376241239449491,1581,4275721,3.774,3.1e-05,0.9872832607319133,0.03394355376229444,0.9995474268342467,3.1e-05,0.9995164408640148
4275721,K01342.02,2,CANDIDATE,1.0,8.18182189,21.606169,1.77,0.45,-0.26,0.016756,0.002523,-0.000823,1.058,0.081,-0.073,6224,1.9401686152781275,0.32773101238619523,-0.1643220047148087,1582,4275721,8.182,0.00054,0.9872832607319133,0.03478354675208751,0.9995358235098025,0.00054,0.9989960741651073
11177707,K01423.01,1,CANDIDATE,1.0,124.4197175,40.269047,10.3,1.77,-5.3,0.056842,0.002006,-0.000971,0.813,0.048,-0.045,5032,5.0575868758180205,0.3478808223692611,-0.2929689214696949,1913,11177707,124.42,0.036,0.9872832607319133,0.029421627467273347,0.9996095458205744,0.036,0.9636236021710337
11254382,K01425.01,1,CANDIDATE,1.0,2.05388477,40.152252,2.74,0.42,-0.46,0.021331,0.000554,-0.000556,0.983,0.063,-0.058,5626,2.294817690677699,0.1586910874334219,-0.14802486042331756,1915,11254382,2.054,0.00057,0.9872832607319133,0.004182247200222946,0.9999459041650802,0.00057,0.9993759349997061
11122894,K01426.01,3,CANDIDATE,1.0,38.86848956,55.260147,2.81,0.31,-0.25,0.0287259999999999,0.000605,-0.000261,0.888,0.04,-0.038,5618,2.7917181980870778,0.1388195542659762,-0.12212852052292948,1949,11122894,38.868,9.1e-05,0.9872832607319133,0.0014364864385623646,0.9999814706651231,9.1e-05,0.9998904723512926
11122894,K01426.02,1,CANDIDATE,0.907,74.92768653,135.41301,6.39,0.7,-0.58,0.06521,0.000667,-0.001362,0.888,0.04,-0.038,5618,6.3373927347092875,0.2927352865882293,-0.30177327002792714,1950,11122894,74.928,0.31,0.9872832607319133,3.670329929756354e-07,0.999999995272416,0.31,0.689999996737967
9813499,K01505.01,1,CANDIDATE,1.0,5.03257009,23.779182,2.53,0.82,-0.21,0.025553,0.00163,-0.006439,1.101,0.113,-0.1,5970,3.0790211320318397,0.37207478615484285,-0.8247319784077145,1600,9813499,5.033,0.0028,0.9872832607319133,0.026222619053177413,0.9996531430693307,0.0028,0.9968541142687366
12254792,K01506.01,1,CANDIDATE,1.0,40.4286676,31.592804,2.92,0.79,-0.26,0.032104,0.001088,-0.004091,0.92,0.072,-0.065,5813,3.2324396828593,0.2756739744698831,-0.4709835843169794,1601,12254792,40.429,0.00047,0.9872832607319133,0.019787847530457595,0.9997399765799382,0.00047,0.9992700987909456
5299459,K01576.01,1,CANDIDATE,1.0,10.41572666,57.242867,3.01,0.39,-0.26,0.0278899999999999,0.002401,-0.001684,0.931,0.04,-0.038,5511,2.841722401680081,0.2734134486481835,-0.2071092185933201,2671,5299459,10.416,0.00054,0.9872832607319133,0.0007269594587985207,0.9999906295593485,0.00054,0.9994506346193864
5299459,K01576.02,2,CANDIDATE,1.0,13.08424286,43.509666,2.71,0.35,-0.23,0.025138,0.002505,-0.001795,0.931,0.04,-0.038,5511,2.5613201051787065,0.2779482213506538,-0.21066396921969693,2005,5299459,13.084,0.0056,0.9872832607319133,0.003454949473474207,0.9999553441091821,0.0056,0.9943555941821706
10904857,K00194.01,1,CANDIDATE,0.802,3.120828136,1089.1381,14.16,4.43,-1.48,0.130153,0.001033,-0.004862,1.059,0.086,-0.078,6122,15.084593063160709,1.2308366042476602,-1.2457757685016895,500,10904857,3.121,0.0059,0.9872832607319133,1.8735975204098588e-53,1.0,0.0059,0.9941
11547505,K01655.01,1,CANDIDATE,1.0,0.938466959,41.280567,1.58,0.24,-0.24,0.013337,0.000445,-0.000221,0.918,0.04,-0.037,5505,1.3399367175622956,0.07353656741793521,-0.05839224508989065,2370,11547505,0.938,0.00011,0.9872832607319133,0.0036275227525573855,0.999953105445336,0.00011,0.999843110603737
6209677,K01750.01,1,CANDIDATE,0.999,7.76845639,20.465412,1.35,0.15,-0.1,0.0134569999999999,0.000459,-0.000586,0.945,0.045,-0.043,5447,1.3917573276648523,0.08152150299410729,-0.08765590424746714,2068,6209677,7.768,0.0012,0.9872832607319131,0.03902076046843374,0.9994769831064783,0.0012,0.9982776107267505
6209677,K01750.02,2,CANDIDATE,0.999,2.53742164,10.3343725,0.93,0.1,-0.06,0.009301,0.000567,-0.000516,0.945,0.045,-0.043,5447,0.9619331875314623,0.07441061522209504,-0.06902022287697797,2069,6209677,2.537,0.093,0.987283212730666,0.1025238948586736,0.9985285759309064,0.093,0.9056654183693321
6468138,K01826.01,1,CANDIDATE,0.987,134.2520474,52.910034,3.43,0.54,-0.53,0.026201,0.000658,-0.000263,1.102,0.048,-0.045,5818,3.1599696925182483,0.1588782077025933,-0.13287820034912193,2463,6468138,134.252,0.0019,0.9872832607319133,0.00871910183234865,0.9998867054533818,0.0019,0.9979869207130203
7668663,K01898.01,1,CANDIDATE,1.0,6.498014700000001,33.229843,1.87,0.27,-0.28,0.015491,1.8e-05,-0.002648,1.181,0.05,-0.047,5727,2.0022246656651146,0.08480011106234601,-0.35140937482206974,2164,7668663,6.498,0.00025,0.9872832607319133,0.00961001089558924,0.9998750168023968,0.00025,0.9996250480481962
3937519,K00221.01,1,CANDIDATE,1.0,3.4130363530000003,455.0805,6.62,1.37,-1.12,0.055812,0.000216,-8.9e-05,0.867,0.039,-0.037,5398,5.295782482192298,0.23909863542479895,-0.2261599727383384,612,3937519,3.413,2.2e-05,0.9872832607319133,5.171322121848391e-23,1.0,2.2e-05,0.999978
8543100,K01975.01,1,CANDIDATE,0.998,7.56052209,29.601961,2.4,0.73,-0.24,0.02342,0.00072,-0.0004799999999999,0.925,0.097,-0.086,5895,2.370893680782784,0.25908747280826494,-0.22572142010683355,2569,8543100,7.561,5.2e-06,0.9872832607319133,0.014528241456593378,0.9998101096654606,5.2e-06,0.9998049106528902
9656252,K02044.01,1,CANDIDATE,1.0,16.92342126,32.034893,3.4,0.5,-0.22,0.031414,0.006162,-0.000936,1.012,0.073,-0.067,5794,3.479262590863327,0.7271574695488305,-0.2525990742246816,2270,9656252,16.923,2.9e-05,0.9872832607319133,0.012948880134771105,0.9998310234034568,2.9e-05,0.9998020283037781
11457726,K02047.01,1,CANDIDATE,1.0,6.22161107,24.55109,1.59,0.27,-0.09,0.0132639999999999,0.0001159999999999,-0.001535,1.215,0.055,-0.052,6277,1.7637387100427755,0.08131636908014142,-0.21762267668359456,2173,11457726,6.222,9.2e-07,0.9872832607319133,0.024589416884299185,0.999675290675668,9.2e-07,0.9996743709744006
4262581,K02122.01,1,CANDIDATE,1.0,37.6468519,24.910862,5.37,0.81,-1.9,0.018542,0.000744,-0.000522,0.939,0.043,-0.041,5443,1.9054853962056377,0.11601668901430326,-0.09899452224903715,2706,4262581,37.647,0.0011,0.9872832607319133,0.0388119756889976,0.9994798945640915,0.0011,0.998380466680071
8591693,K02123.01,1,CANDIDATE,1.0,29.4557841,22.977419,2.19,0.68,-0.22,0.021147,0.000791,-0.000582,1.029,0.079,-0.072,6036,2.3814836032437703,0.20338068023375666,-0.17906095650697018,2707,8591693,29.456,0.0069,0.9872832607319133,0.04192977247767684,0.9994362855665886,0.0069,0.9925401751961791
9405595,K02125.01,1,CANDIDATE,1.0,23.3593589,19.423765,2.98,0.99,-0.33,0.027068,0.001116,-0.004807,1.012,0.086,-0.078,6244,2.997920666247168,0.28316486761860693,-0.5803799320908561,2709,9405595,23.359,0.0034,0.9872832607319117,0.055444865986253145,0.9992439195327832,0.0034,0.9958464902063718
3661886,K02279.01,1,CANDIDATE,1.0,27.0142622,18.630243,2.0,0.31,-0.28,0.015459,0.00058,-0.000433,1.194,0.054,-0.051,5949,2.02008284076894,0.11870540415452603,-0.1031822464107632,2812,3661886,27.014,0.00075,0.9872832607319068,0.06367089506063935,0.9991241163385942,0.00075,0.9983747732513403
10863608,K02368.01,1,CANDIDATE,0.999,8.07127043,15.912708,1.53,0.42,-0.14,0.016427,0.000666,-0.000815,0.932,0.084,-0.076,5766,1.6755508990057892,0.1655909584935145,-0.1599347438893543,3206,10863608,8.071,0.00082,0.9872832607307067,0.06321874424433174,0.999130756071227,0.00082,0.9983114688512486
5602588,K02369.01,1,CANDIDATE,1.0,11.01819178,18.041595,2.64,0.82,-0.27,0.024936,7.8e-05,-0.003631,1.161,0.103,-0.092,6075,3.1684179472690666,0.28126600835808213,-0.5252543045957014,3207,5602588,11.018,4.9e-05,0.9872832607318922,0.052990957081328297,0.9992792550124407,4.9e-05,0.9992302903289452
5602588,K02369.03,2,CANDIDATE,0.968,7.2274321,7.709472,1.28,0.39,-0.14,0.012051,0.0008789999999999,-0.000766,1.161,0.103,-0.092,6075,1.5312241210514725,0.17586349764363146,-0.15554990443516484,3208,5602588,7.227,0.00017,0.9872763978092335,0.14143905267696927,0.9978769044688279,0.00017,0.9977072653950683
7289317,K02450.01,1,CANDIDATE,0.968,16.83203175,18.114197,1.86,0.25,-0.18,0.016896,0.005297,-0.00061,0.828,0.039,-0.037,5519,1.531079329473949,0.48538995430056686,-0.08795754527614076,2907,7289317,16.832,0.00013,0.9872832607318951,0.05750206972653385,0.9992141546908518,0.00013,0.9990842568507421
7289317,K02450.02,2,CANDIDATE,0.982,7.1931193,9.669552,1.12,0.15,-0.11,0.010194,0.000638,-0.000657,0.828,0.039,-0.037,5519,0.923758444877926,0.07235767079491959,-0.07244645028395735,2908,7289317,7.193,0.00081,0.9872830937100955,0.11707611370650149,0.9982920120500355,0.00081,0.997483395520275
4484336,K02547.01,1,CANDIDATE,0.922,8.94337724,15.455015,1.48,0.4,-0.26,0.013531,0.00055,-0.000573,1.19,0.056,-0.054,6074,1.7622207514787311,0.10958043787005294,-0.10937788053429376,3307,4484336,8.943,0.0028,0.9872832607290474,0.06716327508798145,0.999072614666167,0.0028,0.9962752113451018
11622985,K02550.01,1,CANDIDATE,1.0,18.0243482,14.808048,1.98,0.61,-0.2,0.019931,0.000266,-0.001448,0.914,0.08,-0.072,5955,1.9936950956141455,0.17651976743271533,-0.21364707225266205,3310,11622985,18.024,0.011,0.9872832607223956,0.08225892726352259,0.9988454922126775,0.011,0.987858191798338
7303287,K01353.01,1,CANDIDATE,1.0,125.86540191,167.6314,12.37,1.94,-1.57,0.101632,0.000117,-0.000187,1.01,0.045,-0.043,5933,11.234022813994462,0.5006928212473117,-0.47872663436486323,1625,7303287,125.865,0.16,0.9872832607319133,2.3862146588071218e-08,0.9999999996926427,0.16,0.8399999997418198
11122894,K01426.03,2,CANDIDATE,0.999,150.01895109999998,92.3644,32.6,3.6,-2.94,0.332851,66.94402,-0.154799,0.888,0.04,-0.038,5618,32.34791457047571,6505.912538272464,-15.107594293018709,1951,11122894,150.019,0.99,0.9872832607319133,0.00014504676721726663,0.9999981314486182,0.99,0.00999998131448619
11030711,K01429.01,1,CANDIDATE,0.997,205.912735,45.572163,4.68,0.68,-0.32,0.044194,0.001142,-0.000763,1.151,0.076,-0.071,5644,5.567011143311099,0.39473356863525566,-0.35660053191369373,1955,11030711,205.913,0.00013,0.9872832607319133,0.059663384053167186,0.9991827432272273,0.00013,0.9990528494706078
12020218,K01507.01,1,CANDIDATE,1.0,21.3588236,26.81022,2.52,0.8,-0.27,0.023225,0.00074,-0.000511,1.004,0.086,-0.078,6170,2.551954289894286,0.2332266477871573,-0.20605688839050543,1602,12020218,21.359,0.0023,0.9872832607319133,0.024503320480861165,0.9996764561581344,0.0023,0.9973772003089707
7901948,K01511.01,1,CANDIDATE,1.0,2.578852119,32.878040000000006,1.63,0.47,-0.14,0.017525,0.002717,-0.0008539999999999,0.861,0.069,-0.062,5743,1.6513709244431158,0.2882026736419124,-0.1435837201103128,1639,7901948,2.579,6.5e-05,0.9872832607319133,0.009376498024658194,0.9998780825044707,6.5e-05,0.9998130904291079
4918309,K01582.01,1,CANDIDATE,1.0,186.4361811,59.845184,11.32,1.8,-3.35,0.075675,0.006964,-0.00613,1.11,0.063,-0.059,5406,9.193033951831111,0.9939514865709072,-0.8906789656276348,2012,4918309,186.436,0.9,0.9872832607319133,0.009456086580838265,0.9998770377788181,0.9,0.09998770377788178
4650733,K01659.01,1,CANDIDATE,1.0,29.5390897,15.492322,2.51,0.79,-0.28,0.018587,0.000761,-0.000658,1.201,0.112,-0.1,6572,2.4430691630852,0.2488204085228201,-0.2210420309194733,2407,4650733,29.539,0.012,0.9872832607293973,0.09107976686674409,0.9987092856677521,0.012,0.986724774239739
11502867,K00195.01,1,CANDIDATE,1.0,3.217518511,1264.7878,11.38,1.51,-0.93,0.115425,0.000279,-0.000341,0.905,0.042,-0.04,5720,11.432255397763026,0.5312768526663253,-0.5064205528412342,501,11502867,3.218,0.00024,0.9872832607319133,6.934872638812897e-62,1.0,0.00024,0.99976
8651389,K01754.01,1,CANDIDATE,0.992,15.13590453,22.03249,2.57,0.74,-0.75,0.014946,0.000352,-0.000837,1.179,0.052,-0.049,6050,1.9285115252642837,0.09642436609415558,-0.1344916205853459,2107,8651389,15.136,0.0097,0.9872832607319133,0.037066270590215666,0.9995041886254047,0.0097,0.9898089979957382
6705142,K01758.01,1,CANDIDATE,1.0,5.59728249,33.809470000000005,3.28,0.69,-0.3,0.034955,0.000347,-0.001703,0.926,0.092,-0.082,5610,3.5424501606154037,0.3537021891747035,-0.3580370360768895,2110,6705142,5.597,0.0057,0.9872832607319133,0.008889053725844863,0.9998844773209978,0.0057,0.9941851358002681
11601584,K01831.01,1,CANDIDATE,1.0,51.8098276,46.575012,2.6,0.19,-0.16,0.028842,0.010862,-0.005247,0.843,0.036,-0.035,5191,2.6609480924679088,1.0085447155975025,-0.4965322161793766,2469,11601584,51.81,0.14,0.9872832607319133,0.004615678933433795,0.9999402718876612,0.14,0.8599486338233886
11601584,K01831.02,2,CANDIDATE,0.95,4.38536428,21.772156,1.15,0.09,-0.07,0.012779,0.000394,-0.000491,0.843,0.036,-0.035,5191,1.1789839703781777,0.06209885591553683,-0.06669401091850359,2470,11601584,4.385,1.5e-05,0.9872832607319133,0.032193489095622994,0.9995715368252145,1.5e-05,0.9995565432521621
11601584,K01831.03,4,CANDIDATE,0.85,34.205785079,10.421222,1.1,0.09,-0.06,0.012235,0.0,0.0,0.843,0.036,-0.035,5191,1.1287948100459348,0.04820476057135665,-0.04686573944437453,2504,11601584,34.206,0.0015,0.9872832235777356,0.1591407771709913,0.9975622258856369,0.0015,0.9960658825468085
11601584,K01831.04,3,CANDIDATE,0.98,13.97945055,11.698665,1.97,0.15,-0.12,0.021836,0.000544,-0.004698,0.843,0.036,-0.035,5191,2.0145781342184748,0.09960132295700845,-0.44143169940598903,2505,11601584,13.979,0.14,0.9872832572353704,0.10580936420779377,0.998475848627219,0.14,0.8586892298194084
11709244,K01832.01,1,CANDIDATE,1.0,4.544436472,45.03802,3.0,0.34,-0.25,0.029367,0.0032909999999999,-0.002376,0.823,0.039,-0.037,5446,2.645104741961364,0.3218349207224016,-0.2448278394115569,2506,11709244,4.544,0.0034,0.9872832607319133,0.0025419522701817803,0.9999671748479629,0.0034,0.9965672864534799
11709244,K01832.02,2,CANDIDATE,0.974,12.76220558,19.995342,3.18,0.35,-0.27,0.03105,0.000725,-0.007999,0.823,0.039,-0.037,5446,2.796693643814498,0.14774330375703393,-0.7313637968827155,2507,11709244,12.762,0.13,0.9872832607319129,0.044330600862482125,0.9994025109765661,0.13,0.8694801845496125
11709244,K01832.03,3,CANDIDATE,0.999,38.7149617,18.331856,2.62,0.3,-0.21,0.025654,0.007245,-0.002014,0.823,0.039,-0.037,5446,2.310672423137427,0.6616846778228408,-0.20904128277171674,2508,11709244,38.715,0.015,0.9872832607319021,0.07834049538998575,0.9989051621560152,0.015,0.983921584723675
11773328,K01906.01,1,CANDIDATE,1.0,8.710442022,34.502525,3.61,0.76,-0.3,0.0408959999999999,0.002797,-0.008726,0.996,0.08,-0.073,5416,4.457831269066185,0.4702771316334693,-1.0057213112154477,2210,11773328,8.71,0.64,0.9872832607319133,0.008662984916525077,0.9998874409991948,0.64,0.3599594787597101
9518318,K01978.01,1,CANDIDATE,1.0,6.51112385,31.28787,3.09,1.03,-0.34,0.028261,0.00072,-0.003896,0.889,0.046,-0.044,6032,2.7496204026082305,0.158585670214699,-0.40274587958125374,2608,9518318,6.511,0.011,0.9872832607319133,0.011886070201572526,0.9998450593895994,0.011,0.9888467637363139
9518318,K01978.02,2,CANDIDATE,1.0,23.85163321,23.321205,3.37,1.12,-0.37,0.030835,0.000664,-0.004272,0.889,0.046,-0.044,6032,3.0000546730273094,0.1681397502583846,-0.4413654433904732,2609,9518318,23.852,0.014,0.9872832607319133,0.03703992186865197,0.9995045546319562,0.014,0.9855114908671088
11769890,K01980.01,1,CANDIDATE,1.0,122.8799543,28.170069,2.7,0.28,-0.16,0.0287389999999999,0.0004849999999999,-0.004181,0.865,0.037,-0.035,5413,2.720640855383202,0.1251040381692485,-0.41082710663914135,2611,11769890,122.88,0.00028,0.9872832607319133,0.1011697925292255,0.9985502030119519,0.00028,0.9982706089551086
10153855,K01981.01,1,CANDIDATE,1.0,1.06378861,22.85753,1.61,0.41,-0.25,0.0147319999999999,0.0004769999999999,-0.000852,0.76,0.057,-0.051,5265,1.2253460583941522,0.10009935117697381,-0.10855076165707692,2612,10153855,1.064,0.0045,0.9872832607319133,0.027193185128057972,0.9996399461423573,0.0045,0.9951415663847167
8956206,K02048.01,1,CANDIDATE,1.0,6.17998508,25.766874,2.12,0.14,-0.11,0.024584,0.001065,-0.000645,0.903,0.064,-0.059,5149,2.4295383190284423,0.2018117737886416,-0.17106056896522176,2174,8956206,6.18,2.2e-05,0.9872832607319133,0.021550057248561696,0.9997163101423322,2.2e-05,0.9996943163835091
7265298,K02051.01,1,CANDIDATE,0.862,25.762684600000004,33.93693,2.66,0.43,-0.27,0.022795,0.000463,-0.000707,1.212,0.069,-0.065,5738,3.0236092968160078,0.18276360652307697,-0.18732184821153733,2178,7265298,25.763,4.4e-05,0.9872832607319133,0.012125639564142143,0.9998418981563935,4.4e-05,0.9997979051128746
7265298,K02051.02,2,CANDIDATE,0.995,11.0317836,13.435833,1.45,0.24,-0.14,0.012457,0.000281,-0.001042,1.212,0.069,-0.065,5738,1.6523404698590483,0.1011840883891104,-0.16418280201189478,2179,7265298,11.032,0.001,0.9872832606009696,0.08517085878586415,0.9988008181853735,0.001,0.9978020173671881
8041216,K00237.01,1,CANDIDATE,1.0,8.508333104,76.45331,2.6,0.37,-0.28,0.023076,0.000538,-0.000256,1.133,0.051,-0.049,5767,2.8613691850616663,0.1450504411683869,-0.12775501095716163,69,8041216,8.508,1.2e-05,0.9872832607319133,8.435225545224835e-05,0.9999989134059363,1.2e-05,0.9999869134189754
9351920,K02129.01,1,CANDIDATE,1.0,8.79618433,22.175014,1.77,0.48,-0.17,0.015488,0.000601,-0.000365,0.835,0.065,-0.059,6142,1.4153546337780014,0.12310742489484287,-0.105422883349218,2713,9351920,8.796,0.0002,0.9872832607319133,0.033051229554702924,0.9995597309582691,0.0002,0.9993598190120775
10909127,K02200.01,1,CANDIDATE,1.0,3.17059731,16.098914999999998,1.69,0.18,-0.06,0.0183979999999999,0.00263,-0.002133,0.734,0.039,-0.037,5441,1.477917290523526,0.22539069496646244,-0.18684004609440974,3146,10909127,3.171,0.001,0.9872832607310535,0.057536601662991384,0.9992136539534009,0.001,0.9982144402994475
3661886,K02279.02,2,CANDIDATE,0.998,12.50945798,12.33673,1.54,0.24,-0.21,0.011945,2e-06,-0.001048,1.194,0.054,-0.051,5949,1.5608958880254216,0.07059376513995544,-0.15231303971041657,2813,3661886,12.509,0.0056,0.9872832596844255,0.09720729541551566,0.9986131009564289,0.0056,0.9930208675910728
2439243,K02280.01,1,CANDIDATE,1.0,26.0203329,22.805443,4.53,0.71,-0.87,0.033353,0.005946,-0.002514,0.91,0.06,-0.056,5624,3.3216949897747297,0.6313773450169746,-0.3232207656243465,2814,2439243,26.02,0.00021,0.9872832607319133,0.040474591876133045,0.9994566746201274,0.00021,0.9992467887184572
11824786,K02371.01,1,CANDIDATE,0.996,12.94123564,18.872335,1.7,0.53,-0.17,0.0166289999999999,0.000725,-0.000425,1.149,0.095,-0.086,6119,2.0910750377076393,0.19545581975523652,-0.16538508476289082,3210,11824786,12.941,0.00052,0.987283260731909,0.05003376542414291,0.9993215950433287,0.00052,0.9988019478139062
9364290,K02374.01,1,CANDIDATE,0.994,5.26211833,17.530895,1.95,0.31,-0.41,0.013665,0.002076,-0.0011099999999999,1.166,0.057,-0.054,5576,1.7437797984835137,0.2782939841842336,-0.16305074281017506,3246,9364290,5.262,0.00014,0.9872832607318568,0.05115844364946911,0.9993055233952504,0.00014,0.999165620621975
9364290,K02374.02,2,CANDIDATE,0.998,12.1628195,13.138888,3.14,0.5,-0.66,0.02198,0.0007059999999999,-0.006353,1.166,0.057,-0.054,5576,2.8048503454568334,0.16406461803478467,-0.8210421752064762,3247,9364290,12.163,0.23,0.9872832605027487,0.08924457687844117,0.9987378409949655,0.23,0.7690281375661235
7604328,K02458.01,2,CANDIDATE,0.998,4.35407371,14.586295000000002,1.63,0.39,-0.25,0.016467,0.0028309999999999,-0.001393,0.76,0.059,-0.054,5455,1.3696560917442737,0.2583645198768597,-0.1513115114071371,2949,7604328,4.354,2.6e-05,0.9872832607168381,0.06851635640269564,0.9990525571550629,2.6e-05,0.999026581788577
7375348,K00266.01,1,CANDIDATE,1.0,25.30893566,41.147057,1.77,0.29,-0.28,0.01257,0.001403,-0.00116,1.209,0.051,-0.048,5949,1.6632021364523029,0.19845393469862582,-0.1670873338436993,253,7375348,25.309,7.4e-06,0.9872832607319133,0.005461422946774947,0.9999292676364427,7.4e-06,0.9999218681598623
7604328,K02458.02,1,CANDIDATE,1.0,2.9365879460000004,17.808668,1.77,0.41,-0.28,0.017796,0.002094,-0.002652,0.76,0.059,-0.054,5455,1.480196745532343,0.20866133226541375,-0.24437195684981897,2950,7604328,2.937,0.0003,0.9872832607318798,0.04793399504761398,0.9993514991319049,0.0003,0.9990516936821654
3102384,K00273.01,1,CANDIDATE,1.0,10.573751447,77.65751,2.07,0.05,-0.07,0.017524,1.7e-05,-0.001673,1.076,0.045,-0.043,5720,2.063616403976844,0.08632687517754235,-0.2135755339378844,297,3102384,10.574,0.042,0.9872832607319133,7.636171967166879e-05,0.9999990163448768,0.042,0.9579990576583919
5350244,K02555.01,1,CANDIDATE,0.991,12.5722897,16.728004000000002,1.09,0.19,-0.13,0.008561,0.000516,-0.000449,1.12,0.049,-0.047,6084,1.0493635514724389,0.07815424943480317,-0.07048493184644107,3349,5350244,12.572,0.00012,0.9872832607316594,0.06222349141851882,0.9991453485769732,0.00012,0.999025451135144
5374403,K02556.01,1,CANDIDATE,0.983,40.8366307,15.720275,1.5,0.18,-0.13,0.014897,0.000551,-0.00072,0.866,0.038,-0.036,5529,1.4118877346149006,0.08102695173091365,-0.09000794717514213,3350,5374403,40.837,0.0025,0.9872832607303327,0.10506885193842422,0.9984877682351269,0.0025,0.9959915488145391
7303287,K01353.02,2,CANDIDATE,1.0,34.5439452,18.697369,2.67,0.42,-0.34,0.021969,0.003692,-0.0031079999999999,1.01,0.045,-0.043,5933,2.4283714499433677,0.4221986046263135,-0.35876601677771636,1626,7303287,34.544,0.023,0.9872832607319076,0.07087797119791352,0.9990174096056672,0.023,0.9760400091847369
7303287,K01353.03,3,CANDIDATE,0.343,330.071558,8.542428,2.94,0.46,-0.38,0.024125,0.009852,-0.001664,1.01,0.045,-0.043,5933,2.6666876612446515,1.0954655967979239,-0.21614968291947176,1627,7303287,330.072,0.66,0.9872827040684826,0.9605752947891445,0.686154282688016,0.66,0.23329245611392543
6719086,K01357.01,1,CANDIDATE,1.0,3.014330766,46.91396,2.87,0.6,-0.35,0.027625,0.000991,-0.0004349999999999,0.805,0.066,-0.06,5209,2.4337817081707778,0.21780451890625133,-0.1854039640602786,1630,6719086,3.014,0.026,0.9872832607319133,0.0020162092775143393,0.999973977673919,0.026,0.9739746542543971
11075279,K01431.01,1,CANDIDATE,0.998,345.1589354,180.64433,7.79,1.13,-0.36,0.076581,0.000469,-0.000614,0.954,0.041,-0.039,5597,7.99563321510823,0.3470992282692274,-0.3330925830528474,1959,11075279,345.159,0.73,0.9872832607319133,2.002347529654516e-07,0.9999999974208682,0.73,0.26999999930363444
11014932,K01432.01,1,CANDIDATE,1.0,6.88595222,28.989138,2.68,0.39,-0.31,0.024611,0.000385,-0.005234,0.999,0.053,-0.049,5616,2.6907800823212935,0.14883061377270018,-0.5872683396899431,1960,11014932,6.886,3.6e-05,0.9872832607319133,0.015363790812276417,0.9997990182718806,3.6e-05,0.9997630255072227
11014932,K01432.02,2,CANDIDATE,0.997,15.0549356,14.513995,1.6,0.22,-0.19,0.0146449999999999,0.000705,-0.000531,0.999,0.053,-0.049,5616,1.6011732276459743,0.11470501844160001,-0.09766447487064166,1321,11014932,15.055,0.00012,0.9872832607151499,0.08107632826242894,0.9988635544638765,0.00012,0.9987436908373408
11014932,K01432.03,3,CANDIDATE,0.999,2.92721119,14.135632,1.29,0.18,-0.15,0.011806,0.000554,-0.000498,0.999,0.053,-0.049,5616,1.2907784995280644,0.09142329514339717,-0.08350374629652718,1322,11014932,2.927,2.2e-06,0.9872832606963425,0.0702338483924288,0.9990270136920151,2.2e-06,0.999024815832585
11014932,K01432.04,4,CANDIDATE,0.998,38.2856338,11.1404295,1.77,0.26,-0.2,0.01626,0.001124,-0.000428,0.999,0.053,-0.049,5616,1.7777450789705511,0.15491011812455768,-0.0989594337799666,1323,11014932,38.286,0.00015,0.9872832513401564,0.1573891960184429,0.9975940742973934,0.00015,0.9974444351862488
12418724,K01516.01,1,CANDIDATE,1.0,20.55331441,33.710809999999995,3.19,1.02,-0.34,0.0263009999999999,1.9e-05,-0.002405,1.055,0.085,-0.077,6325,3.0367439613484657,0.24467640988796127,-0.35529193416964694,1645,12418724,20.553,0.005,0.9872832607319133,0.01143092210061018,0.9998510610675138,0.005,0.9948518057621761
7456001,K01517.01,1,CANDIDATE,1.0,40.0686713,47.246983,3.1,0.85,-0.46,0.028574,0.000591,-0.00037,1.153,0.091,-0.082,6026,3.60565195780896,0.2941839913554122,-0.2606454684449655,1646,7456001,40.069,0.0002,0.9872832607319133,0.0035443521846323487,0.9999541844515972,0.0002,0.999754193614707
7549209,K01518.01,1,CANDIDATE,1.0,27.5071114,27.182098,2.58,0.81,-0.26,0.026833,0.001557,-0.0046,1.132,0.1,-0.09,5783,3.3242916072866846,0.35135080278789,-0.6281906561233367,2394,7549209,27.507,0.0068,0.9872832607319133,0.02595013873015582,0.9996568432954763,0.0068,0.992859176761067
5357901,K00188.01,1,CANDIDATE,0.995,3.797018259,1567.476,10.07,0.75,-0.47,0.108759,0.000367,-0.0007639999999999,0.864,0.04,-0.038,5167,10.284007954190786,0.4773745051289328,-0.45803881685491077,468,5357901,3.797,0.00087,0.9872832607319133,2.0612996985796605e-76,1.0,0.00087,0.99913
5470739,K01585.01,1,CANDIDATE,1.0,19.17893976,28.67196,2.4,0.71,-0.22,0.024928,0.0008269999999999,-0.000596,1.096,0.092,-0.083,5767,2.990070620689655,0.26988282040131606,-0.23745482214573957,2015,5470739,19.179,0.00027,0.9872832607319133,0.019353399828138256,0.9997457981333787,0.00027,0.9994758667678827
3967760,K01760.01,1,CANDIDATE,0.677,5.52418625,17.317513,2.25,0.27,-0.29,0.02055,0.000308,-0.001366,0.846,0.046,-0.043,5325,1.9026795258620688,0.10731374190113421,-0.15921183337662087,2112,3967760,5.524,9.4e-05,0.9872832607318285,0.052526784418637756,0.9992859183602774,9.4e-05,0.9991919854839515
3967760,K01760.02,2,CANDIDATE,0.972,8.77514782,10.845035,1.91,0.23,-0.25,0.017427,0.000478,-0.001503,0.846,0.046,-0.043,5325,1.6135277906179208,0.09826389106927995,-0.16152783225996126,2113,3967760,8.775,0.00096,0.9872832428265113,0.10673370372181572,0.9984609410856943,0.00096,0.9975024185822521
11046458,K00214.01,1,CANDIDATE,1.0,3.311864148,436.30713,9.06,1.16,-0.33,0.0885669999999999,0.00112,-0.001394,1.053,0.047,-0.045,5461,10.206662657421962,0.47349936765845607,-0.4648253166094469,569,11046458,3.312,0.15,0.9872832607319133,4.112730326495246e-22,1.0,0.15,0.85
3937519,K00221.02,2,CANDIDATE,1.0,5.89661966,12.109904,1.28,0.26,-0.22,0.0107599999999999,0.000616,-0.000459,0.867,0.039,-0.037,5398,1.0209743336269725,0.07433435908472799,-0.06160576598276117,613,3937519,5.897,0.0017,0.9872832590905731,0.09021240602497137,0.9987227958953114,0.0017,0.9970249671422894
10130039,K01909.01,1,CANDIDATE,0.999,12.75800092,32.72165,1.49,0.23,-0.21,0.012453,0.0003819999999999,-0.000171,1.008,0.043,-0.041,5782,1.373782487540901,0.07218235059635705,-0.058976420292644986,2214,10130039,12.758,9.7e-05,0.9872832607319133,0.011235882009737944,0.9998536312157035,9.7e-05,0.9997566454134755
10130039,K01909.02,2,CANDIDATE,1.0,5.47033376,25.334806,1.15,0.18,-0.16,0.00962,0.000354,-0.000173,1.008,0.043,-0.041,5782,1.061253314875409,0.0597880849525939,-0.04719684590043527,2215,10130039,5.47,6.2e-06,0.9872832607319133,0.022327089319498346,0.9997058475153169,6.2e-06,0.9996996493390623
10130039,K01909.03,3,CANDIDATE,0.987,25.0985083,19.200647,1.59,0.24,-0.23,0.013257,0.001643,-0.001429,1.008,0.043,-0.041,5782,1.4624776710294487,0.19168800212471257,-0.16849343729404234,2216,10130039,25.099,0.018,0.9872832607319111,0.058282507135685155,0.9992028288350255,0.018,0.981217177915995
8226050,K01910.01,1,CANDIDATE,0.995,34.2685741,27.756182,2.44,0.11,-0.2,0.02559,0.003394,-0.001809,0.797,0.035,-0.033,5080,2.2320918561225778,0.31184806394952247,-0.18286417784741843,2251,8226050,34.269,0.00091,0.9872832607319133,0.0271510519400749,0.9996405195801294,0.00091,0.9987308467073116
6862721,K01982.01,1,CANDIDATE,1.0,4.88753111,27.71851,2.45,0.61,-0.2,0.023483,0.001425,-0.000837,0.707,0.063,-0.057,5568,1.8170063603857285,0.19588918690090043,-0.1601685960514853,2613,6862721,4.888,0.0011,0.9872832607319133,0.01708520844717453,0.9997761080883716,0.0011,0.9986763543694744
10094670,K01984.01,1,CANDIDATE,0.991,22.064020000000003,27.015203000000003,2.67,0.91,-0.28,0.022444,0.000314,-0.004028,1.162,0.051,-0.049,6232,2.8542357647873136,0.13148238110615384,-0.5261966389124826,2615,10094670,22.064,0.018,0.9872832607319133,0.024237249786592422,0.9996800566431338,0.018,0.9816858156235573
8257205,K01986.01,1,CANDIDATE,0.993,148.4601819,27.866648,3.61,0.24,-0.17,0.040286,0.005376,-0.004659,0.808,0.037,-0.035,5161,3.5624515356154047,0.5026051342780246,-0.4399423505295172,2650,8257205,148.46,0.014,0.9872832607319133,0.149921062856417,0.9977283710736363,0.014,0.9837601738786054
8257205,K01986.02,2,CANDIDATE,0.989,7.12766417,13.530321,1.21,0.08,-0.06,0.013519,0.00079,-0.000552,0.808,0.037,-0.035,5161,1.195471933425623,0.08875292439023595,-0.0711637538395576,2651,8257205,7.128,0.012,0.9872832606212025,0.07958775014381936,0.9988862240523176,0.012,0.9868995893636898
3248501,K02052.01,1,CANDIDATE,1.0,4.22464216,27.598013,4.31,1.43,-0.47,0.03465,0.03439,-0.006162,1.101,0.103,-0.092,6343,4.175168560439214,4.162207378094319,-0.820373394381955,2180,3248501,4.225,0.17,0.9872832607319133,0.017127932792922015,0.9997755384535223,0.17,0.8298136969164235
3128552,K02055.01,1,CANDIDATE,0.999,8.67890312,29.641619,2.56,0.39,-0.43,0.021018,0.000627,-0.000472,1.003,0.047,-0.044,5510,2.3071497086269814,0.12816062230559783,-0.1137017657933436,2308,3128552,8.679,3e-05,0.9872832607319133,0.01472713998850302,0.9998074711182575,3e-05,0.999777476894124
3128552,K02055.02,2,CANDIDATE,0.986,4.02582434,18.971493,1.79,0.27,-0.3,0.014658,0.000623,-0.000413,1.003,0.047,-0.044,5510,1.6090113440410267,0.1017915357947614,-0.08388966683475944,2309,3128552,4.026,1.9e-05,0.9872832607319095,0.043123596079821,0.999419512171975,1.9e-05,0.9994005232012437
3128552,K02055.03,3,CANDIDATE,1.0,2.50475282,14.726074,1.48,0.22,-0.25,0.01214,0.000589,-0.000413,1.003,0.047,-0.044,5510,1.3326100229675306,0.08988682922629837,-0.07397823165463645,2310,3128552,2.505,0.00058,0.9872832607202854,0.0656688411074388,0.999094700014185,0.00058,0.9985152250881767
4254466,K02134.01,1,CANDIDATE,0.912,42.3006282,20.131565,2.54,0.44,-0.27,0.020615,0.000816,-0.000742,1.126,0.059,-0.055,5852,2.5404180236911653,0.16682515109856855,-0.1541385125432056,2752,4254466,42.301,0.022,0.9872832607319129,0.06877381071812545,0.9990487341609845,0.022,0.9770696620094428
4144576,K02202.01,1,CANDIDATE,1.0,0.8131663570000001,32.833220000000004,1.14,0.1,-0.06,0.011791,0.000561,-0.000217,0.809,0.035,-0.033,5237,1.043957014268185,0.06713415677809663,-0.046717702559851755,3148,4144576,0.813,0.00015,0.9872832607319133,0.009158411851520552,0.9998809443703135,0.00015,0.999730962228658
11073656,K02206.01,1,CANDIDATE,0.999,1.834277283,19.764223,1.64,0.45,-0.2,0.015647,0.000462,-0.000678,0.841,0.068,-0.062,5751,1.4401593024635038,0.12396687340096063,-0.12315233731085712,3152,11073656,1.834,0.03,0.9872832607319124,0.03831545321222384,0.9994868133822696,0.03,0.9695022089808015
9945370,K02285.01,1,CANDIDATE,1.0,37.9456138,21.172686,2.79,0.84,-0.23,0.0295019999999999,0.000999,-0.001007,0.761,0.073,-0.065,5861,2.457081551315119,0.24995318553706977,-0.22600636291158357,2852,9945370,37.946,0.00053,0.9872832607319133,0.05778535276997795,0.9992100458027293,0.00053,0.9986804644784538
8973129,K02286.01,1,CANDIDATE,1.0,24.1738244,17.771389000000003,2.21,0.26,-0.19,0.020897,0.0008449999999999,-0.0009449999999999,0.906,0.047,-0.044,5461,2.0720278862635286,0.13628625940053332,-0.13749872154987425,2853,8973129,24.174,0.0062,0.9872832607318793,0.06663863371232566,0.999080376084409,0.0062,0.9928860777526857
10813132,K02378.01,1,CANDIDATE,0.836,4.76702759,12.08894,1.19,0.31,-0.17,0.0116049999999999,0.000794,-0.0004309999999999,0.885,0.067,-0.06,5629,1.1240143897086488,0.11469662855047506,-0.08688927763966314,3251,10813132,4.767,0.0026,0.9872832590184443,0.08890458249469779,0.9987431184906681,0.0026,0.9961463863825923
9837685,K02461.01,1,CANDIDATE,1.0,13.71218522,20.92898,2.47,0.6,-0.24,0.027248,0.007295,-0.001829,0.76,0.067,-0.061,5550,2.2663745179964763,0.638816420045178,-0.23713504214643702,2953,9837685,13.712,0.0034,0.9872832607319133,0.04075883082094492,0.999452696908576,0.0034,0.9960545577390868
6605493,K02559.01,1,CANDIDATE,1.0,9.30991834,16.452355999999998,1.21,0.2,-0.14,0.010094,6.3e-05,-0.000731,1.129,0.049,-0.047,5806,1.247213198181475,0.05468744522556971,-0.10418214593196792,3353,6605493,9.31,0.00028,0.9872832607314812,0.06091965920790618,0.9991644187046491,0.00028,0.9988846526674119
6946199,K01359.01,2,CANDIDATE,1.0,37.10114179999999,47.76845,3.19,0.88,-0.35,0.034349,0.000266,-0.000959,0.99,0.052,-0.049,5986,3.721626180940095,0.19759249670147094,-0.21148653755277458,1635,6946199,37.101,0.00093,0.9872832607319133,0.00318936045809089,0.9999587878820566,0.00093,0.9990288262093263
6946199,K01359.02,1,CANDIDATE,1.0,104.8205868,74.476715,6.45,1.78,-0.71,0.069522,0.000873,-0.0016,0.99,0.052,-0.049,5986,7.532530651585704,0.406797442184415,-0.4111552987753005,1658,6946199,104.821,0.27,0.9872832607319133,0.000502237906592784,0.9999935276550489,0.27,0.7299952751881856
11288505,K01433.01,1,CANDIDATE,1.0,19.80787763,19.597445,2.08,0.52,-0.18,0.022635,0.001098,-0.000645,0.83,0.071,-0.064,5775,2.056089649666499,0.20219402559339011,-0.16902151270775767,1324,11288505,19.808,0.0006,0.9872832607319122,0.05155168046164214,0.9992998950492028,0.0006,0.9987003151121733
11389771,K01436.01,1,CANDIDATE,1.0,2.508553286,21.959381,1.28,0.36,-0.13,0.013262,0.000557,-0.000285,0.955,0.043,-0.041,5814,1.3861041085137176,0.0853476805472739,-0.0665470025748882,1328,11389771,2.509,1.5e-06,0.9872832607319133,0.03063584271994797,0.9995929227170208,1.5e-06,0.9995914233276367
11389771,K01436.02,2,CANDIDATE,1.0,13.75129636,20.443975,1.66,0.47,-0.16,0.01723,0.000469,-0.000615,0.955,0.043,-0.041,5814,1.8008274611439714,0.0947495953858984,-0.10054329999712842,1329,11389771,13.751,0.00034,0.9872832607319131,0.042932835789712964,0.9994221951907144,0.00034,0.9990823916443495
7663405,K01519.01,1,CANDIDATE,1.0,5.1443645,17.12765,1.55,0.11,-0.15,0.0156919999999999,0.000904,-0.00043,0.859,0.045,-0.043,5148,1.4752136388748964,0.11486921953969659,-0.08418703164638715,2395,7663405,5.144,5e-05,0.9872832607317916,0.05326856759433565,0.9992752667017722,5e-05,0.9992253029384371
7663405,K01519.02,2,CANDIDATE,0.742,57.132855000000006,8.49427,1.81,0.13,-0.17,0.018363,0.001173,-0.001186,0.859,0.045,-0.043,5148,1.726315832950541,0.14261501945016042,-0.14106468887284604,2396,7663405,57.133,0.12,0.9872819187598,0.2535496651765473,0.9956243504093981,0.12,0.8761494283602703
9818462,K01521.01,1,CANDIDATE,1.0,25.9421582,24.828281,1.95,0.16,-0.07,0.022458,0.004078,-0.001127,1.071,0.069,-0.064,5170,2.632352248395419,0.5071854327374765,-0.20541148695214606,2398,9818462,25.942,5.5e-05,0.9872832607319133,0.0325909800287694,0.9995660683965862,5.5e-05,0.9995110922628244
12266636,K01522.01,1,CANDIDATE,0.998,33.3856176,32.242672,2.48,0.7,-0.37,0.0222349999999999,0.003493,-0.000774,1.064,0.08,-0.073,5833,2.589179843317381,0.4509334996848267,-0.19919752067397303,2399,12266636,33.386,0.001,0.9872832607319133,0.016479307577026512,0.9997841811115122,0.001,0.9987843969304008
12266636,K01522.02,2,CANDIDATE,0.958,12.654896,8.532306,1.02,0.28,-0.16,0.0091209999999999,0.000587,-0.000583,1.064,0.08,-0.073,5833,1.0621052102944761,0.10511650217277645,-0.09959332675859092,2400,12266636,12.655,0.00024,0.9872818408855225,0.1411110253216645,0.9978835548165962,0.00024,0.9976440627634402
5360920,K01675.01,1,CANDIDATE,1.0,14.62399621,20.084682,21.92,5.02,-2.02,0.246245,68.33064,-0.053561,0.934,0.09,-0.08,5753,25.17084253570979,6984.669266398015,-5.884138508616649,2456,5360920,14.624,0.98,0.9872832607319129,0.04520252918168808,0.9993902027399472,0.98,0.019987804054798962
7046804,K00205.01,1,CANDIDATE,0.998,11.720123999,749.6936599999999,7.94,1.06,-0.71,0.094404,0.000387,-0.000773,0.846,0.063,-0.057,5215,8.740659754719356,0.6518856942575154,-0.5932427442018251,534,7046804,11.72,0.014,0.9872832607319133,4.255263623853524e-37,1.0,0.014,0.986
10657406,K01837.01,1,CANDIDATE,1.0,34.1732156,39.367767,2.37,0.22,-0.07,0.026045,0.002017,-0.003186,0.784,0.033,-0.031,5201,2.2347239327963755,0.19697444845409168,-0.28729293128382993,2550,10657406,34.173,2.4e-05,0.9872832607319133,0.007662139738421515,0.9999005454857918,2.4e-05,0.9998765478727001
10657406,K01837.02,2,CANDIDATE,1.0,1.682934607,28.915668,1.06,0.09,-0.04,0.011608,0.002872,-0.0009109999999999,0.784,0.033,-0.031,5201,0.9959944485275611,0.24996522044269975,-0.0875265663965965,2551,10657406,1.683,2.6e-05,0.9872832607319133,0.01424882411268894,0.9998138145601405,2.6e-05,0.999787819400962
8226050,K01910.02,2,CANDIDATE,0.949,18.3848331,7.823833500000001,1.15,0.06,-0.09,0.0120819999999999,0.00305,-0.001317,0.797,0.035,-0.033,5080,1.0538543886546603,0.2700321375917709,-0.12288373774140712,2252,8226050,18.385,0.0063,0.9872779107525946,0.16317380011029659,0.9974873373939893,0.0063,0.9912031671684072
9965957,K01911.01,1,CANDIDATE,1.0,5.75321539,30.750694,3.14,0.77,-0.26,0.03095,1.4e-05,-0.0062229999999999,0.74,0.057,-0.052,5445,2.506546863201611,0.1930751821290547,-0.5338741354243838,2253,9965957,5.753,0.0029,0.9872832607319133,0.012451569604946706,0.9998375948896471,0.0029,0.9969380658644671
9704384,K01913.01,1,CANDIDATE,1.0,5.50860699,35.991122999999995,1.49,0.15,-0.12,0.015422,0.0011099999999999,-0.002439,0.894,0.038,-0.036,5448,1.5089042202995218,0.1261279717260901,-0.24624831715619636,2255,9704384,5.509,2.9e-06,0.9872832607319133,0.006987686534068651,0.9999093614865884,2.9e-06,0.9999064617494401
10779233,K01989.01,1,CANDIDATE,0.861,201.118319,21.656965,2.28,0.32,-0.2,0.021853,0.000775,-0.00036,0.982,0.042,-0.039,5646,2.348583520356154,0.13048855381890903,-0.10097963799838595,2654,10779233,201.118,0.00048,0.9872832607319133,0.451014449897618,0.9894181028488591,0.00048,0.9889431821594916
10134152,K02056.01,1,CANDIDATE,1.0,39.3135699,25.298313,2.07,0.59,-0.19,0.020516,0.0006259999999999,-0.00036,0.877,0.067,-0.061,6060,1.9691361238988168,0.1619906374108855,-0.14125511346224456,2311,10134152,39.314,0.028,0.9872832607319133,0.038229604871380954,0.9994880089160654,0.028,0.9715023446664155
9364609,K02137.01,1,CANDIDATE,0.997,14.97436238,21.028004,1.28,0.09,-0.09,0.014655,0.000623,-0.00045,0.831,0.035,-0.034,5311,1.3328163208689905,0.07975892562930999,-0.068180748503951,2757,9364609,14.974,0.0051,0.9872832607319133,0.04113480191771838,0.9994474318514619,0.0051,0.9943502499490194
8233702,K02140.01,1,CANDIDATE,1.0,41.6977582,22.457796,2.26,0.6,-0.21,0.02375,0.000837,-0.000529,0.937,0.076,-0.069,5730,2.4354917371948153,0.21538376847553595,-0.18737242788618158,2760,8233702,41.698,0.038,0.9872832607319133,0.05352910263734847,0.9992715215788425,0.038,0.9612992037588465
10531955,K02208.01,1,CANDIDATE,1.0,2.3445125890000003,20.373524,0.97,0.14,-0.13,0.00784,0.001027,-0.0008039999999999,1.144,0.048,-0.046,5821,0.9815796425874653,0.13501677250467384,-0.10812329901853963,3154,10531955,2.345,0.0028,0.9872832607319131,0.03619826388516761,0.9995162354606172,0.0028,0.9967175900013274
8410415,K02291.01,1,CANDIDATE,0.985,44.2993483,19.371254,2.68,0.22,-0.21,0.026848,0.010782,-0.001527,0.777,0.036,-0.034,5310,2.2830552081550466,0.9229433240637787,-0.16383393719940617,2893,8410415,44.299,0.12,0.9872832607319117,0.07661929444060922,0.9989312125483653,0.12,0.8790594670425614
8321314,K02293.01,1,CANDIDATE,1.0,15.03366411,17.912304000000002,1.7,0.21,-0.08,0.017431,0.0009029999999999,-0.000392,0.855,0.041,-0.038,5520,1.6310672710325949,0.11513985621692033,-0.08124367038993185,2895,8321314,15.034,0.00045,0.9872832607318865,0.05712811909453856,0.9992195748891516,0.00045,0.9987699260804516
9395024,K02383.01,1,CANDIDATE,0.998,4.37033233,15.337785,1.56,0.24,-0.24,0.0120629999999999,0.0006349999999999,-0.000423,1.105,0.062,-0.058,5654,1.4588178258714957,0.11223587665627924,-0.09208688549579085,3289,9395024,4.37,7.1e-05,0.9872832607282865,0.06341885962811507,0.9991278182125961,7.1e-05,0.9990568801375029
4172013,K02386.01,1,CANDIDATE,1.0,16.2707207,14.665428,28.42,4.68,-3.11,0.2092159999999999,7.154314,-0.1599809999999999,1.071,0.079,-0.072,6117,24.522673791089844,838.5750448565291,-18.824058863517187,3292,4172013,16.271,1.0,0.9872832607193773,0.08130215997448809,0.9988601088489667,1.0,0.0
12254378,K02387.01,1,CANDIDATE,0.999,2.032319072,22.259916,1.87,0.61,-0.2,0.016327,0.000638,-0.0004969999999999,1.038,0.093,-0.084,6156,1.8547577819343068,0.18129528735431802,-0.1603636133827865,3293,12254378,2.032,0.00049,0.9872832607319133,0.029442651392852428,0.9996092583482821,0.00049,0.9991194498116914
7375348,K00266.02,2,CANDIDATE,1.0,47.7439509,14.065318,1.74,0.28,-0.28,0.0123489999999999,0.000572,-0.003625,1.209,0.051,-0.048,5949,1.6339604759784667,0.10236678042725612,-0.4840097153829831,254,7375348,47.744,0.049,0.9872832606962071,0.13621018589228404,0.997968880378189,0.049,0.9490684052396576
5436013,K02471.01,1,CANDIDATE,1.0,25.8859397,13.981552,1.66,0.09,-0.16,0.016887,0.000256,-0.003742,0.873,0.039,-0.037,5196,1.6134302779228542,0.07611455977363968,-0.3640016912787602,2997,5436013,25.886,0.0053,0.9872832606873332,0.10038163469205813,0.9985627578479181,0.0053,0.9932703752313242
6837146,K01362.01,1,CANDIDATE,1.0,20.51360192,27.987392,2.58,0.36,-0.23,0.033497,0.005477,-0.002532,0.856,0.066,-0.06,5310,3.1380736600805434,0.5672838732583778,-0.3234921464144549,1663,6837146,20.514,0.0014,0.9872832607319133,0.021290292587579054,0.9997198041314944,0.0014,0.9983201964057103
6936909,K01363.01,1,CANDIDATE,1.0,3.546531809,23.153551,2.18,0.66,-0.23,0.02022,0.0036829999999999,-0.001047,1.234,0.1,-0.09,5993,2.73073631953184,0.5443991678539557,-0.2442523286313664,1664,6936909,3.547,8.1e-05,0.9872832607319133,0.027396165283734196,0.9996371828617272,8.1e-05,0.9995562122499154
6936909,K01363.02,2,CANDIDATE,0.983,5.70070626,11.391634,2.03,0.63,-0.2,0.018897,0.004997,-0.001143,1.234,0.1,-0.09,5993,2.5520635128681097,0.7058295370511606,-0.241811668729974,1665,6936909,5.701,0.0013,0.987283254322567,0.09666160229949412,0.9986217191120406,0.0013,0.997323510877195
8692861,K00172.01,1,CANDIDATE,1.0,13.7223682,82.31395,2.23,0.28,-0.27,0.021681,0.0004089999999999,-0.000171,1.226,0.054,-0.051,5637,2.909063727693179,0.13938905336013124,-0.12316914023724343,428,8692861,13.722,1.4e-07,0.9872832607319133,4.8037758252799756e-05,0.9999993812181185,1.4e-07,0.999999241218205
11389771,K01436.03,3,CANDIDATE,0.98,5.41908491,15.080370000000002,1.38,0.39,-0.13,0.014334,0.003793,-0.000504,0.955,0.043,-0.041,5814,1.4981463045872134,0.4021309678832428,-0.08313643070069955,1330,11389771,5.419,0.00031,0.987283260726023,0.06617492793643298,0.9990872287749684,0.00031,0.998777511734048
11599038,K01437.01,1,CANDIDATE,1.0,7.01733571,12.549701,1.61,0.5,-0.2,0.0152139999999999,0.000267,-0.0010789999999999,1.013,0.085,-0.077,6052,1.6866940500566208,0.14459149645055305,-0.17534855998087076,1331,11599038,7.017,0.00013,0.9872832600211965,0.08775031494814235,0.9987610066377006,0.00013,0.9986311677068378
9573539,K00180.01,1,CANDIDATE,1.0,10.04556377,91.12792,2.19,0.28,-0.1,0.023478,0.000641,-0.000301,0.891,0.038,-0.036,5632,2.289403054775988,0.11593334722480829,-0.09704617334404002,460,9573539,10.046,4.3e-07,0.9872832607319133,1.7080677851657047e-05,0.9999997799879269,4.3e-07,0.9999993499880214
9824805,K01526.01,1,CANDIDATE,1.0,4.4444826,16.398657,1.71,0.5,-0.2,0.0145099999999999,2e-05,-0.00291,1.093,0.093,-0.084,6240,1.735685478699963,0.14770350229982984,-0.37277731603003683,2438,9824805,4.444,9.4e-06,0.9872832607314279,0.05686703624600721,0.9992233565861091,9.4e-06,0.9992139638865571
10028140,K01591.01,1,CANDIDATE,1.0,19.65639342,20.412176,2.83,0.43,-0.22,0.0350829999999999,0.00033,-0.00939,0.763,0.06,-0.054,5288,2.929575648958587,0.23201516357489474,-0.8110529634657414,2093,10028140,19.656,0.15,0.9872832607319131,0.047212390252964136,0.9993617455068631,0.15,0.8494574836808336
5289854,K01593.01,1,CANDIDATE,0.964,9.69501146,16.746252,2.08,0.63,-0.2,0.020883,0.000814,-0.000858,0.892,0.089,-0.08,5896,2.0386430853888746,0.21837831516715966,-0.20111045992479537,2095,5289854,9.695,0.0014,0.9872832607316661,0.05943707878206603,0.9991860390015007,0.0014,0.9977871785468987
5289854,K01593.02,2,CANDIDATE,1.0,15.3825394,15.541253,2.14,0.64,-0.22,0.021393,0.001015,-0.000743,0.892,0.089,-0.08,5896,2.0884303752202364,0.23073399641985895,-0.2008570399998562,2096,5289854,15.383,0.00044,0.9872832607295244,0.0733738986798044,0.9989800683711121,0.00044,0.9985405171410288
5526717,K01677.01,1,CANDIDATE,0.994,52.069002000000005,21.926264,2.92,0.42,-0.52,0.021433,0.000692,-0.000784,1.25,0.068,-0.064,5565,2.9320841657752332,0.1854827373258587,-0.18449942608621667,2458,5526717,52.069,0.051,0.9872832607319133,0.0662845066909568,0.9990856100236201,0.051,0.9481322439124154
7765528,K01840.01,1,CANDIDATE,1.0,7.03932913,39.687874,4.67,0.8,-0.73,0.034474,0.001021,-0.002667,1.17,0.063,-0.059,5847,4.414291358230556,0.27127415796954835,-0.4076448645967591,2555,7765528,7.039,0.41,0.9872832607319133,0.004771432642107931,0.9999382467303669,0.41,0.5899635655709166
7765528,K01840.02,2,CANDIDATE,0.842,9.3888216,7.657936999999999,20.91,3.59,-3.27,0.154393,72.62439,-0.751287,1.17,0.063,-0.059,5847,19.769556351780768,9299.333389633324,-96.20519190812921,2556,7765528,9.389,1.0,0.9872757405803879,0.14646615392386406,0.9977883796398967,1.0,0.0
7779077,K01842.01,1,CANDIDATE,1.0,16.84183355,31.661684,3.08,0.82,-0.45,0.027911,0.0052049999999999,-0.001982,0.833,0.063,-0.057,5602,2.544508194232947,0.5120522899358447,-0.25092680387552097,2558,7779077,16.842,0.031,0.9872832607319133,0.01346920930305604,0.9998241406553575,0.031,0.9688295922950414
10074466,K01917.01,1,CANDIDATE,0.999,35.01190875,27.80376,2.97,0.48,-0.35,0.0235949999999999,0.000528,-0.004284,1.101,0.047,-0.045,5872,2.843090972108596,0.13703176544421183,-0.5291202465803045,2295,10074466,35.012,0.073,0.9872832607319133,0.027331935000713375,0.9996380573886707,0.073,0.9266644791992978
8218379,K01920.01,1,CANDIDATE,1.0,16.57099265,33.874874,2.03,0.43,-0.15,0.023913,0.003286,-0.000883,0.776,0.059,-0.053,5483,2.030856516108734,0.3189384215811436,-0.15767927986758337,2297,8218379,16.571,0.00048,0.9872832607319133,0.010531290146890245,0.9998629075598879,0.00048,0.9993829733642592
6774880,K02062.01,1,CANDIDATE,1.0,34.3511339,24.68519,2.75,0.93,-0.29,0.0260529999999999,0.001076,-0.003602,0.983,0.078,-0.071,6091,2.802816806301902,0.2507225488903826,-0.4372013458187797,3093,6774880,34.351,0.0027,0.9872832607319133,0.03775773740431291,0.9994945763875683,0.0027,0.9967959410313219
6342333,K02065.01,1,CANDIDATE,0.968,80.2321467,21.93725,3.24,0.38,-0.19,0.033375,0.0002279999999999,-0.006342,0.824,0.038,-0.036,5438,3.009760524163101,0.1403142762517561,-0.5868438490741913,3096,6342333,80.232,0.094,0.9872832607319133,0.10076445606831987,0.9985566625065619,0.094,0.9046923362309451
3239671,K02066.01,1,CANDIDATE,0.997,147.97391000000002,23.204792,3.33,0.43,-0.29,0.032114,0.001391,-0.000762,0.841,0.044,-0.041,5578,2.9557918987226275,0.20076299001092981,-0.16026073449255737,3097,3239671,147.974,0.01,0.9872832607319133,0.2264397937147858,0.9962295548843126,0.01,0.9862672593354695
11403339,K02143.01,1,CANDIDATE,0.999,4.79029482,19.510805,1.01,0.11,-0.04,0.011014,0.0001699999999999,-0.000735,0.863,0.038,-0.036,5412,1.0402538301346589,0.04853753897453901,-0.0818664784417384,2796,11403339,4.79,1.8e-05,0.987283260731912,0.041218494569138425,0.9994462592670518,1.8e-05,0.999428269234385
8260902,K02144.01,1,CANDIDATE,0.991,38.6715843,21.972872,2.45,0.83,-0.38,0.024605,0.004088,-0.00255,1.06,0.084,-0.076,5432,2.854385919015857,0.5254241971517049,-0.3597131637238297,2797,8260902,38.672,0.00085,0.9872832607319133,0.0537523079998121,0.9992683114200188,0.00085,0.9984189333553117
10203349,K02212.01,1,CANDIDATE,1.0,17.14648756,24.467686,3.64,0.55,-0.84,0.02359,3.8e-05,-0.0042689999999999,1.099,0.057,-0.054,5556,2.837325027844198,0.1472297640750956,-0.5320508980645999,3193,10203349,17.146,0.0079,0.9872832607319133,0.02949143951640058,0.9996085911920679,0.0079,0.9917116833216506
4248120,K02216.01,1,CANDIDATE,1.0,23.34036251,15.966751,2.21,0.53,-0.36,0.022658,0.00122,-0.000741,0.983,0.079,-0.072,5530,2.437578136766927,0.235802383639795,-0.19552940534774724,3197,4248120,23.34,0.055,0.9872832607308714,0.07917085028454757,0.9988925599033823,0.055,0.9439534691086963
7382313,K02392.01,1,CANDIDATE,0.975,7.42697378,12.343142,1.4,0.19,-0.11,0.013086,0.0005809999999999,-0.0007469999999999,1.051,0.06,-0.056,5580,1.5051961112824062,0.10885732403744619,-0.1175365089031379,3298,7382313,7.427,0.00061,0.9872832596817723,0.09013870271687793,0.9987239428033132,0.00061,0.9981147211982032
6846911,K02477.01,1,CANDIDATE,0.998,14.02634692,15.594649,2.66,0.79,-0.42,0.021529,0.001942,-0.003062,0.993,0.077,-0.07,5970,2.3396805346872642,0.2783102004463434,-0.3713964062768348,3036,6846911,14.026,0.12,0.987283260729746,0.07149674058911262,0.9990081709956705,0.12,0.87912719047619
8247770,K02569.01,1,CANDIDATE,0.427,8.28157072,11.9206705,1.37,0.21,-0.21,0.010655,0.0007019999999999,-0.000505,1.046,0.047,-0.045,5646,1.2197437297067706,0.09727222573567172,-0.0780745669275051,2704,8247770,8.282,0.0007,0.987283258398421,0.0952300236105132,0.9986442806790519,0.0007,0.9979452296825765
7501646,K02572.01,1,CANDIDATE,1.0,6.37705295,15.772048000000002,2.15,0.52,-0.21,0.02038,0.000962,-0.001093,0.86,0.071,-0.065,5672,1.9181655487037501,0.18241726998310387,-0.17776782414249573,2740,7501646,6.377,0.58,0.9872832607303303,0.06251214322261489,0.9991411195225073,0.58,0.4196392701994531
11032227,K01440.01,1,CANDIDATE,0.996,7.19304935,17.257557000000002,1.59,0.49,-0.17,0.014669,0.000654,-0.000443,1.174,0.114,-0.102,6185,1.8847426620626726,0.20138444566652747,-0.17336134116232688,1370,11032227,7.193,6.2e-05,0.9872832607318188,0.054232083051266027,0.999261406124908,6.2e-05,0.9991994519177282
11356260,K01441.01,1,CANDIDATE,0.986,8.50698069,18.6186,1.9,0.53,-0.29,0.017613,0.002787,-0.002036,0.805,0.064,-0.058,5822,1.551717546642965,0.2747862811054238,-0.21136246196236524,1371,11356260,8.507,6.2e-05,0.9872832607319061,0.04798162499241589,0.9993508222674911,6.2e-05,0.9992888625165105
8692861,K00172.02,2,CANDIDATE,0.693,242.467406,18.011978,1.73,0.21,-0.22,0.016782,0.000636,-0.000454,1.226,0.054,-0.051,5637,2.2517368884344324,0.13083852649104727,-0.11173483104929081,429,8692861,242.467,0.0086,0.9872832607319019,0.7045348394153732,0.969286437874554,0.0086,0.9609505745088328
7768451,K01527.01,1,CANDIDATE,0.99,192.667139,23.556185,3.64,0.37,-0.27,0.037986,7.000000000000001e-06,-0.0072,0.938,0.045,-0.043,5401,3.899508379624968,0.1870780081425728,-0.7604366629670949,2439,7768451,192.667,0.18,0.9872832607319133,0.36761899683374794,0.9925122191731034,0.18,0.8138600197219449
7691260,K01528.01,1,CANDIDATE,1.0,3.989544192,22.076683,0.93,0.14,-0.06,0.012443,0.000558,-0.000384,0.852,0.036,-0.034,5229,1.1602408484142963,0.07148805330936488,-0.058530458627201486,2440,7691260,3.99,0.0032,0.9872832607319133,0.030967558696702032,0.9995883741446537,0.0032,0.9963896913473909
10006581,K01595.01,1,CANDIDATE,1.0,40.109781700000006,34.499313,3.11,0.48,-0.54,0.024334,0.000859,-0.0004379999999999,1.224,0.074,-0.069,5504,3.2597055894789833,0.22820802166867998,-0.1928976477203656,2098,10006581,40.11,0.0043,0.9872832607319133,0.014355904106702023,0.999812394996383,0.0043,0.9955132016978986
10004738,K01598.01,1,CANDIDATE,0.986,56.4758069,56.98060600000001,3.22,0.25,-0.14,0.035104,0.000743,-0.004436,0.85,0.037,-0.035,5497,3.2655699219733196,0.15806153411423718,-0.434016390986317,2102,10004738,56.476,0.0038,0.9872832607319133,0.0015811701653994218,0.9999796014244431,0.0038,0.9961796789390301
6034945,K01683.01,1,CANDIDATE,0.997,9.11500269,23.985239,1.78,0.56,-0.23,0.015881,0.003283,-0.000997,0.925,0.07,-0.064,5962,1.6076926790995467,0.353919003932931,-0.15020014347284788,2499,6034945,9.115,0.00015,0.9872832607319133,0.02735908888563669,0.9996376876892445,0.00015,0.9994877420360911
9909735,K01779.01,1,CANDIDATE,1.0,4.66271902,213.7086,3.86,0.64,-0.16,0.037636,0.000416,-0.001999,0.982,0.042,-0.039,5729,4.0448125828089605,0.17867979484694746,-0.2682528709466992,2199,9909735,4.663,0.061,0.9872832607319133,2.040972026141881e-11,0.9999999999997371,0.061,0.9389999999997531
9909735,K01779.02,2,CANDIDATE,1.0,11.8150174,80.44856999999999,3.48,0.58,-0.14,0.033946,0.008013,-0.005753,0.982,0.042,-0.039,5729,3.648241256670022,0.875194088481767,-0.6350357104940229,2200,9909735,11.815,0.099,0.9872832607319133,5.7234817977956996e-05,0.999999262742572,0.099,0.9009993357310574
6152974,K00216.01,1,CANDIDATE,1.0,20.172024672,198.6218,6.24,0.27,-0.55,0.066137,0.000106,-0.001452,0.817,0.036,-0.034,5062,5.91357355985716,0.26074593402855245,-0.27824357462667687,571,6152974,20.172,0.0015,0.9872832607319133,1.391936545865388e-10,0.9999999999982071,0.0015,0.9984999999982098
8218379,K01920.02,2,CANDIDATE,0.847,10.1384691,7.17846,0.74,0.16,-0.05,0.008748,0.000733,-0.000661,0.776,0.059,-0.053,5483,0.7429403589227285,0.08405923959086824,-0.07567088131764313,2298,8218379,10.138,0.01,0.9872646378810306,0.15479575292512188,0.9976374822131099,0.01,0.9876611073909788
9411166,K01922.01,1,CANDIDATE,1.0,1.954525966,35.474197,2.38,0.38,-0.3,0.019224,0.002724,-0.001151,1.166,0.075,-0.07,5739,2.4531593740246667,0.381745561962002,-0.20799700170591384,2300,9411166,1.955,6.3e-05,0.9872832607319133,0.006983194558911155,0.9999094201625353,6.3e-05,0.999846425869065
9411166,K01922.03,2,CANDIDATE,1.0,105.65526509999998,31.695293,4.22,0.66,-0.55,0.033986,0.000495,-0.001041,1.166,0.075,-0.07,5739,4.336926471369242,0.2860239718574054,-0.2922950291601406,2301,9411166,105.655,0.0012,0.9872832607319133,0.05449043171884858,0.9992576848674921,0.0012,0.9980585756456511
4989057,K01923.01,1,CANDIDATE,1.0,7.23400381,30.212036,1.78,0.19,-0.1,0.019155,0.000805,-0.000391,0.879,0.039,-0.037,5411,1.8426993686288695,0.11261173164658524,-0.08620430413457941,2302,4989057,7.234,0.00045,0.9872832607319133,0.01352276330969567,0.9998234318479483,0.00045,0.9993735113036167
10384798,K01997.01,1,CANDIDATE,1.0,38.505224,28.735064,2.45,0.68,-0.24,0.025468,0.003671,-0.001238,0.939,0.071,-0.065,5974,2.6172420488925243,0.4260082917983724,-0.2213806108352055,1999,10384798,38.505,0.00033,0.9872832607319133,0.026131758170681002,0.9996543771713359,0.00033,0.9993244912268693
9834040,K01998.01,1,CANDIDATE,1.0,6.77408984,28.430346000000004,2.5,0.75,-0.33,0.020933,0.000686,-0.000489,0.933,0.083,-0.074,6246,2.1374529947929775,0.20264018978281242,-0.17673024519696143,2000,9834040,6.774,0.00044,0.9872832607319133,0.016297445217805285,0.9997866023050896,0.00044,0.9993466962000754
8802693,K02000.01,1,CANDIDATE,1.0,26.41044199,24.82197,2.45,0.43,-0.19,0.03051,0.0056229999999999,-0.001876,0.796,0.066,-0.059,5448,2.6579005745028947,0.537141919193902,-0.25596896889448584,2002,8802693,26.41,0.00085,0.9872832607319133,0.03285400492249394,0.9995624473953172,0.00085,0.9987128193150312
6035124,K02071.01,1,CANDIDATE,0.9,3.85690686,20.862171,0.93,0.09,-0.04,0.010442,0.000235,-0.000543,0.839,0.036,-0.034,5272,0.9588023843128617,0.04645595685106801,-0.06321110854200904,3135,6035124,3.857,3.5e-05,0.9872832607319133,0.03518585523865149,0.9995302590269415,3.5e-05,0.9994952754678755
9580992,K02217.01,1,CANDIDATE,1.0,37.8034121,15.283957,2.95,0.54,-0.23,0.033027,0.00172,-0.009639,0.764,0.059,-0.053,5329,2.7615056788950416,0.25721912180177925,-0.8284061244000669,3198,9580992,37.803,0.059,0.9872832607282668,0.1049665817729062,0.9984894128113672,0.059,0.9395785374554966
9963265,K02299.01,1,CANDIDATE,1.0,16.48686712,17.792856,27.45,7.49,-3.2,0.23474,70.50918,-0.4704899999999999,1.035,0.089,-0.081,6090,26.58954499590989,7986.738907134716,-53.33410583451681,2903,9963265,16.487,1.0,0.98728326073188,0.05914395920768085,0.999190305462544,1.0,0.0
11403389,K02482.01,1,CANDIDATE,1.0,45.0909201,12.797429,2.44,0.7,-0.24,0.024803,0.000157,-0.006779,0.913,0.073,-0.066,5790,2.478326076374905,0.19877750191112503,-0.7006526637912975,3040,11403389,45.091,0.0056,0.9872832603338438,0.14802009138814454,0.9977621791197098,0.0056,0.9921747109166393
9851662,K02483.01,1,CANDIDATE,0.995,15.0539886,12.717842,1.44,0.25,-0.21,0.016079,0.002531,-0.002688,0.915,0.069,-0.062,5475,1.6101397990341053,0.28103578453522493,-0.2904448393014053,3041,9851662,15.054,0.0001,0.9872832602270462,0.09714113842150207,0.9986141464630041,0.0001,0.9985142850483578
9896018,K02579.01,1,CANDIDATE,0.999,2.7296036,14.404189,1.53,0.26,-0.22,0.011314,0.000125,-0.0007769999999999,1.096,0.063,-0.059,5892,1.3570947931034483,0.07943603196840916,-0.11841992810536135,2746,9896018,2.73,4.7e-06,0.9872832607105222,0.06811659760488244,0.9990584890736189,4.7e-06,0.9990537934987204
9896018,K02579.02,2,CANDIDATE,0.98,3.59645081,12.747314,1.66,0.29,-0.23,0.012319,0.002505,-0.001273,1.096,0.063,-0.059,5892,1.4776428103448278,0.31224486925380945,-0.17217100461548104,2747,9896018,3.596,0.0016,0.9872832602384104,0.08174724246320542,0.9988533130210632,0.0016,0.9972551477202294
6932987,K01366.01,1,CANDIDATE,1.0,19.25404023,38.617783,3.04,0.88,-0.29,0.0296069999999999,0.003578,-0.001003,0.851,0.044,-0.041,5798,2.757448559794226,0.36245468123038627,-0.16240501912998578,1694,6932987,19.254,6e-05,0.9872832607319133,0.006538787474264623,0.9999152225597101,6e-05,0.9998552276463566
6932987,K01366.02,2,CANDIDATE,1.0,54.15583839999999,22.053192000000003,3.88,1.12,-0.38,0.03773,0.001209,-0.00667,0.851,0.044,-0.041,5798,3.5139843334696708,0.21374948116954162,-0.6438669973933685,1695,6932987,54.156,0.11,0.9872832607319133,0.06752631039497829,0.9990672388969215,0.11,0.8891698426182602
7287415,K01369.01,1,CANDIDATE,1.0,3.0161820130000003,27.806568,2.25,0.37,-0.45,0.014736,0.002208,-0.001174,1.011,0.053,-0.05,5613,1.6304753000251697,0.25882671237024285,-0.15289145335265145,1698,7287415,3.016,2.9e-06,0.9872832607319133,0.016423754144754936,0.999784920807659,2.9e-06,0.9997820214313886
6924203,K01370.01,1,CANDIDATE,0.995,6.8833761,24.844032,1.69,0.45,-0.13,0.019546,0.000649,-0.000627,1.101,0.087,-0.079,5679,2.3552047527372264,0.20186868281914505,-0.1851121324583555,1699,6924203,6.883,0.0021,0.9872832607319133,0.0240762050885443,0.9996822349561314,0.0021,0.9975829022627235
7808587,K01533.01,1,CANDIDATE,1.0,6.24145791,26.684687,1.6,0.26,-0.27,0.011618,0.000434,-0.0002569999999999,0.992,0.043,-0.041,5817,1.2613235368738989,0.07217593344359038,-0.0591284218367936,2446,7808587,6.241,0.00019,0.9872832607319133,0.019530909169036485,0.9997434201502413,0.00019,0.9995534689004127
11669125,K01535.01,1,CANDIDATE,0.956,70.6981724,31.932688,1.63,0.22,-0.1,0.017221,0.000549,-0.000341,0.931,0.04,-0.038,5811,1.7546540508903852,0.0938742710224584,-0.0796015236186695,2482,11669125,70.698,3.5e-05,0.9872832607319133,0.03082343454796317,0.999590350793519,3.5e-05,0.9995553651312412
10004738,K01598.02,2,CANDIDATE,1.0,92.8747294,30.277075,2.64,0.21,-0.11,0.0288509999999999,0.000143,-0.004974,0.85,0.037,-0.035,5497,2.6838809770639225,0.11758267836862207,-0.4757235521873678,2103,10004738,92.875,5.5e-05,0.9872832607319133,0.05192073801026595,0.9992946085305654,5.5e-05,0.9992396473270961
10004738,K01598.03,3,CANDIDATE,1.0,13.93068791,12.670836,1.4,0.11,-0.06,0.015266,0.001413,-0.003094,0.85,0.037,-0.035,5497,1.4201284876038256,0.1452556757233317,-0.29370127289565545,2137,10004738,13.931,0.0002,0.9872832601781963,0.09600173391559008,0.9986321278982082,0.0002,0.9984324014726286
10005758,K01783.01,1,CANDIDATE,0.999,134.4785189,163.9393,10.52,1.65,-2.01,0.072121,0.000889,-0.001024,1.166,0.052,-0.05,5791,9.203303537975081,0.42582834920800694,-0.4157234261685087,2240,10005758,134.479,0.73,0.9872832607319133,4.1283397161163117e-08,0.9999999994682476,0.73,0.26999999985642686
10005758,K01783.02,2,CANDIDATE,0.991,284.063137,58.095493000000005,6.36,0.99,-1.22,0.0435889999999999,0.003956,-0.002147,1.166,0.052,-0.05,5791,5.562357675528554,0.5624775621081601,-0.36325834583058586,2241,10005758,284.063,0.85,0.9872832607319133,0.05360100320943047,0.9992704876639202,0.85,0.14989057314958806
9735426,K01849.01,1,CANDIDATE,1.0,8.08801663,39.4025,2.94,0.24,-0.2,0.0307649999999999,0.002642,-0.0028699999999999,0.798,0.037,-0.035,5272,2.6868490402403635,0.26222083226506276,-0.27697083949762225,2601,9735426,8.088,0.011,0.9872832607319133,0.005007835567668387,0.9999351717358494,0.011,0.9889358848467551
10464050,K01851.01,1,CANDIDATE,1.0,4.469754641000001,40.748875,2.26,0.67,-0.23,0.022136,0.000199,-0.0009019999999999,0.917,0.07,-0.063,5988,2.221528746916688,0.170754280795596,-0.1774501280523297,2603,10464050,4.47,0.0034,0.9872832607319133,0.0040726363001981816,0.9999473277396057,0.0034,0.9965475068252911
9662811,K01854.01,1,CANDIDATE,0.99,43.0343364,37.634098,2.5,0.3,-0.18,0.025125,0.001705,-0.003596,0.926,0.039,-0.037,5550,2.54624689702366,0.20336344451833013,-0.37836520998768247,2639,9662811,43.034,0.00019,0.9872832607319133,0.010686027934843596,0.9998608714830202,0.00019,0.9996708979174384
9955598,K01925.01,1,CANDIDATE,0.999,68.95844699999999,27.269234,1.11,0.05,-0.04,0.011473,0.001696,-0.001469,0.898,0.038,-0.036,5455,1.127552535521017,0.17337561653275804,-0.151282557266735,2304,9955598,68.958,0.0076,0.9872832607319133,0.04921507786441327,0.9993332701734494,0.0076,0.9917383373201312
5770074,K01928.01,1,CANDIDATE,0.986,63.038036600000005,38.719246000000005,2.59,0.39,-0.22,0.023298,0.000535,-0.000335,1.088,0.047,-0.045,5798,2.774156719859049,0.1357191677320833,-0.12147598544061373,2305,5770074,63.038,0.64,0.9872832607319133,0.01308925427969824,0.9998291672939553,0.64,0.3599385002258239
10857519,K02075.01,1,CANDIDATE,0.999,2.053341891,27.193575,1.44,0.25,-0.25,0.009704,6.7e-05,-0.002166,1.226,0.054,-0.051,6084,1.3020411610873397,0.058049603299004424,-0.29562867581083774,3141,10857519,2.053,1.0,0.9872832607319133,0.0172869082211389,0.9997734184320373,1.0,0.0
9641481,K02152.01,1,CANDIDATE,0.999,42.1918331,19.753057,2.35,0.32,-0.33,0.0198889999999999,0.000913,-0.0005009999999999,1.223,0.065,-0.061,5522,2.662090774902453,0.18695303833827862,-0.14875053206459243,2842,9641481,42.192,6.2e-05,0.9872832607319126,0.0713836534044671,0.9990098603769317,6.2e-05,0.9989479217655883
6287313,K02221.01,1,CANDIDATE,0.995,10.62788695,19.41287,1.87,0.6,-0.21,0.016923,0.000421,-0.000792,1.246,0.116,-0.104,6082,2.3076973556821043,0.22237996927371181,-0.2208288620053761,3239,6287313,10.628,0.0012,0.9872832607319117,0.04560489032160622,0.9993845153820589,0.0012,0.9981852539636004
8892157,K02224.01,1,CANDIDATE,0.999,3.73090026,21.66317,1.48,0.22,-0.07,0.014249,0.000187,-0.001775,1.238,0.074,-0.069,5706,1.9305830407437705,0.11814699497829012,-0.2634670687757269,3242,8892157,3.731,5e-06,0.9872832607319133,0.03223731121447226,0.9995709341685661,5e-06,0.9995659363138952
10874215,K02305.01,1,CANDIDATE,0.995,31.0325991,14.200886,2.64,0.72,-0.25,0.02592,0.0001409999999999,-0.002134,0.961,0.086,-0.077,5841,2.7261003624465134,0.24440933600285616,-0.3131844939787126,2943,10874215,31.033,0.1,0.9872832607029332,0.10587415202049735,0.998474805293231,0.1,0.8986273247639078
7661065,K02307.01,1,CANDIDATE,1.0,4.150297119,21.589361,3.03,0.26,-0.16,0.032359,0.002963,-0.009847,0.78,0.035,-0.033,5288,2.762314673105965,0.2816734829882976,-0.8486708712963382,2945,7661065,4.15,0.68,0.9872832607319133,0.0327077868246589,0.9995644605882342,0.68,0.3198606273882349
7984574,K02400.01,1,CANDIDATE,1.0,11.6191707,16.516773,2.21,0.63,-0.19,0.024284,0.001082,-0.000986,0.934,0.081,-0.074,5870,2.4822787879436192,0.24202226954850373,-0.22099038833040896,3339,7984574,11.619,0.099,0.9872832607315334,0.06268305225413966,0.9991386142967303,0.099,0.9002238914813541
2142522,K02403.01,1,CANDIDATE,0.757,13.32354078,15.665018,1.32,0.22,-0.14,0.0099049999999999,0.000503,-0.000415,1.194,0.053,-0.051,6113,1.294321789107714,0.08729914239733057,-0.07744213904956353,3342,2142522,13.324,5e-05,0.9872832607300128,0.07023279051048602,0.9990270294570569,5e-05,0.998977078105584
9896018,K02579.03,3,CANDIDATE,0.939,10.30148508,9.271536,1.6,0.27,-0.23,0.011853,0.00047,-0.000774,1.096,0.063,-0.059,5892,1.4217469137931036,0.09928299359202641,-0.12032025719555832,2748,9896018,10.301,0.0002,0.987282908710672,0.12719862864369472,0.9981227886161187,0.0002,0.9979231640583955
11818872,K02581.01,1,CANDIDATE,1.0,12.7372371,11.28038,0.87,0.09,-0.05,0.009176,0.000472,-0.000585,0.893,0.038,-0.036,5420,0.8967849669015856,0.05986801718761421,-0.06764435189776233,2784,11818872,12.737,0.0012,0.9872832529769101,0.10829655735279853,0.9984356696570827,0.0012,0.9972375468534943
10387742,K02583.01,1,CANDIDATE,0.998,3.03267135,12.880582,0.6,0.08,-0.04,0.005931,0.000327,-0.00028,0.964,0.041,-0.039,5640,0.6257320694059904,0.04357117001945515,-0.03890356479638163,2786,10387742,3.033,0.33,0.9872832603479637,0.0799721214801698,0.9988803774517653,0.33,0.6692498528926827
9643874,K01457.01,1,CANDIDATE,1.0,8.027681122999999,459.2871,8.43,2.25,-0.75,0.087025,0.000503,-0.0018149999999999,1.047,0.092,-0.083,5569,9.971814001934936,0.8781179164299003,-0.817406658295302,1421,9643874,8.028,0.0013,0.9872832607319133,3.501416594262978e-23,1.0,0.0013,0.9987
5177104,K01603.01,1,CANDIDATE,1.0,3.02168007,27.30037,1.31,0.39,-0.12,0.012175,0.000256,-0.000439,1.064,0.082,-0.075,6201,1.4177317109237353,0.1132549144583556,-0.11225000239585721,2145,5177104,3.022,1.2e-05,0.9872832607319133,0.01735395831004079,0.9997725240779408,1.2e-05,0.9997605268076518
9886661,K01606.01,1,CANDIDATE,1.0,5.082748362,33.823353000000004,1.4,0.17,-0.05,0.014971,0.000539,-0.000314,0.881,0.038,-0.036,5430,1.4434780173514976,0.08110047825805639,-0.0663004463533096,2182,9886661,5.083,9.6e-05,0.9872832607319133,0.008802255240354747,0.9998856153768145,9.6e-05,0.9997896263577384
6696462,K01693.01,1,CANDIDATE,1.0,3.403743926,48.45203,10.77,2.74,-0.98,0.115663,14.71942,-0.0549809999999999,0.985,0.088,-0.079,5596,12.468497964935187,1586.7572476909015,-6.010734593383468,2542,6696462,3.404,0.99,0.9872832607319133,0.001712305225636156,0.9999779067575996,0.99,0.009999779067576004
6152974,K00216.02,2,CANDIDATE,0.992,7.51854537,14.684393,1.42,0.06,-0.12,0.015061,0.000723,-0.000621,0.817,0.036,-0.034,5062,1.3466642179870374,0.08775110378318665,-0.07889163247518947,572,6152974,7.519,0.0046,0.9872832607195104,0.071152750908119,0.9990133084929912,0.0046,0.9944178472739233
11570749,K01856.01,1,CANDIDATE,0.999,46.2991052,34.45179,4.33,1.59,-1.94,0.0262959999999999,0.000729,-0.000335,0.776,0.033,-0.032,5396,2.233237274603565,0.11336836424986255,-0.09638680081862797,2641,11570749,46.299,0.0057,0.9872832607319133,0.01593373434429859,0.9997914418233713,0.0057,0.9940926306049781
4157325,K01860.01,1,CANDIDATE,1.0,6.31943553,45.591755,2.71,0.39,-0.29,0.024241,1.7e-05,-0.002226,1.005,0.045,-0.043,5670,2.666244968930908,0.1193987448621698,-0.2701079866560062,2645,4157325,6.319,4.8e-05,0.9872832607319133,0.00246124016175238,0.9999682196842994,4.8e-05,0.9999202212097545
10978763,K01931.01,1,CANDIDATE,1.0,4.97760447,27.2562,1.75,0.24,-0.24,0.0156819999999999,0.000138,-0.000908,0.775,0.036,-0.034,5361,1.3301070876856196,0.06288453930083934,-0.09662440147669286,2345,10978763,4.978,0.00012,0.9872832607319133,0.01799067439390873,0.9997640250923528,0.00012,0.9996440534093417
10978763,K01931.02,3,CANDIDATE,0.982,10.55840479,12.907277,1.41,0.2,-0.19,0.012634,0.0005549999999999,-0.000737,0.775,0.036,-0.034,5361,1.071583531808457,0.06851028695799209,-0.07821527394406669,2346,10978763,10.558,9.1e-05,0.9872832603747623,0.08920517465649215,0.9987384528143958,9.1e-05,0.9986475676151897
10978763,K01931.03,2,CANDIDATE,0.967,6.98800953,16.144896,1.39,0.19,-0.19,0.012445,0.000664,-0.0005059999999999,0.775,0.036,-0.034,5361,1.0555530357255223,0.07467232298961148,-0.06313767247583739,2347,10978763,6.988,0.0002,0.9872832607311339,0.0607045916131765,0.999167559242413,0.0002,0.9989677257305645
11069176,K02007.01,1,CANDIDATE,0.999,15.3789014,18.763317,2.94,0.38,-1.04,0.01252,0.000535,-0.000604,1.01,0.043,-0.041,5818,1.3839141769443744,0.0834783586966735,-0.08725517449540592,2044,11069176,15.379,0.0072,0.9872832607319081,0.05254750482609712,0.9992856210513893,0.0072,0.9920907645798193
11069176,K02007.02,2,CANDIDATE,0.974,21.1285655,15.73313,2.88,0.36,-1.02,0.012237,0.0005679999999999,-0.000724,1.01,0.043,-0.041,5818,1.3526324108041783,0.08519510597298004,-0.0970541281047711,2045,11069176,21.129,0.0024,0.9872832607302803,0.07843523458411517,0.9989037254518381,0.0024,0.9965063565107538
2449431,K02009.01,1,CANDIDATE,0.936,86.74908070000001,29.13543,2.23,0.31,-0.22,0.021098,0.000723,-0.000361,1.106,0.049,-0.046,5579,2.5537587672413795,0.14303709581568652,-0.1148513491323753,2047,2449431,86.749,0.023,0.9872832607319133,0.053245151860046656,0.9992756031958689,0.023,0.9762922643223639
9517393,K02076.01,2,CANDIDATE,0.992,56.7769831,25.147776,3.21,0.8,-0.34,0.0290589999999999,0.003776,-0.001835,1.031,0.059,-0.055,6063,3.278859337292337,0.46555040724322533,-0.2710452150947826,3142,9517393,56.777,0.011,0.9872832607319133,0.05094781007910559,0.9993085362471943,0.011,0.9883161423484751
9517393,K02076.02,1,CANDIDATE,1.0,219.3215562,55.7129,6.11,1.52,-0.65,0.055313,0.00049,-0.00062,1.031,0.059,-0.055,6063,6.241217747467279,0.36141396400988984,-0.34021589341240344,3143,9517393,219.322,0.015,0.9872832607319133,0.025081774000456376,0.9996686217088013,0.015,0.9846735923831693
10864531,K02080.01,1,CANDIDATE,0.526,83.4887405,18.74674,2.95,0.93,-0.31,0.028709,0.000634,-0.001146,0.928,0.081,-0.073,5910,2.915744715328467,0.2625185582610547,-0.25720476069405857,3181,10864531,83.489,0.0011,0.9872832607319088,0.1438744315035089,0.9978353875782299,0.0011,0.9967377686518938
12116380,K02155.01,1,CANDIDATE,1.0,4.3394569,27.19655,2.11,0.29,-0.29,0.019041,0.002636,-0.002527,0.808,0.038,-0.036,5325,1.6837769867858041,0.246182375285273,-0.23571677430640878,2846,12116380,4.339,2.5e-05,0.9872832607319133,0.01792397987883041,0.9997649158578643,2.5e-05,0.9997399217349678
5211199,K02158.01,1,CANDIDATE,0.944,4.5620407,20.322367,2.82,0.53,-0.98,0.010314,2.6e-05,-0.00211,0.936,0.04,-0.037,5332,1.0565411862572365,0.04522981788629444,-0.22014140005052965,2882,5211199,4.562,0.00072,0.9872832607319131,0.037681609119863485,0.999495635340905,0.00072,0.9987759984834595
5211199,K02158.02,2,CANDIDATE,1.0,6.68231249,10.110915,2.09,0.39,-0.72,0.007642,0.000278,-0.001592,0.936,0.04,-0.037,5332,0.7828279760885981,0.043933574856828785,-0.16599063515411708,2883,5211199,6.682,0.0014,0.9872831882834353,0.11130667609968661,0.9983867346888474,0.0014,0.9969889932602831
8804455,K02159.01,2,CANDIDATE,0.898,7.5966998,18.528349,1.32,0.2,-0.17,0.011117,0.00214,-0.000847,0.989,0.042,-0.04,5716,1.2032818138214196,0.23719895113427766,-0.10379411249171479,2884,8804455,7.597,8.4e-06,0.9872832607319048,0.047761788557795615,0.9993539457762602,8.4e-06,0.9993455512031157
11520459,K02226.01,1,CANDIDATE,1.0,8.46354384,21.742273,2.51,0.57,-0.29,0.025894,0.000831,-0.0011619999999999,0.871,0.07,-0.064,5427,2.4683159768751572,0.21360331595662552,-0.21251780855336408,3244,11520459,8.464,0.052,0.9872832607319133,0.03443401032379728,0.9995406543176263,0.052,0.9475645402931097
10600955,K02227.01,1,CANDIDATE,0.485,65.6480892,18.524363,3.93,0.57,-0.69,0.0288959999999999,0.000283,-0.006682,0.76,0.037,-0.034,5580,2.403448255726143,0.11935413104346757,-0.5660860328041166,3278,10600955,65.648,0.0046,0.9872832607319061,0.11418005152380277,0.9983397298043967,0.0046,0.9937473670472964
2854181,K02232.01,1,CANDIDATE,1.0,101.1323475,23.235922,3.87,0.5,-0.41,0.0348529999999999,0.001522,-0.000763,0.922,0.05,-0.047,5492,3.5168556500440378,0.24486707685449632,-0.19510861072462565,3283,2854181,101.132,0.074,0.9872832607319133,0.11997863921218371,0.9982439183236262,0.074,0.924373868367678
10010440,K02309.01,1,CANDIDATE,0.971,53.5991459,19.289253,2.49,0.78,-0.26,0.022119,0.004207,-0.001184,1.016,0.082,-0.074,6319,2.4594763580417816,0.5081622586301718,-0.2223100118635869,2947,10010440,53.599,0.00015,0.9872832607319115,0.08874906159680743,0.9987455314598322,0.00015,0.9985957196301133
11718144,K02310.01,1,CANDIDATE,1.0,16.4581861,20.33015,1.82,0.23,-0.09,0.018826,0.000948,-0.000612,0.922,0.043,-0.041,5476,1.8996449220362444,0.1303825676462976,-0.10463986528082699,2981,11718144,16.458,0.099,0.9872832607319131,0.04531871350170057,0.9993885609717287,0.099,0.9004490934355276
10132832,K02313.01,1,CANDIDATE,1.0,16.07673148,16.923792000000002,2.14,0.66,-0.22,0.020172,0.001031,-0.000637,1.107,0.09,-0.082,5957,2.443880893342562,0.2346902009708126,-0.19679183644585532,2983,10132832,16.077,0.0017,0.9872832607317399,0.06431686916341114,0.9991146192218145,0.0017,0.9974161243691374
3219995,K02314.01,1,CANDIDATE,1.0,18.87058705,24.992212,2.67,0.85,-0.28,0.025771,0.000283,-0.003443,1.072,0.088,-0.079,6103,3.0234967905864583,0.2504084121495967,-0.4613157829234568,2984,3219995,18.871,0.082,0.9872832607319133,0.028646421117112162,0.9996201369764701,0.082,0.9176512857443996
6062929,K02315.01,1,CANDIDATE,0.994,22.1334224,14.530282,1.76,0.24,-0.13,0.022996,0.001555,-0.000686,0.866,0.073,-0.066,5165,2.1794838118550213,0.23552825775992836,-0.17837508185091583,2985,6062929,22.133,0.15,0.9872832607159887,0.08992233196539981,0.9987273086355152,0.15,0.8489182123401878
6429812,K02408.01,1,CANDIDATE,0.998,94.289223,17.739546,2.11,0.29,-0.08,0.021415,0.0055049999999999,-0.001134,0.928,0.04,-0.038,5619,2.174951167883212,0.5669042395180244,-0.1455891972617688,3381,6429812,94.289,0.0089,0.9872832607318839,0.1828924702877788,0.9971169604068632,0.0089,0.9882426194592421
9229657,K02491.01,1,CANDIDATE,1.0,2.66831274,20.38139,1.48,0.37,-0.13,0.015027,0.000538,-0.000535,0.866,0.075,-0.068,5806,1.4242086989365719,0.13346772697812098,-0.12278990958831495,3084,9229657,2.668,9.5e-05,0.9872832607319131,0.036351886917079225,0.9995141049478266,9.5e-05,0.9994191511078565
7673841,K02585.01,1,CANDIDATE,0.989,5.34182466,15.339475,0.95,0.14,-0.17,0.007643,0.000381,-0.000229,1.16,0.05,-0.047,5767,0.9702983759124086,0.0639432036657907,-0.04889544935909071,2788,7673841,5.342,9.5e-05,0.9872832607283082,0.06435195321756454,0.9991141030400538,9.5e-05,0.9990191872002651
7673841,K02585.02,2,CANDIDATE,1.0,10.42317343,8.874426,1.07,0.15,-0.19,0.008625,0.004353,-0.000956,1.16,0.05,-0.047,5767,1.0949657846715328,0.5546362265132235,-0.12922118431478022,2789,7673841,10.423,0.64,0.9872825136531531,0.13237447851053114,0.998034686765165,0.64,0.3592924872354594
7673841,K02585.03,3,CANDIDATE,0.953,7.87845756,8.068526,0.78,0.11,-0.14,0.00628,0.0001629999999999,-0.000609,1.16,0.05,-0.047,5767,0.7972620437956204,0.040114172745776194,-0.08379108329690534,2790,7673841,7.878,0.026,0.9872797927590417,0.1379450229258885,0.9979383021835265,0.026,0.9719919063267548
9827149,K02586.01,1,CANDIDATE,1.0,2.131945045,19.880470000000003,1.66,0.5,-0.17,0.014975,0.000612,-0.000433,0.849,0.07,-0.063,5845,1.3914191523250692,0.128042284644054,-0.11081186632933993,2791,9827149,2.132,9.1e-06,0.9872832607319126,0.038021471350547384,0.9994909065214559,9.1e-06,0.9994818111542065
7211221,K01379.01,1,CANDIDATE,1.0,5.62154315,29.15205,1.37,0.17,-0.12,0.013022,0.001892,-0.0011279999999999,1.015,0.043,-0.041,5637,1.44652914689781,0.21892198539049562,-0.13825643723011996,1730,7211221,5.622,3.3e-05,0.9872832607319133,0.014791186960915517,0.9998066212574725,3.3e-05,0.9997736276389712
12120943,K01458.01,1,CANDIDATE,0.978,8.98128472,149.7421,7.19,1.95,-0.78,0.064401,0.00075,-0.001249,1.201,0.122,-0.108,5977,8.464846245862697,0.8655084868484738,-0.7787036682680316,1456,12120943,8.981,0.00024,0.9872832607319133,2.5771387086106726e-08,0.9999999996680506,0.00024,0.9997599996681303
5282049,K01545.01,1,CANDIDATE,0.926,5.910371418,876.2924,12.62,3.84,-1.28,0.120663,4.4e-05,-0.0001139999999999,1.094,0.095,-0.086,6200,14.446907644632521,1.2545414323200137,-1.1357621437009704,2492,5282049,5.91,0.00023,0.9872832607319133,3.2384971370234754e-43,1.0,0.00023,0.99977
5283458,K01547.01,1,CANDIDATE,1.0,30.69395532,311.83298,13.72,4.37,-1.45,0.123454,0.000762,-0.000305,0.872,0.083,-0.075,6137,11.78162259023408,1.1237712715447605,-1.0137455866173732,2528,5283458,30.694,0.043,0.9872832607319133,6.068083725653047e-16,1.0,0.043,0.957
10055126,K01608.01,1,CANDIDATE,1.0,9.17617167,29.118622,1.66,0.26,-0.24,0.01313,0.000393,-0.000295,1.157,0.051,-0.049,5903,1.6625761290271834,0.08858419846435105,-0.07970650455405642,2184,10055126,9.176,7e-07,0.9872832607319133,0.015714442565111564,0.9997943579802759,7e-07,0.9997936581242254
10055126,K01608.02,2,CANDIDATE,0.998,19.7383992,15.556038,1.61,0.26,-0.23,0.01279,0.002089,-0.000996,1.157,0.051,-0.049,5903,1.619523891108734,0.27398175539187275,-0.14356196635228405,2185,10055126,19.738,9.9e-05,0.9872832607296196,0.07821675182103434,0.9989070382615622,9.9e-05,0.9988081464647743
10055126,K01608.03,3,CANDIDATE,0.96,232.040326,12.50597,2.05,0.33,-0.29,0.016278,0.000414,-0.001083,1.157,0.051,-0.049,5903,2.0611892024603575,0.10489501613152542,-0.1625603074509104,2186,10055126,232.04,0.1,0.9872832603288924,0.7858434031781112,0.9527351197107297,0.1,0.8574616077396567
5009743,K01609.01,1,CANDIDATE,0.996,41.6980186,36.333233,2.03,0.31,-0.14,0.019191,0.000535,-0.0002819999999999,1.041,0.047,-0.044,5997,2.186410934227913,0.11601554974193222,-0.0978386189523416,2187,5009743,41.698,4.3e-05,0.9872832607319133,0.012056578024058595,0.999842809613981,4.3e-05,0.9997998163731675
6504954,K01790.01,1,CANDIDATE,0.999,130.3543929,112.924736,7.7,2.53,-0.84,0.06946,0.0035859999999999,-0.003026,1.09,0.09,-0.082,5970,8.285996252831612,0.8068934505662979,-0.7203259297081043,2249,6504954,130.354,0.0011,0.9872832607319133,1.0856179619008627e-05,0.9999998601650509,0.0011,0.9988998603188693
4157325,K01860.02,2,CANDIDATE,1.0,12.20951755,32.03609,2.61,0.37,-0.28,0.023354,0.00261,-0.00208,1.005,0.045,-0.043,5670,2.568684666656179,0.3092549823985098,-0.25380682831498025,2646,4157325,12.21,0.00034,0.9872832607319133,0.012003448141681495,0.9998435107226629,0.00034,0.9995035639290172
4157325,K01860.03,3,CANDIDATE,1.0,3.07644709,22.377825,1.61,0.23,-0.17,0.0144199999999999,0.002262,-0.001063,1.005,0.045,-0.043,5670,1.586042343632005,0.25873243877080954,-0.13518489949312912,2647,4157325,3.076,6.4e-06,0.9872832607319133,0.029555531219345024,0.9996077146641665,6.4e-06,0.9996013171747927
3648437,K01861.01,1,CANDIDATE,1.0,17.50441726,38.407654,3.56,0.53,-0.73,0.0245349999999999,0.0007,-0.000308,1.047,0.047,-0.045,5815,2.811358305515342,0.14953481988568051,-0.1258806114357998,2683,3648437,17.504,0.001,0.9872832607319133,0.006504961633152683,0.9999156639939129,0.001,0.9989157483299189
7286173,K01862.01,1,CANDIDATE,0.359,56.4349933,39.83727,2.37,0.32,-0.28,0.021706,0.000675,-0.00032,0.964,0.042,-0.04,5534,2.290025341177951,0.12258073637586955,-0.10084107256661337,2684,7286173,56.435,0.0073,0.9872832607319133,0.0104182889373613,0.999864394054571,0.0073,0.9925653839779726
9595827,K00217.01,1,CANDIDATE,0.999,3.905081685,1576.37,12.78,0.85,-0.52,0.13191,0.000883,-0.000227,0.868,0.043,-0.04,5543,12.530860671406996,0.6264100028879608,-0.5778615075720348,573,9595827,3.905,0.025,0.9872832607319133,7.72564514758841e-77,1.0,0.025,0.975
11126381,K01863.01,1,CANDIDATE,1.0,33.7888028,31.054008000000003,2.71,0.89,-0.3,0.023375,0.00066,-0.000483,1.117,0.049,-0.047,6202,2.8575132200950164,0.14907319707136543,-0.133951156198955,2685,11126381,33.789,0.0042,0.9872832607319133,0.018870603190973435,0.9997522615092771,0.0042,0.9955533020109382
9072190,K01933.01,1,CANDIDATE,0.999,49.1011093,34.77833,3.28,0.77,-0.56,0.027082,0.003671,-0.000963,1.017,0.053,-0.05,5402,3.014290760414044,0.43774753819753354,-0.18289415457117034,2383,9072190,49.101,0.001,0.9872832607319133,0.016082798099601534,0.9997894588213643,0.001,0.9987896693625429
10864531,K02080.02,2,CANDIDATE,1.0,34.0607677,17.713583,2.96,0.94,-0.31,0.0288819999999999,0.003842,-0.002842,0.928,0.081,-0.073,5910,2.9333149489050996,0.4667011308914684,-0.369535155149068,3182,10864531,34.061,0.015,0.9872832607318764,0.07781299065895121,0.9989131562793815,0.015,0.9839294589351908
6383785,K00239.01,1,CANDIDATE,1.0,5.640676975,127.45385,4.59,0.76,-0.69,0.034594,0.000677,-0.000453,1.123,0.058,-0.054,5798,4.25171350890385,0.23482513810719433,-0.21189093866046957,73,6383785,5.641,0.00074,0.9872832607319133,2.8676628968769907e-07,0.9999999963062949,0.00074,0.9992599963090283
9205938,K02162.01,1,CANDIDATE,1.0,108.593113,20.233814,1.68,0.21,-0.21,0.016727,0.000707,-0.000466,0.922,0.041,-0.039,5678,1.6878445028630757,0.10355101931103233,-0.08548840230012898,2888,9205938,108.593,0.00013,0.9872832607319131,0.1765422314122987,0.9972385239954487,0.00013,0.9971088829873292
9205938,K02162.02,2,CANDIDATE,0.92,199.66876,11.090614,1.45,0.18,-0.18,0.014438,0.000867,-0.000597,0.922,0.041,-0.039,5678,1.4568720590863329,0.1088609891627637,-0.0861773100205995,2889,9205938,199.669,0.0012,0.9872832542568059,0.7185196465775459,0.9671205323494552,0.0012,0.9659599877106358
2854181,K02232.02,2,CANDIDATE,0.999,12.834857,9.294816,1.73,0.22,-0.19,0.015581,0.000956,-0.001298,0.922,0.05,-0.047,5492,1.5722069228857285,0.12874388054105285,-0.15355041550284731,3284,2854181,12.835,0.073,0.9872829263653503,0.1315440661456868,0.9980489471457422,0.073,0.9251913740041031
10723367,K02236.01,1,CANDIDATE,1.0,19.986591600000004,19.336584,4.22,0.69,-0.84,0.031224,0.000778,-0.007722,0.898,0.059,-0.055,5500,3.0686568786810975,0.21562721343021377,-0.7818353583270747,3288,10723367,19.987,0.097,0.9872832607319115,0.05312536990101604,0.9992773242533949,0.097,0.9023474238008156
10723367,K02236.02,2,CANDIDATE,0.959,12.12580644,11.8480015,2.5,0.41,-0.5,0.018511,0.002997,-0.002301,0.898,0.059,-0.055,5500,1.8192386459539391,0.3178700539419684,-0.2520996268499876,3322,10723367,12.126,0.0025,0.9872832580833366,0.10147938336509463,0.9985452650996112,0.0025,0.9960489019368622
10684670,K02317.01,1,CANDIDATE,0.996,3.78861833,14.822822,1.23,0.18,-0.14,0.010833,0.000523,-0.000492,1.07,0.049,-0.046,5556,1.268574497703247,0.08441437410612757,-0.07933288466594729,2987,10684670,3.789,0.0053,0.9872832607222698,0.06629599255864758,0.9990854403259762,0.0053,0.9937902874922486
9003401,K02319.01,1,CANDIDATE,0.998,21.1033014,17.391918,1.56,0.27,-0.14,0.012695,0.0006349999999999,-0.000368,1.234,0.054,-0.051,6000,1.7144756467090358,0.1139438839908754,-0.08654925706665817,2989,9003401,21.103,0.075,0.9872832607318429,0.06614426822429369,0.9990876816278685,0.075,0.9241561055057784
5978559,K02321.01,1,CANDIDATE,0.99,95.6114617,17.0924,2.37,0.38,-0.13,0.020097,0.000877,-0.000576,0.995,0.052,-0.05,5993,2.1884557458941605,0.14900073421628163,-0.12660252135379493,2991,5978559,95.611,0.0013,0.9872832607318132,0.1971865565187807,0.9968362900530066,0.0013,0.9955404028759377
5978559,K02321.02,2,CANDIDATE,0.619,36.2530992,7.548021,1.43,0.23,-0.08,0.012116,0.000895,-0.001954,0.995,0.052,-0.05,5993,1.3193675582053863,0.11938572249452042,-0.22287005821615888,3025,5978559,36.253,0.87,0.9872746901245637,0.2117793271272614,0.9965368914368329,0.87,0.12954979588678828
5383248,K00261.01,1,CANDIDATE,1.0,16.23847733,177.37422,2.76,0.42,-0.24,0.025459,0.000265,-0.0020329999999999,0.945,0.04,-0.038,5683,2.6330348372608854,0.11477157582703447,-0.23541184794402076,247,5383248,16.238,0.00026,0.9872832607319133,1.3673004114829466e-09,0.9999999999823884,0.00026,0.9997399999823929
5621586,K02415.01,1,CANDIDATE,1.0,5.25419589,22.985737,2.12,0.69,-0.22,0.019706,0.00077,-0.000442,1.027,0.097,-0.087,6123,2.2148910982569845,0.22639159316972654,-0.19409503006876078,2728,5621586,5.254,2.7e-05,0.9872832607319133,0.028657443038638524,0.9996199865093716,2.7e-05,0.9995929967697358
9210387,K02416.01,1,CANDIDATE,1.0,5.90608902,11.781019,1.77,0.55,-0.19,0.016855,0.001118,-0.000732,0.948,0.084,-0.076,5966,1.7487210983513717,0.1935561468182352,-0.15944206077203546,2729,9210387,5.906,0.00077,0.9872832576701911,0.09325207116509239,0.9986753351469736,0.00077,0.9979063551389104
6765135,K02592.01,1,CANDIDATE,0.994,175.603366,12.113426,2.87,0.95,-0.32,0.026036,0.000133,-0.006249,1.177,0.099,-0.09,6225,3.3537769947772467,0.2826131490285091,-0.8448165160749073,2830,6765135,175.603,0.037,0.9872832597334326,0.6080187631807398,0.9800204487016948,0.037,0.9437596920997321
9480310,K01470.01,1,CANDIDATE,1.0,15.43400996,51.55364,4.3,1.27,-0.43,0.04136,0.003111,-0.002676,0.963,0.089,-0.08,5900,4.359034164359426,0.5194215981277874,-0.45899117314438576,1501,9480310,15.434,0.0017,0.9872832607319133,0.001478215245336168,0.999980931605601,0.0017,0.9982809640218714
9651668,K00183.01,1,CANDIDATE,0.995,2.684328541,2803.75,12.73,1.6,-1.45,0.121923,4.6e-05,-8.499999999999999e-05,0.99,0.046,-0.044,5561,13.21004480068588,0.6138202957785116,-0.5871853287695454,463,9651668,2.684,0.0013,0.9872832607319133,9.060319758799147e-136,1.0,0.0013,0.9987
7386827,K01704.01,1,CANDIDATE,1.0,10.4188915,36.838640000000005,3.17,0.93,-0.57,0.027287,0.001384,-0.003647,0.851,0.065,-0.059,5692,2.541375311619053,0.2330116410976607,-0.38264289548910696,2587,7386827,10.419,0.025,0.9872832607319133,0.006892280298200344,0.9999106076062927,0.025,0.9749128424161354
7626370,K01706.01,1,CANDIDATE,1.0,1.921437488,40.189835,1.77,0.41,-0.24,0.019017,0.000574,-0.003352,0.827,0.036,-0.034,5238,1.7211985505757612,0.09117444637866318,-0.3115274287319346,2589,7626370,1.921,4.9e-05,0.9872832607319133,0.004156058874052768,0.9999462443151661,4.9e-05,0.9998972469491947
7703955,K01707.01,1,CANDIDATE,0.998,96.109323,21.122614,4.01,0.54,-0.54,0.0365329999999999,0.0009539999999999,-0.008185,1.049,0.058,-0.055,5792,4.194153111140813,0.2564605739065368,-0.9650628605854865,2590,7703955,96.109,0.12,0.9872832607319133,0.13695206818338465,0.9979560622146707,0.12,0.8782013347489103
7703955,K01707.02,2,CANDIDATE,0.995,265.47847,15.090573,4.2,0.57,-0.57,0.038304,0.099656,-0.008892,1.049,0.058,-0.055,5792,4.397471895796627,11.443541374459572,-1.0465549267251986,2591,7703955,265.478,0.49,0.9872832607291882,0.825122326676184,0.9392259798374297,0.49,0.4790052497170892
7750419,K01708.01,1,CANDIDATE,1.0,32.7737631,18.888723,5.0,0.78,-1.17,0.029843,0.0010689999999999,-0.008458,1.225,0.06,-0.057,5640,4.000939859284546,0.24277925287693106,-1.1491130898335653,2592,7750419,32.774,0.67,0.9872832607319093,0.06766064181072752,0.999065248677406,0.67,0.32969153206354396
9520838,K01866.01,1,CANDIDATE,1.0,105.3035093,29.1751,3.18,0.38,-0.19,0.033268,0.00122,-0.000535,0.908,0.044,-0.041,5534,3.3059478386609613,0.20090315556850666,-0.15846203948172996,2688,9520838,105.304,0.0026,0.9872832607319133,0.07037458128131419,0.9990249164560169,0.0026,0.9964274516732312
7045496,K01939.01,1,CANDIDATE,1.0,13.47472742,29.437103000000004,1.96,0.33,-0.15,0.02444,0.001051,-0.0007099999999999,0.839,0.067,-0.06,5395,2.244122799521772,0.20354104208545,-0.1732217958044434,2389,7045496,13.475,0.0012,0.9872832607319133,0.016260041769048744,0.9997871001585495,0.0012,0.9985873556383593
2832589,K01942.01,1,CANDIDATE,1.0,10.84969477,34.495014000000005,2.67,0.38,-0.21,0.031398,0.003218,-0.001247,0.863,0.068,-0.061,5251,2.9654884473005283,0.38337424175737267,-0.24043388053553552,2392,2832589,10.85,0.0036,0.9872832607319133,0.008974229804079385,0.9998833603435291,0.0036,0.9962837802462924
2832589,K01942.02,2,CANDIDATE,1.0,2.4337034980000003,7.266451400000001,1.66,0.24,-0.12,0.019596,0.010984,-0.004758,0.863,0.068,-0.061,5251,1.8508093385980366,1.0476204944292105,-0.4680399318362001,2393,2832589,2.434,0.34,0.987267144250187,0.13796055972318422,0.9979359560227724,0.34,0.6586377309750298
8750043,K02017.01,1,CANDIDATE,1.0,2.29503515,28.85266,1.18,0.16,-0.08,0.011933,0.00098,-0.000565,0.87,0.037,-0.035,5637,1.1361936268248174,0.10507943293511494,-0.07059272150974272,2090,8750043,2.295,0.00086,0.9872832607319133,0.014488383532134046,0.9998106382844285,0.00086,0.9989508011355039
6226290,K02019.01,1,CANDIDATE,1.0,14.08826442,26.002214,2.66,0.77,-0.26,0.027205,0.00089,-0.000653,0.923,0.08,-0.072,5853,2.7481085727881953,0.2545912583733206,-0.22428935704378214,2126,6226290,14.088,0.00086,0.9872832607319133,0.023822027689791664,0.9996856715326128,0.00086,0.9988259418550948
6922710,K02087.01,1,CANDIDATE,0.997,23.1274171,25.366087,1.44,0.23,-0.13,0.012395,0.002267,-0.001016,1.014,0.042,-0.04,5865,1.3755232697269064,0.2579489173624729,-0.1251269931407922,3224,6922710,23.127,8.3e-06,0.9872832607319133,0.029432530388089965,0.9996093967401877,8.3e-06,0.9996010999821948
6383785,K00239.02,2,CANDIDATE,0.997,3.62275506,17.353693,1.62,0.27,-0.24,0.012192,0.000586,-0.000305,1.123,0.058,-0.054,5798,1.4984358877422603,0.10571811396804597,-0.08122067647883603,74,6383785,3.623,0.00039,0.9872832607318337,0.050816565979215036,0.9993104128550737,0.00039,0.9989206817940602
7204981,K02164.01,1,CANDIDATE,1.0,5.123320400000001,21.682825,1.65,0.17,-0.2,0.015347,0.00052,-0.000565,0.819,0.044,-0.041,5356,1.3755958296784545,0.08737276465244316,-0.08548034717436113,2926,7204981,5.123,6.7e-05,0.9872832607319133,0.0328818763859488,0.9995620635800847,6.7e-05,0.9994950929218248
4370527,K02166.01,1,CANDIDATE,0.997,61.6174528,14.842745,3.36,0.41,-0.2,0.033006,0.0017,-0.001277,0.854,0.053,-0.05,5480,3.084851209224767,0.24879282230416316,-0.2164849253610066,2928,4370527,61.617,0.014,0.9872832607240563,0.15347097804617302,0.9976648305377134,0.014,0.9836975229101854
6041734,K02167.01,1,CANDIDATE,1.0,24.3398202,20.40939,5.09,0.85,-1.13,0.031817,0.000198,-0.006305,0.957,0.059,-0.055,5597,3.332380783302919,0.2064885686900035,-0.6875705120323569,2929,6041734,24.34,0.18,0.9872832607319131,0.05077214435635776,0.999311047904887,0.18,0.8194350592820074
6041734,K02167.03,2,CANDIDATE,0.998,76.53695309999999,12.341184,3.73,0.63,-0.83,0.023329,0.00104,-0.000877,0.957,0.059,-0.055,5597,2.443382823448905,0.18589302822581272,-0.16779756098576631,2930,6041734,76.537,0.024,0.9872832598686645,0.23338714281195486,0.9960786568187566,0.024,0.9721727690551064
5005121,K02237.01,1,CANDIDATE,0.994,76.421501,17.667220999999998,2.81,0.42,-0.51,0.021656,0.001009,-0.001096,1.241,0.075,-0.069,5561,2.941260427762397,0.22444795627932249,-0.22113741789920494,3323,5005121,76.422,0.0043,0.9872832607318778,0.14441893080300378,0.9978258127126726,0.0043,0.9935351617180082
5125347,K02241.01,1,CANDIDATE,0.984,7.16520428,15.025204,2.31,0.74,-0.27,0.019138,0.0009109999999999,-0.000774,1.156,0.103,-0.093,6174,2.421239999622451,0.24459062638695242,-0.21801674785918826,3326,5125347,7.165,0.062,0.9872832607254064,0.06833740479230342,0.9990552132024395,0.062,0.9371137899838882
9336200,K02242.01,1,CANDIDATE,0.999,1.755843555,22.947691,1.94,0.44,-0.17,0.021444,0.000875,-0.003627,0.821,0.072,-0.065,5569,1.9267812494966021,0.18636954870874134,-0.35982815139432983,3327,9336200,1.756,3.3e-05,0.9872832607319133,0.02722722629345975,0.9996394828017091,3.3e-05,0.9996064946987767
10730703,K02327.01,1,CANDIDATE,1.0,5.60013327,20.543076,1.73,0.2,-0.22,0.01622,0.0007559999999999,-0.000491,0.91,0.049,-0.046,5279,1.6153837056380569,0.11504230145931373,-0.0951788238514045,3028,10730703,5.6,5.9e-05,0.9872832607319131,0.037410006153812556,0.9994994120051197,5.9e-05,0.9994404415398114
8007644,K02328.01,1,CANDIDATE,0.407,25.2034128,19.676186,2.42,0.67,-0.24,0.024063,0.001062,-0.000714,0.978,0.089,-0.08,5831,2.5755624307513214,0.2604910549507396,-0.22411252076558977,3029,8007644,25.203,0.00011,0.9872832607319124,0.05555392622329176,0.9992423448395829,0.00011,0.9991324281816505
7107802,K02420.01,1,CANDIDATE,0.996,10.41728722,17.48328,1.64,0.24,-0.26,0.013087,0.000594,-0.000396,1.07,0.051,-0.048,5559,1.5325241808771708,0.10086681268048665,-0.08292658233488855,2733,7107802,10.417,4.8e-05,0.9872832607318524,0.05565810445779475,0.9992408402967208,4.8e-05,0.9991928767363865
7107802,K02420.02,2,CANDIDATE,0.991,5.4675514000000005,8.626607,1.07,0.15,-0.17,0.008485,0.000595,-0.000539,1.07,0.051,-0.048,5559,0.9936171524981122,0.08424768530244645,-0.07727048485604564,2734,7107802,5.468,0.00088,0.9872820484035035,0.1263902027370663,0.9981363178656288,0.00088,0.9972579579059071
8110767,K02504.01,1,CANDIDATE,0.96,20.49041,17.465052,2.34,0.67,-0.22,0.023227,0.001089,-0.000701,0.821,0.073,-0.066,5681,2.086986946561163,0.20978380933214663,-0.17920609533887102,3130,8110767,20.49,0.00014,0.9872832607318519,0.0650385269158324,0.9991039938836875,0.00014,0.9989641193245438
6767840,K02506.01,1,CANDIDATE,1.0,8.679037,17.404188,1.79,0.59,-0.25,0.015997,0.000704,-0.000528,0.885,0.072,-0.065,6117,1.5494061346117542,0.1433139024323246,-0.12476107926948277,3132,6767840,8.679,8.8e-05,0.987283260731842,0.05464131352883631,0.999255510623232,8.8e-05,0.9991675761382972
8379705,K02507.01,1,CANDIDATE,1.0,11.1296971,13.063752,1.93,0.62,-0.2,0.0183139999999999,0.00037,-0.001411,1.115,0.123,-0.108,6122,2.23481476953812,0.2506314925230051,-0.2765935616842678,3133,8379705,11.13,0.016,0.987283260466877,0.08855710096646677,0.9987485084325344,0.016,0.9827685322976139
11133306,K00276.01,1,CANDIDATE,0.999,41.74598855,92.42659,2.4,0.12,-0.13,0.018741,0.000401,-0.000169,1.199,0.053,-0.05,5978,2.459208772700101,0.12077140460952435,-0.10492284117194937,302,11133306,41.746,0.0051,0.9872832607319133,2.4774722161248516e-05,0.9999996808803508,0.0051,0.9948996825078611
12120307,K02597.01,1,CANDIDATE,0.996,8.00504749,13.853771,1.52,0.51,-0.17,0.012616,0.000574,-0.000552,1.017,0.052,-0.049,6398,1.4041906887742257,0.09610661427700982,-0.09138909226292065,2837,12120307,8.005,0.00059,0.9872832606721019,0.07802864826856941,0.9989098891747465,0.00059,0.9983205323401335
12120307,K02597.02,3,CANDIDATE,0.969,12.13070414,11.730205,1.61,0.54,-0.18,0.013392,0.000662,-0.0005099999999999,1.017,0.052,-0.049,6398,1.4905613272086582,0.10600739802390803,-0.0915412617267863,2871,12120307,12.131,0.00096,0.9872832574206697,0.10267933692990705,0.9985260949910385,0.00096,0.9975675099398471
12120307,K02597.03,2,CANDIDATE,0.999,5.61357653,12.560768,1.41,0.48,-0.16,0.0117489999999999,0.000598,-0.000454,1.017,0.052,-0.049,6398,1.3076915347501774,0.09434391781788111,-0.08076595189362695,2872,12120307,5.614,0.00011,0.9872832600331238,0.08584535934007528,0.9987904295396236,0.00011,0.9986805625923741
7761545,K01472.01,1,CANDIDATE,0.936,85.3514875,143.4172,6.31,0.86,-0.36,0.06161,0.000734,-0.000302,0.963,0.049,-0.046,5584,6.49323246775107,0.3393284008104231,-0.3117936068078483,1503,7761545,85.351,1.7e-06,0.9872832607319133,1.7949803826477844e-07,0.9999999976879683,1.7e-06,0.9999982976879722
7499398,K01473.01,1,CANDIDATE,1.0,23.02028478,99.735855,7.58,2.11,-0.71,0.072584,0.000288,-0.0073849999999999,0.96,0.082,-0.074,5613,7.6259786760634265,0.6520880907978472,-0.9734321967057971,1504,7499398,23.02,0.024,0.9872832607319133,8.145037916275455e-06,0.9999998950866774,0.024,0.9759998976045972
5088591,K01801.01,1,CANDIDATE,1.0,14.5324483,65.03483,3.11,0.5,-0.37,0.033083,0.0018899999999999,-0.001416,0.727,0.055,-0.05,5345,2.6322234353290965,0.249536440700857,-0.21322752515482896,2328,5088591,14.532,0.00099,0.9872832607319133,0.00032861688649743785,0.9999957658463877,0.00099,0.9990057700381998
11298298,K01802.01,1,CANDIDATE,1.0,5.248667607,94.72536,2.84,0.43,-0.2,0.0256899999999999,0.000104,-0.002966,0.995,0.042,-0.04,5812,2.7975035135602715,0.11862739876190026,-0.3420012717639615,2329,11298298,5.249,0.023,0.9872832607319133,1.061535254888375e-05,0.9999998632670998,0.023,0.9769998664119565
2438513,K01944.01,1,CANDIDATE,1.0,12.18420006,25.758984,2.59,0.39,-0.29,0.022196,0.005909,-0.0019089999999999,0.893,0.039,-0.037,5771,2.1692501226403222,0.585215125220405,-0.2070905748265424,2428,2438513,12.184,0.029,0.9872832607319133,0.023727509477241865,0.9996869489988712,0.029,0.970696027477904
11656918,K01945.01,1,CANDIDATE,0.992,62.13859789999999,29.333271000000003,5.14,0.83,-2.47,0.029043,0.003176,-0.002375,0.926,0.043,-0.041,5123,2.9433093982192298,0.3496828108985951,-0.2737056856531796,2430,11656918,62.139,0.037,0.9872832607319133,0.03556976964550171,0.9995249446307729,0.037,0.9625425216794343
10844890,K01946.01,1,CANDIDATE,1.0,8.29482811,35.33945,2.76,0.79,-0.34,0.026936,0.001291,-0.00506,0.95,0.072,-0.065,5773,2.800529580921218,0.2511308134794173,-0.559896346792604,2431,10844890,8.295,0.0013,0.9872832607319133,0.007850779438952469,0.9998980775688747,0.0013,0.9985982100680352
12253474,K01947.01,1,CANDIDATE,1.0,6.422943288,29.156603000000004,1.66,0.56,-0.19,0.014946,0.000359,-0.000495,1.247,0.055,-0.052,6102,2.0397403494525546,0.10244041029793217,-0.10862033981838423,2432,12253474,6.423,0.0035,0.9872832607319133,0.014974835151974989,0.9998041837551713,0.0035,0.9963048691120283
8564674,K02022.01,1,CANDIDATE,1.0,5.92972237,30.503193,1.92,0.29,-0.1,0.018387,0.0016589999999999,-0.001227,0.986,0.048,-0.045,5739,1.9841351304744526,0.2034175575929644,-0.16040924285465166,2129,8564674,5.93,0.0025,0.9872832607319133,0.012828775379769706,0.9998326110801224,0.0025,0.9973330295524222
8564674,K02022.02,2,CANDIDATE,1.0,12.2476121,23.213758,1.9,0.28,-0.1,0.018189,0.001951,-0.001605,0.986,0.048,-0.045,5739,1.9627690155109487,0.23120023158371564,-0.19498938633247895,2130,8564674,12.248,0.00016,0.9872832607319133,0.031226083022276654,0.9995848270346827,0.00016,0.9994248934623571
8578780,K02023.01,1,CANDIDATE,0.999,13.59051547,22.137232,2.4,0.61,-0.33,0.022536,0.0008119999999999,-0.000696,0.958,0.075,-0.068,5442,2.362793670022653,0.2036294572939279,-0.18290142607095478,2131,8578780,13.591,0.031,0.9872832607319133,0.035778488541066994,0.9995220536305167,0.031,0.9685368699679706
4544907,K02024.01,1,CANDIDATE,0.99,46.8776724,28.888874,2.62,0.35,-0.23,0.024183,0.002284,-0.0031579999999999,1.149,0.056,-0.053,5501,3.040980674537503,0.3231968724564924,-0.42116021568521156,2132,4544907,46.878,0.00015,0.9872832607319133,0.029340284275424764,0.9996106579557764,0.00015,0.9994607163570831
5705819,K02091.01,1,CANDIDATE,1.0,8.77997349,25.702608,2.12,0.3,-0.16,0.025421,0.007993,-0.00077,0.982,0.09,-0.081,5191,2.732043274194563,0.8947714858798183,-0.24006576314722886,3228,5705819,8.78,0.022,0.9872832607319133,0.022616061189290815,0.9997019523061695,0.022,0.9777085093554337
9458343,K02246.01,1,CANDIDATE,1.0,11.89520436,19.004755,1.33,0.2,-0.13,0.012286,0.000593,-0.000328,0.941,0.041,-0.039,5649,1.2652711046753082,0.08227221241735665,-0.06237726433722851,3366,9458343,11.895,4.9e-05,0.98728326073191,0.04855133891791858,0.999342720866323,4.9e-05,0.9992937530730006
11360805,K02422.01,1,CANDIDATE,1.0,26.7838935,18.662968,1.59,0.12,-0.08,0.017057,0.001005,-0.0004639999999999,0.785,0.035,-0.033,5243,1.4653985647652905,0.10827587382973548,-0.07337550520685601,2737,11360805,26.784,0.00048,0.9872832607319072,0.06323351869358058,0.999130539213155,0.00048,0.9986509565543327
11360805,K02422.02,2,CANDIDATE,0.852,57.3888262,7.999897,1.88,0.14,-0.1,0.020101,0.004406,-0.00359,0.785,0.035,-0.033,5243,1.7269142610275612,0.3862791619010562,-0.3168522300775872,2772,11360805,57.389,0.017,0.9872798373860896,0.26481591805607446,0.9953591194832746,0.017,0.9784380144520589
9845898,K02423.01,1,CANDIDATE,1.0,45.126216,16.393923,2.32,0.76,-0.25,0.018205,0.000491,-0.001055,1.137,0.094,-0.085,6499,2.265346311744903,0.19699859810559223,-0.2142772172633905,2773,9845898,45.126,0.0026,0.987283260731478,0.10462643413446028,0.9984948799232863,0.0026,0.9958987932354858
8081899,K02426.01,1,CANDIDATE,0.986,4.16056658,14.0594635,0.7,0.14,-0.06,0.007855,0.000466,-0.000312,0.941,0.04,-0.038,5481,0.8089455092971305,0.05903869910066117,-0.045821064656098254,2776,8081899,4.161,0.003,0.9872832606909631,0.07211520884929815,0.9989989245660947,0.003,0.9960019277923965
10068659,K02602.01,1,CANDIDATE,0.993,11.47685263,14.501732,1.58,0.21,-0.18,0.01398,0.000849,-0.0004849999999999,0.935,0.049,-0.046,5550,1.43054735244148,0.11475200069345783,-0.08611839659785918,2877,10068659,11.477,0.0028,0.9872832607145775,0.07694450257836294,0.9989262979625803,0.0028,0.9961293043282851
8935810,K01395.01,1,CANDIDATE,1.0,6.230335,31.010340000000003,3.7,0.74,-0.31,0.0391959999999999,0.0035399999999999,-0.004581,0.973,0.091,-0.082,5477,4.17386160577648,0.5426633225136317,-0.6014116167370208,1813,8935810,6.23,2.1e-05,0.9872832607319133,0.012196672378774238,0.9998409605494424,2.1e-05,0.9998199638892707
9455556,K01396.01,1,CANDIDATE,1.0,6.62643441,32.735558000000005,2.54,0.31,-0.12,0.025799,0.000709,-0.000495,0.935,0.062,-0.057,5623,2.639963601261641,0.1894949691260672,-0.16872171311918122,1814,9455556,6.626,3e-06,0.9872832607319133,0.010165168194812831,0.9998677225451845,3e-06,0.9998647229420169
9455556,K01396.02,2,CANDIDATE,0.992,3.70122061,15.119538,1.62,0.19,-0.08,0.016399,0.000707,-0.000634,0.935,0.062,-0.057,5623,1.6780791153567833,0.13272444363772654,-0.12113708142690544,1815,9455556,3.701,1.4e-05,0.9872832607264173,0.06420982024250232,0.9991161939619652,1.4e-05,0.9991022063352497
9269281,K01398.01,1,CANDIDATE,1.0,5.82348911,33.193825,3.0,0.87,-0.28,0.031846,0.001411,-0.004256,0.725,0.064,-0.058,5774,2.52683191149635,0.2495780424833186,-0.3935737903593917,1817,9269281,5.823,0.00011,0.9872832607319133,0.009543750323465985,0.9998758868592581,0.00011,0.9997659005117036
12406749,K01476.01,1,CANDIDATE,0.999,56.35879870000001,39.809235,5.04,0.96,-0.52,0.056204,0.000786,-0.0027559999999999,0.728,0.061,-0.055,5446,4.477979077271582,0.38040532300596847,-0.4033218836219877,1509,12406749,56.359,0.035,0.9872832607319133,0.010437481955249423,0.9998641416005083,0.035,0.9648688966444905
12403119,K01478.01,1,CANDIDATE,0.961,76.13622222,280.73087000000004,4.78,0.6,-0.31,0.049061,0.0005269999999999,-0.000172,0.941,0.04,-0.038,5591,5.052536681301912,0.2215243375656775,-0.20480188115743453,1511,12403119,76.136,3.2e-06,0.9872832607319133,3.9540579400553e-14,0.9999999999999994,3.2e-06,0.9999967999999995
9836959,K01715.01,1,CANDIDATE,0.855,105.0145774,25.757719,2.29,0.32,-0.28,0.0201569999999999,0.000726,-0.004354,1.168,0.05,-0.047,5868,2.576630802164598,0.1441483193585362,-0.5661387456321924,2634,9836959,105.015,0.0045,0.9872832607319133,0.0990251447738855,0.9985843144191241,0.0045,0.9940906850042381
4644952,K01805.01,1,CANDIDATE,1.0,6.94135824,80.585655,2.96,0.33,-0.23,0.030784,0.000461,-0.004264,0.848,0.036,-0.035,5527,2.85696130480745,0.1286109533790165,-0.4129223630603353,2334,4644952,6.941,0.012,0.9872832607319133,5.207945060213276e-05,0.9999993291537355,0.012,0.9879993372038907
4644952,K01805.02,3,CANDIDATE,1.0,31.7821117,27.72263,2.08,0.23,-0.16,0.021609,0.0009539999999999,-0.000587,0.848,0.036,-0.035,5527,2.0054598764158067,0.12283032740608524,-0.09909132706554137,2335,4644952,31.782,0.00051,0.9872832607319133,0.02619794609687781,0.9996534782082109,0.00051,0.9991436549343248
4644952,K01805.03,2,CANDIDATE,1.0,4.36273233,39.210094,1.76,0.2,-0.14,0.01828,0.003118,-0.0016359999999999,0.848,0.036,-0.035,5527,1.6965063881198086,0.29819931466419514,-0.16719990377101893,2336,4644952,4.363,3.1e-05,0.9872832607319133,0.004815763508433536,0.9999376702110148,3.1e-05,0.9999066721432383
7747425,K01952.01,1,CANDIDATE,0.997,8.010392900000001,29.24046,1.88,0.27,-0.27,0.0154729999999999,0.000569,-0.000281,1.213,0.057,-0.054,5615,2.0540867542316756,0.12256643282006907,-0.0987594494133467,2437,7747425,8.01,8.9e-06,0.9872832607319133,0.015220782310238868,0.9998009179550433,8.9e-06,0.9997920197268736
7747425,K01952.02,2,CANDIDATE,0.967,27.6666375,20.440506,2.04,0.3,-0.29,0.016826,0.004971,-0.000575,1.213,0.057,-0.054,5615,2.233701526963252,0.6682104669053526,-0.12535907226210258,2471,7747425,27.667,0.015,0.9872832607319131,0.05326878406391125,0.9992752635909414,0.015,0.9842861346370773
7747425,K01952.03,4,CANDIDATE,1.0,5.19559398,14.557533,1.18,0.17,-0.17,0.009719,0.000616,-0.00032,1.213,0.057,-0.054,5615,1.2902261464730684,0.10179957561002187,-0.07144051583963888,2472,7747425,5.196,0.00078,0.9872832607160321,0.06959989432260964,0.9990364531786473,0.00078,0.998257204745168
11923284,K02026.01,1,CANDIDATE,1.0,2.757977384,32.95179,1.69,0.25,-0.13,0.015478,0.000212,-0.002304,1.001,0.043,-0.04,5919,1.6956350120500878,0.07645248626069781,-0.2613426578954631,2136,11923284,2.758,6.5e-05,0.9872832607319133,0.009327956021466209,0.9998787196126094,6.5e-05,0.9998137274958346
7102316,K02028.01,1,CANDIDATE,0.998,57.24885179999999,27.801964,3.19,0.88,-0.29,0.034581,0.001352,-0.000618,0.765,0.068,-0.062,5642,2.895225789784168,0.2811468446936545,-0.2402826279683854,2218,7102316,57.249,2.9e-05,0.9872832607319133,0.03877998678863723,0.9994803405305012,2.9e-05,0.9994513556006258
7102316,K02028.02,2,CANDIDATE,1.0,37.055172600000006,22.671307,3.19,0.88,-0.29,0.034562,0.004149,-0.005407,0.765,0.068,-0.062,5642,2.8936350523848478,0.4322287807933667,-0.5098300871856214,2219,7102316,37.055,7.2e-05,0.9872832607319133,0.04872689428764623,0.9993402224918536,7.2e-05,0.9992682699958343
7102316,K02028.03,3,CANDIDATE,0.985,142.545,11.702783,2.52,0.69,-0.23,0.02727,0.001603,-0.0010609999999999,0.765,0.068,-0.062,5642,2.2831267831298767,0.24330700740114733,-0.2052553319239924,2220,7102316,142.545,0.001,0.987283258339061,0.48764472110773194,0.9877406798093155,0.001,0.9867529391295061
8505920,K02094.01,1,CANDIDATE,0.974,42.426964700000006,19.70963,3.44,0.55,-0.45,0.031124,0.001898,-0.010655,1.012,0.055,-0.052,5329,3.447143594512962,0.2815806953907816,-1.1933150092820453,3268,8505920,42.427,0.48,0.9872832607319124,0.07195713483296398,0.9990012890316324,0.48,0.5194806702964488
8505920,K02094.02,2,CANDIDATE,0.998,198.680859,12.916696,2.79,0.45,-0.36,0.0252419999999999,0.005279,-0.002498,1.012,0.055,-0.052,5329,2.795681744399687,0.6040961220265124,-0.31173720033031505,3269,8505920,198.681,0.00064,0.9872832605281957,0.6731094306749432,0.9734773274070563,0.00064,0.9728543019175158
7918992,K02095.01,1,CANDIDATE,0.998,1.434745129,20.247503,1.5,0.23,-0.13,0.012886,0.000463,-0.0003779999999999,1.041,0.051,-0.049,5808,1.4680887550654416,0.08919350588196814,-0.08142388260594614,3270,7918992,1.435,2.9e-06,0.9872832607319129,0.03616820044742404,0.9995166523143346,2.9e-06,0.9995137537160429
10158729,K02097.01,1,CANDIDATE,0.919,58.601926,16.360394,2.06,0.68,-0.22,0.018557,0.000604,-0.000878,1.057,0.082,-0.074,6250,2.146674565709162,0.18059836790684794,-0.1813896707322723,3272,10158729,58.602,0.0065,0.9872832607314672,0.12739315103498086,0.9981195514479178,0.0065,0.9916317743635064
11410904,K02171.01,1,CANDIDATE,0.996,3.53232429,18.387432,1.43,0.21,-0.07,0.013699,0.000608,-0.0009699999999999,0.979,0.05,-0.047,5775,1.4677598822835387,0.09931253927697872,-0.12556486252064683,2971,11410904,3.532,0.00012,0.9872832607319021,0.04551705805235224,0.9993857572966225,0.00012,0.9992658310057468
4173026,K02172.01,1,CANDIDATE,1.0,10.44087398,25.988503,3.41,0.98,-0.49,0.031855,0.003781,-0.005949,0.809,0.063,-0.057,5738,2.820392730855147,0.4003828607301218,-0.5629543786612664,2972,4173026,10.441,0.053,0.9872832607319133,0.02251468567304075,0.9997033190641955,0.053,0.9467190431537931
4173026,K02172.02,2,CANDIDATE,0.991,116.583183,14.992003,2.91,0.83,-0.42,0.027148,0.000712,-0.003215,0.809,0.063,-0.057,5738,2.4036421866977093,0.19751127611306765,-0.33122069750648225,2973,4173026,116.583,0.021,0.987283260726862,0.30322907213871364,0.994394494168509,0.021,0.9735122097909703
8099138,K02338.01,1,CANDIDATE,0.998,66.18436460000001,18.156345,2.72,0.37,-0.21,0.025433,0.001447,-0.004219,0.96,0.048,-0.045,5641,2.6720973722627734,0.20239252735646418,-0.4606226933723559,3072,8099138,66.184,0.0031,0.9872832607318989,0.11926833328611608,0.9982557226879717,0.0031,0.995161129947639
8681734,K02340.01,1,CANDIDATE,1.0,7.68478504,17.893642,1.47,0.13,-0.11,0.014831,0.000701,-0.0005269999999999,0.889,0.041,-0.039,5344,1.4429645161559275,0.09529079789995833,-0.0814626871538556,3074,8681734,7.685,0.003,0.987283260731885,0.05112419577173566,0.9993060133597218,0.003,0.9963080953196426
7047363,K02432.01,1,CANDIDATE,1.0,31.0572947,12.803437,1.85,0.34,-0.14,0.023111,0.0008869999999999,-0.001402,0.757,0.066,-0.06,5395,1.914688252564183,0.18239320702703465,-0.19110733785821926,2781,7047363,31.057,0.037,0.9872832603220656,0.12144224481386698,0.9982195348507616,0.037,0.9612854120612835
8947520,K02517.01,1,CANDIDATE,0.98,0.968527683,16.33386,1.21,0.16,-0.05,0.012523,0.000132,-0.002737,0.987,0.053,-0.05,5592,1.3527233569877923,0.07402484402984545,-0.3034862064951315,3175,8947520,0.969,0.00026,0.9872832607313591,0.05427804461061371,0.9992607442426851,0.00026,0.999000936449182
5095635,K02607.01,1,CANDIDATE,1.0,0.7544577290000001,21.0376,2.07,0.32,-0.4,0.01586,0.000356,-0.001566,0.949,0.045,-0.042,5561,1.647224719670274,0.08641793096621231,-0.17823607377305317,2881,5095635,0.754,0.069,0.9872832607319133,0.03289098295888659,0.999561938169553,0.069,0.9305921644358539
9034103,K01402.01,1,CANDIDATE,1.0,7.13969705,24.798525,2.24,0.65,-0.26,0.020664,0.0008439999999999,-0.000495,1.106,0.11,-0.098,6014,2.5012262378555246,0.2689257442963872,-0.2295838724391937,1820,9034103,7.14,6.5e-06,0.9872832607319133,0.024293241433730788,0.9996792991238572,6.5e-06,0.999672801208413
9597806,K01481.01,1,CANDIDATE,1.0,5.101375725,45.956264,2.84,0.88,-0.3,0.027246,0.000643,-0.000359,0.859,0.07,-0.063,5869,2.561411598571608,0.21730656536279686,-0.19086434747767309,1548,9597806,5.101,1.4e-05,0.9872832607319133,0.002318017155595613,0.9999700733220673,1.4e-05,0.9999560737410409
7898352,K01486.01,1,CANDIDATE,1.0,127.2824442,116.552216,12.04,1.87,-2.06,0.093207,0.000529,-0.001037,1.08,0.07,-0.065,5733,11.016806992826577,0.716784650612839,-0.6742825320433361,1553,7898352,127.282,0.29,0.9872832607319133,6.9158217048644605e-06,0.9999999109198817,0.29,0.709999936753116
10213902,K01723.01,1,CANDIDATE,0.992,59.6222627,29.14388,3.63,0.97,-0.41,0.03337,0.002386,-0.004511,0.884,0.082,-0.074,6108,3.228434110873395,0.37811144127239993,-0.5133252500569381,2677,10213902,59.622,0.0032,0.9872832607319133,0.03489085223162778,0.9995343397802579,0.0032,0.9963358298929611
10214162,K01724.01,1,CANDIDATE,1.0,17.42393582,29.249092,3.29,1.04,-0.41,0.031088,0.000258,-0.005361,0.829,0.071,-0.064,6018,2.820530299270073,0.2426967699811188,-0.5329061353822351,2678,10214162,17.424,0.00033,0.9872832607319133,0.017676846171114508,0.9997682154973405,0.00033,0.9994382919862264
8240797,K01809.01,1,CANDIDATE,0.371,13.09390911,54.010967,2.2,0.34,-0.12,0.021118,6e-06,-0.002473,0.993,0.042,-0.04,5772,2.295014795463126,0.0970723022117982,-0.2842110503000252,2375,8240797,13.094,0.0069,0.9872832607319133,0.001084969683435013,0.9999860098281684,0.0069,0.9930861063603541
8240797,K01809.02,2,CANDIDATE,0.404,4.915385452,52.813473,1.46,0.23,-0.08,0.0140069999999999,0.002007,-0.000334,0.993,0.042,-0.04,5772,1.5222214338503541,0.227416480579662,-0.0712560932994546,2376,8240797,4.915,0.00018,0.9872832607319133,0.0010843086968493488,0.9999860183605301,0.00018,0.9998060208772253
4035640,K01881.01,1,CANDIDATE,1.0,28.26727385,35.768566,2.93,0.16,-0.26,0.030268,0.001199,-0.000528,0.747,0.034,-0.032,5132,2.4745018495469417,0.14930957351044502,-0.11445459855728335,2075,4035640,28.267,0.0041,0.9872832607319133,0.010333616917355345,0.9998655076653742,0.0041,0.9957660590839461
7747425,K01952.04,3,CANDIDATE,1.0,42.4729078,16.694304000000002,2.03,0.29,-0.29,0.016741,0.000567,-0.00065,1.213,0.057,-0.054,5615,2.2224175242417568,0.12873252655528328,-0.13127981750541817,2473,7747425,42.473,0.0015,0.9872832607316652,0.09769186607983533,0.9986054389653569,0.0015,0.997107530806909
3120355,K02099.01,1,CANDIDATE,0.995,78.0998908,20.047245,3.37,0.57,-0.56,0.024047,0.000204,-0.00141,1.165,0.076,-0.07,5779,3.065986825682733,0.20169696960465483,-0.2574039974489244,3275,3120355,78.1,0.003,0.9872832607319129,0.11767430566576319,0.9982821441774913,0.003,0.9952872977449588
7620413,K02103.01,1,CANDIDATE,0.999,2.543063763,22.322142000000003,1.26,0.18,-0.14,0.011173,0.0004309999999999,-0.00031,1.211,0.059,-0.056,5580,1.4808033817486788,0.09202077275022645,-0.07985642763182343,3312,7620413,2.543,7.1e-07,0.9872832607319133,0.029483423803305965,0.9996087008080374,7.1e-07,0.9996079910858598
7672097,K02255.01,1,CANDIDATE,0.996,7.97033985,20.173883,1.81,0.44,-0.15,0.0202259999999999,0.000869,-0.000551,0.729,0.063,-0.057,5774,1.6136932667065111,0.15573872416439674,-0.1336124594260493,2717,7672097,7.97,0.00013,0.9872832607319129,0.04037390312056514,0.9994580831187849,0.00013,0.9993281535679795
9071593,K02257.01,1,CANDIDATE,1.0,32.563524900000004,21.8976,2.05,0.15,-0.12,0.021865,0.000656,-0.000947,0.813,0.045,-0.043,5229,1.9454652728574124,0.1224843210439653,-0.13299458040918588,2719,9071593,32.564,0.00029,0.9872832607319133,0.049309030836736135,0.999331931351379,0.00029,0.9990421250912871
5629538,K02345.01,1,CANDIDATE,0.991,15.18727049,17.602406,1.94,0.58,-0.25,0.017654,0.0019489999999999,-0.002025,0.992,0.079,-0.071,6136,1.9166298605587713,0.26090258824389867,-0.25913405895948183,3113,5629538,15.187,0.0011,0.9872832607318653,0.05913957488929499,0.9991903692576982,0.0011,0.9980912598515148
8561231,K02346.01,1,CANDIDATE,0.999,28.6853212,18.835445,2.69,0.64,-0.23,0.029427,4.9e-05,-0.005577,0.889,0.079,-0.071,5726,2.8630649866442233,0.25446775977788755,-0.5888189948323906,3114,8561231,28.685,0.0083,0.987283260731909,0.06393886777335672,0.9991201781924363,0.0083,0.9908274807134391
6941084,K02348.01,1,CANDIDATE,0.99,85.7357202,16.812538,2.94,0.98,-0.39,0.025021,0.001099,-0.000856,0.922,0.075,-0.068,6096,2.524753829505412,0.23340297392216866,-0.20526532686387322,3116,6941084,85.736,0.0011,0.9872832607317381,0.17749248605018378,0.9972204525543302,0.0011,0.9961235100565204
7778767,K02523.01,1,CANDIDATE,0.998,13.0313583,16.700882,2.88,0.43,-0.4,0.024587,0.005876,-0.003054,1.08,0.07,-0.065,5513,2.90611470739995,0.7196156429290715,-0.4011161913893987,3215,7778767,13.031,0.00013,0.9872832607316463,0.06283653776800194,0.9991363636902417,0.00013,0.999006475962962
7778767,K02523.02,2,CANDIDATE,0.763,2.61090223,9.254996,1.8,0.27,-0.25,0.0153509999999999,0.006659,-0.00206,1.08,0.07,-0.065,5513,1.814445311477461,0.7958126754687563,-0.2668534933930509,3216,7778767,2.611,0.017,0.9872828893358472,0.11414614943098746,0.9983402371919738,0.017,0.9813684531597103
9602613,K02612.01,1,CANDIDATE,0.856,4.61225043,11.438283,0.51,0.06,-0.05,0.004852,0.000306,-0.000215,1.035,0.043,-0.041,5495,0.549597309023408,0.04150634997601788,-0.03266639004182305,2920,9602613,4.612,0.12,0.9872832548465627,0.0946855794238961,0.9986528417971302,0.12,0.8788145007814746
9602613,K02612.02,2,CANDIDATE,0.952,7.57299816,8.334758,0.53,0.06,-0.05,0.005049,0.0002819999999999,-0.000339,1.035,0.043,-0.041,5495,0.5719119565661966,0.039810902361987685,-0.04458449241656993,2921,9602613,7.573,0.66,0.9872811653447681,0.1339093695593087,0.9980081616277989,0.66,0.3393227749534516
5807769,K02614.01,1,CANDIDATE,0.999,7.99022379,14.412554,1.97,0.31,-0.46,0.011686,0.000587,-0.000516,1.207,0.058,-0.055,5689,1.5436776194626227,0.10730781532076555,-0.09794872854610072,2923,5807769,7.99,0.00034,0.9872832607111766,0.07368499041540211,0.998975400064462,0.00034,0.99863574842844
8025596,K02615.01,1,CANDIDATE,0.997,4.69505576,14.638098,1.49,0.44,-0.15,0.014207,0.000759,-0.000571,1.088,0.107,-0.095,5999,1.6916664314120313,0.18933078893994496,-0.16260661448011945,2924,8025596,4.695,0.00047,0.9872832607182618,0.06850474659517186,0.9990527295019346,0.00047,0.9985831747190687
9271752,K01406.01,1,CANDIDATE,1.0,11.36113254,47.52569,2.6,0.86,-0.29,0.023554,0.002479,-0.001558,1.01,0.078,-0.071,6244,2.6035714475836893,0.33987489635757123,-0.25130803302581345,1860,9271752,11.361,4.7e-05,0.9872832607319133,0.0021579790806569377,0.9999721439563195,4.7e-05,0.9999251452655535
9391208,K01409.01,1,CANDIDATE,1.0,16.56062577,25.015602,2.94,0.68,-0.46,0.031445,0.0017739999999999,-0.007281,0.845,0.067,-0.061,5818,2.907982332698842,0.28298203112774434,-0.7053004239032846,1862,9391208,16.561,0.013,0.9872832607319133,0.0275504441568754,0.9996350818068704,0.013,0.9866398257433812
9391506,K01410.01,1,CANDIDATE,1.0,15.74958583,36.716682,2.77,0.89,-0.3,0.024707,0.003402,-0.00113,0.862,0.07,-0.063,6191,2.3308307377611377,0.3725982182362853,-0.20095661217319225,1863,9391506,15.75,1.2e-05,0.9872832607319133,0.00761277690167909,0.9999011911301754,1.2e-05,0.9998891923158818
9425139,K01411.01,1,CANDIDATE,0.995,305.07624689999994,142.38934,7.82,1.25,-0.84,0.061965,0.003433,-0.003427,1.174,0.051,-0.048,5716,7.961556960577648,0.5605155897223577,-0.5475758636318074,1864,9425139,305.076,0.11,0.9872832607319133,7.1611111687082845e-06,0.9999999077603771,0.11,0.8899999179067356
7898352,K01486.02,2,CANDIDATE,1.0,30.1837021,29.342370000000003,3.65,0.57,-0.62,0.028292,0.000897,-0.000436,1.08,0.07,-0.065,5733,3.3440353561540404,0.24128488577238116,-0.20775441573201547,1554,7898352,30.184,4.8e-05,0.9872832607319133,0.021446155613159597,0.9997177079037131,4.8e-05,0.9996697214537337
9726659,K01491.01,1,CANDIDATE,1.0,3.148661555,27.554878,2.15,0.4,-0.29,0.022587,0.003257,-0.001402,1.103,0.101,-0.091,5258,2.726575449550088,0.46574060052147254,-0.2815041700646744,1671,9726659,3.149,1.3e-05,0.9872832607319133,0.016915013987263892,0.9997783767643795,1.3e-05,0.9997653796454815
12019440,K00186.01,1,CANDIDATE,0.998,3.24325988,1636.7843,12.91,2.11,-0.91,0.1166869999999999,2.8000000000000003e-05,-0.000205,1.071,0.055,-0.052,5823,13.677143414752694,0.7023819793081293,-0.6644975680777122,466,12019440,3.243,0.0078,0.9872832607319133,9.615780573025521e-80,1.0,0.0078,0.9922
9401997,K01633.01,1,CANDIDATE,0.977,32.2964275,13.979327,1.9,0.14,-0.16,0.019489,0.001049,-0.000712,0.875,0.042,-0.04,5251,1.8662983163698714,0.1345956424790911,-0.10921413442360607,2283,9401997,32.296,0.056,0.9872832606879663,0.11021091288943013,0.9984045929031827,0.056,0.9424939357006045
6849046,K00201.01,1,CANDIDATE,0.998,4.2253845430000005,1401.7281,9.0,1.42,-0.77,0.078185,0.000381,-4.7e-05,0.998,0.043,-0.041,5574,8.539598208375283,0.37028439688237497,-0.3508627329305354,530,6849046,4.225,0.00068,0.9872832607319133,1.8799064719281857e-68,1.0,0.00068,0.99932
9455325,K01813.01,1,CANDIDATE,1.0,9.76785911,55.311665000000005,2.54,0.23,-0.15,0.0273269999999999,0.00035,-0.004763,0.831,0.035,-0.033,5371,2.4852863596306225,0.10940796693176835,-0.444277472468216,2380,9455325,9.768,0.011,0.9872832607319133,0.0008903771469910431,0.9999885212431613,0.011,0.9889886475094865
4851530,K01884.02,2,CANDIDATE,0.989,4.77502117,14.301238,1.73,0.24,-0.22,0.019883,0.000425,-0.001437,0.805,0.067,-0.06,5275,1.7517061250157315,0.15052542715046266,-0.18186302287500652,2079,4851530,4.775,0.0014,0.9872832607060654,0.07100392189148355,0.9990155300794528,0.0014,0.9976169083373416
11413812,K01885.01,1,CANDIDATE,1.0,5.65378163,32.973896,1.82,0.58,-0.15,0.017893,0.000205,-0.0006799999999999,1.179,0.09,-0.082,5988,2.3087686820255473,0.17821584161963405,-0.18298426880335542,2080,11413812,5.654,0.0013,0.9872832607319133,0.00974962380539005,0.9998731831867166,0.0013,0.9985733480485739
7132798,K00220.01,1,CANDIDATE,1.0,2.422084188,399.3786,3.55,0.75,-0.32,0.039181,0.000376,-0.000179,1.001,0.076,-0.069,5598,4.292329461631637,0.3284840369902039,-0.2965239808930667,610,7132798,2.422,6.7e-05,0.9872832607319133,2.4024543196025024e-20,1.0,6.7e-05,0.999933
9836149,K01958.01,1,CANDIDATE,1.0,17.815968899999998,29.285742,3.12,0.46,-0.21,0.030625,3.6e-05,-0.005214,1.044,0.059,-0.055,5964,3.4991297901459855,0.19779053078451028,-0.6236063584068522,2516,9836149,17.816,0.0057,0.9872832607319133,0.0177172254609554,0.9997676764812112,0.0057,0.9940690007252683
6949061,K01960.01,1,CANDIDATE,1.0,8.96847034,32.74615,2.17,0.35,-0.39,0.014445,0.002407,-0.000509,1.233,0.059,-0.056,5808,1.9492344504310344,0.3379319198967199,-0.11204994743142149,2518,6949061,8.968,0.00013,0.9872832607319133,0.010543318513564789,0.9998627493105865,0.00013,0.9997327671531762
8491277,K00234.01,1,CANDIDATE,1.0,9.61375316,83.48201,3.27,0.97,-0.53,0.026947,0.003355,-0.001042,1.185,0.09,-0.082,5997,3.4947187360779006,0.5096717088640588,-0.2770247276221334,33,8491277,9.614,1.6e-05,0.9872832607319133,3.94910950717911e-05,0.9999994913133722,1.6e-05,0.9999834913215111
3657758,K02034.01,1,CANDIDATE,1.0,3.609313059,38.35937,3.26,0.92,-0.31,0.034342,0.000537,-0.001398,0.971,0.086,-0.077,5668,3.6494571557072737,0.3282257566477154,-0.3253055805455451,2351,3657758,3.609,5.1e-05,0.9872832607319133,0.005224032278206665,0.9999323582927923,5.1e-05,0.9998813617425193
3657758,K02034.02,2,CANDIDATE,1.0,2.3702932,9.094969,1.29,0.37,-0.12,0.013622,0.00158,-0.001246,0.971,0.086,-0.077,5668,1.44758329086962,0.21125685610104256,-0.17524216132397746,2352,3657758,2.37,0.0041,0.9872827573549638,0.1155455392144381,0.9983172131389632,0.0041,0.9942241125650935
9790806,K02035.01,1,CANDIDATE,1.0,1.93155546,69.970215,2.25,0.26,-0.09,0.023982,0.005646,-0.004281,0.861,0.037,-0.035,5470,2.2598104142650386,0.5408098530970802,-0.41372356014255524,2353,9790806,1.932,1.0,0.9872832607319133,0.0001551866922880514,0.9999980008017093,1.0,0.0
7620413,K02103.02,2,CANDIDATE,0.994,3.66520844,8.112807,0.82,0.12,-0.09,0.007315,0.00044,-0.000596,1.211,0.059,-0.056,5580,0.9694868645387618,0.07504424882125423,-0.09082597185079891,3313,7620413,3.665,0.00072,0.9872800329422428,0.12945398979617417,0.9980841154141331,0.00072,0.9973654948510349
10854546,K02104.01,1,CANDIDATE,1.0,2.168451063,37.689274,2.41,0.8,-0.34,0.019923,0.0004509999999999,-0.000561,0.823,0.067,-0.06,6153,1.7944775351277373,0.15163009962297916,-0.14024379443571539,3314,10854546,2.168,0.00086,0.9872832607319133,0.0054939110179771005,0.9999288445502607,0.00086,0.9990689057439475
8165946,K02105.01,1,CANDIDATE,1.0,6.42199919,21.660759,1.25,0.2,-0.07,0.011701,0.000348,-0.000429,1.019,0.046,-0.043,5985,1.304910179382708,0.07054191445279491,-0.07294559449682424,3315,8165946,6.422,5.9e-05,0.9872832607319133,0.03363908406695878,0.9995516276748835,5.9e-05,0.9994926541288506
12017109,K02106.01,1,CANDIDATE,1.0,9.75374033,17.274105,1.87,0.48,-0.17,0.019066,0.000712,-0.0009029999999999,0.819,0.07,-0.063,5806,1.7089405153221744,0.15939667630503243,-0.1543760749190389,3316,12017109,9.754,0.0046,0.9872832607318224,0.0563096534704798,0.9992314230854333,0.0046,0.9946349585392403
9225395,K02107.01,1,CANDIDATE,0.979,81.3153052,18.805635,2.55,0.3,-0.33,0.0239169999999999,0.001266,-0.0008529999999999,0.779,0.037,-0.035,5321,2.039048786354761,0.1450142767375724,-0.1169682610849622,3317,9225395,81.315,0.0012,0.9872832607319093,0.13880111565321268,0.9979240184392418,0.0012,0.9967265096171147
10709622,K02108.01,1,CANDIDATE,0.998,51.3283527,26.047709,3.06,0.96,-0.48,0.025029,0.003642,-0.000918,1.168,0.093,-0.085,6119,3.1994092547193556,0.5306910512737667,-0.2607329462733766,3318,10709622,51.328,8e-05,0.9872832607319133,0.04258739965038698,0.9994270509842136,8e-05,0.9993470968201349
7286911,K02180.01,1,CANDIDATE,0.99,11.55562042,18.907585,2.11,0.25,-0.09,0.022688,0.000572,-0.0036969999999999,0.832,0.042,-0.04,5431,2.065870030707274,0.11656947112154954,-0.35097882510041395,3019,7286911,11.556,0.034,0.9872832607319091,0.04879294479481538,0.9993392822710231,0.034,0.9653617466738083
6962109,K02182.01,1,CANDIDATE,0.969,17.13263125,22.876215,2.31,0.51,-0.22,0.026597,0.000837,-0.000905,0.754,0.064,-0.058,5477,2.1947621140510947,0.19868435322707337,-0.18460748400522653,3021,6962109,17.133,0.00029,0.9872832607319133,0.03495673754203904,0.9995334286103368,0.00029,0.9992435639160397
5706595,K02183.01,1,CANDIDATE,1.0,19.0231361,18.81096,2.04,0.27,-0.15,0.019553,0.0039049999999999,-0.001538,1.058,0.06,-0.056,5570,2.26403180559401,0.47003412464119043,-0.2146497126753635,3022,5706595,19.023,0.00094,0.9872832607319085,0.05530020841842696,0.9992460076458917,0.00094,0.9983067163987045
9071593,K02257.02,2,CANDIDATE,0.514,59.284064,10.66435,1.81,0.13,-0.11,0.0193,0.000286,-0.0017739999999999,0.813,0.045,-0.043,5229,1.7172412424490309,0.0983977170879541,-0.18210985945649225,2720,9071593,59.284,0.0021,0.9872832389365285,0.21682185906246723,0.9964340335438695,0.0021,0.9943415220734274
8126558,K02259.01,1,CANDIDATE,1.0,12.19140405,15.443105,2.46,0.67,-0.41,0.023339,0.001287,-0.000725,0.942,0.08,-0.073,5516,2.4061162293292218,0.24363879652477266,-0.20088393683352512,2722,8126558,12.191,0.12,0.9872832607290093,0.07063341824871246,0.9990210575404209,0.12,0.8791385306355705
1872821,K02351.01,1,CANDIDATE,1.0,10.27380957,17.77157,1.68,0.16,-0.08,0.017115,0.000889,-0.0004759999999999,0.862,0.042,-0.04,5806,1.6146099517052601,0.11499000537118456,-0.0873503107017357,3118,1872821,10.274,0.00057,0.987283260731878,0.053888231061187654,0.9992663558207632,0.00057,0.9986967739979454
7215678,K02354.01,1,CANDIDATE,1.0,1.151244686,30.30411,40.32,12.6,-4.21,0.400856,7.628475,-0.117362,1.15,0.09,-0.082,6086,50.450989032217464,960.1137638513458,-15.202711646603563,3123,7215678,1.151,1.0,0.9872832607319133,0.012142361056487777,0.9998416774509974,1.0,0.0
5097868,K02435.01,1,CANDIDATE,1.0,6.80243431,12.355037,2.6,0.72,-0.22,0.029185,0.010173,-0.015735,0.952,0.078,-0.071,5836,3.040745702869368,1.0887978192841627,-1.6550191064058741,2822,5097868,6.802,0.99,0.9872832597033337,0.08920300863047917,0.9987384863791512,0.99,0.009987384863791521
9205907,K02528.01,1,CANDIDATE,0.997,12.02295362,16.464874,3.28,0.95,-0.32,0.034126,0.0006889999999999,-0.008376,1.16,0.106,-0.095,5982,4.332382883211678,0.4054381259435007,-1.120986692520688,3220,9205907,12.023,0.33,0.9872832607314946,0.06340945495747166,0.9991279563092347,0.33,0.6694157307271872
8081905,K02619.01,1,CANDIDATE,1.0,3.27645723,15.281276,1.71,0.52,-0.17,0.016307,0.000733,-0.0007019999999999,0.999,0.108,-0.095,5812,1.7828837025075508,0.20874109797416074,-0.18610687089501177,3049,8081905,3.276,3.5e-05,0.9872832607278637,0.06273716846518756,0.9991378208575383,3.5e-05,0.9991028510338084
6438099,K02976.01,1,CANDIDATE,0.989,21.61313362,12.131297,1.94,0.23,-0.1,0.028166,0.015735,-0.002554,0.936,0.083,-0.075,5267,2.885256840422854,1.6320346575712306,-0.3491374615167965,3900,6438099,21.613,0.13,0.9872832592257812,0.11324257659335871,0.99835510206691,0.13,0.8685689387982117
5768816,K03288.01,1,CANDIDATE,0.834,47.9869119,24.939644,3.35,0.88,-0.47,0.031301,7.099999999999999e-05,-0.004768,0.818,0.036,-0.034,5641,2.8021731787377298,0.12348671715556626,-0.44245302265601133,3659,5768816,47.987,0.0054,0.9872832607319133,0.04545371860434987,0.999386652750263,0.0054,0.9939899648254116
11125797,K03371.01,1,CANDIDATE,0.998,58.1263775,10.819026,1.32,0.17,-0.04,0.0147949999999999,0.000925,-0.0006889999999999,1.07,0.051,-0.048,5406,1.7325357420400083,0.13620755732257944,-0.11202887321855697,4099,11125797,58.126,0.0044,0.9872832444213581,0.21079408644144082,0.9965596498206067,0.0044,0.9921747873613961
11125797,K03371.02,2,CANDIDATE,1.0,12.25384348,10.144701,1.0,0.13,-0.03,0.011217,0.0004669999999999,-0.000866,1.07,0.051,-0.048,5406,1.313541968128618,0.08312905169029224,-0.11728758894656359,4100,11125797,12.254,0.0091,0.9872831938635178,0.12018533928987993,0.99824047028455,0.0091,0.9891564820049605
9785921,K03372.01,1,CANDIDATE,0.994,26.757586600000003,11.109822,2.28,0.72,-0.28,0.01988,0.00056,-0.001163,1.117,0.101,-0.091,6215,2.430261510823055,0.23016268886719116,-0.24374733437006868,4101,9785921,26.758,0.0021,0.9872832504419718,0.134510901874217,0.9979981559935981,0.0021,0.9959023598660115
6947668,K03455.01,1,CANDIDATE,1.0,14.0545718,10.198106,1.45,0.43,-0.13,0.015078,0.001019,-0.000795,0.739,0.065,-0.059,5783,1.2194714383652152,0.1352662377734571,-0.1166751755815162,4513,6947668,14.055,0.00027,0.987283200615704,0.1226770177888787,0.9981988919113831,0.00027,0.997929378210567
6364582,K03456.01,1,CANDIDATE,1.0,30.8609783,11.603067,1.08,0.14,-0.05,0.011914,0.001818,-0.001653,1.223,0.055,-0.052,5627,1.594657825541153,0.2536820848034389,-0.23140570012738576,4514,6364582,30.861,0.00091,0.9872832567401665,0.13593580041142744,0.9979736149691701,0.00091,0.9970654589795482
2717158,K03459.01,1,CANDIDATE,1.0,13.2226149,11.174874,1.75,0.46,-0.16,0.018529,0.000118,-0.0043939999999999,1.17,0.1,-0.091,5931,2.3725823686446006,0.20334694644547752,-0.592127380862481,4517,2717158,13.223,0.00038,0.9872832512730583,0.11019798637293325,0.9984048020049086,0.00038,0.9980254081801466
6426592,K03554.01,1,CANDIDATE,0.522,394.67816267,2223.4897,52.16,12.5,-6.23,0.575438,0.010737,-0.010086,1.215,0.102,-0.092,5780,76.51705939607979,6.580403977252494,-5.947082487531427,4163,6426592,394.678,1.0,0.9872832607319133,3.814522202460389e-105,1.0,1.0,0.0
12784167,K03848.01,1,CANDIDATE,1.0,1.847892736,43.869167,1.51,0.35,-0.15,0.016387,0.000432,-0.0002549999999999,1.125,0.085,-0.077,5763,2.0176016844166873,0.1614537263844659,-0.1416176783181556,4629,12784167,1.848,2.8e-06,0.9872832607319133,0.0027678296812813264,0.999964249915276,2.8e-06,0.9999614500153763
3656121,K00386.01,1,CANDIDATE,1.0,31.158824900000003,63.95907,3.56,0.57,-0.46,0.02825,0.000627,-0.000266,1.035,0.046,-0.044,5951,3.1999431121004274,0.15896707131922624,-0.13933305013809572,472,3656121,31.159,0.0018,0.9872832607319133,0.0004849217280573222,0.9999937509170803,0.0018,0.9981937621654295
8264402,K04037.01,1,CANDIDATE,0.964,215.956008,16.39341,3.36,0.58,-0.43,0.023402,0.000107,-0.0049549999999999,1.238,0.055,-0.052,6158,3.1707140374402214,0.14160775762824,-0.6844305923831505,5394,8264402,215.956,0.44,0.9872832607316474,0.6502409606239014,0.9760536475981962,0.44,0.5465900426549899
10604521,K02797.01,1,CANDIDATE,1.0,0.868122253,15.958482,1.65,0.54,-0.17,0.013923,0.000495,-0.0004639999999999,1.043,0.101,-0.09,6116,1.5892806187547193,0.16394424329947876,-0.14701076528460347,3763,10604521,0.868,4.9e-05,0.9872832607307839,0.056360174704311386,0.9992306923297435,4.9e-05,0.9991817300258193
6029239,K00304.02,2,CANDIDATE,0.786,5.518195,7.5584307,0.46,0.06,-0.02,0.004772,0.002048,-0.001096,0.927,0.04,-0.038,5767,0.48413181644852754,0.20882247020312147,-0.11294921915284205,82,6029239,5.518,0.92,0.987274077216637,0.14009836130511555,0.9978999200494797,0.92,0.07983199360395833
9468551,K02980.01,1,CANDIDATE,0.987,1.638652525,13.483118,1.29,0.41,-0.14,0.012008,0.000492,-0.0005769999999999,1.015,0.095,-0.085,6119,1.3338904927007298,0.13628538212152572,-0.1287875137834654,3905,9468551,1.639,0.00011,0.9872832606089031,0.0736484763000533,0.9989759481566927,0.00011,0.9988660608023954
7419318,K00313.02,2,CANDIDATE,1.0,8.43639829,61.167633,1.5,0.1,-0.08,0.017275,0.0016809999999999,-0.000554,0.856,0.036,-0.034,5188,1.618360524163101,0.1715584958183697,-0.08261725338770967,126,7419318,8.436,3.9e-06,0.9872832607319133,0.0004562863088588165,0.9999941201040772,3.9e-06,0.9999902201270088
3328080,K03075.01,1,CANDIDATE,0.983,4.76559056,13.615041,0.92,0.28,-0.23,0.007495,0.000411,-0.000325,0.86,0.036,-0.035,5702,0.7054293811351623,0.048666174706111946,-0.04195131467669555,3643,3328080,4.766,0.086,0.9872832606369837,0.07615960823002337,0.9989381534713458,0.086,0.9130294722728102
6779726,K03375.01,1,CANDIDATE,0.999,47.056332700000006,14.08191,2.57,0.75,-0.32,0.025508,0.001317,-0.001738,0.727,0.065,-0.058,5889,2.0295243898187767,0.20953923524964913,-0.2129287369989087,4106,6779726,47.056,0.016,0.9872832606972437,0.1346876345656507,0.9979951180291868,0.016,0.9820271961407199
7175184,K00369.01,1,CANDIDATE,1.0,5.88527364,31.504015000000003,1.59,0.29,-0.31,0.010194,0.0018739999999999,-0.000441,1.178,0.049,-0.047,6070,1.3142360483891264,0.24770830250370207,-0.07734312906283385,408,7175184,5.885,0.0072,0.9872832607319133,0.011492552807427777,0.9998502487156624,0.0072,0.9926513269249096
3656121,K00386.02,2,CANDIDATE,0.973,76.7324556,28.179665000000004,3.08,0.49,-0.4,0.024437,0.000263,-0.000972,1.035,0.046,-0.044,5951,2.7680357462087843,0.12657937884329407,-0.1611507286898877,473,3656121,76.732,0.0094,0.9872832607319133,0.050434374432412964,0.9993158747071798,0.0094,0.9899223054849323
9092504,K02716.01,1,CANDIDATE,1.0,0.962864171,25.515627,1.52,0.36,-0.15,0.0172639999999999,0.0022719999999999,-0.001323,0.969,0.095,-0.085,5704,1.83083269745783,0.3004525647946134,-0.21325359761116336,3404,9092504,0.963,5.4e-05,0.9872832607319133,0.02037942384130308,0.999732041217142,5.4e-05,0.9996780556869163
9092504,K02716.02,2,CANDIDATE,0.956,6.46004728,12.190126,1.8,0.43,-0.17,0.020507,0.0031219999999999,-0.002472,0.969,0.095,-0.085,5704,2.174750123190914,0.39379745685920403,-0.3242171028006179,3405,9092504,6.46,0.0065,0.9872832593244313,0.09023648068025147,0.9987224212692275,0.0065,0.9922307255309776
5775129,K02802.01,1,CANDIDATE,0.988,3.84822189,14.959467000000002,1.72,0.28,-0.21,0.013198,0.000489,-0.000711,1.165,0.06,-0.056,5927,1.682741885697206,0.1067613557073181,-0.1214931215095364,3801,5775129,3.848,0.0044,0.9872832607244718,0.06542671498996946,0.9990982716031597,0.0044,0.9947022392081059
9898447,K02803.01,1,CANDIDATE,1.0,2.37752442,14.03587,0.53,0.07,-0.03,0.005152,0.0002529999999999,-0.000267,0.987,0.042,-0.039,5615,0.5565144721872641,0.036161818741032636,-0.03626798058523273,3802,9898447,2.378,0.0023,0.9872832606888686,0.07037037911143944,0.9990249790837186,0.0023,0.996727221631826
8360640,K02982.01,1,CANDIDATE,0.999,4.0223109,14.053957999999998,1.37,0.31,-0.13,0.015181,0.006581,-0.001666,0.874,0.065,-0.059,5516,1.4520957975396425,0.638683396554402,-0.18709185532362343,3940,8360640,4.022,0.17,0.987283260690517,0.07200563712055037,0.999000563619501,0.17,0.8291704678041858
8430964,K03078.01,1,CANDIDATE,1.0,2.98618134,11.3706,1.16,0.38,-0.13,0.010222,0.000551,-0.000645,1.189,0.114,-0.102,6173,1.3301517399635037,0.1463066072534134,-0.14165217317724257,3646,8430964,2.986,0.0002,0.9872832540093034,0.09307397817602499,0.9986781242366186,0.0002,0.9984783886117713
7106173,K03083.01,1,CANDIDATE,0.963,10.18318233,9.234554,0.79,0.13,-0.05,0.0066489999999999,0.000303,-0.000487,1.134,0.048,-0.046,5843,0.8251878848162473,0.05132348617254755,-0.06909028735870971,3649,7106173,10.183,0.0022,0.9872828830158108,0.1274388963447206,0.9981187209850614,0.0022,0.9959228597988943
7106173,K03083.02,3,CANDIDATE,0.979,6.2321233,7.3527875,0.61,0.1,-0.04,0.005154,0.000245,-0.000701,1.134,0.048,-0.046,5843,0.639647820475711,0.04071359346383069,-0.09078588897189536,3650,7106173,6.232,0.018,0.9872697268544076,0.14428234902436027,0.9978258744695033,0.018,0.9798650087290522
5985713,K03190.01,1,CANDIDATE,1.0,8.95294046,11.1392765,0.86,0.14,-0.15,0.006519,0.001586,-0.000526,1.183,0.051,-0.048,6047,0.8440130881732948,0.20853785314212472,-0.07622677924449267,4047,5985713,8.953,0.67,0.9872832504870838,0.10394306280530623,0.9985058498217733,0.67,0.3295069304411851
9881662,K00327.01,1,CANDIDATE,1.0,3.254277742,46.75412,1.38,0.22,-0.12,0.0116189999999999,0.000192,-0.000248,1.187,0.051,-0.049,5945,1.5093950670305687,0.06948293250674113,-0.07014489009046028,214,9881662,3.254,1.3e-07,0.9872832607319133,0.002060080214083615,0.9999734102821699,1.3e-07,0.9999732802856266
8078502,K03383.01,1,CANDIDATE,0.916,37.8862977,14.600046,2.09,0.48,-0.2,0.023418,0.00134,-0.000988,0.874,0.081,-0.073,5513,2.23998283293481,0.2439764631542312,-0.20960590416768196,4146,8078502,37.886,0.0002,0.9872832607185823,0.11241269481657284,0.9983686833424766,0.0002,0.9981690096058081
10337258,K00333.01,1,CANDIDATE,1.0,13.28536452,41.983013,4.03,0.94,-1.24,0.019435,0.002643,-0.001572,1.238,0.053,-0.05,6534,2.6332290965580167,0.37542257875126395,-0.2380641761858797,224,10337258,13.285,0.00023,0.9872832607319133,0.004100792944620136,0.9999469620843348,0.00023,0.9997169742830554
12735740,K03663.01,1,CANDIDATE,0.963,282.5253558,471.11786,8.98,1.31,-0.47,0.090074,0.00018,-0.000458,0.954,0.042,-0.039,5725,9.404404045620439,0.4144566742667001,-0.3874191923644605,4617,12735740,282.525,0.00081,0.9872832607319133,8.215764950944101e-22,1.0,0.00081,0.99919
1995519,K02634.01,1,CANDIDATE,0.952,19.9401211,15.501348000000002,2.42,0.47,-0.2,0.0290589999999999,0.003888,-0.004141,0.965,0.096,-0.086,5623,3.0689614553706157,0.5116816957639069,-0.5158173237848908,2965,1995519,19.94,0.0027,0.9872832607293706,0.0788913916103956,0.9988968037694959,0.0027,0.9961997823993182
6198182,K02636.01,1,CANDIDATE,0.957,3.88148385,15.536409,0.59,0.09,-0.04,0.005515,0.000385,-0.000266,0.993,0.042,-0.04,5854,0.5993468414139189,0.04892058008879212,-0.03766346450758765,2967,6198182,3.881,0.017,0.987283260729421,0.0616663704468978,0.9991535036313499,0.017,0.9821678940696169
6211812,K02638.01,1,CANDIDATE,0.97,2.524017517,15.191005,1.5,0.31,-0.17,0.01576,0.0010789999999999,-0.000359,0.824,0.068,-0.062,5420,1.421238228039265,0.15239517216213497,-0.11173100352677534,2969,6211812,2.524,0.041,0.9872832607270973,0.06260470188743543,0.9991397628884245,0.041,0.9581750326099991
9467404,K02717.01,1,CANDIDATE,1.0,0.929906166,35.40818,1.48,0.24,-0.28,0.009563,0.000229,-0.000109,1.234,0.053,-0.05,6039,1.2914951248112256,0.06350840545773448,-0.054360695669190696,3406,9467404,0.93,0.00011,0.9872832607319133,0.006918572533182335,0.9999102642221144,0.00011,0.9998002740930498
6587105,K02721.01,1,CANDIDATE,1.0,33.878639,24.357214000000003,3.52,0.49,-0.5,0.030037,6.7e-05,-0.005548,0.931,0.048,-0.045,5528,3.0604810247136927,0.15793824875860532,-0.5843228309302265,3444,6587105,33.879,0.00036,0.9872832607319133,0.03880936151013363,0.9994799310102205,0.00036,0.9991201182350568
7673192,K02722.01,1,CANDIDATE,0.98,6.12479773,27.188307,1.51,0.26,-0.24,0.011473,0.002307,-0.0010689999999999,1.105,0.048,-0.045,6052,1.3874672068493583,0.2854287702338642,-0.14108621630211068,3445,7673192,6.125,2.3e-06,0.9872832607319133,0.01845862404067199,0.9997577717976925,2.3e-06,0.9997554723548174
6636320,K02989.01,1,CANDIDATE,1.0,6.33125228,14.56336,1.31,0.23,-0.1,0.015805,0.000909,-0.000654,0.798,0.065,-0.059,5383,1.3803233895985403,0.13763486071412714,-0.11695019496640216,3946,6636320,6.331,0.0016,0.9872832607162578,0.07076227170323678,0.999019135704093,0.0016,0.9974207050869663
7106173,K03083.03,2,CANDIDATE,0.673,8.2942929,7.573117699999999,0.65,0.1,-0.04,0.005482,0.000433,-0.000315,1.134,0.048,-0.046,5843,0.680354938270828,0.06096836433642044,-0.047853719922341345,3651,7106173,8.294,0.019,0.9872744007405753,0.14541766431023506,0.9978066718142232,0.019,0.9788483450497529
10749059,K03086.01,1,CANDIDATE,0.994,174.731515,14.327529,3.0,0.17,-0.3,0.030591,0.001772,-0.001157,0.82,0.049,-0.046,5204,2.7453074084445004,0.22847421798405218,-0.18573802018433266,3687,10749059,174.732,0.014,0.9872832607168642,0.5454348723114986,0.9845445811382942,0.014,0.9707609570023581
9020114,K03088.01,1,CANDIDATE,1.0,3.48412874,11.505404,1.16,0.17,-0.05,0.011556,0.000694,-0.000605,1.034,0.052,-0.049,5696,1.307710249307828,0.10243426090970469,-0.09234520101630841,3690,9020114,3.484,0.014,0.9872832555328439,0.09250153570656404,0.9986870831643649,0.014,0.9847054640000639
8443527,K03197.01,1,CANDIDATE,1.0,22.599501,12.450065,0.96,0.21,-0.13,0.008084,0.004441,-0.0016309999999999,1.1,0.047,-0.044,6335,0.9732007739743267,0.5362490482826171,-0.20017135507126355,3388,8443527,22.6,1.0,0.9872832599112296,0.11133044732920444,0.9983863561947514,1.0,0.0
6880517,K03305.01,1,CANDIDATE,0.97,65.6491001,15.467764,2.52,0.52,-0.22,0.028187,0.001394,-0.00077,0.755,0.07,-0.063,5436,2.3290524170179965,0.2447384530939985,-0.20449427012941335,4503,6880517,65.649,0.002,0.9872832607295386,0.15301268169786675,0.9976730636053717,0.002,0.9956777174781609
6615511,K03306.01,1,CANDIDATE,1.0,25.1593389,11.736576,1.76,0.53,-0.17,0.017285,0.000763,-0.001249,1.202,0.117,-0.104,5973,2.2738264140762645,0.24302498804662903,-0.2563231400753091,4504,6615511,25.159,9.2e-05,0.9872832575812895,0.12381045585009108,0.9981799079251377,9.2e-05,0.9980880753736086
9536108,K03472.01,1,CANDIDATE,0.972,10.43003118,9.283271,1.14,0.36,-0.12,0.010153,0.000875,-0.000504,1.082,0.084,-0.076,6277,1.2022785603133652,0.1394553866049747,-0.10340908550271881,4567,9536108,10.43,0.19,0.987282916583436,0.1272866072597476,0.998121302022644,0.19,0.8084782546383418
7175184,K00369.02,2,CANDIDATE,1.0,10.10463142,26.014545,1.59,0.29,-0.32,0.010177,1.2e-05,-0.000668,1.178,0.049,-0.047,6070,1.312044365750063,0.054597622599646844,-0.10078204507197185,409,7175184,10.105,0.0049,0.9872832607319133,0.022331768076841077,0.9997057844661388,0.0049,0.9948072261222547
10360722,K04051.01,1,CANDIDATE,0.996,163.692336,15.790156,2.75,0.11,-0.21,0.029844,0.001623,-0.000798,0.867,0.041,-0.039,4989,2.8317804844575885,0.20408052946363714,-0.14818682187195925,5475,10360722,163.692,0.026,0.9872832607309424,0.4608801235674877,0.9889887498674608,0.026,0.9632750423709068
1718958,K04053.01,1,CANDIDATE,0.985,1.41975831,14.809012,0.85,0.13,-0.08,0.007542,0.003581,-0.000767,0.999,0.043,-0.041,5925,0.8245850790649383,0.39312485755457727,-0.09042912911298903,5477,1718958,1.42,0.25,0.9872832607219459,0.06404361856225112,0.9991186381536077,0.25,0.7493389786152058
6428794,K04054.01,1,CANDIDATE,0.999,169.135056,16.663416,2.21,0.15,-0.12,0.025256,0.004006,-0.002613,0.796,0.035,-0.033,5171,2.200194588975585,0.36214635874237466,-0.2452283913236023,5478,6428794,169.135,0.00067,0.9872832607317307,0.45889531101930187,0.989076386736338,0.00067,0.9884137055572247
4673628,K04056.01,1,CANDIDATE,0.838,3.951383138,16.476116,23.51,5.67,-3.06,0.23944,6.708576,-0.124795,1.247,0.095,-0.086,5570,32.677333686131384,915.5495610554161,-17.179726226315868,5480,4673628,3.951,0.99,0.9872832607314938,0.055984632768107064,0.9992361224208005,0.99,0.009992361224208013
6933567,K02643.01,1,CANDIDATE,0.918,9.08233411,15.25862,1.35,0.24,-0.13,0.015633,0.000831,-0.000724,0.826,0.065,-0.06,5354,1.4132071656493834,0.134203738042043,-0.12174338918959625,3005,6933567,9.082,0.0014,0.9872832607277562,0.06867995475376003,0.9990501280931505,0.0014,0.9976514579138201
7673192,K02722.02,3,CANDIDATE,1.0,11.24284815,17.8426,1.44,0.25,-0.22,0.010988,0.000231,-0.000637,1.105,0.048,-0.045,6052,1.3288145793480997,0.06412687632140607,-0.09414193323594731,3446,7673192,11.243,3.3e-05,0.9872832607318824,0.054292524940142785,0.9992605357013828,3.3e-05,0.9992275601037047
7673192,K02722.03,2,CANDIDATE,0.997,4.02877097,21.858406,1.21,0.21,-0.19,0.009204,0.000449,-0.000274,1.105,0.048,-0.045,6052,1.1130696567455323,0.07270597735828986,-0.05614855228664838,3447,7673192,4.029,3.9e-05,0.9872832607319133,0.0317192933500268,0.9995780546372015,3.9e-05,0.9995390710930706
7673192,K02722.04,4,CANDIDATE,0.999,8.92114318,15.35378,1.27,0.22,-0.2,0.009647,0.000566,-0.000305,1.105,0.048,-0.045,6052,1.1666430876384344,0.08516683110370134,-0.060147405296929524,3448,7673192,8.921,3.3e-05,0.9872832607284409,0.06784461541937233,0.999062522040988,3.3e-05,0.9990295529777607
7673192,K02722.05,5,CANDIDATE,0.887,16.5340022,7.7540936,1.17,0.2,-0.19,0.008904,0.000287,-0.0009369999999999,1.105,0.048,-0.045,6052,1.076789680971558,0.058245130336452004,-0.12150346025881743,3449,7673192,16.534,0.001,0.9872771217992501,0.16014374740691495,0.9975427387986493,0.001,0.9965451960598507
3346154,K02723.01,1,CANDIDATE,1.0,1.952711161,21.784075,2.58,0.76,-0.26,0.024933,0.000925,-0.006212,1.062,0.082,-0.075,5741,2.8978940917128115,0.24824289847936107,-0.7504481356526652,3450,3346154,1.953,0.17,0.9872832607319133,0.030944357667459586,0.9995886923842491,0.17,0.8296586146789267
11283615,K02816.01,1,CANDIDATE,1.0,1.2895901790000002,14.052365,1.38,0.28,-0.12,0.015625,0.000533,-0.0008619999999999,0.767,0.064,-0.058,5467,1.3115922614365718,0.11823400701236227,-0.12277082381223983,3848,11283615,1.29,0.00077,0.9872832606900624,0.06910511488880527,0.9990438114385124,0.00077,0.9982745477037047
11129258,K02898.01,1,CANDIDATE,0.999,25.384175,12.574458,2.44,0.76,-0.26,0.022465,0.000977,-0.001092,0.834,0.071,-0.064,6137,2.050481848886232,0.19602015048148805,-0.18626281731404018,3548,11129258,25.384,0.00049,0.9872832600888325,0.1144855908118479,0.9983347125358127,0.00049,0.9978455285266702
4939533,K02899.01,1,CANDIDATE,0.985,5.77207177,12.219349,1.54,0.31,-0.15,0.016375,0.000987,-0.0008849999999999,1.031,0.098,-0.088,5591,1.8476658401239616,0.20796044367313038,-0.1866623404432718,3549,4939533,5.772,0.0027,0.987283259397636,0.08906065015714497,0.9987406964198701,0.0027,0.9960440965395364
4175630,K02998.01,1,CANDIDATE,1.0,28.227413,19.216913,2.82,0.74,-0.26,0.030469,0.001181,-0.000761,1.005,0.1,-0.089,5858,3.35125687712371,0.3578655545533899,-0.3083555350490908,3989,4175630,28.227,0.00052,0.9872832607319111,0.06103414896122334,0.9991627462742273,0.00052,0.9986431816461647
9881662,K00327.02,2,CANDIDATE,1.0,91.3514816,15.753266,1.57,0.25,-0.14,0.013179,0.000521,-0.000308,1.187,0.051,-0.049,5945,1.7120507434715582,0.09995878795228079,-0.08121445829084983,215,9881662,91.351,9.8e-05,0.9872832607306302,0.20993210906088489,0.9965774606484916,9.8e-05,0.996479796057348
12253769,K03310.01,1,CANDIDATE,0.904,20.5512722,15.7864275,1.64,0.18,-0.13,0.016358,0.0004969999999999,-0.003652,0.893,0.038,-0.036,5401,1.5986931657123082,0.08359012701102567,-0.36268789395685386,4509,12253769,20.551,0.0084,0.9872832607304347,0.07733854331943665,0.9989203385311124,0.0084,0.9905294076874511
11905409,K03312.01,1,CANDIDATE,1.0,18.0939004,9.789039,1.91,0.48,-0.16,0.020174,0.000739,-0.001748,1.01,0.114,-0.1,5904,2.229958834319154,0.2646218040209995,-0.2933944618112735,4511,11905409,18.094,0.0033,0.9872831316939118,0.13510862605255203,0.9979878517798906,0.0033,0.9946944918690169
5710069,K03396.01,1,CANDIDATE,0.951,36.2580749,11.612474,1.82,0.43,-0.15,0.019643,0.005756,-0.002111,1.228,0.121,-0.108,5818,2.6399131485653156,0.8161385290509833,-0.36659894737974286,4199,5710069,36.258,0.00092,0.9872832568713974,0.14643541791397943,0.997790246289795,0.00092,0.9968722792632083
10878263,K00341.01,1,CANDIDATE,1.0,7.170710381,104.67581,2.73,0.32,-0.26,0.026573,0.00059,-0.000372,0.881,0.038,-0.036,5497,2.56212286120375,0.1242936324443668,-0.11066868615636974,269,10878263,7.171,0.00035,0.9872832607319133,3.646061742709988e-06,0.9999999530365931,0.00035,0.9996499530530303
4150804,K03678.01,1,CANDIDATE,1.0,160.88451966,288.8604,9.09,3.04,-2.02,0.079769,0.000131,-0.0006519999999999,0.902,0.038,-0.036,5650,7.874520915649385,0.3319945233273854,-0.3208053418217861,4666,4150804,160.885,0.0053,0.9872832607319133,6.385878253513023e-14,0.9999999999999992,0.0053,0.9946999999999993
9353742,K03867.01,1,CANDIDATE,1.0,0.938750221,38.891384,1.46,0.19,-0.06,0.01514,0.000505,-0.000262,0.938,0.045,-0.043,5497,1.5542188402970047,0.09081378943359848,-0.07615636136848779,4683,9353742,0.939,2.6e-05,0.9872832607319133,0.004718777784156054,0.9999389314358328,2.6e-05,0.9999129330236155
3732035,K03966.01,1,CANDIDATE,0.994,138.944022,21.363085,2.57,0.41,-0.28,0.021092,0.0007379999999999,-0.000513,1.141,0.052,-0.049,6014,2.6338246791467403,0.15133069904914923,-0.12998972498079872,4366,3732035,138.944,0.00027,0.9872832607319133,0.23651687107980152,0.9960097815379748,0.00027,0.9957408588969595
6842682,K02649.01,1,CANDIDATE,0.992,7.56126152,13.309786,1.2,0.34,-0.11,0.012323,0.000642,-0.000499,0.991,0.078,-0.071,5853,1.3365141423514975,0.12615149525055688,-0.10999025954909722,3011,6842682,7.561,0.00018,0.9872832605639489,0.0819193093800993,0.998850684064745,0.00018,0.9986708909416133
11963206,K02820.01,1,CANDIDATE,1.0,3.00912491,14.820099,1.22,0.16,-0.04,0.012546,0.000658,-0.000496,0.891,0.048,-0.045,5699,1.223394272306821,0.09198172215165586,-0.07846658447465794,3885,11963206,3.009,0.00019,0.9872832607221981,0.06553450172667755,0.9990966818755086,0.00019,0.9989068535059522
4249611,K02821.01,1,CANDIDATE,0.983,79.2450351,12.376152,3.33,0.92,-0.46,0.033253,0.001825,-0.0014039999999999,0.922,0.075,-0.068,5648,3.355407021803423,0.3292585580391771,-0.2851531217377559,3886,4249611,79.245,0.0099,0.9872832599303318,0.24063657726822946,0.9959182538788772,0.0099,0.9860586631654763
10190075,K03007.01,1,CANDIDATE,0.946,11.1916199,10.262078,1.47,0.2,-0.1,0.0141129999999999,0.002443,-0.00259,1.053,0.049,-0.046,5638,1.6264142410174813,0.2915320662072811,-0.3068172699268962,4034,10190075,11.192,0.038,0.9872832070393056,0.11702623144183386,0.9982928516260473,0.038,0.9603577232642575
9650989,K03095.01,1,CANDIDATE,1.0,3.42390809,10.919047,1.25,0.2,-0.08,0.0112909999999999,0.000717,-0.000553,0.966,0.054,-0.051,5787,1.1936939410080436,0.10098799792680621,-0.08596310353206713,3732,9650989,3.424,0.022,0.9872832449280498,0.09799782216306266,0.9986005951387233,0.022,0.9766313820456715
8554701,K03315.01,1,CANDIDATE,0.974,31.1748311,14.219389,1.31,0.4,-0.14,0.0129889999999999,0.000609,-0.000483,0.983,0.042,-0.04,6086,1.3973741026774371,0.08864046900718775,-0.07702772548211674,4548,8554701,31.175,0.00013,0.9872832607039436,0.10589944382725788,0.9984743977922078,0.00013,0.9983445961204949
9031209,K03316.01,1,CANDIDATE,0.996,47.056847600000005,24.130754,2.84,0.47,-0.22,0.03515,0.001272,-0.0006309999999999,0.801,0.065,-0.059,5288,3.081351915271835,0.27378369156459437,-0.23360938915208154,4549,9031209,47.057,8.5e-05,0.9872832607319133,0.04878706870465259,0.9993393659217342,8.5e-05,0.9992544220756309
9966219,K03401.01,1,CANDIDATE,0.996,17.9559673,10.403063,1.96,0.28,-0.33,0.014983,0.000866,-0.004997,0.951,0.054,-0.051,5637,1.559418751274226,0.12635083256127042,-0.5267644812886876,4241,9966219,17.956,0.0042,0.9872832204277651,0.12713001530322268,0.9981239952784237,0.0042,0.9939318744982543
10878263,K00341.02,2,CANDIDATE,1.0,4.699652821,41.030235,1.74,0.2,-0.17,0.016925,0.000539,-0.0003509999999999,0.881,0.038,-0.036,5497,1.6318793296155296,0.08749416160450482,-0.07477933174795882,305,10878263,4.7,0.00055,0.9872832607319133,0.003963145217107425,0.9999487494451986,0.00055,0.9993987776330037
9025971,K03680.01,1,CANDIDATE,0.999,141.2415405,336.2867,11.49,1.66,-1.21,0.103416,0.000364,-0.000305,1.014,0.053,-0.05,5705,11.476491687138182,0.6012146287193952,-0.5669132649155328,4668,9025971,141.242,0.014,0.9872832607319133,2.4532593901081204e-16,1.0,0.014,0.986
4472818,K03878.01,1,CANDIDATE,0.982,70.9672087,31.67353,2.84,0.42,-0.15,0.0263649999999999,0.002218,-0.000871,0.97,0.041,-0.039,5827,2.7988715367795005,0.2635087552211895,-0.1456470287933891,4728,4472818,70.967,5.1e-05,0.9872832607319133,0.0318251266227136,0.9995766005142358,5.1e-05,0.9995256221076095
9664142,K02654.01,1,CANDIDATE,0.978,13.5631157,13.206010999999998,1.75,0.51,-0.17,0.017929,0.003638,-0.001376,1.099,0.108,-0.096,5853,2.1564391871224515,0.48618159144686035,-0.25074597950827454,3789,9664142,13.563,0.0047,0.9872832605309456,0.09049923640010547,0.9987183310973603,0.0047,0.9940243549412027
10018233,K02655.01,1,CANDIDATE,0.894,16.2959916,14.116614000000002,1.83,0.21,-0.17,0.0174,0.001049,-0.000707,0.982,0.053,-0.05,5491,1.870011131386861,0.15131483363291326,-0.12181603354786404,3790,10018233,16.296,0.016,0.9872832606964339,0.08597961617297557,0.9987883599633671,0.016,0.9828077462039533
8636539,K02656.01,1,CANDIDATE,0.99,6.77367892,13.574523,1.33,0.41,-0.17,0.011355,0.000775,-0.000321,1.237,0.11,-0.099,6392,1.5372351056349107,0.17232084116182259,-0.13047801850116286,3791,8636539,6.774,0.00064,0.9872832606299975,0.07881209353068484,0.9988980075143628,0.00064,0.9982587127895536
8547429,K02658.01,1,CANDIDATE,0.995,11.6601667,16.824768,2.08,0.33,-0.19,0.017606,0.0005769999999999,-0.005603,1.183,0.055,-0.052,5797,2.279443845739995,0.12965943475052255,-0.7323056598562481,3793,8547429,11.66,0.019,0.9872832607317014,0.06075107381762613,0.9991668806050299,0.019,0.9801827098735343
7428736,K02827.01,1,CANDIDATE,0.993,7.06321927,14.2268095,1.21,0.19,-0.16,0.01355,0.000205,-0.001357,0.775,0.059,-0.053,5305,1.1492763064749558,0.08920428291286386,-0.1393723784438051,3892,7428736,7.063,0.00032,0.9872832607023444,0.0740582995159459,0.9989697939716563,0.00032,0.9986501236375854
5613821,K02915.01,1,CANDIDATE,0.999,5.06092282,13.158193,0.98,0.13,-0.06,0.0098739999999999,7.3e-05,-0.002477,0.922,0.039,-0.037,5637,0.996339847029942,0.04278341389752544,-0.2531205126289114,3633,5613821,5.061,0.0019,0.9872832605064036,0.0801408164718825,0.9988778099457813,0.0019,0.9969799421068843
12405333,K03009.01,1,CANDIDATE,0.986,0.764863517,11.064967,1.04,0.15,-0.13,0.011108,0.000615,-0.000843,0.764,0.035,-0.033,5231,0.928779637301787,0.06674323216567703,-0.08110314696380934,4036,12405333,0.765,0.0019,0.9872832486548733,0.09287731808120261,0.9986812026946852,0.0019,0.9967837084095653
11518201,K03104.01,1,CANDIDATE,0.981,1.236866732,11.330463,1.75,0.46,-0.19,0.018187,0.000867,-0.0061259999999999,0.793,0.063,-0.057,5621,1.5784023169991188,0.1462395900683194,-0.5436300970561716,3741,11518201,1.237,0.2,0.987283253441052,0.09106849381228517,0.9987094606780225,0.2,0.798967568542418
8753657,K00321.01,1,CANDIDATE,1.0,2.426304127,65.83189,1.41,0.21,-0.08,0.0132719999999999,0.001123,-0.000856,1.077,0.046,-0.044,5678,1.5643557829096282,0.14827433124191977,-0.11943413333718436,173,8753657,2.426,0.0052,0.9872832607319133,0.00024715777361371754,0.9999968156879497,0.0052,0.9947968322463724
8331612,K03318.01,1,CANDIDATE,0.95,13.8353959,11.331908,3.78,1.22,-0.52,0.03272,0.000301,-0.008517,1.084,0.105,-0.092,6020,3.8817363352630254,0.3776903135737101,-1.0627659333446338,4551,8331612,13.835,0.0027,0.9872832537209181,0.10947552833320173,0.998416546088212,0.0027,0.9957208214137737
8331612,K03318.02,2,CANDIDATE,0.556,25.6970688,7.5008674,3.83,1.24,-0.53,0.033204,0.01209,-0.008112,1.084,0.105,-0.092,6020,3.939155662471684,1.4841818102687425,-1.0187833815785814,4552,8331612,25.697,0.12,0.9872735984381696,0.185366153320366,0.9970668377524818,0.12,0.8774188172221841
7131760,K03407.01,1,CANDIDATE,0.943,92.436978,13.0419855,2.89,0.59,-0.25,0.035765,0.000762,-0.00815,0.774,0.062,-0.056,5595,3.0295815389818777,0.25111709520129616,-0.7243322645841493,4247,7131760,92.437,0.052,0.9872832605135414,0.2672557146064436,0.9953020481522759,0.052,0.9435463416483575
11395587,K00350.01,1,CANDIDATE,0.983,12.99065074,29.201063,2.02,0.3,-0.2,0.018005,0.000612,-0.000254,0.992,0.042,-0.04,5787,1.9547366398187767,0.10613201826741854,-0.08350463308942913,315,11395587,12.991,0.029,0.9872832607319133,0.016554047053057328,0.9997831858205896,0.029,0.9707894734317924
12404954,K00361.01,1,CANDIDATE,1.0,3.247548814,38.281807,1.41,0.2,-0.07,0.013203,0.000294,-0.000342,0.956,0.041,-0.039,5703,1.3813825678957965,0.06675303466511329,-0.0667538927644191,379,12404954,3.248,2.3e-05,0.9872832607319133,0.005238037909210479,0.9999321759904627,2.3e-05,0.9999091775504149
4472818,K03878.02,2,CANDIDATE,0.999,15.3573445,9.701656,1.42,0.22,-0.07,0.013216,6.9e-05,-0.003903,0.97,0.041,-0.039,5827,1.4029920815504655,0.05975240281030338,-0.41815922719627974,4765,4472818,15.357,0.83,0.9872831072362204,0.13109310036861183,0.9980566729678656,0.83,0.1696696344045372
3544595,K00069.01,1,CANDIDATE,1.0,4.72674037,244.8787,1.56,0.07,-0.07,0.015943,4e-05,-0.0008359999999999,0.943,0.04,-0.037,5648,1.6453761372545932,0.06991524105598308,-0.10775794243528598,519,3544595,4.727,0.00013,0.9872832607319133,6.515127607191841e-13,0.9999999999999916,0.00013,0.9998699999999916
9455677,K04076.01,1,CANDIDATE,0.995,124.827797,15.814648000000002,2.57,0.46,-0.38,0.022786,0.0010689999999999,-0.001241,0.764,0.038,-0.036,5340,1.9052190147243897,0.13026580779188593,-0.1372099173932055,4870,9455677,124.828,0.025,0.9872832607308764,0.3123908192125919,0.9941481849876598,0.025,0.9692944803629683
5342061,K02666.01,1,CANDIDATE,0.989,64.034363,13.237282,3.47,0.8,-0.32,0.040604,67.00418,-0.012032,1.142,0.102,-0.091,5691,5.0747935435439215,8374.35672723197,-1.5572130688927497,3833,5342061,64.034,0.92,0.9872832605682145,0.18375103633421297,0.9971003795550673,0.92,0.07976803036440534
9995402,K02832.01,1,CANDIDATE,0.991,3.57551429,13.674439,0.89,0.21,-0.13,0.008876,0.000227,-0.000596,0.773,0.033,-0.031,5213,0.7508967819657689,0.03736845201812768,-0.05872885899010047,3931,9995402,3.576,0.00044,0.9872832606468012,0.07435697697212348,0.9989653053840524,0.00044,0.9985257606496833
10332213,K02919.01,1,CANDIDATE,1.0,2.522590567,11.662024,25.82,6.66,-2.23,0.274887,48.20747,-0.97084,0.908,0.069,-0.063,5591,27.316402654983637,4790.5313278738,-96.49409913258633,3637,10332213,2.523,1.0,0.9872832568577036,0.0897743486682732,0.9987296092586045,1.0,0.0
7090524,K02920.01,1,CANDIDATE,0.98,6.73968289,12.498557,1.48,0.23,-0.26,0.011491,0.002704,-0.000813,1.047,0.047,-0.044,5513,1.3167034150673294,0.31542697267914743,-0.10835272141233347,3638,7090524,6.74,1.7e-05,0.9872832599482073,0.08784147077460584,0.9987595956064742,1.7e-05,0.9987426166933489
11565544,K03013.01,1,CANDIDATE,0.998,3.76562031,11.634653,19.39,5.21,-1.73,0.208191,63.806830000000005,-0.060828,0.886,0.068,-0.062,5743,20.18734144981752,6187.060460965278,-6.065027774000551,4040,11565544,3.766,1.0,0.9872832566659964,0.09169014305113898,0.9986997622909912,1.0,0.0
7347246,K03014.01,1,CANDIDATE,0.941,86.1160885,16.375875,3.11,1.06,-0.35,0.027076,0.001276,-0.000913,1.045,0.104,-0.093,6161,3.0965938827712054,0.340983389501649,-0.2947004169633669,4041,7347246,86.116,0.00056,0.9872832607315132,0.18557088881722553,0.9970651186234298,0.00056,0.9965067621570007
12072872,K03017.01,1,CANDIDATE,0.98,2.46288834,10.592159,0.67,0.18,-0.12,0.006346,0.000453,-0.0003129999999999,0.895,0.038,-0.036,5893,0.6215936350050341,0.051627089147452676,-0.039561038388140686,4077,12072872,2.463,0.51,0.9872832312806371,0.09982437899541453,0.9985716179554521,0.51,0.48930009279817155
11285870,K03110.01,1,CANDIDATE,0.972,4.48494315,11.137843,1.23,0.41,-0.13,0.0107459999999999,0.000478,-0.000721,1.114,0.088,-0.08,6217,1.3101332920337154,0.11877330405950931,-0.12875918511375226,3780,11285870,4.485,2.5e-05,0.9872832503257245,0.09738705639539288,0.9986102584715423,2.5e-05,0.9985852932150804
10384298,K03224.01,1,CANDIDATE,1.0,3.43861067,10.745015,1.01,0.21,-0.33,0.006575,0.000231,-0.0008,0.82,0.034,-0.032,5392,0.5900557749181978,0.0320674986917284,-0.0753961597470392,3477,10384298,3.439,0.18,0.9872832387518151,0.09973177631713623,0.9985730906404674,0.18,0.8188299343251834
3109550,K03225.01,1,CANDIDATE,0.867,4.8754765,9.534516,0.8,0.16,-0.22,0.005681,0.000535,-0.000434,0.852,0.036,-0.034,5513,0.5297217921595772,0.05467698846073858,-0.0456566510145182,3478,3109550,4.875,0.93,0.987283043531842,0.11474598853481582,0.998330405079209,0.93,0.06988312835554458
8753657,K00321.02,2,CANDIDATE,0.996,4.62334491,20.600616,0.77,0.12,-0.05,0.007238,0.000169,-0.000346,1.077,0.046,-0.044,5678,0.8531349575572613,0.04152782826550686,-0.05364733080983265,174,8753657,4.623,1.5e-05,0.9872832607319131,0.03661741239305076,0.9995104209198337,1.5e-05,0.9994954282635199
4271474,K03324.01,1,CANDIDATE,1.0,21.8634638,13.710323,2.37,0.44,-0.19,0.027476,0.001125,-0.002931,0.838,0.077,-0.069,5383,2.5198865123332492,0.25348872266551076,-0.3395703227372508,4596,4271474,21.863,0.059,0.9872832606564912,0.09722985280689776,0.9986127445653632,0.059,0.9396945926360069
10982872,K00343.01,1,CANDIDATE,1.0,4.761705895,95.51532,2.75,0.44,-0.48,0.020577,0.0017929999999999,-0.000278,1.116,0.048,-0.045,5794,2.51321537446514,0.24421715377912895,-0.10687629211631097,306,10982872,4.762,5.8e-07,0.9872832607319133,9.651015064040433e-06,0.9999998756885368,5.8e-07,0.9999992956886088
3937814,K04084.01,1,CANDIDATE,0.82,214.881456,15.338302,2.68,0.29,-0.37,0.024625,0.00157,-0.000683,0.858,0.041,-0.039,5322,2.3123149265353637,0.18423694948161115,-0.12312732088299556,4876,3937814,214.881,0.00062,0.9872832607299412,0.6721819146255696,0.9735888137798367,0.00062,0.9729851887152933
3937814,K04084.03,2,CANDIDATE,0.409,8.19619768,7.277291,1.55,0.17,-0.21,0.014232,0.004832,-0.001839,0.858,0.041,-0.039,5322,1.3364006511452304,0.4582022029521683,-0.18305690068927785,4910,3937814,8.196,0.013,0.9872677327565641,0.14932177852891335,0.9977362490673658,0.013,0.98476567782949
11253827,K02672.01,2,CANDIDATE,0.82,88.51220140000001,61.35698299999999,4.7,0.61,-0.37,0.045589,0.0009279999999999,-0.00081,0.903,0.038,-0.036,5593,4.505378393515605,0.21061131017688353,-0.1966466576667365,3839,11253827,88.512,0.0014,0.9872832607319133,0.0016409000923932081,0.9999788295859509,0.0014,0.9985788592245306
11253827,K02672.02,1,CANDIDATE,1.0,42.9923284,78.22098000000001,3.32,0.42,-0.27,0.0321269999999999,0.004906,-0.001838,0.903,0.038,-0.036,5593,3.1749828170934964,0.5029131609103831,-0.2213949364011346,3840,11253827,42.992,0.00086,0.9872832607319133,0.00012154261329087943,0.9999984342754842,0.00086,0.9991384356220073
8095441,K02743.01,1,CANDIDATE,1.0,11.87457664,18.11126,1.32,0.16,-0.09,0.013737,0.000349,-0.000716,0.93,0.04,-0.038,5523,1.3981646012144473,0.06984362547137364,-0.09259883511143623,3540,8095441,11.875,0.0012,0.9872832607318949,0.05330404826543144,0.9992747567976797,0.0012,0.9980756270895226
5881813,K02744.01,1,CANDIDATE,0.987,109.6469948,22.06446,4.85,0.73,-1.7,0.030575,0.005278,-0.003381,0.939,0.053,-0.05,5337,3.142067521787692,0.5706560352054565,-0.3856357633437904,3541,5881813,109.647,0.0036,0.9872832607319133,0.15123442376453025,0.997704924949185,0.0036,0.9941131872193678
5881813,K02744.02,2,CANDIDATE,0.579,11.615625,8.123982,2.84,0.43,-1.0,0.017915,0.000517,-0.006254,0.939,0.053,-0.05,5337,1.8410511742543418,0.11670911088725305,-0.650131566634726,3542,5881813,11.616,0.27,0.9872801723718315,0.1445646181310069,0.9978227133234071,0.27,0.7284105807260872
9815053,K02923.01,1,CANDIDATE,0.994,5.83892993,12.597187,1.19,0.18,-0.11,0.014115,0.000788,-0.000799,0.76,0.057,-0.052,5279,1.1740265825572618,0.1097678372561835,-0.1042554794780487,3641,9815053,5.839,0.062,0.9872832600801664,0.08581700660457728,0.9987908665388623,0.062,0.9368658328134528
6974658,K02925.01,1,CANDIDATE,0.999,0.7165318509999999,14.491310999999998,1.11,0.33,-0.2,0.009893,0.000392,-0.001756,0.858,0.036,-0.034,5552,0.9289637185061668,0.05361124231068394,-0.16894957477174855,3677,6974658,0.717,0.13,0.9872832607136732,0.06547742227995165,0.9990975237752243,0.13,0.8692148456844452
8709688,K03019.01,1,CANDIDATE,0.963,4.17939037,13.931228,1.52,0.24,-0.23,0.012013,0.000654,-0.000478,1.2,0.061,-0.058,5637,1.5776700415303295,0.11751103158149308,-0.09876987256229439,4079,8709688,4.179,0.056,0.9872832606796962,0.07308975877459532,0.9989843294895336,0.056,0.9430412070381197
8709688,K03019.02,2,CANDIDATE,0.935,2.012094,7.517123,0.99,0.16,-0.15,0.00782,0.000499,-0.000707,1.2,0.061,-0.058,5637,1.0270023911401964,0.08378626742570723,-0.10528620872822005,4080,8709688,2.012,0.00097,0.9872732280300263,0.1339049953330182,0.9980069777492009,0.00097,0.9970389109807841
11618601,K03022.01,1,CANDIDATE,0.828,2.76263737,11.600199,1.25,0.38,-0.12,0.012679,0.00041,-0.0009,0.799,0.065,-0.059,5772,1.1087030360716084,0.09705917674540757,-0.11356142309100396,4083,11618601,2.763,0.0016,0.9872832563789605,0.09065506878054728,0.9987159037274129,0.0016,0.997117958281449
11618601,K03022.02,2,CANDIDATE,0.972,5.05368985,10.617677,1.21,0.37,-0.11,0.012312,0.000589,-0.000882,0.799,0.065,-0.059,5772,1.0766110718600554,0.10160559843183688,-0.11076338074784749,4084,11618601,5.054,0.0022,0.9872832328807453,0.10340972856702257,0.9985143984879733,0.0022,0.9963176668112997
8581240,K03111.01,1,CANDIDATE,1.0,10.76800074,11.922952,0.92,0.13,-0.12,0.007669,3.4e-05,-0.000697,1.096,0.047,-0.045,5874,0.919883327586207,0.03965780337685796,-0.09173937219263954,3781,8581240,10.768,0.0018,0.9872832584251245,0.09874605000019426,0.9985887413262254,0.0018,0.9967912815918382
8581240,K03111.02,2,CANDIDATE,0.986,4.32848303,9.97758,0.66,0.1,-0.09,0.005511,0.000305,-0.000352,1.096,0.047,-0.045,5874,0.6610349482758621,0.04628147539319134,-0.05019278344702356,3782,8581240,4.328,0.025,0.9872831668112889,0.10900172227342984,0.9984242266994349,0.025,0.973463621031949
9569711,K03232.01,1,CANDIDATE,0.996,6.05919881,25.28146,1.21,0.18,-0.09,0.011561,0.000791,-0.000705,0.941,0.039,-0.037,5734,1.1906071334161843,0.09524086147642695,-0.08638854186220664,3486,9569711,6.059,0.14,0.9872832607319133,0.02266727056920915,0.9997012617867934,0.14,0.8597430851366423
7503885,K03417.01,1,CANDIDATE,1.0,91.078624,12.420644,3.26,1.03,-0.44,0.029618,0.00233,-0.00483,1.148,0.093,-0.084,5915,3.721183379184495,0.42020394733894106,-0.6651234395346571,4293,7503885,91.079,0.0041,0.987283260019935,0.27645766325730103,0.9950784862512017,0.0041,0.9909986644575718
11760860,K03892.01,1,CANDIDATE,1.0,2.41660149,26.65567,0.92,0.15,-0.06,0.008255,0.000272,-0.00022,1.022,0.044,-0.042,5705,0.9233182697269068,0.05005740311657353,-0.04522489937505262,4087,11760860,2.417,0.00068,0.9872832607319133,0.01843297542571392,0.9997581146991568,0.00068,0.9990782791811613
5088536,K00282.01,1,CANDIDATE,1.0,27.50871575,137.73535,2.98,0.13,-0.12,0.023998,0.001387,-0.000828,1.146,0.049,-0.046,5903,3.009838008998238,0.21638684330648547,-0.15931221215954045,577,5088536,27.509,1.1e-05,0.9872832607319133,1.3133190185680277e-07,0.9999999983083743,1.1e-05,0.9999889983083929
12456601,K02745.01,1,CANDIDATE,0.995,15.64588656,23.488997,2.18,0.67,-0.22,0.021809,0.000821,-0.0005679999999999,1.046,0.085,-0.077,5896,2.4966110747231314,0.22359171623286586,-0.19494826997167714,3576,12456601,15.646,0.00023,0.9872832607319133,0.031985870553032036,0.9995743913242167,0.00023,0.9993444892142122
11075737,K00292.01,1,CANDIDATE,1.0,2.586639524,57.04997,1.44,0.19,-0.16,0.013613,0.000151,-0.00032,0.988,0.043,-0.041,5780,1.4719540225899825,0.06611069265290241,-0.07020245959877608,630,11075737,2.587,0.00023,0.9872832607319133,0.000653909385243419,0.9999915717842165,0.00023,0.9997615737227061
8758204,K02841.01,1,CANDIDATE,0.996,159.38878799999998,15.520331,2.73,0.14,-0.24,0.028604,0.001459,-0.0010789999999999,0.836,0.054,-0.05,5146,2.6170770105713563,0.21539662402234339,-0.18505564492939508,3976,8758204,159.389,0.0088,0.9872832607302737,0.4509726130990294,0.9894198907239751,0.0088,0.9807129956856041
6523351,K03117.01,1,CANDIDATE,0.976,6.06664931,11.132266,0.87,0.12,-0.04,0.008919,0.001139,-0.001701,0.922,0.039,-0.037,5569,0.8999751970488296,0.12107184175859674,-0.17539866102081936,3821,6523351,6.067,0.081,0.9872832502630733,0.09972501378709643,0.9985731994210268,0.081,0.9176887702679237
8008067,K00316.01,1,CANDIDATE,1.0,15.77111067,89.63718399999999,2.62,0.4,-0.31,0.021029,0.000394,-0.000152,1.052,0.045,-0.043,5620,2.421128368927762,0.11306426888640941,-0.10049789756012084,131,8008067,15.771,4.4e-06,0.9872832607319133,2.210541362190589e-05,0.999999715264092,4.4e-06,0.9999953152653449
6587796,K03237.01,1,CANDIDATE,0.999,33.4203001,30.597952000000003,2.46,0.37,-0.28,0.021125,0.006843,-0.002786,0.992,0.042,-0.04,5731,2.293463566574377,0.7492382859567485,-0.31628751774689484,3522,6587796,33.42,0.02,0.9872832607319133,0.019710737686106605,0.999741010220377,0.02,0.9797461900159694
10922659,K03335.01,1,CANDIDATE,0.97,31.2543238,12.085419,2.29,0.76,-0.26,0.0191919999999999,0.001029,-0.000784,1.223,0.149,-0.13,6246,2.568799142839151,0.34192650899471483,-0.29252283757899405,4642,10922659,31.254,0.0005,0.9872832591340589,0.13052291351151632,0.9980664176787407,0.0005,0.9975673844699015
7692093,K03337.01,1,CANDIDATE,0.971,11.16622885,10.157672,1.56,0.37,-0.13,0.017052,0.000938,-0.000813,0.749,0.066,-0.059,5552,1.3977857135036498,0.14519889063430033,-0.128703675211951,4644,7692093,11.166,0.0012,0.9872831952824075,0.11818007048281153,0.9982737623197514,0.0012,0.9970758338049677
10545066,K00337.01,1,CANDIDATE,1.0,19.7830259,30.561613,2.1,0.32,-0.28,0.017519,0.000529,-0.000242,1.192,0.052,-0.049,5747,2.285435787440221,0.12125422610215085,-0.09911078190805962,262,10545066,19.783,8.8e-06,0.9872832607319133,0.015916095434888092,0.9997916764348465,8.8e-06,0.9997828782680938
3745559,K03423.01,1,CANDIDATE,1.0,30.2541186,18.625946,2.8,0.96,-0.32,0.022052,0.001291,-0.001335,1.013,0.077,-0.07,6277,2.4447861963881192,0.23456109257283358,-0.22460094379663118,4337,3745559,30.254,0.34,0.9872832607319068,0.06691280171781488,0.9990763211977995,0.34,0.6593903719905476
10982872,K00343.02,2,CANDIDATE,1.0,2.024143568,62.41155,1.94,0.31,-0.34,0.014511,0.001889,-0.000383,1.116,0.048,-0.045,5794,1.7723316469292725,0.24298404479492175,-0.08541354452752781,307,10982872,2.024,7.6e-05,0.9872832607319133,0.00035833089817745837,0.999995382850887,7.6e-05,0.9999193832017903
6697817,K03508.01,1,CANDIDATE,0.975,190.800788,10.55995,1.67,0.27,-0.07,0.015465,0.000966,-0.0007509999999999,0.963,0.046,-0.043,5997,1.6298951487383586,0.12816644673690905,-0.10752379250486989,4741,6697817,190.801,0.008,0.9872832425648904,0.7011715267598517,0.9697770454717191,0.008,0.9620188291079453
8827930,K03801.01,1,CANDIDATE,0.99,288.3128666,95.7085,13.21,2.07,-2.3,0.0991529999999999,0.005108,-0.002946,1.087,0.082,-0.075,5675,11.79556800004718,1.0775154183039897,-0.8861134789598647,4410,8827930,288.313,0.01,0.9872832607319133,0.0009488042176930357,0.9999877672850452,0.01,0.9899878896121947
3103227,K04091.01,1,CANDIDATE,0.958,225.585245,16.416048,3.71,0.64,-0.58,0.024932,0.001284,-0.000719,1.104,0.059,-0.055,5941,3.0123792489302796,0.22357270628507095,-0.1734035115019064,4917,3103227,225.585,0.0023,0.9872832607316654,0.6840112763617737,0.9721178878270218,0.0023,0.9698820166850197
4850961,K04092.01,1,CANDIDATE,0.966,24.4972683,15.612547,2.74,0.74,-0.37,0.021608,0.003124,-0.002247,1.125,0.097,-0.088,6392,2.6604221149005784,0.4478409171445238,-0.34618709334898556,4918,4850961,24.497,0.0018,0.9872832607298807,0.08349861205131351,0.9988265080278242,0.0018,0.9970286203133741
6779260,K02678.01,1,CANDIDATE,1.0,3.833087643,112.07767,2.25,0.23,-0.12,0.024847,6.7e-05,-0.004568,0.789,0.033,-0.031,5397,2.145529147228165,0.08992326298957486,-0.40335237917021066,3882,6779260,3.833,0.00026,0.9872832607319133,1.523769632909202e-06,0.9999999803729979,0.00026,0.9997399803781009
6779260,K02678.02,2,CANDIDATE,0.976,2.2165905,9.266786,0.48,0.05,-0.03,0.005287,0.00894,-0.00072,0.789,0.033,-0.031,5397,0.45653047053548956,0.7722017653700786,-0.06470754921984768,3883,6779260,2.217,1.0,0.9872828971308746,0.11336900082435052,0.9983529833930845,1.0,0.0
5088536,K00282.02,2,CANDIDATE,0.999,8.45744892,24.473572,1.02,0.05,-0.04,0.0082469999999999,6.1e-05,-0.000389,1.146,0.049,-0.046,5903,1.034341780990423,0.04488264930573732,-0.06406302481929123,578,5088536,8.457,0.0004,0.9872832607319133,0.025690023425177788,0.9996603736763486,0.0004,0.9992605095268782
3545135,K02755.01,1,CANDIDATE,0.995,8.48299282,18.021414,0.8,0.11,-0.06,0.007876,9.3e-05,-0.000482,0.975,0.041,-0.039,5827,0.8404149682230052,0.0367073763540572,-0.061443852456362545,3621,3545135,8.483,0.0075,0.9872832607318912,0.05106868760226168,0.9993068074077087,0.0075,0.9918120063521509
10064256,K02849.01,1,CANDIDATE,1.0,5.95958637,12.840978,1.02,0.25,-0.08,0.0104269999999999,0.000535,-0.000482,0.816,0.061,-0.055,5452,0.9311786028190194,0.08442929816752,-0.07610572723674637,4020,10064256,5.96,0.17,0.9872832603215123,0.08387801852117825,0.9988206875966611,0.17,0.8290211707052286
6949898,K03031.01,1,CANDIDATE,0.991,7.64809462,10.221423,1.19,0.3,-0.1,0.0127879999999999,0.000775,-0.000723,0.816,0.067,-0.06,5641,1.1420266589478891,0.11654551461969795,-0.10592597136584755,3429,6949898,7.648,0.014,0.9872832021405773,0.11165188512454939,0.9983811042047034,0.014,0.9844037687458376
8008067,K00316.02,2,CANDIDATE,1.0,157.0659976,34.23117,2.63,0.41,-0.32,0.021105,0.0006129999999999,-0.000292,1.052,0.045,-0.043,5620,2.4298784643216713,0.12563632718601175,-0.1048556654312507,132,8008067,157.066,0.013,0.9872832607319133,0.09125931460024124,0.9987064857315433,0.013,0.9857233014170332
10917433,K03248.01,1,CANDIDATE,0.961,6.91261536,11.120144,0.64,0.1,-0.07,0.005657,1.3e-05,-0.00065,1.115,0.048,-0.045,5761,0.6903105357255221,0.02975971524157728,-0.08406858061307942,3566,10917433,6.913,0.016,0.9872832500458603,0.10108752065264692,0.9985515133456282,0.016,0.9825746891320981
10982872,K00343.03,3,CANDIDATE,0.998,41.8085031,13.963863,1.67,0.27,-0.29,0.01252,0.000525,-0.000234,1.116,0.048,-0.045,5794,1.529156654920715,0.0918550231707235,-0.06796116841823092,308,10982872,41.809,0.00016,0.9872832606878859,0.12649127762586057,0.9981347917483337,0.00016,0.997975090181654
9761615,K03911.01,1,CANDIDATE,1.0,1.79110997,22.395866,1.29,0.41,-0.14,0.011842,0.000482,-0.000268,0.902,0.069,-0.062,6040,1.169001450226529,0.10129545284306964,-0.0845959229533651,4138,9761615,1.791,8.6e-07,0.9872832607319133,0.02890604741034533,0.9996165917492761,8.6e-07,0.9996157320790072
4814502,K04004.01,1,CANDIDATE,1.0,4.94330596,18.537338,1.41,0.19,-0.13,0.012786,0.000159,-0.002441,0.905,0.039,-0.036,5651,1.2663878493896301,0.05680038550386933,-0.24696100922726705,5257,4814502,4.943,2.8e-06,0.987283260731905,0.045794594951396664,0.9993818322512511,2.8e-06,0.9993790339821208
8142787,K04005.01,1,CANDIDATE,0.997,178.139072,17.83006,2.25,0.22,-0.16,0.023396,0.001222,-0.000687,0.927,0.042,-0.04,5431,2.3735850749433682,0.16411856196820943,-0.12388572483062259,5258,8142787,178.139,0.005,0.9872832607318938,0.46320669909567386,0.9888851978142394,0.005,0.9839407718251683
8951205,K04099.01,1,CANDIDATE,0.996,4.95060632,14.243670000000002,1.28,0.22,-0.1,0.0163759999999999,0.0004059999999999,-0.001148,0.769,0.059,-0.054,5431,1.3782170716083482,0.11112467230929494,-0.13675199531680424,4959,8951205,4.951,0.036,0.9872832607030994,0.07161411465706809,0.9990064171365297,0.036,0.9630421861196146
3747817,K04103.01,1,CANDIDATE,0.999,184.77271,16.886051000000002,2.41,0.22,-0.1,0.027576,0.0013599999999999,-0.000793,0.989,0.046,-0.044,5273,2.9847710081802163,0.20234064247474673,-0.15811580221064603,4962,3747817,184.773,0.00071,0.9872832607317988,0.5158749243712291,0.9862747319847536,0.00071,0.9855744769250444
6432345,K02757.01,1,CANDIDATE,0.998,234.635652,21.258717,2.56,0.25,-0.19,0.0264589999999999,0.000972,-0.000832,0.876,0.039,-0.037,5422,2.5366525671406897,0.146416037246125,-0.1335730495236852,3623,6432345,234.636,0.038,0.9872832607319133,0.595896917257036,0.9810061515478646,0.038,0.9437279177890457
12602314,K02853.01,1,CANDIDATE,0.992,1.4070201180000002,15.100548000000002,1.12,0.04,-0.09,0.012061,0.000618,-0.000503,0.844,0.04,-0.038,5018,1.1140616377422603,0.07775815620702474,-0.06837119430773762,4025,12602314,1.407,0.00052,0.9872832607261778,0.06212755725249208,0.9991467535372909,0.00052,0.9986271972254516
4547603,K02855.01,1,CANDIDATE,0.963,1.4007557430000002,16.541586,1.3,0.19,-0.19,0.011144,0.0004599999999999,-0.00055,1.037,0.047,-0.045,5487,1.2647460026428388,0.07753250792354152,-0.08311684435506503,4027,4547603,1.401,0.025,0.9872832607315399,0.053466190756078474,0.999272426109434,0.025,0.9742906154566982
10880507,K02936.01,1,CANDIDATE,0.73,6.4802138,12.623598,1.26,0.16,-0.12,0.011743,0.003996,-0.001107,0.955,0.044,-0.041,5496,1.2273428250849483,0.42146058507148904,-0.1271338885473471,3725,10880507,6.48,6.2e-05,0.9872832601131432,0.08640748815654752,0.9987817599752005,6.2e-05,0.998719835506082
4385148,K02942.01,1,CANDIDATE,0.954,13.84301228,14.495762,1.98,0.5,-0.18,0.02167,0.00117,-0.000681,0.897,0.077,-0.07,5745,2.1273297324125346,0.21573157882958663,-0.17896778652554224,3730,4385148,13.843,0.0022,0.9872832607144995,0.07976879789231933,0.9988834707970936,0.0022,0.99668592716134
6357290,K03040.01,1,CANDIDATE,0.882,4.8099878,12.766799,1.59,0.43,-0.17,0.015608,0.000808,-0.000769,0.882,0.078,-0.07,5988,1.5066046279889251,0.15438673002431666,-0.1407390488241648,3471,6357290,4.81,0.0011,0.9872832602579722,0.08307571591888697,0.9988329898657252,0.0011,0.9977342735768729
4072955,K03041.01,1,CANDIDATE,0.98,5.08288076,10.188075,1.15,0.35,-0.16,0.009687,0.000429,-0.000665,1.059,0.08,-0.073,6217,1.1227129071388118,0.0983127534354737,-0.10922327385730903,3472,4072955,5.083,0.0026,0.9872831978524792,0.10793861377799728,0.9984414588844982,0.0026,0.9958455110913984
4366323,K03258.01,1,CANDIDATE,0.736,40.3511707,10.252698,1.88,0.38,-0.17,0.020966,0.001574,-0.001,1.047,0.098,-0.088,5665,2.4024022104517995,0.288260214704333,-0.23216803641633918,3573,4366323,40.351,0.0031,0.9872832104923387,0.1756313188350784,0.9972557971584586,0.0031,0.9941643041872673
3236705,K03343.01,1,CANDIDATE,0.864,83.2664103,11.199243,2.89,0.43,-0.47,0.022432,0.0016489999999999,-0.001221,0.817,0.038,-0.036,5539,2.005734794361943,0.17447825564800415,-0.14046384695364555,4687,3236705,83.266,0.051,0.9872832533549197,0.2780547029919211,0.9950391030928016,0.051,0.9442921088350688
11810124,K03344.01,2,CANDIDATE,0.999,11.6044881,11.719749,1.88,0.28,-0.34,0.0147509999999999,0.000874,-0.000606,0.875,0.046,-0.044,5533,1.412579735480106,0.11189150737021368,-0.0917239759914588,4688,11810124,11.604,0.007,0.9872832573492392,0.1019999776879579,0.9985369544764654,0.007,0.9915471957951302
11810124,K03344.02,1,CANDIDATE,0.972,3.63898953,12.672195,1.68,0.25,-0.3,0.013212,0.000507,-0.000805,0.875,0.046,-0.044,5533,1.2652025940724891,0.08234840805276471,-0.09995142069994599,4689,11810124,3.639,0.00012,0.9872832601629509,0.08242463937723231,0.998842957462439,0.00012,0.9987230963075435
11810124,K03344.03,3,CANDIDATE,0.814,208.54335,8.227344500000001,2.84,0.42,-0.52,0.022302,0.001344,-0.001472,0.875,0.046,-0.044,5533,2.1356757684684116,0.17079349142923184,-0.17721033407323625,4690,11810124,208.543,0.0026,0.9872818235561592,0.8004029359521421,0.9483419238011281,0.0026,0.9458762347992452
11241912,K03346.01,1,CANDIDATE,0.999,14.42735088,17.863062,1.53,0.25,-0.13,0.013498,0.000724,-0.003495,1.171,0.052,-0.049,5929,1.7298552920651902,0.1204571404641705,-0.45371795575977125,4692,11241912,14.427,0.00082,0.9872832607318839,0.05689084494887271,0.9992230118118707,0.00082,0.9984036489421849
11623629,K00365.01,1,CANDIDATE,0.755,81.737872,86.0518,2.16,0.25,-0.15,0.022652,0.000403,-0.000168,0.863,0.036,-0.034,5559,2.139443413856028,0.0970244979500206,-0.085769124204724,404,11623629,81.738,3.7e-05,0.9872832607319133,9.603073648926606e-05,0.9999987629536831,3.7e-05,0.9999617629994538
6507433,K03815.01,1,CANDIDATE,1.0,4.742552099999999,93.47665,7.27,2.47,-0.82,0.063231,0.032458,-0.008237,1.029,0.093,-0.083,6161,7.120801518735841,3.711502601239819,-1.0910411481207083,4493,6507433,4.743,0.92,0.9872832607319133,1.2086651733775132e-05,0.9999998443155449,0.92,0.07999998754524355
7364176,K00373.01,1,CANDIDATE,1.0,135.1879934,62.985138,2.32,0.31,-0.2,0.023453,0.000441,-0.000185,0.945,0.04,-0.038,5731,2.4255691911810975,0.11234437389029643,-0.0993950308130006,414,7364176,135.188,0.81,0.9872832607319133,0.0029238696049132995,0.9999622285485024,0.81,0.1899928234242154
8376848,K04007.01,1,CANDIDATE,0.964,11.4927112,16.851665,25.01,7.77,-2.78,0.227929,6.875397,-0.309955,1.175,0.109,-0.098,6198,29.310343447567956,884.1402382097854,-39.93330618120168,5260,8376848,11.493,1.0,0.9872832607317118,0.06042700161123454,0.9991716106421035,1.0,0.0
8934103,K04009.01,1,CANDIDATE,0.997,175.13891999999998,16.485638,3.06,0.45,-0.59,0.022585,0.001209,-0.00079,0.948,0.054,-0.05,5518,2.3432136461741755,0.18316455325878575,-0.1482962098311884,5262,8934103,175.139,0.0067,0.9872832607316621,0.48796103513589323,0.9877251519036762,0.0067,0.9811073933859215
8934103,K04009.02,2,CANDIDATE,0.93,77.79271800000001,8.293034,2.17,0.31,-0.42,0.015988,0.000343,-0.002315,0.948,0.054,-0.05,5518,1.6587690845708531,0.10096616697383497,-0.25562106977181986,5296,8934103,77.793,0.77,0.9872814093311457,0.3268428429534818,0.9937450975211207,0.77,0.22856137242985775
3747817,K04103.02,2,CANDIDATE,0.868,14.2378417,7.9679656,1.1,0.1,-0.04,0.012587,0.002031,-0.000569,0.989,0.046,-0.044,5273,1.3623916695664484,0.22878202672373815,-0.08641076701549089,4963,3747817,14.238,0.037,0.9872791408091712,0.15212048103444395,0.9976883076844831,0.037,0.9607738403001572
5088536,K00282.03,3,CANDIDATE,0.894,87.51777870000001,10.864963,1.85,0.08,-0.07,0.014911,0.001218,-0.004746,1.146,0.049,-0.046,5903,1.8701431182670525,0.1724245665056887,-0.5999597668823937,579,5088536,87.518,0.54,0.9872832469989133,0.2997856112658483,0.9944853973926084,0.54,0.45746328280059984
5369827,K02690.01,1,CANDIDATE,1.0,3.606940379,45.816166,2.04,0.26,-0.07,0.022221,0.003471,-0.003252,0.849,0.036,-0.034,5508,2.064689481390008,0.3341836365096854,-0.31327213684086425,3963,5369827,3.607,0.0036,0.9872832607319133,0.0022977259625428475,0.9999703358941111,0.0036,0.9963704426848923
9008737,K02768.03,1,CANDIDATE,1.0,11.83271013,10.77723,1.17,0.3,-0.1,0.012494,0.003059,-0.001321,0.785,0.039,-0.036,5639,1.073382755946388,0.26816028710383427,-0.12370529999839876,3667,9008737,11.833,0.089,0.9872832405495156,0.11230788106064972,0.9983703942037729,0.089,0.9095154291196372
11259686,K00294.01,1,CANDIDATE,0.59,34.4359387,46.869064,2.78,0.48,-0.48,0.018691,0.000491,-0.000264,1.137,0.049,-0.047,5929,2.325821912267178,0.11738677475587646,-0.10159969682949022,35,11259686,34.436,0.0084,0.9872832607319133,0.003372712410240101,0.9999564106362344,0.0084,0.9915567767868901
4385148,K02942.02,2,CANDIDATE,0.973,24.2758992,12.554711,2.25,0.56,-0.2,0.024621,0.000725,-0.0013039999999999,0.897,0.077,-0.07,5745,2.417027473083942,0.21934957032404379,-0.2279576653289486,3764,4385148,24.276,0.0021,0.9872832600621605,0.11289104540488785,0.9983608581141671,0.0021,0.9962643003121273
8617363,K02945.01,1,CANDIDATE,0.988,19.94752741,14.430404,2.52,0.57,-0.2,0.026742,0.0016879999999999,-0.000925,0.871,0.087,-0.077,5749,2.5491506083878677,0.30120345177375724,-0.24199139103223707,3767,8617363,19.948,0.044,0.9872832607125471,0.08793844395675829,0.9987580943001184,0.044,0.9548127381509132
5092266,K03045.01,1,CANDIDATE,0.998,44.8702042,14.334329,2.56,0.8,-0.27,0.023536,0.000825,-0.001279,1.146,0.112,-0.099,6122,2.9518937986408256,0.306486844750262,-0.3012649172018103,3476,5092266,44.87,0.02,0.9872832607102926,0.12746939706635854,0.9981182615568963,0.02,0.9781558963257584
9714550,K03048.01,1,CANDIDATE,1.0,4.73292061,12.931488,0.97,0.2,-0.08,0.011209,0.000752,-0.0004019999999999,0.932,0.071,-0.065,5595,1.1433158840297004,0.11605843611776466,-0.08966282351168443,3511,9714550,4.733,0.00047,0.9872832603849938,0.08160632234065887,0.9988554653993009,0.00047,0.9983860033305633
8008067,K00316.03,3,CANDIDATE,1.0,7.305706326,33.300167,2.11,0.33,-0.25,0.016939,7.7e-05,-0.0020329999999999,1.052,0.045,-0.043,5620,1.9502350773345078,0.0838923297000708,-0.24726689796823265,133,8008067,7.306,0.049,0.9872832607319133,0.009661149440894554,0.9998743452308234,0.049,0.950880502314513
12055539,K03261.01,1,CANDIDATE,1.0,12.27057043,15.709525,1.67,0.54,-0.15,0.015746,0.0006799999999999,-0.000608,0.886,0.068,-0.061,6075,1.526818539076265,0.1344594929850661,-0.12052309281484917,3609,12055539,12.271,4.7e-05,0.9872832607301613,0.06880774050347481,0.9990482301724213,4.7e-05,0.9990012749056032
9349757,K03348.01,1,CANDIDATE,0.94,36.433786700000006,12.819838,2.2,0.33,-0.31,0.018302,0.0009599999999999,-0.000749,1.049,0.065,-0.06,5574,2.1011521156242132,0.17058012151207227,-0.14777461922942126,4694,9349757,36.434,0.0031,0.987283260340737,0.1308673305705606,0.9980605473733342,0.0031,0.9949665596764768
9349757,K03348.02,2,CANDIDATE,0.997,17.718978600000003,7.945239999999999,1.44,0.22,-0.2,0.011983,0.00081,-0.000855,1.049,0.065,-0.06,5574,1.3757024260476969,0.12615045930539165,-0.12580354050696518,4729,9349757,17.719,0.015,0.9872790024815262,0.15989378460681103,0.9975476714637458,0.015,0.9825844563917896
8636333,K03349.01,1,CANDIDATE,0.967,82.175197,14.928787,2.24,0.68,-0.23,0.021508,0.000872,-0.000772,1.176,0.112,-0.1,6247,2.768157554996224,0.28652816280997334,-0.2554986254724435,4730,8636333,82.175,0.0026,0.9872832607256237,0.200478116266094,0.9967702373256153,0.0026,0.9941786347085687
8628665,K03434.01,1,CANDIDATE,1.0,10.2856373,9.876122,1.24,0.2,-0.11,0.010713,0.0007509999999999,-0.000776,0.963,0.055,-0.052,5842,1.1290699468757863,0.10209296803239785,-0.10200856060490639,4386,8628665,10.286,0.063,0.9872831488349267,0.11994108777197232,0.9982445272114123,0.063,0.9353551219970934
6599975,K03438.01,1,CANDIDATE,0.974,14.556561800000004,13.034477,1.08,0.14,-0.06,0.0092859999999999,0.00042,-0.0004269999999999,1.132,0.048,-0.046,6045,1.1504256648628117,0.07132357373215288,-0.07059661562664829,4425,6599975,14.557,0.00017,0.9872832604545124,0.09342947461567304,0.9986725556769215,0.00017,0.9985027813424564
11015108,K00344.01,1,CANDIDATE,1.0,39.30944096,95.34753,2.87,0.37,-0.14,0.0304339999999999,0.000544,-0.000212,0.888,0.038,-0.036,5607,2.9577091011829757,0.13716659802528264,-0.12166431673148044,309,11015108,39.309,2.3e-06,0.9872832607319133,1.724179519509451e-05,0.9999997779125777,2.3e-06,0.9999974779130885
8686097,K00374.01,1,CANDIDATE,0.992,172.70460830000002,79.35191999999999,2.85,0.45,-0.44,0.023415,0.000463,-0.0001889999999999,1.224,0.052,-0.049,5851,3.1365992593757865,0.14698100740865122,-0.12809345181581291,438,8686097,172.705,3.6e-05,0.9872832607319133,0.0008832071115183677,0.9999886137610892,3.6e-05,0.9999526141709937
9009953,K04014.01,1,CANDIDATE,0.982,234.240739,19.096905,3.41,0.57,-0.57,0.025002,0.0023769999999999,-0.004926,1.092,0.048,-0.045,5812,2.98800173181475,0.31296938261356927,-0.6014478231447475,5300,9009953,234.241,0.066,0.9872832607319117,0.6498949763138286,0.9760900410386812,0.066,0.9116680983301282
3955817,K04117.01,1,CANDIDATE,1.0,4.24263096,14.401643,1.1,0.06,-0.06,0.012243,0.000647,-0.000609,0.804,0.038,-0.036,5078,1.077276916121319,0.07637741963539611,-0.07209903087437994,5006,3955817,4.243,0.00025,0.9872832607105125,0.06971241313822565,0.9990347787282804,0.00025,0.9987850200335984
5695396,K00283.01,1,CANDIDATE,0.976,16.09196369,98.37853,2.13,0.31,-0.21,0.019184,0.001723,-0.000628,1.003,0.042,-0.04,5680,2.1058311928014093,0.20868027476803738,-0.10865075551921341,580,5695396,16.092,0.0091,0.9872832607319133,8.455303723291117e-06,0.9999998910902207,0.0091,0.9908998920812997
6606438,K02860.01,1,CANDIDATE,1.0,103.4269873,14.534495,3.16,0.97,-0.39,0.0282949999999999,0.001164,-0.001248,0.926,0.089,-0.08,6208,2.867504714478973,0.29978678009740467,-0.27815046434567936,4070,6606438,103.427,0.035,0.9872832607194225,0.26994362512338316,0.9952373280126278,0.035,0.9604040215321857
11547513,K00295.01,1,CANDIDATE,1.0,5.317440164,70.34148,1.94,0.3,-0.22,0.016817,0.002353,-0.0009689999999999,0.976,0.041,-0.039,5923,1.7963121089856529,0.26241973456454915,-0.12595745060150182,36,11547513,5.317,2.3e-08,0.9872832607319133,0.0001573764427135434,0.9999979725877284,2.3e-08,0.999997949587775
5475042,K03050.01,1,CANDIDATE,0.892,1.242639742,13.234499,1.02,0.21,-0.09,0.011446,0.00073,-0.000432,0.955,0.077,-0.07,5520,1.1963012838220486,0.1229837184950153,-0.09862886855078348,3513,5475042,1.243,0.00049,0.987283260534611,0.07509634936357099,0.9989541814715219,0.00049,0.9984646939226008
8827575,K03052.01,1,CANDIDATE,0.977,10.12956201,12.274704,0.78,0.07,-0.04,0.008451,0.0002279999999999,-0.000743,1.134,0.048,-0.045,5383,1.0488288185565064,0.05264590603217149,-0.10116921635774745,3515,8827575,10.13,0.51,0.9872832595455903,0.09445046439118253,0.9986565363514421,0.51,0.4893417028122066
8827575,K03052.02,2,CANDIDATE,0.87,15.6112238,11.277081,0.91,0.09,-0.05,0.009854,0.000226,-0.00072,1.134,0.048,-0.045,5383,1.2229510327837905,0.058875540961378356,-0.10168495914412733,3516,8827575,15.611,0.12,0.9872832529927918,0.1129254162376548,0.9983602946074214,0.12,0.8785570592545308
2716801,K03053.01,1,CANDIDATE,0.959,42.5217006,12.974654,2.45,0.75,-0.25,0.024534,0.000699,-0.001465,1.048,0.103,-0.092,5911,2.8139287664233574,0.28794590608713083,-0.29875490932577414,3517,2716801,42.522,0.00066,0.9872832604453179,0.1404549563911842,0.997895240724397,0.00066,0.9972366298655189
2716801,K03053.02,2,CANDIDATE,0.553,9.476705699999998,8.125606,1.38,0.43,-0.14,0.013848,0.001053,-0.001018,1.048,0.103,-0.092,5911,1.5882972836647369,0.1973679012225249,-0.1818617960986294,3518,2716801,9.477,0.0017,0.9872801627783461,0.14029934351389642,0.9978974345523144,0.0017,0.9962010089135754
8620402,K03267.01,1,CANDIDATE,1.0,14.1959621,11.448122,1.66,0.54,-0.18,0.014102,0.002968,-0.001379,0.881,0.069,-0.062,6214,1.3596905350805437,0.30534128851582937,-0.163813003651289,3615,8620402,14.196,0.0018,0.98728325511309,0.10879706536470067,0.9984275575454014,0.0018,0.9966303879418196
8081239,K03352.01,1,CANDIDATE,0.998,10.35857039,12.548059,1.68,0.5,-0.22,0.015084,0.000856,-0.0006129999999999,0.78,0.066,-0.059,5893,1.287640363705009,0.1311889930938847,-0.11056550414453155,4733,8081239,10.359,0.0011,0.9872832600258303,0.09221016306271396,0.9986916392970754,0.0011,0.9975930784938486
7091432,K03353.01,1,CANDIDATE,1.0,11.55532445,14.371882,1.7,0.21,-0.18,0.019441,0.0003399999999999,-0.005256,1.014,0.076,-0.069,5149,2.1574463805373774,0.1660458047286675,-0.6014713545703804,4734,7091432,11.555,0.00018,0.9872832607097437,0.07806135296545964,0.998909393585572,0.00018,0.9987295898947266
9845909,K03354.01,1,CANDIDATE,0.937,11.5706005,7.8654885,1.33,0.35,-0.16,0.013484,0.000643,-0.001264,0.771,0.06,-0.054,5718,1.1377754994336773,0.1038439316760431,-0.13313807952694884,4735,9845909,11.571,0.0043,0.9872782186766129,0.1480381564101671,0.9977609597859439,0.0043,0.9934705876588644
7288306,K03443.01,1,CANDIDATE,0.985,96.169569,17.212970000000002,2.07,0.33,-0.14,0.0269839999999999,0.001402,-0.0008,1.05,0.095,-0.086,5340,3.1008380380065326,0.32352072169781065,-0.2700996607944381,4431,7288306,96.17,0.0016,0.9872832607318337,0.196515155648623,0.9968496968047535,0.0016,0.9952547372898659
4820550,K03823.01,1,CANDIDATE,1.0,202.1168173,55.80787,5.8,0.72,-0.34,0.057885,0.000834,-0.002217,0.92,0.04,-0.038,5541,5.8282385697206145,0.2669528025171365,-0.3282982742459502,4501,4820550,202.117,0.88,0.9872832607319133,0.018883306966635732,0.9997520915206541,0.88,0.11997025098247849
5128673,K02698.01,1,CANDIDATE,0.95,87.97242270000001,43.503696000000005,3.39,0.52,-0.52,0.026755,0.00061,-0.000293,1.196,0.053,-0.051,5837,3.502027810533602,0.17452542874983107,-0.15417998908530506,4009,5128673,87.972,0.00031,0.9872832607319133,0.01158693346997135,0.999849004491613,0.00031,0.9995390513002205
6346809,K02775.01,1,CANDIDATE,1.0,17.57704569,17.63702,27.21,6.98,-3.74,0.27658,6.781329,-0.007175,0.788,0.06,-0.055,5653,23.85231001887742,584.8258790040849,-1.7760915984388346,3674,6346809,17.577,1.0,0.9872832607318686,0.061118335803750395,0.9991615162389694,1.0,0.0
7769819,K02778.01,1,CANDIDATE,1.0,2.21571296,17.881384,1.7,0.36,-0.25,0.0172289999999999,0.002531,-0.002032,0.842,0.07,-0.063,5417,1.5876531088912569,0.267989659896777,-0.22175094870241785,3710,7769819,2.216,0.0014,0.9872832607318839,0.04704054438304555,0.9993641833320936,0.0014,0.9979650734754287
12164564,K02780.01,1,CANDIDATE,0.996,3.35184041,18.348112,1.88,0.6,-0.19,0.0170939999999999,0.0008,-0.00055,1.242,0.122,-0.109,6198,2.3235324980493193,0.25281821763041046,-0.21718932449716433,3712,12164564,3.352,9.3e-05,0.9872832607319012,0.04557841502950735,0.9993848897565893,9.3e-05,0.999291946961842
8681833,K02865.01,1,CANDIDATE,0.982,1.3115589090000002,15.153018,1.15,0.35,-0.12,0.010897,0.000487,-0.000507,1.064,0.093,-0.084,5926,1.2689135485779008,0.124567729908555,-0.11627990610794457,3411,8681833,1.312,9.5e-05,0.9872832607267196,0.06170071336010273,0.9991530012047599,9.5e-05,0.9990580816696455
8884274,K02868.01,1,CANDIDATE,1.0,10.65275054,15.265494,2.2,0.49,-0.19,0.024669,0.001415,-0.00082,0.754,0.066,-0.06,5602,2.0356651724452552,0.21303757559897415,-0.17555390186941955,3415,8884274,10.653,0.0003,0.9872832607278286,0.0702809025766857,0.9990263125512028,0.0003,0.9987266046574375
10597693,K02958.01,1,CANDIDATE,1.0,31.608437100000003,14.320765,1.89,0.61,-0.2,0.016769,0.000847,-0.000602,1.054,0.092,-0.083,6341,1.9343329565504657,0.19507232190504534,-0.16740608025735004,3813,10597693,31.608,0.024,0.9872832607088629,0.10550688837331246,0.9984807200425017,0.024,0.9745171827614816
7216284,K03056.01,1,CANDIDATE,0.972,6.69958851,11.795227,1.24,0.22,-0.09,0.01426,0.00094,-0.000711,0.919,0.086,-0.077,5296,1.4342289765290712,0.16417055464244348,-0.1398370285199735,3554,7216284,6.7,9e-05,0.9872832577583837,0.09421403002576702,0.9986602490058529,9e-05,0.9985703695834424
3234843,K03057.01,1,CANDIDATE,0.997,29.727220000000003,16.292034,3.02,0.91,-0.29,0.031506,0.0059409999999999,-0.002502,0.782,0.052,-0.048,5815,2.6963947779385853,0.539139737642906,-0.2706370716243759,3555,3234843,29.727,0.054,0.9872832607313611,0.08426103430168641,0.9988148069806805,0.054,0.9448788074037237
3234843,K03057.02,2,CANDIDATE,1.0,10.61368712,16.158089999999998,2.06,0.63,-0.19,0.021552,0.001085,-0.000688,0.782,0.052,-0.048,5815,1.8444962944877925,0.15383799323110467,-0.12761329770465385,3556,3234843,10.614,0.0001,0.9872832607311611,0.06406544691289706,0.9991183171921018,0.0001,0.9990184053603826
7285757,K03271.01,1,CANDIDATE,0.963,19.548966600000004,11.059722,1.89,0.35,-0.15,0.023621,0.004997,-0.003101,0.716,0.062,-0.056,5549,1.850950299710546,0.42309988635334905,-0.2828503473513043,3619,7285757,19.549,0.19,0.9872832491785798,0.12204340363408839,0.9982094945062624,0.19,0.8085496905500726
7285757,K03271.02,2,CANDIDATE,1.0,7.41834569,9.0123415,1.12,0.21,-0.09,0.0140139999999999,0.000825,-0.000931,0.716,0.062,-0.056,5549,1.0981422251447188,0.11498470579816202,-0.11268983951584448,3620,7285757,7.418,0.0038,0.9872826805183089,0.12519048506012984,0.9981566326652155,0.0038,0.9943636374610877
5280587,K03274.01,1,CANDIDATE,0.997,35.6225528,15.579355,2.24,0.59,-0.2,0.023364,0.001727,-0.0016589999999999,0.901,0.074,-0.067,5799,2.303856603133652,0.25456561216865226,-0.23687890684295818,3744,5280587,35.623,0.0029,0.9872832607298171,0.09874168987017941,0.9985888107264954,0.0029,0.9956929031753886
4263529,K03358.01,1,CANDIDATE,1.0,10.10404351,47.393806,4.05,0.91,-0.39,0.04465,0.001947,-0.0107,0.857,0.037,-0.035,5530,4.187798150799145,0.25697696430901396,-1.0180402157825557,4739,4263529,10.104,0.81,0.9872832607319133,0.0021453943311410396,0.9999723067544878,0.81,0.18999473828335262
6619815,K03361.01,1,CANDIDATE,0.484,65.94078689999999,16.05288,2.33,0.64,-0.28,0.02222,0.000917,-0.0009449999999999,1.1,0.102,-0.091,5982,2.674977881953184,0.27150021303902255,-0.2488238344086309,4777,6619815,65.941,0.0048,0.9872832607311307,0.14541355246901372,0.9978082910730413,0.0048,0.9930188112758906
11651712,K03363.01,1,CANDIDATE,0.997,14.53260546,23.430363,1.69,0.51,-0.17,0.016627,0.00062,-0.000368,1.19,0.054,-0.051,6003,2.1654308206959474,0.12718339117919975,-0.10444899010293962,4779,11651712,14.533,0.00073,0.9872832607319133,0.031628098589827056,0.9995793073756917,0.00073,0.9988496144813074
4815520,K00367.01,1,CANDIDATE,0.998,31.578651216,289.96722,4.52,0.68,-0.36,0.041835,0.00045,-0.000136,1.002,0.042,-0.04,5733,4.587657110338535,0.1985278250463081,-0.18374625018660742,406,4815520,31.579,0.26,0.9872832607319133,6.902343800178173e-15,0.9999999999999999,0.26,0.7399999999999999
3446746,K00385.01,1,CANDIDATE,1.0,13.14496741,33.60837,1.59,0.16,-0.13,0.016418,0.0020559999999999,-0.00074,0.907,0.039,-0.037,5411,1.6297124902781273,0.21578193020034453,-0.09907344874797228,471,3446746,13.145,2.3e-05,0.9872832607319133,0.010261289552446207,0.9998664587677382,2.3e-05,0.9998434618391865
5088400,K04127.01,1,CANDIDATE,0.991,8.82715783,13.88664,1.67,0.23,-0.06,0.017452,0.001208,-0.001196,0.862,0.046,-0.043,5550,1.6464021546690157,0.14389720556602698,-0.1395551577237443,5048,5088400,8.827,0.0073,0.9872832606758485,0.07873142200441587,0.998899231908411,0.0073,0.9916072675154797
5695396,K00283.02,2,CANDIDATE,0.983,25.5172744,10.622858,0.83,0.12,-0.08,0.0074719999999999,0.000365,-0.000436,1.003,0.042,-0.04,5680,0.8202028082053753,0.05277220686831821,-0.05796984895400268,581,5695396,25.517,1.0,0.987283234736381,0.13847423693922803,0.9979296889310054,1.0,0.0
10793172,K02871.01,1,CANDIDATE,0.989,12.0999065,12.935891,1.39,0.21,-0.2,0.011614,0.000587,-0.000627,0.851,0.04,-0.037,5547,1.0816701311666246,0.074657735298843,-0.07497861376030465,3418,10793172,12.1,0.00038,0.9872832603951236,0.09099958535427319,0.9987105356575174,0.00038,0.9983310256539676
11547513,K00295.02,2,CANDIDATE,0.958,10.10575764,17.889442000000003,1.28,0.2,-0.14,0.011144,0.001522,-0.00132,0.976,0.041,-0.039,5923,1.190349178957966,0.17008927786507738,-0.14880307909577314,37,11547513,10.106,0.0016,0.987283260731885,0.05309052322477415,0.9992778248575025,0.0016,0.9976789803377304
10793172,K02871.02,2,CANDIDATE,0.995,5.36375016,11.9805565,1.15,0.17,-0.16,0.00963,0.000718,-0.000301,0.851,0.04,-0.037,5547,0.8968902499685376,0.07905021327725133,-0.04802616858299209,3419,10793172,5.364,0.019,0.987283258631222,0.09067557052880659,0.9987155846000232,0.019,0.9797399884926228
10793172,K02871.04,3,CANDIDATE,0.949,7.9788198,7.9889746,0.99,0.14,-0.15,0.008249,0.000641,-0.000703,0.851,0.04,-0.037,5547,0.768270786291845,0.06977156891503575,-0.07350237917917049,3420,10793172,7.979,0.0086,0.9872792294226184,0.13918822417600543,0.9979166237249724,0.0086,0.9893345407609375
10471515,K02961.01,1,CANDIDATE,0.992,3.784750700000001,11.365295,0.7,0.11,-0.08,0.00528,0.000276,-0.000345,1.21,0.054,-0.051,6017,0.6992021394412282,0.04805765009633716,-0.05436696760103691,3816,10471515,3.785,0.002,0.987283253957003,0.09422512048739397,0.9986600744844836,0.002,0.9966627543355147
5966322,K00303.01,1,CANDIDATE,0.995,60.92818866,81.35701999999999,2.78,0.39,-0.38,0.024899,0.000574,-0.000221,1.015,0.043,-0.041,5638,2.7658677030109486,0.13339974025784573,-0.11439005756959097,80,5966322,60.928,0.00076,0.9872832607319133,0.00011503626476752907,0.9999985181005817,0.00076,0.9992385192268253
8760040,K02963.01,1,CANDIDATE,0.999,18.2206024,15.275195000000002,1.78,0.3,-0.23,0.0129509999999999,0.000583,-0.000399,1.124,0.055,-0.052,5949,1.593136802605072,0.10592626416407984,-0.08855113213021243,3818,8760040,18.221,0.00014,0.9872832607279899,0.07867667391766446,0.9989000627285292,0.00014,0.9987602167197471
8760040,K02963.02,2,CANDIDATE,0.913,7.35101287,10.0476,1.42,0.23,-0.19,0.010277,7.2e-05,-0.00101,1.124,0.055,-0.052,5949,1.2642009821922982,0.06249119968502215,-0.13732042325533284,3852,8760040,7.351,0.0011,0.987283179201635,0.11308542008854502,0.9983576654284757,0.0011,0.9972594719965044
7419318,K00313.01,1,CANDIDATE,1.0,18.73577127,70.01182,2.1,0.14,-0.12,0.024162,2e-05,-0.002357,0.856,0.036,-0.034,5188,2.2635500425371253,0.09521446654151955,-0.23841131538341764,125,7419318,18.736,1.1e-05,0.9872832607319133,0.0002030012630273275,0.9999973847036684,1.1e-05,0.9999863847324366
3544640,K03279.01,1,CANDIDATE,1.0,30.8278245,13.308066,2.42,0.68,-0.27,0.023114,0.0014119999999999,-0.000946,1.051,0.103,-0.092,5982,2.658650688994462,0.30702730795662236,-0.25690823529827395,3749,3544640,30.828,0.0083,0.9872832605743566,0.11523932129366406,0.998322320964652,0.0083,0.9900362457006454
10653179,K03280.01,1,CANDIDATE,1.0,47.1607932,10.610574,2.58,0.67,-0.28,0.02451,0.001414,-0.0012289999999999,0.854,0.073,-0.066,5936,2.290786618738988,0.23624072536332036,-0.21103877066903462,3750,10653179,47.161,0.0039,0.9872832357369374,0.18615891872278337,0.9970536855399871,0.0039,0.9931651761663811
11177676,K03281.01,1,CANDIDATE,0.958,47.0320478,10.485104,1.98,0.42,-0.31,0.017222,0.00107,-0.000846,0.859,0.041,-0.039,5375,1.6190497889818778,0.12684778656800605,-0.10829976636704547,3751,11177676,47.032,0.0028,0.9872832290131095,0.18794708541318214,0.9970188326483905,0.0028,0.994227179916975
5257082,K03368.01,1,CANDIDATE,0.955,10.08535311,8.850205,1.45,0.46,-0.15,0.014096,0.000546,-0.001225,1.03,0.085,-0.077,5947,1.5889731965768938,0.14485483193675724,-0.18215047400190723,4784,5257082,10.085,0.0059,0.9872824777855056,0.1320517533770184,0.9980402015149269,0.0059,0.9921517643259888
11624249,K00356.01,1,CANDIDATE,1.0,1.82708193,263.46945,5.95,3.57,-3.56,0.030822,0.000294,-0.000109,0.915,0.05,-0.047,5311,3.086493493738988,0.17121112981232273,-0.1589164938480202,375,11624249,1.827,2.7e-06,0.9872832607319133,7.96106092453717e-14,0.999999999999999,2.7e-06,0.999997299999999
5895158,K03935.01,1,CANDIDATE,1.0,1.0936658540000002,21.155846,1.29,0.38,-0.12,0.013555,0.0004669999999999,-0.000315,0.834,0.065,-0.059,5845,1.2372259720299519,0.10542757824395407,-0.092126944574024,4237,5895158,1.094,0.0006,0.9872832607319133,0.032651548197563524,0.9995652347434976,0.0006,0.9989654956026515
9956082,K04139.01,1,CANDIDATE,0.987,3.74031708,13.422261,1.38,0.41,-0.17,0.011906,0.000511,-0.000606,1.058,0.09,-0.081,6260,1.3785896116914171,0.13135245383294575,-0.12674062270749772,5092,9956082,3.74,6.3e-05,0.9872832605946962,0.07648649062716659,0.998933218488495,6.3e-05,0.9988702856957302
8885643,K02789.01,1,CANDIDATE,1.0,3.40165617,17.603607,1.34,0.41,-0.13,0.0135639999999999,0.000297,-0.002335,0.896,0.069,-0.063,6177,1.3300845426629655,0.10648835335883633,-0.24733274826696952,3754,8885643,3.402,0.00049,0.9872832607318638,0.04933210005981522,0.9993316025763935,0.00049,0.9988419300911311
11662184,K02791.01,1,CANDIDATE,0.995,27.5722144,18.632256,1.94,0.31,-0.17,0.016268,0.000138,-0.001088,1.235,0.063,-0.059,5910,2.1987941709665244,0.1137054867139062,-0.18071879856311818,3756,11662184,27.572,0.00041,0.9872832607319068,0.0642002990103182,0.9991163340067569,0.00041,0.9987066963098141
7019524,K02877.01,1,CANDIDATE,0.981,5.30873978,13.079889,1.08,0.33,-0.12,0.010322,0.000503,-0.000439,0.954,0.073,-0.066,5914,1.0776945462496852,0.09776771555499815,-0.08751946715918944,3460,7019524,5.309,0.00021,0.9872832604705022,0.08108042333743991,0.9988634919764187,0.00021,0.9986537306431036
11802615,K00296.01,1,CANDIDATE,1.0,28.86236571,54.010296,2.53,0.37,-0.37,0.021303,0.000165,-0.001885,1.092,0.047,-0.045,5725,2.5459323611250944,0.11133784180660246,-0.24850951673621544,38,11802615,28.862,9.3e-05,0.9872832607319133,0.0014017150117602098,0.9999819198136669,9.3e-05,0.9998889214951242
5980783,K02967.01,1,CANDIDATE,0.983,37.3033197,17.627789,2.31,0.57,-0.25,0.0258569999999999,0.001805,-0.004592,1.216,0.113,-0.102,5646,3.441083142209903,0.3999445290874438,-0.6758473707417394,3857,5980783,37.303,0.0051,0.9872832607318703,0.0823931644188984,0.9988434390198391,0.0051,0.9937493374808379
6029239,K00304.01,1,CANDIDATE,1.0,8.512037736,116.80596,2.14,0.3,-0.11,0.022246,0.000489,-0.000218,0.927,0.04,-0.038,5767,2.2569145827145736,0.10929394735322644,-0.09512329623329313,81,6029239,8.512,0.0024,0.9872832607319133,9.749253163950758e-07,0.9999999874424255,0.0024,0.9975999874725637
5450893,K02970.01,1,CANDIDATE,0.993,4.82051088,13.049923,1.08,0.19,-0.22,0.00709,0.0004769999999999,-0.00129,1.145,0.05,-0.048,6046,0.888454471589479,0.07126055569296122,-0.16588636351871336,3860,5450893,4.821,0.00034,0.9872832604548312,0.08073660827629996,0.9988687345111184,0.00034,0.9985291191413845
10610039,K04577.01,1,CANDIDATE,0.695,105.997107,10.37172,1.83,0.52,-0.14,0.020118,0.0005099999999999,-0.001831,1.008,0.08,-0.072,6068,2.219365300276869,0.18490736595353427,-0.2567702182418232,5288,10610039,105.997,0.24,0.987283227567266,0.37884655010186014,0.9921440343526947,0.24,0.754029466108048
10610039,K04577.02,2,CANDIDATE,0.952,3.07365139,7.863684700000001,0.79,0.23,-0.06,0.008751,0.000838,-0.000509,1.008,0.08,-0.072,6068,0.9653875008809464,0.12006908307352057,-0.08892671868924125,5289,10610039,3.074,0.0013,0.9872780756551955,0.13148496956932954,0.9980492029631323,0.0013,0.9967517389992803
9457948,K04694.01,1,CANDIDATE,1.0,19.2527652,9.532886,1.24,0.39,-0.14,0.010815,0.000661,-0.000709,1.227,0.098,-0.089,6258,1.4522939967436448,0.14605964721898423,-0.14199103383487732,4990,9457948,19.253,0.0015,0.9872830517251133,0.14070903027186193,0.9978907748297974,0.0015,0.9963939386675528
10663738,K04698.01,1,CANDIDATE,0.965,8.5275894,9.347392,1.28,0.44,-0.14,0.00985,0.000511,-0.000837,1.217,0.096,-0.087,6469,1.3119287951485026,0.12386298537775131,-0.14568385833333697,4994,10663738,8.528,0.0033,0.9872829542952057,0.12312617855134353,0.998191336021813,0.0033,0.994897304612941
7269974,K00456.02,2,CANDIDATE,1.0,4.309381978,29.807705,1.89,0.28,-0.25,0.015879,0.0004769999999999,-0.000254,1.066,0.049,-0.047,5539,1.852523854738233,0.10172492172787173,-0.08688720220450064,225,7269974,4.309,1.0,0.9872832607319133,0.013484681301408447,0.9998239358855482,1.0,0.0
8890783,K00464.01,1,CANDIDATE,0.963,58.36205791,201.45831,7.02,1.95,-0.79,0.06741,0.00251,-0.001011,0.892,0.04,-0.038,5592,6.580708250062924,0.38356733640718915,-0.2972098518929407,235,8890783,58.362,3.2e-05,0.9872832607319133,1.8928945036268993e-10,0.9999999999975618,3.2e-05,0.9999679999975619
10155434,K00473.01,1,CANDIDATE,1.0,12.70636123,38.16564,2.75,0.66,-0.22,0.029987,0.002284,-0.003085,0.775,0.058,-0.053,5573,2.543420561052731,0.27158853435742014,-0.3141990287180415,358,10155434,12.706,0.0034,0.9872832607319133,0.006181924622612207,0.9999198781797385,0.0034,0.9965201505939274
3634051,K06103.02,2,CANDIDATE,0.755,122.8054416,9.364022,118.62,22.57,-52.68,0.361369,6.952184,-0.064837,1.228,0.054,-0.051,5874,48.56604258941606,934.3384359017416,-8.944136401932617,5602,3634051,122.805,1.0,0.9872830473067822,0.4721508863129902,0.9884784107451821,1.0,0.0
12404305,K00486.01,1,CANDIDATE,1.0,22.18332255,59.862904,2.78,0.38,-0.39,0.024673,0.000545,-0.000362,1.068,0.049,-0.046,5565,2.88387655971558,0.14684875778822337,-0.13122081426237242,321,12404305,22.183,1.1e-05,0.9872832607319133,0.0006589580197635144,0.9999915066696304,1.1e-05,0.999980506763057
5177859,K04246.02,2,CANDIDATE,0.98,8.75630628,9.002639,1.12,0.33,-0.25,0.008347,0.000473,-0.000654,0.925,0.039,-0.037,5839,0.8449978460074251,0.05968343842043131,-0.07433559974870907,5492,5177859,8.756,0.0006,0.9872826720275582,0.12770968426254461,0.9981141066148765,0.0006,0.9975152381509076
8741470,K04251.01,1,CANDIDATE,1.0,6.23968392,9.789279,1.55,0.41,-0.3,0.012425,0.001105,-0.004974,0.912,0.039,-0.037,5751,1.2401513528819532,0.12237895720921219,-0.4990027375020795,4835,8741470,6.24,0.36,0.9872831272582804,0.11414044911103455,0.9983403622086457,0.36,0.6389378318135333
7801070,K04361.01,1,CANDIDATE,0.974,75.87813440000001,11.199573,3.39,0.91,-0.49,0.031915,0.000401,-0.0037939999999999,1.157,0.092,-0.084,5579,4.04121227402152,0.32532793948571787,-0.5629196779810149,5230,7801070,75.878,0.39,0.9872832532004563,0.2546371917228202,0.9955996383494453,0.39,0.6073157793931616
7427764,K04364.01,1,CANDIDATE,1.0,4.56383697,10.996368,1.22,0.24,-0.13,0.013,0.000815,-0.001022,0.794,0.063,-0.058,5408,1.1296588535112004,0.1142350917416314,-0.12122859862989073,5232,7427764,4.564,0.00049,0.987283247127728,0.09888364639496305,0.9985865577612882,0.00049,0.9980972503479852
10647452,K04366.01,1,CANDIDATE,0.953,0.762950224,12.50449,1.0,0.18,-0.08,0.012509,0.000883,-0.0004769999999999,0.808,0.045,-0.042,5385,1.1061586223256985,0.09945928361348694,-0.07131105265041271,5233,10647452,0.763,0.012,0.9872832599434739,0.0803160654907587,0.9988751416261176,0.012,0.9868886399266041
6276791,K04477.01,2,CANDIDATE,0.999,5.30179786,8.380222,1.22,0.33,-0.11,0.012946,0.000607,-0.000878,1.095,0.094,-0.085,5749,1.5514335450226526,0.1517530277454732,-0.1599204086742868,4933,6276791,5.302,0.0011,0.9872813257238805,0.12912226696437631,0.9980899493734929,0.0011,0.9969920504291822
2572029,K04581.01,1,CANDIDATE,1.0,6.0059966,8.8583975,0.73,0.22,-0.12,0.005742,0.000328,-0.000621,1.187,0.051,-0.049,6103,0.7459287782846715,0.0533172782277277,-0.08634945486644592,5292,2572029,6.006,0.0052,0.9872824807114494,0.1245411485900819,0.9981675248112597,0.0052,0.9929770536822412
7905106,K04582.01,1,CANDIDATE,0.828,4.22426989,8.32915,0.35,0.05,-0.02,0.0036229999999999,0.001032,-0.0003259999999999,0.941,0.039,-0.037,5735,0.3731138867197229,0.10739940276683893,-0.03663852024181637,5293,7905106,4.224,0.97,0.9872811223579133,0.1277940192291292,0.9981124458248163,0.97,0.029943373374744515
9413156,K04700.01,1,CANDIDATE,1.0,3.83488354,9.321168,1.2,0.26,-0.11,0.0142189999999999,0.000946,-0.001009,0.855,0.082,-0.073,5515,1.330511475349223,0.15530196881569677,-0.14771244200599074,4996,9413156,3.835,0.084,0.9872829342791438,0.11542407039102703,0.9983192367113439,0.084,0.914460420827591
9413156,K04700.02,2,CANDIDATE,0.573,66.47762,7.323951200000001,1.83,0.39,-0.16,0.021656,0.001049,-0.001939,0.855,0.082,-0.073,5515,2.0264123011578157,0.21772763373708431,-0.25070683392287313,4997,9413156,66.478,0.0035,0.9872712501369337,0.31021011969167184,0.9942018639128201,0.0035,0.9907221573891253
5651846,K04827.01,1,CANDIDATE,0.989,31.1920226,8.405147999999999,1.65,0.35,-0.16,0.019451,0.001321,-0.00104,0.907,0.076,-0.069,5675,1.9307794888780516,0.20825195749338013,-0.17953337369260614,6098,5651846,31.192,0.089,0.9872815480688871,0.18377119474993298,0.997099594271547,0.089,0.9083577303813793
11709124,K00435.04,4,CANDIDATE,1.0,3.93276627,24.820826,1.5,0.2,-0.15,0.014124,0.000318,-0.000513,1.071,0.05,-0.048,5688,1.6555055283790585,0.0858063118830314,-0.09550233783707633,93,11709124,3.933,1.3e-05,0.9872832607319133,0.023032110048604844,0.9996963401100267,1.3e-05,0.9996833440576053
3239171,K04967.01,1,CANDIDATE,0.609,43.581043,8.115809,1.94,0.59,-0.21,0.017259,0.0009599999999999,-0.001713,1.226,0.126,-0.112,6225,2.3157387056065946,0.270617380953759,-0.3123812562331232,5793,3239171,43.581,0.0024,0.9872804008720827,0.2213284056117431,0.9963380219904228,0.0024,0.9939468107376458
3663494,K06352.01,1,CANDIDATE,0.88,5.11683678,8.210594,1.16,0.36,-0.12,0.011703,0.000539,-0.0012109999999999,1.197,0.101,-0.092,5955,1.5331152763497358,0.14737686934680347,-0.19761683494970517,6409,3663494,5.117,0.011,0.9872805903496181,0.13090129399564804,0.998059555649932,0.011,0.9870809005377827
3748855,K06355.01,1,CANDIDATE,1.0,4.37198905,8.651935,0.93,0.27,-0.11,0.009309,0.000694,-0.000722,0.869,0.067,-0.061,5823,0.8853322048357662,0.09495102368960633,-0.09261302323702192,6411,3748855,4.372,0.25,0.9872821015758089,0.12413362472590915,0.9981743157400653,0.25,0.748630736805049
3217264,K00401.03,3,CANDIDATE,0.997,55.3291399,16.517689999999998,1.67,0.19,-0.13,0.016221,0.00065,-0.000704,0.989,0.043,-0.041,5376,1.7557285510476968,0.10381219630255203,-0.10537600323352544,541,3217264,55.329,0.0072,0.987283260731579,0.11975547554209963,0.9982476290671385,0.0072,0.9910602461378551
5785279,K04259.01,1,CANDIDATE,0.885,0.909127736,10.0180235,0.98,0.26,-0.17,0.008986,0.0005099999999999,-0.00057,0.771,0.06,-0.054,5486,0.7582357340485778,0.07303205379924048,-0.07164853587795157,4842,5785279,0.909,0.0022,0.9872831728795028,0.1033074874303087,0.9985160294305943,0.0022,0.996319294165847
5351250,K00408.04,4,CANDIDATE,1.0,3.42806306,15.834582,1.21,0.14,-0.1,0.012074,0.000645,-0.000489,0.881,0.042,-0.04,5559,1.164154270356154,0.08335281147271674,-0.0708289875255595,551,5351250,3.428,2.7e-05,0.9872832607304954,0.05937433998327475,0.999186952410909,2.7e-05,0.9991599743631939
10991114,K04374.01,1,CANDIDATE,1.0,3.70386741,10.74156,0.86,0.17,-0.07,0.010182,0.00079,-0.000395,0.89,0.039,-0.037,5496,0.9917599241756859,0.08837295694146954,-0.056393458500169205,5240,10991114,3.704,0.026,0.9872832386243259,0.10015381356898395,0.9985663802733526,0.026,0.9726036543862454
6276791,K04477.02,1,CANDIDATE,0.973,9.32867952,11.328061,1.62,0.44,-0.15,0.017152,0.001098,-0.000752,1.095,0.094,-0.085,5749,2.0554756808457086,0.22011208920342218,-0.18324842661479812,4934,6276791,9.329,0.0035,0.9872832535770337,0.10257742893633917,0.9985277245782105,0.0035,0.9950328775421868
7778427,K04482.01,1,CANDIDATE,0.898,5.38299284,9.382807,0.78,0.14,-0.1,0.005534,0.000268,-0.000414,1.242,0.055,-0.052,6256,0.7522188396048325,0.04936230747668711,-0.0644871434263002,4939,7778427,5.383,0.023,0.9872829715781795,0.11731020549973309,0.9982881264346625,0.023,0.9753274995266652
2303903,K04709.01,1,CANDIDATE,0.8,3.70858595,9.874765,1.33,0.25,-0.11,0.015797,0.001417,-0.000692,0.815,0.078,-0.07,5420,1.4090152141800902,0.18482144560808794,-0.13585102744840533,5036,2303903,3.709,0.2,0.987283146394343,0.10912656498999702,0.9984221982822726,0.2,0.7987377586258182
9278216,K04710.01,1,CANDIDATE,0.998,9.4527721,9.767796,1.3,0.36,-0.12,0.013921,0.0009279999999999,-0.001034,1.067,0.095,-0.085,5973,1.6256172854108983,0.18080912886672143,-0.17705872043387486,5037,9278216,9.453,0.62,0.9872831229948038,0.11977583049164742,0.9982472714566588,0.62,0.37933396315353035
5645170,K04837.01,1,CANDIDATE,0.989,5.38613715,7.783955000000001,0.86,0.12,-0.06,0.011945,0.000802,-0.001139,0.872,0.07,-0.064,5516,1.1399507657941104,0.11929809330004691,-0.13716919573033876,6138,5645170,5.386,0.28,0.9872772697723468,0.1368712681967514,0.9979564846802834,0.28,0.718528668969804
11709124,K00435.05,2,CANDIDATE,0.915,62.3026877,33.319363,3.05,0.4,-0.3,0.028719,0.002725,-0.002048,1.071,0.05,-0.048,5688,3.366218016816637,0.3559712918898847,-0.2835227297643291,94,11709124,62.303,0.00035,0.9872832607319133,0.023250316896138976,0.9996933947472129,0.00035,0.9993435020590514
3553900,K04992.01,1,CANDIDATE,0.969,12.5747207,9.398239,1.45,0.29,-0.13,0.0171,0.000522,-0.00162,0.915,0.075,-0.068,5654,1.7123820239743268,0.14977695659338292,-0.20618442607274717,5835,3553900,12.575,0.28,0.9872829856901697,0.1297667678749694,0.9980792478363529,0.28,0.718617058442174
8890783,K00464.02,2,CANDIDATE,1.0,5.350156114,67.36277,2.6,0.72,-0.29,0.024953,0.000492,-0.000217,0.892,0.04,-0.038,5592,2.435965182670526,0.1193290271292489,-0.10591443558796111,349,8890783,5.35,1.2e-06,0.9872832607319133,0.00021884730829861088,0.9999971805119559,1.2e-06,0.9999959805153392
10525077,K05800.01,1,CANDIDATE,0.989,11.006795,9.177401,1.34,0.42,-0.19,0.011693,0.000108,-0.001411,1.156,0.099,-0.09,6091,1.479337408066952,0.1274253401454144,-0.2124418975082938,5595,10525077,11.007,0.0089,0.9872828407917398,0.1296446622946792,0.9980813022641232,0.0089,0.9891983786739724
10460984,K00474.01,1,CANDIDATE,1.0,10.94577783,44.60486,2.84,0.46,-0.38,0.023673,0.0002279999999999,-0.002299,1.041,0.047,-0.045,5888,2.697040594339919,0.12450817869851853,-0.28669841479493463,359,10460984,10.946,0.016,0.9872832607319133,0.0029578932711938526,0.9999617877163282,0.016,0.9839623991128669
11015323,K00479.01,1,CANDIDATE,1.0,34.18884323,77.942184,2.97,0.35,-0.26,0.0293769999999999,0.00061,-0.000293,0.94,0.041,-0.039,5515,3.0221690419707925,0.14599331411440664,-0.12896001492485767,278,11015323,34.189,3.6e-05,0.9872832607319133,0.00010863072396312297,0.9999986006258488,3.6e-05,0.9999626006762262
12834874,K00487.01,1,CANDIDATE,1.0,7.65880048,48.160652,2.19,0.56,-0.23,0.023499,0.000669,-0.000292,0.828,0.063,-0.057,5657,2.129429046123836,0.17299203987411252,-0.148960105158614,322,12834874,7.659,8.9e-06,0.9872832607319133,0.0018946819960506162,0.9999755491505213,8.9e-06,0.999966649368134
8439323,K04153.01,1,CANDIDATE,1.0,4.62602867,13.297741,1.65,0.44,-0.15,0.018932,0.000491,-0.002568,0.958,0.075,-0.068,5834,1.9849312105461867,0.16370144156320982,-0.3038789794674782,5140,8439323,4.626,0.37,0.9872832605586056,0.07849884373567324,0.9989027606489306,0.37,0.6293087392088262
4548098,K04157.01,1,CANDIDATE,0.998,3.82315697,13.399375,0.77,0.14,-0.04,0.006294,0.000634,-0.000341,1.244,0.054,-0.052,6202,0.8569008518751573,0.0939899183969822,-0.05863739779863652,5178,4548098,3.823,0.14,0.9872832605886459,0.07676063957271156,0.9989290769369797,0.14,0.8590790061658026
4548098,K04157.02,2,CANDIDATE,0.996,5.215751999999999,7.806796,0.83,0.15,-0.04,0.00678,0.000789,-0.0004379999999999,1.244,0.054,-0.052,6202,0.9230676478731435,0.11464876975055618,-0.07102633637452664,5179,4548098,5.216,1.0,0.987277520826255,0.13624750998046947,0.997967307140833,1.0,0.0
4252322,K00396.01,1,CANDIDATE,1.0,14.591504451,86.46115999999999,36.85,9.97,-9.97,0.257211,55.03341999999999,-0.125805,0.937,0.07,-0.063,5940,26.37622169328908,5643.513593669404,-13.022249717110078,507,4252322,14.592,1.0,0.9872832607319133,3.080596118969837e-05,0.9999996031904311,1.0,0.0
10526887,K04261.01,1,CANDIDATE,0.741,1.450889836,13.255707999999998,1.21,0.38,-0.17,0.010797,0.00045,-0.000528,0.886,0.075,-0.068,6046,1.0469363499559527,0.09878285600932563,-0.09527654437787039,4878,10526887,1.451,0.00042,0.9872832605425007,0.07516869509541368,0.9989530920708554,0.00042,0.9985335317721856
9883606,K04383.01,1,CANDIDATE,0.999,4.34195312,10.541721,0.94,0.3,-0.13,0.007868,0.0004559999999999,-0.000522,0.93,0.04,-0.038,6164,0.8008123376541656,0.05779654699242114,-0.06239749011398941,5281,9883606,4.342,0.00011,0.9872832285009724,0.10311579543520123,0.9985191061518358,0.00011,0.998409269050159
9898017,K04484.01,1,CANDIDATE,1.0,2.29794819,11.046987,0.98,0.29,-0.12,0.008411,0.000457,-0.0004799999999999,1.222,0.104,-0.094,6371,1.124869896709036,0.11357976662092154,-0.10774075665049143,4941,9898017,2.298,2.3e-05,0.9872832482913495,0.09516843658094527,0.9986452485742411,2.3e-05,0.9986222797335239
9478990,K00423.01,1,CANDIDATE,1.0,21.0871953,370.4678,14.43,2.49,-3.03,0.086833,0.000127,-0.000112,1.235,0.058,-0.055,6266,11.736408547303673,0.5514507841019575,-0.5228932367628737,8,9478990,21.087,0.00039,0.9872832607319133,7.949933142411257e-19,1.0,0.00039,0.99961
12554634,K04714.01,1,CANDIDATE,1.0,2.049602348,9.185251,1.08,0.18,-0.08,0.012687,0.0009199999999999,-0.000906,0.852,0.068,-0.061,5356,1.182992497294236,0.1275682779390565,-0.11962651764159972,5041,12554634,2.05,0.091,0.9872828361471548,0.1140030590222329,0.9983425785219243,0.091,0.9074934038764292
8320630,K04846.02,1,CANDIDATE,0.862,32.526674,7.528005,1.26,0.34,-0.11,0.013319,0.000838,-0.001158,1.042,0.091,-0.082,5668,1.5188776567769946,0.16348597256278338,-0.1781174059945688,6183,8320630,32.527,0.039,0.9872742622916438,0.2022133863228009,0.9967328557513734,0.039,0.9578602743770698
3745690,K00442.01,1,CANDIDATE,0.982,13.54057461,42.19916,2.17,0.31,-0.26,0.019582,0.000507,-0.000359,1.085,0.049,-0.047,5767,2.325253142933551,0.12104483681454613,-0.10937471737667544,139,3745690,13.541,0.00033,0.9872832607319133,0.004020949130265177,0.9999479989194069,0.00033,0.9996180160797634
11134879,K00480.01,1,CANDIDATE,1.0,4.30165843,83.365845,2.42,0.55,-0.24,0.0255889999999999,0.004696,-0.000878,0.807,0.061,-0.055,5480,2.260009707887608,0.4485529400088416,-0.17244641077871012,279,11134879,4.302,0.0013,0.9872832607319133,3.6691534250456996e-05,0.9999995273759682,0.0013,0.9986995279903794
2161949,K06259.01,1,CANDIDATE,0.813,4.78113942,8.089111,1.14,0.31,-0.22,0.009326,0.000654,-0.000727,1.047,0.08,-0.073,5683,1.0686255372829094,0.11082853808021949,-0.11176281386587086,6792,2161949,4.781,0.016,0.9872798955052537,0.13180986811673376,0.9980439341726739,0.016,0.9820752312259111
2161949,K06259.02,2,CANDIDATE,0.967,7.18864064,7.6470246,1.3,0.36,-0.24,0.010693,0.000681,-0.000924,1.047,0.08,-0.073,5683,1.225264086442864,0.12187698885760286,-0.1360444663983846,6793,2161949,7.189,0.39,0.9872755344263606,0.14220164284729117,0.9978634130090315,0.39,0.6086966819355092
2557816,K00488.01,1,CANDIDATE,1.0,9.3789167,36.6241,2.03,0.41,-0.27,0.023007,0.003639,-0.0013039999999999,0.969,0.074,-0.068,5684,2.4398730230776486,0.42853986075177497,-0.22008998262832666,323,2557816,9.379,1.7e-05,0.9872832607319133,0.006939016523742614,0.9999099972051304,1.7e-05,0.9998929987351779
3854496,K06368.01,1,CANDIDATE,1.0,9.4588054,7.9039693,1.78,0.49,-0.21,0.0152699999999999,0.000816,-0.001567,1.0,0.111,-0.098,6247,1.6711771646111142,0.2058781204845084,-0.23713506340114432,6489,3854496,9.459,0.0061,0.9872785447125233,0.14324175124681257,0.9978456888747679,0.0061,0.9917588301726318
6607644,K04159.01,1,CANDIDATE,0.987,0.971915957,14.952725,0.79,0.05,-0.07,0.008139,9.1e-05,-0.000712,0.886,0.04,-0.038,5197,0.7892020887553486,0.03670626150873453,-0.07689054737973,5181,6607644,0.972,0.00011,0.9872832607243134,0.0626694140859438,0.9991388142413404,0.00011,0.9990289089717739
7610663,K04160.01,1,CANDIDATE,0.987,3.03196812,14.200007,0.9,0.25,-0.14,0.008297,0.0004669999999999,-0.000361,0.971,0.042,-0.04,5755,0.8817059583280896,0.06258862807054029,-0.05282951477934916,5182,7610663,3.032,0.085,0.9872832607004387,0.06988138111924674,0.9990322634677331,0.085,0.9141145210729759
9883606,K04383.02,2,CANDIDATE,0.883,2.58393841,8.625569,0.77,0.25,-0.1,0.0064849999999999,0.000657,-0.0004179999999999,0.93,0.04,-0.038,6164,0.6600493149068613,0.07264677465676625,-0.05037257307690843,5282,9883606,2.584,0.035,0.9872820358522176,0.12131978777492987,0.9982214046310286,0.035,0.9632836554689426
3645438,K04385.01,2,CANDIDATE,1.0,7.298141999999999,12.195742,1.6,0.09,-0.1,0.017565,0.0007099999999999,-0.001176,0.847,0.052,-0.049,5122,1.6282272548294738,0.11968301049228987,-0.14407047250183078,5284,3645438,7.298,0.00045,0.9872832593427051,0.09130926583268448,0.9987057064328505,0.00045,0.9982562888649558
3645438,K04385.02,1,CANDIDATE,0.911,386.370512,13.001594,2.96,0.17,-0.19,0.032485,0.0018399999999999,-0.001359,0.847,0.052,-0.049,5122,3.0112702745878424,0.2515335837177498,-0.21498250129490493,5318,3645438,386.371,0.0046,0.9872832606310797,0.971805956958772,0.5560273723265003,0.0046,0.5534696464137984
3645438,K04385.03,3,CANDIDATE,0.946,17.369511199999998,8.176327,1.45,0.08,-0.09,0.0159319999999999,0.00244,-0.000843,0.847,0.052,-0.049,5122,1.4768526401333912,0.24367761845682845,-0.11578454656327718,5319,3645438,17.37,0.029,0.9872805102372807,0.15574835022620914,0.9976232655375886,0.029,0.9686921908369985
6186182,K04496.01,1,CANDIDATE,0.967,96.384483,9.164617,2.41,0.74,-0.24,0.022095,0.001442,-0.001471,0.884,0.075,-0.068,5919,2.1376161726025673,0.22880926053524833,-0.21746547590156518,4981,6186182,96.384,0.0012,0.9872829245492698,0.3735005887881148,0.9923207952767089,0.0012,0.9911300103223769
4844367,K04498.01,1,CANDIDATE,0.983,17.1622587,10.310347,22.42,2.72,-1.07,0.218648,6.729959,-0.012264,0.918,0.046,-0.044,5733,21.967045319154295,676.1438945528421,-1.62071803839979,4983,4844367,17.162,1.0,0.9872832125725102,0.12683576285207873,0.9981289670106631,1.0,0.0
10937749,K04499.01,1,CANDIDATE,1.0,5.19898615,9.88589,1.04,0.29,-0.1,0.010944,0.000508,-0.000773,1.014,0.08,-0.072,6058,1.2144999325446766,0.1111724396516982,-0.12163666101908689,4984,10937749,5.199,0.0048,0.9872831492615999,0.11138139097397638,0.9983855110286556,0.0048,0.9935932605757181
6144039,K04602.01,1,CANDIDATE,0.961,2.85855049,10.196333,1.23,0.14,-0.13,0.011676,0.000575,-0.003668,0.969,0.045,-0.043,5440,1.2382299916310093,0.08381489868987194,-0.3928499877513699,5378,6144039,2.859,0.017,0.9872831984300771,0.10442237675426125,0.9984981502431682,0.017,0.9815236816890344
2976017,K04849.01,1,CANDIDATE,0.994,3.19938075,8.471165,0.62,0.1,-0.04,0.008036,0.0004799999999999,-0.000674,0.808,0.06,-0.055,5483,0.7106156118801913,0.06772126766302805,-0.07675977317521185,6185,2976017,3.199,0.014,0.9872816222352794,0.12423315795908266,0.9981725744429238,0.014,0.9841981584007229
6786224,K04850.01,1,CANDIDATE,0.999,3.04185157,9.081595,0.71,0.21,-0.07,0.007624,0.000442,-0.000569,0.945,0.041,-0.039,5802,0.7884935621696451,0.05709611109906087,-0.0672453525574488,6186,6786224,3.042,0.38,0.987282745430011,0.1168175342447415,0.9982962360892014,0.38,0.6189436663753048
11709124,K00435.06,6,CANDIDATE,0.997,9.91937693,14.60874,1.32,0.17,-0.13,0.012428,0.000548,-0.000407,1.071,0.05,-0.048,5688,1.456713587276617,0.09354551722827441,-0.08085901423397925,95,11709124,9.919,4.8e-05,0.9872832607176966,0.0743481878736287,0.9989654375155453,4.8e-05,0.9989174871745445
3745690,K00442.02,2,CANDIDATE,1.0,1.7323464030000002,33.456579999999995,1.37,0.19,-0.16,0.0123349999999999,0.000393,-0.0002299999999999,1.085,0.049,-0.047,5767,1.4647123643185131,0.08095285674970354,-0.06907675522312885,140,3745690,1.732,1.6e-05,0.9872832607319133,0.008681522421329376,0.9998871980302619,1.6e-05,0.9998711998350934
6511182,K05288.01,1,CANDIDATE,0.994,29.5632952,7.9092245,1.9,0.51,-0.16,0.0210169999999999,0.00158,-0.001464,0.885,0.073,-0.066,5595,2.0356234750975237,0.22718448755379012,-0.2077317870576608,5579,6511182,29.563,0.15,0.9872788549748717,0.18805371544063654,0.9970157102475041,0.15,0.8474633537103785
6543192,K05297.01,1,CANDIDATE,0.962,8.0906952,7.458956,0.8,0.09,-0.05,0.008151,0.000679,-0.000737,0.917,0.041,-0.039,5372,0.8180195525893532,0.07733815008588234,-0.08173762804986155,5583,6543192,8.091,0.064,0.9872722534531284,0.14657709549744807,0.9977858022557526,0.064,0.9339275109113844
10460984,K00474.02,2,CANDIDATE,0.999,28.9869016,24.698427,2.7,0.44,-0.36,0.022565,0.001315,-0.002777,1.041,0.047,-0.045,5888,2.570807291483136,0.1895179460488017,-0.3353306752586364,270,10460984,28.987,0.037,0.9872832607319133,0.03466518633546814,0.999537459715096,0.037,0.9625545737056375
5816144,K06137.01,1,CANDIDATE,1.0,12.4970599,9.605606,1.44,0.5,-0.16,0.012948,0.000143,-0.001371,1.142,0.09,-0.081,6174,1.6182747217467908,0.12878100860976274,-0.20624248781633395,5728,5816144,12.497,0.004,0.9872830750516376,0.1270624252799269,0.9981251161456,0.004,0.9941326156810175
4078311,K04166.01,1,CANDIDATE,1.0,9.84262076,14.454476,2.41,0.58,-0.21,0.022683,0.001133,-0.001009,1.031,0.087,-0.079,5585,2.559426213834004,0.2509753021285569,-0.22676633582972283,5221,4078311,9.843,0.0057,0.987283260712863,0.0754426346062583,0.9989489654859021,0.0057,0.9932549563826324
5444548,K00409.01,1,CANDIDATE,1.0,13.24931848,74.35540999999999,2.86,0.43,-0.34,0.0243229999999999,0.001754,-0.001066,1.068,0.049,-0.046,5799,2.8429671933677207,0.242990490560423,-0.17469601961011075,587,5444548,13.249,0.00043,0.9872832607319133,0.00011488793889026526,0.9999985200115381,0.00043,0.9995685206479331
10907132,K04503.01,1,CANDIDATE,1.0,5.89089509,8.614958,1.54,0.47,-0.15,0.015019,0.000826,-0.000959,1.012,0.095,-0.085,5869,1.6634317454694185,0.18097730524238406,-0.1755043299263919,5022,10907132,5.891,0.00045,0.9872820228479438,0.12729436816648157,0.9981210370247877,0.00045,0.9976718825581267
6520753,K04504.01,1,CANDIDATE,0.995,4.13029832,10.777867,1.44,0.33,-0.14,0.016301,0.001241,-0.001231,0.876,0.075,-0.068,5490,1.5627942664862822,0.1790473749017697,-0.16924796589711727,5023,6520753,4.13,0.00017,0.987283240120214,0.10041712469557748,0.9985621906329221,0.00017,0.9983924350605144
6520753,K04504.02,2,CANDIDATE,0.809,8.119342999999999,9.522111,1.5,0.34,-0.15,0.016902,0.001455,-0.001299,0.876,0.075,-0.068,5490,1.6204127778756607,0.19673648635230082,-0.17700657485954968,5024,6520753,8.119,0.048,0.9872830404379052,0.12035395451250543,0.9982376424494858,0.048,0.9503222356119104
10220837,K04613.01,1,CANDIDATE,0.934,1.962282625,10.950456,0.81,0.22,-0.12,0.0075489999999999,0.000419,-0.000469,0.822,0.035,-0.033,5726,0.6791171508620599,0.047507514694358835,-0.050234099687092686,5420,10220837,1.962,0.017,0.9872832457785938,0.09561796091468588,0.9986381726253412,0.017,0.9816613236907104
7266212,K04737.01,1,CANDIDATE,0.994,7.79534033,8.4187355,1.07,0.35,-0.12,0.009322,0.000538,-0.000739,1.185,0.094,-0.085,6156,1.2089571402277877,0.11859630464783093,-0.12924925735998524,5079,7266212,7.795,0.00075,0.9872814748831891,0.13325403791398852,0.9980194568223781,0.00075,0.9972709422297613
8360041,K04854.01,1,CANDIDATE,0.984,2.63527677,7.9871445,0.76,0.05,-0.06,0.008055,0.002778,-0.000676,0.817,0.035,-0.033,5215,0.7202297507393656,0.2503010623257196,-0.06708027653639673,5520,8360041,2.635,0.027,0.9872791524684951,0.1291327961956451,0.9980894399148249,0.027,0.9711410250371246
9782748,K04856.01,1,CANDIDATE,0.924,147.388124,13.097614,3.03,1.0,-0.34,0.027522,0.001446,-0.001108,0.927,0.093,-0.083,6046,2.7921785105398946,0.3162104724592597,-0.27411007312554136,5522,9782748,147.388,0.0015,0.9872832605642492,0.46892934578362416,0.988626631591592,0.0015,0.9871436916442047
6425597,K04861.01,1,CANDIDATE,0.977,29.1206519,8.623144,1.6,0.38,-0.14,0.01865,0.00118,-0.001566,1.092,0.097,-0.088,5671,2.2288709822552226,0.24307548471992116,-0.2593999136783609,5526,6425597,29.121,0.069,0.9872821210333075,0.1752737391898236,0.9972623341189331,0.069,0.9284512330647268
6675757,K05310.01,1,CANDIDATE,0.982,22.2903562,7.840215,1.13,0.16,-0.1,0.010324,0.000842,-0.001004,0.985,0.043,-0.04,5596,1.1129295711678833,0.10295275391931186,-0.11728870572290079,5622,6675757,22.29,0.21,0.9872781325431542,0.17176282313200228,0.997327696394039,0.21,0.7878888801512908
8891684,K05581.01,1,CANDIDATE,0.968,374.878133,14.203887,4.27,1.07,-1.18,0.028862,0.0068099999999999,-0.00168,0.815,0.061,-0.056,5636,2.5743493772023656,0.6372469038197385,-0.2318267842268503,6018,8891684,374.878,0.0038,0.9872832607212436,0.9637306705532455,0.6577447269614385,0.0038,0.655245296998985
11026582,K05854.01,1,CANDIDATE,0.982,240.57135,28.41287,2.93,0.89,-0.3,0.028417,0.000279,-0.001068,1.075,0.083,-0.075,6146,3.34325996059338,0.26020939995680575,-0.2649412361235531,5680,11026582,240.571,0.013,0.9872832607319133,0.4252230554394728,0.9904709093647099,0.013,0.9775947875429687
9583881,K00467.01,1,CANDIDATE,1.0,18.00932214,230.01062,4.96,1.57,-0.39,0.05176,0.002682,-0.0013599999999999,1.077,0.084,-0.076,5815,6.100893258243141,0.5712741870886255,-0.4593934886970482,351,9583881,18.009,7.2e-06,0.9872832607319133,4.182937678723592e-12,0.9999999999999462,7.2e-06,0.9999927999999462
11192998,K00481.01,1,CANDIDATE,1.0,7.650243512999999,68.67351,2.3,0.45,-0.18,0.028274,0.000481,-0.000193,0.782,0.036,-0.034,5409,2.4197888005914927,0.11875979311548922,-0.10649694367438141,280,11192998,7.65,4.1e-07,0.9872832607319133,0.00019654815173274974,0.9999974678564321,4.1e-07,0.9999970578574703
2449245,K06274.01,1,CANDIDATE,0.997,18.1772927,7.4007688,1.5,0.47,-0.16,0.013378,0.001013,-0.001287,1.016,0.089,-0.081,6158,1.4875389808708783,0.17224137002252493,-0.18585872415971058,6841,2449245,18.177,0.002,0.98727132279782,0.1691781757845958,0.9973746742863098,0.002,0.9953799249377372
8324518,K04393.01,1,CANDIDATE,0.936,1.62888267,11.443328,0.92,0.19,-0.08,0.010339,0.000627,-0.0006259999999999,1.119,0.093,-0.084,5398,1.266170169534986,0.13026776419380195,-0.12211192734511532,5328,8324518,1.629,0.0045,0.9872832548521155,0.09056497173316386,0.9987173068515479,0.0045,0.994223078970716
5802637,K04398.01,1,CANDIDATE,0.979,7.3422467,10.581186,1.6,0.34,-0.14,0.017463,0.001096,-0.001074,0.838,0.072,-0.065,5573,1.6015714865655675,0.1704077039445529,-0.15853824163025138,5365,5802637,7.342,0.047,0.9872832310825401,0.10729396606040935,0.9984518898867145,0.047,0.9515246510620389
8345384,K04399.01,1,CANDIDATE,0.958,42.1003351,13.519419,1.42,0.16,-0.07,0.0158449999999999,0.002758,-0.002548,0.833,0.034,-0.033,5595,1.4445104918355058,0.2582535922422062,-0.23923366875724275,5366,8345384,42.1,0.44,0.9872832606297537,0.13255891302230435,0.9980316472009364,0.44,0.5588977224325244
6850504,K00070.03,3,CANDIDATE,0.563,77.6114427,75.38519000000001,2.59,0.29,-0.23,0.02568,0.000598,-0.000273,0.887,0.037,-0.035,5465,2.492884141706519,0.1190934490143581,-0.10187376640285833,522,6850504,77.611,1e-05,0.9872832607319133,0.00029191216763949676,0.9999962389164113,1e-05,0.9999862389540222
4545570,K04506.01,1,CANDIDATE,0.997,5.60473115,10.654026,1.11,0.19,-0.09,0.013128,0.000795,-0.000789,0.893,0.075,-0.068,5401,1.2830201662471683,0.13284658669876198,-0.12446331150842038,5026,4545570,5.605,0.00093,0.9872832347766817,0.10386848147664757,0.9985070443004403,0.00093,0.997578432749241
9216775,K04513.01,1,CANDIDATE,0.872,3.91794676,11.472025,0.94,0.11,-0.04,0.009856,0.000462,-0.000691,0.874,0.041,-0.038,5500,0.9427479204631262,0.0625197879679918,-0.07777362993157726,5064,9216775,3.918,0.0002,0.9872832552001577,0.09340677612588792,0.998672910848586,0.0002,0.9984731762664163
6468904,K04743.01,1,CANDIDATE,0.998,49.5387264,10.238926,20.52,4.61,-1.54,0.251507,6.7874490000000005,-0.086467,0.933,0.073,-0.066,5683,25.68119191522464,693.0642605279394,-9.014043435604922,5082,6468904,49.539,0.99,0.9872832105143509,0.19852561703418442,0.9968094714210929,0.99,0.009968094714210937
11513486,K04748.01,1,CANDIDATE,0.996,6.64754478,11.341888,1.72,0.54,-0.18,0.015634,0.001025,-0.00082,0.765,0.07,-0.062,6046,1.308925710577649,0.1473414065650816,-0.1263597738424744,5120,11513486,6.648,0.014,0.9872832537079428,0.0985002468162983,0.998592637603438,0.014,0.9846123406769898
11805075,K00436.01,1,CANDIDATE,0.804,199.83920527,624.0963,21.48,4.95,-1.75,0.2263929999999999,0.003101,-0.0031079999999999,1.22,0.095,-0.086,5457,30.227781953498603,2.389941089810351,-2.170843394016814,96,11805075,199.839,0.9,0.9872832607319133,9.700823507524992e-30,1.0,0.9,0.09999999999999998
3745690,K00442.03,3,CANDIDATE,0.868,7.0257409,15.921431,1.56,0.23,-0.18,0.014129,0.002189,-0.001547,1.085,0.049,-0.047,5767,1.677739845598414,0.2707495586752375,-0.19755165157033683,141,3745690,7.026,0.0014,0.9872832607307229,0.06216360838628757,0.9991462256006429,0.0014,0.9977474208848021
9011877,K05597.01,1,CANDIDATE,0.996,7.77710639,10.173459,0.73,0.03,-0.06,0.007848,0.000504,-0.000589,0.868,0.036,-0.034,5067,0.745524937830355,0.056994291346744684,-0.06311464800945586,6023,9011877,7.777,0.00026,0.9872831965871152,0.11238735849505418,0.9983690892431527,0.00026,0.9981095132799495
7977197,K00459.01,1,CANDIDATE,1.0,19.44639139,73.35643,3.24,0.89,-0.48,0.031094,0.001709,-0.003128,1.152,0.053,-0.05,5815,3.920238856279889,0.28098847090806345,-0.4295085714266175,229,7977197,19.446,0.011,0.9872832607319133,0.0001418994050335717,0.9999981719999707,0.011,0.988998192107971
11152511,K05874.01,1,CANDIDATE,0.534,287.33114,15.635027,2.07,0.26,-0.25,0.018829,0.000332,-0.001241,1.203,0.052,-0.05,5422,2.4789989249150515,0.11572769519495357,-0.1931624660581,5719,11152511,287.331,0.97,0.9872832607310018,0.8625578377103579,0.9191644793019492,0.97,0.027574934379058502
10460984,K00474.03,3,CANDIDATE,1.0,94.886902,19.497467,4.24,0.69,-0.56,0.035401,40.01582,-0.007261,1.041,0.047,-0.045,5888,4.033199597863705,4558.961307898826,-0.8454109225513916,271,10460984,94.887,0.87,0.9872832607319122,0.15693110901560164,0.9976023820961603,0.87,0.12968830967250083
11192998,K00481.02,2,CANDIDATE,1.0,1.55400389,55.116364,1.59,0.31,-0.12,0.019515,0.00036,-0.000157,0.782,0.036,-0.034,5409,1.6701626385917445,0.08283063892734872,-0.07384844083776287,281,11192998,1.554,3.2e-06,0.9872832607319133,0.0007961392467812982,0.9999897371277359,3.2e-06,0.9999865371605771
4454752,K00496.01,1,CANDIDATE,1.0,1.616883373,40.888733,4.47,1.01,-2.18,0.022557,0.000496,-0.00345,0.847,0.037,-0.035,4868,2.09097194347785,0.10226029989027037,-0.33127207808850384,1026,4454752,1.617,0.81,0.9872832607319133,0.0038293301682973658,0.9999504865650818,0.81,0.1899905924473655
6850504,K00070.01,1,CANDIDATE,1.0,10.854095934000002,203.21265,2.99,0.33,-0.27,0.029604,0.001495,-0.000524,0.887,0.037,-0.035,5465,2.8738061577523277,0.18823476539648104,-0.12428345636551325,520,6850504,10.854,6.6e-06,0.9872832607319133,7.20162821419485e-11,0.9999999999990724,6.6e-06,0.9999933999990724
9946525,K00398.01,1,CANDIDATE,0.963,51.84688984,188.06175,8.73,0.7,-0.42,0.095348,0.0007469999999999,-0.001326,0.815,0.039,-0.037,5228,8.504575719544423,0.4123855926595895,-0.4038063442012066,509,9946525,51.847,0.0092,0.9872832607319133,7.48585117843039e-10,0.9999999999903578,0.0092,0.9907999999904465
6850504,K00070.02,2,CANDIDATE,1.0,3.696121272,108.19572,1.78,0.19,-0.16,0.017627,0.000379,-0.000113,0.887,0.037,-0.035,5465,1.7111397494494087,0.08030197548990531,-0.06840487193667864,521,6850504,3.696,3.7e-06,0.9872832607319133,2.3351267541421823e-06,0.9999999699222416,3.7e-06,0.9999962699223528
10063208,K04292.01,1,CANDIDATE,0.995,9.3281912,11.1252775,0.59,0.09,-0.03,0.006063,0.000354,-0.000298,1.056,0.044,-0.042,5524,0.7007045572615151,0.050261306580284965,-0.04430342688616426,4973,10063208,9.328,0.014,0.9872832502229577,0.10465712035624208,0.9984943856212697,0.014,0.9845154642225719
2831055,K04400.01,1,CANDIDATE,0.995,2.20923119,11.010214,0.84,0.26,-0.11,0.007076,0.000392,-0.000376,1.072,0.046,-0.044,5991,0.8301681459854013,0.05817283661231837,-0.055740417737690964,5367,2831055,2.209,0.00018,0.9872832473897116,0.09539434401584705,0.9986416934905906,0.00018,0.9984619379857623
7703882,K04403.01,1,CANDIDATE,1.0,5.88350251,11.783633,1.27,0.37,-0.12,0.013655,0.000774,-0.0009029999999999,1.031,0.1,-0.089,5840,1.5407558501919203,0.17309068552305412,-0.16754579407771392,5368,7703882,5.884,0.015,0.9872832576851273,0.09319663541906603,0.9986762035575182,0.015,0.9836960605041554
10745365,K04405.01,1,CANDIDATE,0.694,8.9172863,11.470666,1.39,0.45,-0.15,0.0128759999999999,0.000831,-0.0018399999999999,1.077,0.085,-0.077,6210,1.5176797062043677,0.15472943934920932,-0.24250776409115385,5369,10745365,8.917,1.0,0.9872832552654255,0.10053032777832906,0.9985603903260921,1.0,0.0
10003058,K04519.01,1,CANDIDATE,0.898,148.568877,9.631365,5.97,1.14,-1.94,0.0183289999999999,0.001318,-0.000976,1.208,0.061,-0.058,5810,2.423199446639806,0.21291999327130381,-0.17374056729144458,5068,10003058,148.569,0.29,0.9872831413864551,0.5683774069223143,0.983038246070775,0.29,0.6979571547102502
6850504,K00070.04,4,CANDIDATE,0.999,6.09855603,16.530762,0.84,0.09,-0.08,0.008309,0.000339,-0.0002379999999999,0.887,0.037,-0.035,5465,0.8065955737320665,0.047063985531610494,-0.039328949462557126,523,6850504,6.099,8.1e-05,0.9872832607315374,0.05752964329665894,0.9992137548575956,8.1e-05,0.9991328185434522
6311891,K04627.01,1,CANDIDATE,0.944,7.51731745,9.023955,1.19,0.15,-0.07,0.011854,0.000725,-0.000859,0.93,0.043,-0.041,5520,1.2065111147118048,0.09250456588779335,-0.10233854700432853,5463,6311891,7.517,0.086,0.9872826933153125,0.12522610624191835,0.9981560349564403,0.086,0.9123146159501865
6850504,K00070.05,5,CANDIDATE,0.963,19.5776073,12.244888,0.9,0.1,-0.08,0.008912,0.0004509999999999,-0.000312,0.887,0.037,-0.035,5465,0.8651317550969042,0.05673699666826825,-0.045636247813893575,524,6850504,19.578,0.0042,0.9872832595104086,0.10874184241956711,0.9984284536123963,0.0042,0.9942350541072242
6520519,K04749.01,1,CANDIDATE,0.825,1.97650073,8.173038499999999,0.97,0.31,-0.1,0.009654,0.000659,-0.000642,0.998,0.085,-0.077,5792,1.0544385892902088,0.11509171125021066,-0.10740357086759159,5121,6520519,1.977,0.00071,0.9872803671591616,0.12566101660546727,0.998148367473935,0.00071,0.9974396821330285
10858832,K00432.01,1,CANDIDATE,1.0,5.2634152180000005,108.466675,3.77,1.31,-0.44,0.033596,0.000359,-0.003211,1.042,0.079,-0.071,6099,3.831234608985653,0.2933388102007937,-0.44970516814665773,54,10858832,5.263,0.0029,0.9872832607319133,2.324717970992319e-06,0.9999999700563129,0.0029,0.9970999701431495
9581589,K04877.01,1,CANDIDATE,0.987,5.19206571,8.990141,0.99,0.31,-0.12,0.008465,0.001374,-0.001166,1.203,0.092,-0.084,6322,1.114489664847093,0.19997185023023895,-0.1721116488379161,5570,9581589,5.192,0.0021,0.9872826516723124,0.1215444696455424,0.9982177423699555,0.0021,0.9961214851109786
11904151,K00072.02,1,CANDIDATE,0.982,45.29422297,93.40869,2.26,0.12,-0.09,0.019806,0.000328,-0.000128,1.087,0.046,-0.044,5676,2.356187102850491,0.10707292650646816,-0.09658256823861422,526,11904151,45.294,9.9e-05,0.9872832607319133,2.354604313100545e-05,0.9999996967071623,9.9e-05,0.9999006967371883
4478142,K05067.01,1,CANDIDATE,0.898,219.931324,9.900649,2.3,0.29,-0.14,0.023063,0.002006,-0.002919,0.836,0.038,-0.036,5564,2.1101121205008813,0.20708670030604834,-0.28210389588868695,5964,4478142,219.931,0.79,0.9872832024481614,0.8004339395061955,0.9483375711445641,0.79,0.19915088994035843
6869373,K05331.01,1,CANDIDATE,0.884,31.5034587,7.505692999999999,1.17,0.11,-0.05,0.012966,0.001021,-0.001235,1.122,0.067,-0.063,5268,1.592143946073496,0.157344898057402,-0.1760394762442177,5665,6869373,31.503,0.11,0.9872738457157608,0.19994045549365397,0.9967786499628913,0.11,0.8871329984669734
9141355,K05622.01,1,CANDIDATE,0.954,469.61309000000006,13.892415,3.24,0.64,-0.28,0.038837,0.000267,-0.0070819999999999,0.863,0.054,-0.051,5474,3.6680895225113264,0.23090243458378454,-0.7031313963195966,6066,9141355,469.613,0.0011,0.9872832607172676,0.9875057820792099,0.0,0.0011,0.0
10460984,K00474.04,4,CANDIDATE,1.0,5.03505665,14.266844,1.63,0.26,-0.22,0.013596,0.000199,-0.002438,1.041,0.047,-0.045,5888,1.5489783263906367,0.07351782235816767,-0.285715666068568,272,10460984,5.035,0.0048,0.9872832607043445,0.07153517423178837,0.999007596749415,0.0048,0.9942123602850178
4274071,K06399.01,1,CANDIDATE,0.827,6.76890076,8.565714999999999,1.24,0.34,-0.23,0.010077,0.000683,-0.000638,1.243,0.147,-0.126,5737,1.3708370788289703,0.1868558862331661,-0.16383581665182367,6578,4274071,6.769,0.00056,0.9872819051646363,0.12949913800446441,0.9980836335730312,0.00056,0.9975247067382303
7257966,K04185.01,1,CANDIDATE,0.992,3.035206175,14.005139000000002,3.59,0.8,-0.37,0.037643,0.015802,-0.009981,0.84,0.072,-0.065,5505,3.46056466838661,1.4826697405063065,-0.9558412281137516,5272,7257966,3.035,0.47,0.987283260686373,0.07129732889024064,0.9990111496767138,0.47,0.5294759093286583
6879171,K04188.01,1,CANDIDATE,0.992,6.96352699,11.156775,1.4,0.34,-0.59,0.007579,0.000346,-0.000308,1.054,0.045,-0.043,6040,0.8742506695507174,0.05464568313306326,-0.05034263469376972,5308,6879171,6.964,0.00043,0.9872832507642298,0.10079537734106245,0.9985561688000286,0.00043,0.9981267896474446
9946525,K00398.02,2,CANDIDATE,1.0,4.180048081,102.849686,3.44,0.27,-0.17,0.037538,0.000838,-0.000584,0.815,0.039,-0.037,5228,3.3482061853448277,0.1767982760645884,-0.16068203425977842,510,9946525,4.18,2.1e-05,0.9872832607319133,4.249824873763614e-06,0.9999999452597378,2.1e-05,0.9999789452608873
7596240,K04295.01,1,CANDIDATE,1.0,13.3997555,11.532616,1.51,0.46,-0.18,0.012052,0.00058,-0.000607,1.207,0.097,-0.088,6401,1.5920248733324944,0.1491282507610665,-0.14107373862963316,5009,7596240,13.4,0.0003,0.9872832559337112,0.10665655303473838,0.9984621879940605,0.0003,0.9981626493376623
7661893,K04296.01,1,CANDIDATE,0.992,2.49385348,10.817567,0.59,0.06,-0.05,0.006317,0.000397,-0.000367,0.97,0.041,-0.038,5615,0.670603887647873,0.050790190848190545,-0.04699007736120709,5010,7661893,2.494,0.35,0.9872832415239493,0.09765342549266977,0.9986060449618359,0.35,0.6490939292251934
5308537,K04409.01,1,CANDIDATE,0.999,14.2651545,11.675163,1.06,0.18,-0.18,0.00749,0.0003259999999999,-0.000432,1.239,0.054,-0.052,5825,1.0156324765605336,0.06255771736307367,-0.07244564018277111,5406,5308537,14.265,0.0029,0.9872832570790776,0.10649614032899316,0.9984647766929163,0.0029,0.9955692288405069
6350882,K04410.01,1,CANDIDATE,1.0,5.04404366,9.920448,1.47,0.49,-0.17,0.01411,0.0009449999999999,-0.0008349999999999,1.026,0.095,-0.085,6039,1.5843744497231311,0.1810550796267138,-0.16130677100228372,5407,6350882,5.044,0.051,0.9872831562836533,0.11075597588063023,0.9983957065179018,0.051,0.9474775254854887
5281113,K04411.01,1,CANDIDATE,0.994,11.17931581,11.880028,1.81,0.38,-0.56,0.008869,0.000335,-0.000666,1.095,0.047,-0.045,6292,1.0628506187861817,0.060769178533140525,-0.09098295535638727,5408,5281113,11.179,0.0013,0.9872832582325346,0.09976748224041555,0.9985725253781936,0.0013,0.9972743810952021
5003670,K04524.01,1,CANDIDATE,1.0,7.99144696,10.7262335,1.53,0.23,-0.12,0.01394,0.000417,-0.0034509999999999,0.84,0.042,-0.04,5702,1.2815203750314623,0.07466813868225831,-0.32307027073432076,5072,5003670,7.991,0.00085,0.987283238252773,0.1067708181339194,0.9984603413778622,0.00085,0.997611650087691
5003670,K04524.02,2,CANDIDATE,0.607,4.52628739,9.255154,1.02,0.15,-0.08,0.009313,0.000754,-0.000373,0.84,0.042,-0.04,5702,0.8561548961741756,0.08146915997159813,-0.053272511603234804,5073,5003670,4.526,0.0016,0.9872828914962313,0.1173289246497164,0.998287806040532,0.0016,0.9966905455508671
5003670,K04524.03,3,CANDIDATE,0.989,3.33930957,8.40802,1.2,0.18,-0.09,0.010966,0.001784,-0.002409,0.84,0.042,-0.04,5702,1.0081171042033727,0.17157637540505793,-0.22660544123553455,5074,5003670,3.339,0.00017,0.9872814146171456,0.12524273556179688,0.9981555672057087,0.00017,0.9979858807592837
3765917,K04526.01,1,CANDIDATE,0.924,30.539293100000005,11.202491,2.72,0.46,-0.5,0.01877,0.000821,-0.001039,1.224,0.084,-0.078,5812,2.5143697671784544,0.20462267369875972,-0.21223776266853936,5108,3765917,30.539,0.00078,0.9872832521936272,0.1405832673931086,0.9978930020332463,0.00078,0.9971146454916603
3765917,K04526.02,2,CANDIDATE,1.0,11.8187288,8.598025999999999,2.09,0.35,-0.38,0.014436,0.000267,-0.001397,1.224,0.084,-0.078,5812,1.933800850239114,0.13744696679998172,-0.2240686137000325,5109,3765917,11.819,0.011,0.9872820041759816,0.13860413208284725,0.9979272312581727,0.011,0.9869500317143328
10016874,K00426.01,1,CANDIDATE,1.0,16.30141333,50.381355,3.84,1.19,-0.73,0.030924,0.003547,-0.002466,0.773,0.059,-0.054,6072,2.616125741945633,0.3604360180986854,-0.27734863662586473,11,10016874,16.301,6.2e-05,0.9872832607319133,0.0017062406242066691,0.9999779851406541,6.2e-05,0.9999159865055753
7949593,K04759.01,1,CANDIDATE,0.929,17.7662938,9.780214,1.54,0.23,-0.08,0.014903,0.0021149999999999,-0.003075,0.921,0.056,-0.052,5724,1.5021620546658696,0.23192577484021118,-0.3213419738425229,5129,7949593,17.766,0.0044,0.9872831293926522,0.13460145399966764,0.9979965794389412,0.0044,0.9936053944894099
9935642,K04885.01,1,CANDIDATE,1.0,9.33955596,9.466705,2.67,0.78,-0.58,0.022231,0.0015019999999999,-0.00924,0.75,0.058,-0.053,5516,1.8247514512018628,0.18738381127805925,-0.7693159819028035,5609,9935642,9.34,0.14,0.9872830169010991,0.12312763974558776,0.9981913205624849,0.14,0.858444535683737
4813750,K05088.01,1,CANDIDATE,0.627,49.1782244,7.6310887,1.79,0.37,-0.25,0.019512,0.001126,-0.001594,1.057,0.094,-0.085,5674,2.2571490071734206,0.23928902705652447,-0.25874228753838374,5972,4813750,49.178,0.00061,0.9872762072867609,0.24719585249030576,0.9957680834905884,0.00061,0.9951606649596592
7009548,K05341.01,1,CANDIDATE,0.929,15.18575582,11.625513,2.26,0.66,-0.49,0.015424,0.001525,-0.0016829999999999,1.096,0.081,-0.073,6311,1.8500822068965521,0.22837551028763708,-0.23651089389019128,5671,7009548,15.186,0.32,0.987283256729214,0.10845697886316798,0.9984330709588076,0.32,0.6789344882519891
7977197,K00459.02,2,CANDIDATE,1.0,6.91986988,21.593683,1.39,0.38,-0.2,0.0133669999999999,0.001335,-0.001524,1.152,0.053,-0.05,5815,1.6852715247923358,0.1853125927860472,-0.20559321092273136,230,7977197,6.92,7.1e-05,0.9872832607319133,0.03414681896601798,0.9995446208617125,7.1e-05,0.9994736531936312
9703198,K00469.01,1,CANDIDATE,1.0,10.32906563,106.57889,6.17,1.84,-0.66,0.053874,0.0008759999999999,-0.00725,1.082,0.085,-0.077,6228,6.379548424930783,0.511788817610818,-0.9711665743933066,353,9703198,10.329,0.81,0.9872832607319133,3.1100455325029257e-06,0.9999999599408167,0.81,0.18999999238875512
11716643,K05929.01,1,CANDIDATE,0.939,466.002988,42.02669,4.92,1.32,-0.43,0.051475,0.005874,-0.005614,1.059,0.05,-0.048,5830,5.9658972741788325,0.7367610114587375,-0.7046098046414027,5767,11716643,466.003,0.2,0.9872832607319133,0.8611645845312047,0.9201049468093017,0.2,0.7360839574474414
11192998,K00481.03,3,CANDIDATE,1.0,34.25951418,43.793594,2.41,0.46,-0.19,0.029532,0.000757,-0.000389,0.782,0.036,-0.034,5409,2.527452884596023,0.13317439041810294,-0.11482162439258481,316,11192998,34.26,2.1e-06,0.9872832607319133,0.004718300107601507,0.999938937647041,2.1e-06,0.999936837775272
2834463,K06293.01,1,CANDIDATE,0.794,5.88836941,7.984780000000001,1.21,0.39,-0.15,0.01018,0.001335,-0.000918,1.207,0.093,-0.084,6243,1.3447405584570853,0.20453477862744732,-0.15317762594845585,6890,2834463,5.888,0.54,0.9872791726193348,0.1352234748951169,0.9979852387748968,0.54,0.45907320983645244
5171707,K06532.01,1,CANDIDATE,1.0,0.813998812,9.265632,1.36,0.38,-0.2,0.012555,0.001396,-0.0007019999999999,1.094,0.097,-0.087,5705,1.5032025184054871,0.21377710415547665,-0.14613222088836614,6282,5171707,0.814,0.12,0.9872828948547567,0.11111112621822501,0.9983898856198258,0.12,0.8785830993454466
9828127,K04192.01,1,CANDIDATE,1.0,18.0541469,15.734565,1.51,0.18,-0.09,0.015187,0.000711,-0.0005639999999999,0.942,0.045,-0.043,5505,1.5656920679901836,0.10472374624860203,-0.09213480194388993,5312,9828127,18.054,0.00061,0.9872832607302703,0.07488795158296391,0.9989573186448093,0.00061,0.9983479546804359
9828127,K04192.02,2,CANDIDATE,0.995,32.0273169,7.998034,1.14,0.15,-0.06,0.011529,0.000717,-0.001019,0.942,0.045,-0.043,5505,1.1885733753775483,0.0932084053118809,-0.1182361761383208,5313,9828127,32.027,0.0049,0.9872795640694205,0.19270899518393045,0.9969243726029459,0.0049,0.9920394431771914
8507475,K04300.01,1,CANDIDATE,1.0,3.58273837,12.543833,1.64,0.37,-0.16,0.017176,0.001297,-0.0008939999999999,0.677,0.059,-0.053,5448,1.2726065546186762,0.14674811740236085,-0.11963802756828155,5014,8507475,3.583,0.031,0.9872832600060786,0.08343360997319532,0.9988275046595904,0.031,0.967863852015143
8773015,K04301.01,1,CANDIDATE,0.999,15.604841,13.681894,1.57,0.32,-0.48,0.008408,0.001667,-0.000583,1.156,0.049,-0.047,6254,1.0637363317392396,0.21566619274183066,-0.08550274104269745,5015,8773015,15.605,0.0036,0.9872832606508622,0.0889155454546353,0.9987429485403759,0.0036,0.9951474739256305
8773015,K04301.02,3,CANDIDATE,0.978,6.31915999,8.191573,1.04,0.21,-0.32,0.005591,0.000145,-0.000579,1.156,0.049,-0.047,6254,0.7073441758746538,0.03514941228145797,-0.07869519245742135,5016,8773015,6.319,0.0002,0.9872805019008835,0.1333819578675748,0.9980171092982043,0.0002,0.9978175058763447
12647577,K04530.01,1,CANDIDATE,0.999,12.636204800000002,9.943496,1.1,0.16,-0.07,0.010119,0.00058,-0.0007469999999999,1.024,0.046,-0.044,5766,1.1340207681852503,0.08258379966205859,-0.09686376890265792,5113,12647577,12.636,0.024,0.9872831629185743,0.12322457893842564,0.9981897175001518,0.024,0.9742331642801482
11655826,K04643.01,1,CANDIDATE,1.0,5.59346375,9.279454,1.43,0.46,-0.15,0.0140419999999999,0.000965,-0.001068,0.787,0.062,-0.057,5874,1.209447877516981,0.1264384210841508,-0.12702318648974237,4815,11655826,5.593,0.021,0.9872829092056946,0.11885504089446039,0.9982625336681535,0.021,0.9772990204611223
10189546,K00427.01,1,CANDIDATE,1.0,24.61480613,53.93441800000001,4.2,0.45,-0.5,0.038975,0.00502,-0.00086,0.828,0.037,-0.035,5313,3.5318310171784546,0.4815015304848802,-0.16840875706346883,45,10189546,24.615,0.022,0.9872832607319133,0.0013193025547535734,0.9999829842247397,0.022,0.9779833585717954
10937029,K00433.01,2,CANDIDATE,1.0,4.030466786,218.61652,4.48,0.42,-0.21,0.048052,0.00073,-0.000195,0.872,0.042,-0.04,5234,4.585760920714825,0.23160015691167377,-0.2111775611004246,55,10937029,4.03,5.2e-07,0.9872832607319133,1.1742499452799353e-11,0.9999999999998488,5.2e-07,0.9999994799998488
10221505,K04768.01,1,CANDIDATE,0.957,3.43633133,9.665986,1.44,0.12,-0.13,0.020187,0.001292,-0.00161,0.852,0.071,-0.064,5201,1.8823259669645103,0.19778443114919314,-0.20622740744920756,5914,10221505,3.436,0.31,0.9872830907418854,0.11095168996194281,0.9983925094285182,0.31,0.6888908315056775
10747501,K04891.01,1,CANDIDATE,0.983,4.7309013,10.886312,1.39,0.43,-0.14,0.0139949999999999,0.000592,-0.001093,0.944,0.086,-0.077,5941,1.4458670236596927,0.1452278122646677,-0.16327935924754947,5612,10747501,4.731,0.00041,0.9872832439796034,0.10021673561146298,0.9985653798915033,0.00041,0.9981559680857478
11970050,K04893.01,1,CANDIDATE,1.0,6.58753699,9.198795,1.51,0.41,-0.14,0.013941,0.0013,-0.001052,0.795,0.07,-0.063,6014,1.2129545040743772,0.15556321820050684,-0.13272936051053394,5614,11970050,6.588,0.011,0.9872828523008169,0.12150451886082006,0.9982184376774228,0.011,0.9872380348629711
12416597,K04895.01,1,CANDIDATE,0.921,12.460565,7.6062803,1.1,0.11,-0.09,0.010763,0.0008039999999999,-0.0007379999999999,0.891,0.043,-0.041,5438,1.0495291370028947,0.09333854228666279,-0.08666753211137959,5616,12416597,12.461,0.0025,0.9872750401628133,0.15355381783284436,0.9976618114410107,0.0025,0.9951676569124083
4918303,K05104.01,1,CANDIDATE,0.999,21.1579573,8.634729,1.63,0.45,-0.16,0.0147319999999999,0.0035659999999999,-0.001686,0.958,0.084,-0.076,6063,1.544580952554734,0.397651990100833,-0.2150861940157407,6011,4918303,21.158,0.00034,0.9872821198415381,0.1571889777213686,0.9975974892514596,0.00034,0.9972583061051141
3847138,K00444.01,1,CANDIDATE,1.0,11.72291212,47.386738,2.08,0.26,-0.21,0.020002,0.000633,-0.0002569999999999,0.922,0.041,-0.039,5550,2.018309663793103,0.11015929385093268,-0.08922491229745273,143,3847138,11.723,1e-05,0.9872832607319133,0.0022042064867386696,0.9999715459165566,1e-05,0.9999615462010975
9391817,K05663.01,1,CANDIDATE,0.965,140.884533,11.95487,1.52,0.26,-0.2,0.011447,0.000505,-0.000533,1.178,0.05,-0.048,5960,1.4757759511389377,0.09034613494306122,-0.09131200932163894,6111,9391817,140.885,0.0012,0.9872832592410076,0.4740274665486533,0.9883915432952792,0.0012,0.9872054734433249
11923213,K05943.01,1,CANDIDATE,0.4,27.2020672,8.062192999999999,1.87,0.33,-0.36,0.012294,0.000815,-0.001149,1.118,0.051,-0.049,5877,1.5042446237729676,0.12104844568496324,-0.15527805376497586,5770,11923213,27.202,0.34,0.9872799414714618,0.17976626610508342,0.9971762947109422,0.34,0.6581363545092217
8355178,K06178.01,1,CANDIDATE,0.989,13.032730099999998,9.809365,1.64,0.46,-0.2,0.0150879999999999,0.004786,-0.001055,0.881,0.083,-0.074,6122,1.4547589557009721,0.48138061485124134,-0.15899177457881622,5780,8355178,13.033,0.00066,0.987283134742566,0.12553948507922486,0.9981508229697045,0.00066,0.9974920434265445
8374077,K06179.01,1,CANDIDATE,0.979,16.2957847,11.015168,2.13,0.67,-0.22,0.019312,0.007287,-0.001127,1.045,0.097,-0.087,6063,2.2086505046564304,0.8582366582942048,-0.22455315645635326,5781,8374077,16.296,0.0056,0.9872832480416096,0.11700001685383975,0.9982932902820849,0.0056,0.9927028478565052
8590149,K06182.01,1,CANDIDATE,0.56,19.2405821,7.109093700000001,1.19,0.06,-0.09,0.012881,0.001406,-0.000681,0.829,0.041,-0.039,5033,1.1686583500031462,0.14004600797903924,-0.08270504145152839,5818,8590149,19.241,0.17,0.987262571979599,0.17624528568628042,0.9972396213102394,0.17,0.8277088856874987
2970670,K06299.01,1,CANDIDATE,0.894,0.947554749,11.153532,0.67,0.08,-0.02,0.00734,0.000583,-0.000336,0.904,0.039,-0.037,5508,0.7261861238358923,0.06563843416614938,-0.04459216697038469,6228,2970670,0.948,0.062,0.9872832505269014,0.09230472703847593,0.9986901601021488,0.062,0.9367713701758156
5461440,K00504.01,1,CANDIDATE,0.932,40.606895,28.843336,2.67,0.38,-0.3,0.023844,0.004691,-0.00075,0.865,0.041,-0.039,5548,2.2572448782406243,0.4567904461426369,-0.12409086768550662,1072,5461440,40.607,0.0062,0.9872832607319133,0.026702717760615103,0.9996466183875253,0.0062,0.9934488093535226
9946525,K00398.03,3,CANDIDATE,1.0,1.7293670769999998,36.352104,1.82,0.15,-0.09,0.019899,0.000599,-0.00049,0.815,0.039,-0.037,5228,1.7748935713723886,0.10034065382591083,-0.09166783792027657,511,9946525,1.729,1.1e-05,0.9872832607319133,0.006318462266883637,0.9999180973094567,1.1e-05,0.9999070982103863
5084171,K04202.01,1,CANDIDATE,0.949,153.979362,14.797884,2.53,0.77,-0.25,0.025664,0.001357,-0.0008699999999999,0.886,0.077,-0.07,5858,2.4885222270324694,0.25315422744408933,-0.2139442442324214,5354,5084171,153.979,0.0018,0.9872832607253625,0.4489787367295027,0.9895047833233973,0.0018,0.9877236747134152
7103919,K04310.01,1,CANDIDATE,0.986,10.7769944,11.672962,1.15,0.25,-0.17,0.012328,0.00084,-0.00073,0.966,0.074,-0.067,5455,1.3033264462622702,0.13362107169827211,-0.11885986257933787,5057,7103919,10.777,0.0056,0.9872832570266468,0.10124431157057068,0.9985490144045464,0.0056,0.9929571399238808
5126182,K04428.01,1,CANDIDATE,0.912,13.00291716,11.4969635,1.28,0.35,-0.11,0.0146699999999999,0.003904,-0.001107,0.999,0.079,-0.072,5796,1.6039065380379955,0.4452800048402207,-0.16736527395735573,5456,5126182,13.003,0.026,0.9872832555923042,0.10641766993124631,0.9984660424391555,0.026,0.9725059253357374
3547760,K04535.01,1,CANDIDATE,0.981,9.8480917,8.013927,0.88,0.11,-0.1,0.0107599999999999,0.00079,-0.000666,0.948,0.085,-0.076,5289,1.1163594789831257,0.12937186400256684,-0.11306763302244459,5117,3547760,9.848,0.059,0.9872794363909722,0.14252910374090288,0.9978583404783435,0.059,0.9389846983901213
4750669,K04649.01,1,CANDIDATE,0.842,3.38419892,9.775006,1.2,0.27,-0.11,0.013798,0.000625,-0.001201,0.931,0.08,-0.072,5613,1.4058833165429145,0.1365631470407586,-0.16369413511181047,4821,4750669,3.384,0.54,0.9872831224612518,0.10968668038142255,0.9984130991290029,0.54,0.45927002559934127
6717252,K04651.01,1,CANDIDATE,0.97,1.19260017,8.514938,0.77,0.21,-0.15,0.0069209999999999,0.00055,-0.00032,0.956,0.041,-0.039,5600,0.7241194237981269,0.0653896502680772,-0.04464950324536743,4856,6717252,1.193,0.0097,0.9872817439453808,0.12021709375867387,0.9982397386106666,0.0097,0.9885568131461431
4277304,K04774.01,1,CANDIDATE,0.986,51.567801,10.004025,1.3,0.24,-0.18,0.013584,0.000234,-0.001168,0.814,0.035,-0.033,5285,1.2101397689403472,0.056053497655751176,-0.11503776936281698,5954,4277304,51.568,0.012,0.9872831828011104,0.20805831909650424,0.9966160138761566,0.012,0.9846566217096427
8803757,K04904.01,1,CANDIDATE,0.995,3.5944891000000005,8.480067,0.98,0.14,-0.12,0.00854,0.000608,-0.000601,0.84,0.042,-0.039,5525,0.7850921092373522,0.06830138760764864,-0.06619128132816685,5656,8803757,3.594,0.00022,0.9872816514930082,0.12482575158072229,0.9981626186032114,0.00022,0.9979430228271188
5027859,K05117.01,1,CANDIDATE,0.984,33.3726538,8.500976,1.95,0.43,-0.15,0.0224639999999999,0.001601,-0.001687,0.734,0.064,-0.058,5504,1.804540385602811,0.20321763725595896,-0.19671736437773182,6051,5027859,33.373,0.097,0.9872818415498608,0.1875247774728154,0.9970267487148128,0.097,0.9003151540894759
8043638,K00460.01,1,CANDIDATE,1.0,17.58751692,100.84191,4.03,0.68,-0.68,0.033351,0.000754,-0.000347,0.942,0.045,-0.042,5432,3.4382956580984136,0.1817152203664169,-0.15741851255818295,231,8043638,17.588,8e-05,0.9872832607319133,6.598309321956805e-06,0.9999999150096672,8e-05,0.9999199150164665
9456887,K05677.01,1,CANDIDATE,0.884,20.5142642,7.763436,1.14,0.12,-0.12,0.011132,0.000608,-0.001228,0.841,0.043,-0.041,5213,1.0245959835766423,0.07665517680598036,-0.12357145731982105,6115,9456887,20.514,0.0032,0.9872772985334903,0.16888490350001378,0.9973813958920414,0.0032,0.9941897754251869
12300524,K05964.01,1,CANDIDATE,0.832,32.033211,7.118214599999999,0.85,0.28,-0.08,0.0077069999999999,0.000567,-0.000554,1.122,0.084,-0.076,6039,0.9463715403662097,0.09933490551074355,-0.09347216390912193,5810,12300524,32.033,0.00078,0.9872636645128366,0.20828364309260008,0.9966061168584147,0.00078,0.9958287640872652
9844088,K00470.01,1,CANDIDATE,1.0,3.750832927,205.47449,4.61,1.33,-0.42,0.044422,0.000546,-0.000213,0.954,0.073,-0.066,5776,4.637991390573874,0.35944796347388697,-0.32163707370044936,354,9844088,3.751,0.0037,0.9872832607319133,4.99675760174076e-11,0.9999999999993564,0.0037,0.9962999999993587
5263167,K06546.01,1,CANDIDATE,0.783,3.39401963,8.603962,1.03,0.32,-0.12,0.009127,0.000676,-0.000575,1.142,0.103,-0.093,6181,1.1407162021457335,0.133129347966361,-0.11744846834653234,6328,5263167,3.394,0.00017,0.9872819876204056,0.12298687467303851,0.9981935302143287,0.00017,0.9980238373141922
10593535,K04204.01,1,CANDIDATE,0.974,20.9254083,11.433498,1.26,0.2,-0.2,0.00951,0.000511,-0.00039,1.246,0.056,-0.053,5821,1.2968269132267807,0.09084430242650297,-0.07662367681286296,5356,10593535,20.925,9.5e-05,0.9872832550663757,0.12003056056599974,0.9982430539177406,9.5e-05,0.9981482208276184
3450040,K04205.01,1,CANDIDATE,0.986,1.166960319,14.387222,0.88,0.12,-0.03,0.008944,0.000475,-0.000295,1.065,0.05,-0.048,5619,1.0424730921218222,0.07389532987725962,-0.058222114080362576,5357,3450040,1.167,7.6e-05,0.987283260709723,0.06663857623848994,0.9990803769325622,7.6e-05,0.9990044468239154
5791986,K00413.01,1,CANDIDATE,1.0,15.22895514,57.036846,3.0,0.64,-0.28,0.033813,0.00199,-0.003312,0.823,0.063,-0.057,5456,3.0455588463220487,0.2940734188307223,-0.36535387132704283,591,5791986,15.229,0.00087,0.9872832607319133,0.0008041836345277091,0.9999896333456778,0.00087,0.999119642364667
5511659,K04541.01,1,CANDIDATE,0.967,8.529122300000001,9.873334,2.08,0.32,-0.32,0.017152,0.000206,-0.001712,0.799,0.046,-0.043,5544,1.4998402456581927,0.08820766321891813,-0.1700783134055388,5156,5511659,8.529,0.008,0.9872831476695628,0.11699320845313883,0.9982933891132707,0.008,0.9903070420003646
5511659,K04541.02,2,CANDIDATE,0.629,17.236085,7.351248,1.98,0.31,-0.3,0.016355,0.001192,-0.001047,0.799,0.046,-0.043,5544,1.4301473424521776,0.13283020185625846,-0.11960761276394812,5157,5511659,17.236,0.0041,0.9872701120741331,0.16780273525150058,0.9974000718745345,0.0041,0.993310731579849
10189546,K00427.02,2,CANDIDATE,1.0,42.949522,27.550690000000003,2.98,0.32,-0.35,0.027673,0.000976,-0.0005099999999999,0.828,0.037,-0.035,5313,2.507667985590234,0.14275531972954159,-0.11563707595907455,46,10189546,42.95,0.00026,0.9872832607319133,0.03183058194321274,0.9995765255508668,0.00026,0.9993166356542236
6527078,K04657.01,1,CANDIDATE,0.521,7.57600886,10.2443905,0.54,0.09,-0.05,0.00635,0.0003689999999999,-0.0003819999999999,0.916,0.039,-0.037,5361,0.6365795085577649,0.045858257424350644,-0.04612684261878387,4861,6527078,7.576,0.2,0.9872832046252872,0.11128462984555819,0.9983870963360766,0.2,0.7987096770688613
6527078,K04657.02,2,CANDIDATE,0.969,10.4314847,8.862012,0.77,0.13,-0.07,0.009133,1e-05,-0.002547,0.916,0.039,-0.037,5361,0.9155717561666248,0.03899465517891875,-0.25799794427057066,4862,6527078,10.431,0.018,0.9872824958811532,0.1325475358183183,0.998031722069744,0.018,0.9800671510724885
10937029,K00433.02,1,CANDIDATE,0.992,328.240201,225.933,10.99,1.03,-0.51,0.1178839999999999,0.0005059999999999,-0.000636,0.872,0.042,-0.04,5234,11.250059110495837,0.5440080978115833,-0.519614820999243,89,10937029,328.24,0.012,0.9872832607319133,1.0184028464943473e-09,0.9999999999868824,0.012,0.9879999999870398
8054719,K04776.01,1,CANDIDATE,0.969,7.5861587,10.027519,1.07,0.24,-0.17,0.011302,0.0017629999999999,-0.001623,1.233,0.099,-0.089,5934,1.5251123405172415,0.26756794848277593,-0.24512112585650356,5956,8054719,7.586,0.011,0.9872831760955438,0.1136924687280108,0.9983477179750035,0.011,0.9873658930772785
3849187,K04780.01,1,CANDIDATE,1.0,6.60180003,8.885752,1.25,0.29,-0.1,0.013259,0.0011539999999999,-0.001111,0.877,0.072,-0.066,5591,1.2726055696419583,0.1522624646301094,-0.14332879316913086,5959,3849187,6.602,0.69,0.987282521404634,0.12526888890984064,0.9981552895023958,0.69,0.3094281397457428
5437762,K04907.01,1,CANDIDATE,0.965,4.04481159,7.2870946,0.67,0.21,-0.09,0.0053659999999999,0.000379,-0.0004799999999999,1.245,0.056,-0.053,6358,0.731144934400943,0.06122340155502436,-0.07243099784539177,5659,5437762,4.045,0.0043,0.9872678347518171,0.14082643696541616,0.9978861675291604,0.0043,0.993595257008785
7098355,K00454.01,1,CANDIDATE,1.0,29.00789166,36.558846,2.64,0.43,-0.22,0.03013,0.002055,-0.002866,0.817,0.062,-0.057,5295,2.6940437479549457,0.27488149718160604,-0.3178004307515108,189,7098355,29.008,1.9e-05,0.9872832607319133,0.009591165066543663,0.9998752642757784,1.9e-05,0.9998562666457572
9093086,K06191.01,1,CANDIDATE,0.69,9.7043379,9.724267,1.19,0.4,-0.13,0.010444,0.000733,-0.00083,1.045,0.082,-0.075,6273,1.1944462443367732,0.125747107570346,-0.12790447521257436,5825,9093086,9.704,0.0019,0.9872831112551207,0.12071675630812878,0.9982316105135277,0.0019,0.996334970453552
9093086,K06191.02,2,CANDIDATE,0.737,12.7713826,8.574112,1.26,0.43,-0.14,0.011084,0.000707,-0.001031,1.045,0.082,-0.075,6273,1.2676409586584443,0.12818837460608196,-0.14893101454164237,5826,9093086,12.771,0.00034,0.987281949512622,0.14078115192502474,0.9978893313139278,0.00034,0.9975500489412811
11497977,K00483.01,1,CANDIDATE,1.0,4.79860021,73.07672,2.51,0.62,-0.2,0.027166,0.003261,-0.0011539999999999,0.849,0.064,-0.058,5631,2.524159779102693,0.35779116751734763,-0.20305832393831716,318,11497977,4.799,1.9e-06,0.9872832607319133,0.0001153413757907406,0.9999985141696821,1.9e-06,0.9999966141725052
4847534,K00499.01,1,CANDIDATE,1.0,9.66857386,32.688408,1.9,0.33,-0.19,0.020759,0.00266,-0.002464,0.794,0.06,-0.054,5288,1.8038913953876163,0.26834649933763677,-0.2467707171374524,1029,4847534,9.669,0.0056,0.9872832607319133,0.010730266398477671,0.9998602892656419,0.0056,0.9942610716457542
2857607,K04659.01,1,CANDIDATE,0.999,41.8681996,10.880907,1.25,0.33,-0.11,0.013675,1.5e-05,-0.002868,0.92,0.04,-0.038,5852,1.3768880096904101,0.059883744329454015,-0.29431589341854203,4864,2857607,41.868,0.0019,0.9872832455291535,0.1692504360546606,0.9973758165420064,0.0019,0.9954808024905766
10189546,K00427.03,3,CANDIDATE,0.995,117.033521,13.216369,2.68,0.29,-0.32,0.024911,0.001121,-0.000703,0.828,0.037,-0.035,5313,2.257381461678832,0.1431588502024675,-0.11473167564834508,47,10189546,117.034,0.0018,0.9872832605857773,0.3477438483591846,0.9931328699740187,0.0018,0.9913452308080655
11618569,K04792.01,1,CANDIDATE,0.993,5.75902182,8.499784,0.91,0.28,-0.12,0.007804,0.000419,-0.000651,1.001,0.048,-0.045,6247,0.854938340485779,0.06154403904822576,-0.08101480486900053,5998,11618569,5.759,0.00045,0.9872817201994091,0.12847406645446702,0.9981010110612281,0.00045,0.9976518656062505
5208962,K04912.01,1,CANDIDATE,0.969,0.876850385,7.955936400000001,1.35,0.23,-0.31,0.007055,0.000556,-0.000604,1.172,0.068,-0.063,6091,0.9049156213818271,0.0885583285476004,-0.09147758771176724,5696,5208962,0.877,0.11,0.9872788798742242,0.12633418350288483,0.9981367932822931,0.11,0.8883417460212408
12071754,K04914.01,1,CANDIDATE,1.0,5.47455167,9.887408,1.4,0.23,-0.27,0.009788,0.000308,-0.0025239999999999,1.18,0.054,-0.051,5613,1.26403594387113,0.07020128738700336,-0.33049952754416967,5699,12071754,5.475,8e-05,0.987283149670392,0.11180863876687602,0.9983785384657646,8e-05,0.9982986681826874
12470954,K00439.01,1,CANDIDATE,1.0,1.902208647,343.7984,4.45,0.53,-0.33,0.043475,0.000407,-0.00022,0.973,0.043,-0.041,5400,4.629519168056254,0.2091334688179212,-0.19647903802465883,135,12470954,1.902,2.9e-05,0.9872832607319133,1.1096673139284625e-17,1.0,2.9e-05,0.999971
5374838,K05155.01,1,CANDIDATE,0.953,230.180357,52.774330000000006,7.57,0.89,-0.42,0.055626,0.000867,-0.0004769999999999,1.227,0.093,-0.085,6313,7.469746265636799,0.5780133558495852,-0.5214134607994783,6101,5374838,230.18,0.0067,0.9872832607319133,0.04074092129432184,0.999452947608598,0.0067,0.9927566128596204
7829836,K05433.01,1,CANDIDATE,0.562,237.819002,9.357273,2.55,0.4,-0.18,0.022527,0.0013,-0.001037,0.981,0.049,-0.047,5876,2.4185541869966016,0.18459098767838455,-0.16069273747012916,5796,7829836,237.819,0.0048,0.9872831056805461,0.8493662824629739,0.9273706463750071,0.0048,0.922919267272407
10019643,K00471.01,1,CANDIDATE,1.0,21.34736612,39.393997,3.2,0.54,-0.54,0.0273449999999999,0.001473,-0.003978,0.913,0.041,-0.039,5395,2.7323237736754242,0.19161968983544223,-0.4142649070125241,355,10019643,21.347,0.0021,0.9872832607319133,0.006210978922283996,0.9999194992634113,0.0021,0.9978196683149582
9183378,K04222.01,1,CANDIDATE,0.996,3.38557445,13.11794,1.63,0.42,-0.64,0.010068,0.0006219999999999,-0.00052,1.248,0.056,-0.053,5718,1.3751220558771708,0.10499877355478214,-0.09194954931231353,5439,9183378,3.386,0.016,0.9872832604873402,0.07847756747338777,0.9989030833639361,0.016,0.9829206340301131
5351250,K00408.01,1,CANDIDATE,1.0,7.381980206000001,87.59254,3.42,0.41,-0.27,0.034222,0.000668,-0.000289,0.881,0.042,-0.04,5559,3.299626258085829,0.16997845923297625,-0.15238214358273888,548,5351250,7.382,6.5e-05,0.9872832607319133,2.417766017709005e-05,0.9999996885712068,6.5e-05,0.9999346885914497
10730070,K04335.01,1,CANDIDATE,0.994,7.61758198,11.84842,1.0,0.32,-0.14,0.008523,0.000487,-0.000396,1.036,0.047,-0.044,6202,0.9663527780644348,0.0705044863604873,-0.06083077201072171,5143,10730070,7.618,0.00025,0.987283258050738,0.09498836536032476,0.99864808203975,0.00025,0.9983984200192401
7429240,K04450.01,1,CANDIDATE,1.0,196.436796,11.060613,2.33,0.28,-0.19,0.022558,0.001362,-0.000958,0.819,0.041,-0.039,5466,2.021938536905361,0.15858463084215582,-0.1290106203425098,4844,7429240,196.437,0.00087,0.9872832538135523,0.7086110955105132,0.9686765802514822,0.00087,0.9678338316266634
5791986,K00413.02,2,CANDIDATE,1.0,24.67458244,25.773003,2.33,0.5,-0.22,0.026266,0.00235,-0.002941,0.823,0.063,-0.057,5456,2.3657956601749306,0.27856711873693746,-0.3114777248104833,592,5791986,24.675,0.00036,0.9872832607319133,0.02887159495274353,0.9996170623106698,0.00036,0.9992572001682379
8359569,K04667.01,1,CANDIDATE,0.882,152.823896,8.583475,2.45,0.74,-0.32,0.019703,0.001424,-0.001308,1.01,0.09,-0.081,6452,2.1778962482695694,0.2498780937268059,-0.2267398228979267,4904,8359569,152.824,0.0099,0.9872824012838998,0.6126850408491451,0.9796231650521794,0.0099,0.9699248957181628
8937762,K04668.01,1,CANDIDATE,0.978,15.07277287,10.633059,1.73,0.36,-0.13,0.020577,0.002973,-0.0037,1.132,0.086,-0.078,5521,2.549247136106217,0.41613417422747156,-0.4908896008700349,4905,8937762,15.073,0.59,0.9872832344530588,0.11932715868979066,0.9982547421561698,0.59,0.40928444428402966
6839010,K04674.01,1,CANDIDATE,0.987,4.84350003,7.976379400000001,0.9,0.24,-0.16,0.007775,0.001138,-0.001466,1.197,0.051,-0.048,5762,1.0185397995060408,0.15526798220853805,-0.19634394785657305,4907,6839010,4.844,0.00012,0.9872790944332114,0.1333581222526741,0.9980172959743889,0.00012,0.997897533898872
8278073,K04799.01,1,CANDIDATE,0.994,12.0729757,9.005999000000001,1.69,0.28,-0.43,0.009058,0.000941,-0.00044,1.031,0.046,-0.043,5438,1.022055400295746,0.1155554689616311,-0.06543623987378736,6003,8278073,12.073,0.0063,0.9872826813446991,0.13379003741257983,0.9980104510196212,0.0063,0.9917229851781976
10810859,K04801.01,1,CANDIDATE,0.414,82.401274,8.411982,2.21,0.37,-0.12,0.020272,0.000839,-0.002232,1.035,0.063,-0.059,5893,2.2962565227787564,0.1690206858525555,-0.2847000135165712,6005,10810859,82.401,0.36,0.9872818026407136,0.34053657888762867,0.9933479196684107,0.36,0.6357426685877828
4473613,K04803.01,1,CANDIDATE,0.995,4.36125889,10.114161,1.2,0.17,-0.05,0.012616,0.000559,-0.001228,0.885,0.043,-0.04,5520,1.2219358501132644,0.08035120721762426,-0.13113638749355963,6040,4473613,4.361,0.025,0.9872831882433709,0.10759627882706156,0.9984469966950168,0.025,0.9734858217776413
10019643,K00471.02,2,CANDIDATE,0.998,7.81100952,13.908585999999998,1.36,0.22,-0.23,0.0116,0.002997,-0.001527,0.913,0.041,-0.039,5395,1.1590768248175183,0.3039513800198786,-0.16041065844744157,356,10019643,7.811,0.00061,0.9872832606779751,0.07736869011575367,0.998919882379841,0.00061,0.9983105412515892
9947389,K04460.01,1,CANDIDATE,0.972,284.727213,10.6837435,2.02,0.3,-0.29,0.017149,0.000917,-0.001235,1.085,0.052,-0.049,5503,2.0363479801944377,0.14622390769902305,-0.173099476801815,4852,9947389,284.727,0.32,0.9872832497798367,0.9102519281490541,0.8693615999777008,0.32,0.5911658879848365
4587135,K04680.01,1,CANDIDATE,0.767,54.0812235,10.334499,1.54,0.37,-0.12,0.018566,0.001178,-0.001041,1.003,0.084,-0.077,5757,2.0379932196388113,0.21413160376253537,-0.19374292492456807,4946,4587135,54.081,0.067,0.9872832193826463,0.20877268902725374,0.9966013390684494,0.067,0.9298290493508633
11709124,K00435.01,1,CANDIDATE,1.0,20.5498184,93.74424,4.04,0.54,-0.4,0.038064,0.002459,-0.001866,1.071,0.05,-0.048,5688,4.461566300780267,0.35560960909074046,-0.29634580389148,91,11709124,20.55,2.5e-05,0.9872832607319133,1.5173338633595464e-05,0.999999804556274,2.5e-05,0.9999748045611601
4270799,K04810.01,1,CANDIDATE,0.854,115.238544,10.220816,3.17,0.47,-0.35,0.02801,0.00088,-0.008783,0.849,0.046,-0.043,5589,2.6025809987729676,0.16300289021327927,-0.8266593884186583,6046,4270799,115.239,0.07,0.9872832177464537,0.41868286937920374,0.9907230001208468,0.07,0.9213723901123875
7269974,K00456.01,1,CANDIDATE,1.0,13.69942266,99.55829,3.85,0.57,-0.51,0.032372,0.000428,-0.000181,1.066,0.049,-0.047,5539,3.776680031839919,0.18063813747915702,-0.16784762415647347,191,7269974,13.699,1.5e-05,0.9872832607319133,7.138366265582568e-06,0.9999999080533478,1.5e-05,0.9999849080547271
3356193,K06331.01,1,CANDIDATE,0.452,5.8229815,7.7581415,1.36,0.33,-0.11,0.015533,0.001617,-0.0014199999999999,0.913,0.087,-0.078,5704,1.5520638206802164,0.21904035992002982,-0.1942005623386507,6356,3356193,5.823,0.039,0.987276977241368,0.13805058504500298,0.9979360091547337,0.039,0.9590165047976991
5456979,K06579.01,1,CANDIDATE,0.997,2.6528082000000004,8.3019705,1.17,0.35,-0.13,0.0114939999999999,0.000498,-0.001242,1.122,0.105,-0.094,5778,1.4113915252328093,0.1455512299539002,-0.1929795783593956,6422,5456979,2.653,0.013,0.9872809990416246,0.1253040836424179,0.9981544732386651,0.013,0.9851784650865625
11509504,K04232.01,1,CANDIDATE,0.998,2.61576515,13.108171,1.06,0.31,-0.13,0.010133,0.000508,-0.0004759999999999,1.202,0.105,-0.095,6088,1.332987159608608,0.13425591892627048,-0.12255651112344115,5447,11509504,2.616,5.4e-06,0.9872832604822137,0.07765486189471094,0.9989155508546695,5.4e-06,0.9989101567106948
3217264,K00401.01,1,CANDIDATE,1.0,29.19899219,150.68636,4.15,0.49,-0.32,0.0404589999999999,0.000799,-0.0004509999999999,0.989,0.043,-0.041,5376,4.379201124889871,0.20912040208559138,-0.18799267410183715,514,3217264,29.199,9.5e-05,0.9872832607319133,3.225328456844203e-08,0.9999999995845603,9.5e-05,0.9999049995845998
11611275,K04234.01,1,CANDIDATE,0.999,6.94245216,13.314711,1.34,0.42,-0.14,0.011886,0.000361,-0.000801,1.128,0.098,-0.089,6108,1.467331636294991,0.1350462245612809,-0.15225474488918814,5448,11611275,6.942,0.00059,0.987283260565212,0.0811256050616749,0.9988628027566212,0.00059,0.9982734737029948
5351250,K00408.02,2,CANDIDATE,1.0,12.56096618,44.640903,2.74,0.33,-0.21,0.027423,0.000868,-0.0004799999999999,0.881,0.042,-0.04,5559,2.6440783962213694,0.15130483230528827,-0.12866104029397707,549,5351250,12.561,3.2e-05,0.9872832607319133,0.0030243266109101917,0.9999609268771624,3.2e-05,0.9999289281275023
9509343,K04346.01,1,CANDIDATE,0.95,6.39269778,9.810187,1.21,0.1,-0.12,0.011795,0.000786,-0.00079,1.069,0.051,-0.049,5246,1.379936512632142,0.11309372076727583,-0.11199646398371871,5186,9509343,6.393,0.004,0.9872831325019841,0.11415831298728041,0.9983400696820995,0.004,0.9943467094033711
7272132,K04466.01,1,CANDIDATE,0.985,154.67436899999998,11.227899,2.29,0.71,-0.26,0.020904,0.005588,-0.002031,1.201,0.102,-0.092,6338,2.7476148805688396,0.7706630727166675,-0.3399473217015912,4889,7272132,154.674,0.013,0.9872832550475896,0.5494943310379914,0.984289241749336,0.013,0.9714934816065945
4060229,K04570.01,1,CANDIDATE,0.996,35.0175053,11.686475,2.13,0.33,-0.36,0.017393,0.003939,-0.001947,1.227,0.064,-0.06,5944,2.335621773958595,0.5427971391753387,-0.2853103698219327,5249,4060229,35.018,0.0049,0.9872832573646639,0.14293074428219527,0.9978519526598312,0.0049,0.9929624780917979
9115800,K00421.01,1,CANDIDATE,1.0,4.454194254,1030.3761,11.76,3.12,-1.77,0.117743,0.000558,-0.00074,0.889,0.068,-0.062,5359,11.455665229974201,0.877929075261813,-0.8021703189500837,6,9115800,4.454,0.00038,0.9872832607319133,1.267790603144824e-50,1.0,0.00038,0.99962
9773980,K04691.01,1,CANDIDATE,0.965,3.3879165,9.56524,1.09,0.18,-0.18,0.008048,0.000505,-0.000596,1.15,0.057,-0.054,5706,1.0129062798892523,0.08099505513990417,-0.08881955986269024,4987,9773980,3.388,0.011,0.9872830549388012,0.1119758713014106,0.9983757951756385,0.011,0.9873936614287064
7287677,K04815.01,1,CANDIDATE,0.848,18.3721835,8.597889,1.12,0.32,-0.08,0.012401,0.005157,-0.001285,0.799,0.062,-0.057,5937,1.0843935917914675,0.45873242645731227,-0.13642051600609367,6089,7287677,18.372,0.12,0.987282027425689,0.15181047422171418,0.9976943919235852,0.12,0.877971064892755
11709124,K00435.03,5,CANDIDATE,0.884,33.0405509,21.18267,2.36,0.32,-0.23,0.022276,0.000348,-0.0009279999999999,1.071,0.05,-0.048,5688,2.6110196226403217,0.12853999482888373,-0.15976654486754518,92,11709124,33.041,0.01,0.9872832607319133,0.05353862827736157,0.9992713846111938,0.01,0.9892786707650818
8037038,K05466.01,1,CANDIDATE,1.0,4.09513876,9.745558,1.75,0.56,-0.18,0.0166009999999999,5.9e-05,-0.004803,1.047,0.092,-0.083,5858,1.9022359580134542,0.16728633658244174,-0.5706403569711287,5845,8037038,4.095,0.011,0.9872831148225498,0.11114069897331895,0.9983894317140485,0.011,0.9874071479651939
3559935,K00492.01,1,CANDIDATE,1.0,29.9111886,32.622295,2.9,0.29,-0.35,0.027392,0.000913,-0.00042,0.885,0.041,-0.039,5268,2.653080755096904,0.15141639123343062,-0.12379031063984468,1022,3559935,29.911,9.7e-05,0.9872832607319133,0.014957386805083262,0.9998044153804398,9.7e-05,0.9997074343521479
5466109,K06582.01,1,CANDIDATE,0.786,2.43135542,8.208845,1.07,0.33,-0.11,0.010274,0.000571,-0.001035,1.17,0.102,-0.093,6231,1.315554603888749,0.13601260995107198,-0.16881546669975622,6458,5466109,2.431,0.22,0.9872805606102049,0.12603887640552333,0.9981420253131565,0.22,0.7785507797442621
9285568,K04241.01,1,CANDIDATE,0.992,2.55315031,12.37913,1.25,0.34,-0.12,0.012589,0.000553,-0.000681,0.966,0.082,-0.074,5970,1.3309195840359929,0.12720734877919557,-0.1248123730177806,5486,9285568,2.553,4.9e-05,0.9872832597371177,0.08354567631323044,0.9988257861941132,4.9e-05,0.9987768437305897
9514372,K04242.01,1,CANDIDATE,0.996,145.78655600000002,12.051897,1.82,0.24,-0.15,0.0175759999999999,0.001032,-0.000899,0.871,0.039,-0.037,5578,1.675412126730421,0.1237144121995799,-0.11139655000263488,5487,9514372,145.787,0.094,0.9872832595089481,0.49115135343547434,0.9875674344678254,0.094,0.8947360956278498
3217264,K00401.02,2,CANDIDATE,1.0,160.0191598,46.990246,4.28,0.5,-0.33,0.041725,0.002575,-0.005273,0.989,0.043,-0.041,5376,4.516230429225396,0.3409358470369916,-0.6006630755588921,515,3217264,160.019,0.052,0.9872832607319133,0.025080741031776606,0.9996686357073918,0.052,0.9476858666506074
7191646,K04358.01,1,CANDIDATE,0.948,106.957467,9.884124,2.4,0.75,-0.24,0.022719,0.014227,-0.001653,1.143,0.108,-0.096,6075,2.8419661286968285,1.7998295677201803,-0.31580412196999463,5194,7191646,106.957,0.025,0.9872831773791554,0.39527250727165764,0.9915807429011494,0.025,0.9667912243286206
5351250,K00408.03,3,CANDIDATE,1.0,30.8261043,25.828817,3.18,0.38,-0.24,0.031848,0.000424,-0.006506,0.881,0.042,-0.04,5559,3.0707292696954442,0.15199230971610742,-0.6426039957153843,550,5351250,30.826,0.022,0.9872832607319133,0.031622089407933866,0.9995793899152784,0.022,0.9775886433371422
10669994,K04360.01,1,CANDIDATE,0.995,2.71603664,10.225331,1.05,0.14,-0.06,0.009258,0.000357,-0.000629,0.949,0.048,-0.045,6004,0.9615388685187516,0.06115614880091502,-0.07966574730668934,5196,10669994,2.716,0.002,0.9872832017383105,0.10390740294168635,0.9985064160613537,0.002,0.996509403229231
10554999,K00534.02,2,CANDIDATE,1.0,2.735900074,37.10211,1.56,0.24,-0.13,0.018704,0.000558,-0.000407,0.83,0.037,-0.035,5299,1.6990104178202867,0.09113485045053349,-0.08062152569210433,1294,10554999,2.736,0.0013,0.9872832607319133,0.005914140390848481,0.999923369488081,0.0013,0.9986234691077466
10019854,K07272.01,1,CANDIDATE,0.763,14.1011023,7.904747500000001,1.26,0.39,-0.14,0.0096,0.000906,-0.000772,1.176,0.104,-0.094,6534,1.235554794865341,0.15980006765796376,-0.14009230339024825,7415,10019854,14.101,0.006,0.9872786144084448,0.15273537473100945,0.9976771816555213,0.006,0.9916911185655882
11823054,K00543.02,2,CANDIDATE,1.0,3.137845914,25.52837,1.5,0.07,-0.11,0.016057,0.000179,-0.0009199999999999,0.796,0.036,-0.034,5044,1.3988170935690913,0.06515659431047162,-0.09996666822139541,647,11823054,3.138,8.6e-05,0.9872832607319133,0.02106838601490168,0.9997227874382342,8.6e-05,0.9996368112785144
2577353,K07635.01,1,CANDIDATE,0.872,60.458443,8.224685000000001,1.59,0.46,-0.31,0.012311,0.001614,-0.000484,1.106,0.086,-0.078,5865,1.4901566112194817,0.22714045138698158,-0.12031865794426928,7170,2577353,60.458,0.11,0.9872810449557944,0.26971303601016566,0.9952420593251765,0.11,0.8857654327994071
2834805,K07638.01,1,CANDIDATE,0.76,25.0032023,8.428181,1.47,0.33,-0.38,0.007962,0.000384,-0.000592,1.016,0.076,-0.068,6148,0.885318086836144,0.07879607573495294,-0.08856678944301583,7173,2834805,25.003,0.86,0.9872815916623112,0.1688159809692204,0.9973835761634059,0.86,0.13963370066287684
7119481,K00566.01,1,CANDIDATE,0.993,25.85499978,26.649704,2.4,0.75,-0.25,0.022792,0.000584,-0.000608,1.053,0.082,-0.075,6122,2.626601954316637,0.2153285620330295,-0.19977066918086797,776,7119481,25.855,0.0002,0.9872832607319133,0.026770919167800947,0.9996456909882747,0.0002,0.999445761850077
7834712,K07850.01,1,CANDIDATE,0.966,66.119119,10.450334,3.0,0.85,-0.34,0.026737,0.001826,-0.001966,1.157,0.125,-0.11,5828,3.385552015369368,0.43272077016167754,-0.4069115370060607,7231,7834712,66.119,0.19,0.9872832286698049,0.24053725241904678,0.9959204621005382,0.19,0.806695574301436
9640649,K07951.01,1,CANDIDATE,0.971,0.862329309,8.789984,1.09,0.31,-0.11,0.011096,0.001276,-0.000684,0.805,0.07,-0.063,5806,0.9775653152529575,0.14093768893514547,-0.09738791112401887,7651,9640649,0.862,0.08,0.9872823593951869,0.11648766053005807,0.9983016293561406,0.08,0.9184374990076495
9650579,K07953.01,1,CANDIDATE,0.335,432.96905,7.316128,1.43,0.33,-0.12,0.014757,0.002398,-0.000741,1.001,0.079,-0.072,5580,1.6166485251856277,0.29204795388595556,-0.14181462475483095,7653,9650579,432.969,0.23,0.9872790329618047,0.9882881011385397,0.0,0.23,0.0
8822216,K00581.01,1,CANDIDATE,1.0,6.996926239,93.73316,3.21,0.77,-0.31,0.032904,0.000624,-0.0002569999999999,0.866,0.069,-0.062,5713,3.118530846463629,0.2554153979513109,-0.2245913762961191,872,8822216,6.997,0.00012,0.9872832607319133,1.2187398807263989e-05,0.999999843017837,0.00012,0.9998798430366748
9570741,K00586.01,1,CANDIDATE,1.0,15.77980122,33.72235,2.11,0.62,-0.2,0.02126,0.000686,-0.000341,0.943,0.072,-0.066,5941,2.194110059463881,0.1818705282768183,-0.1575453742171313,915,9570741,15.78,0.00014,0.9872832607319133,0.010573002116026879,0.9998623587665074,0.00014,0.9997223780362801
8439949,K08156.01,1,CANDIDATE,0.266,364.98242,7.17334,3.12,1.03,-0.35,0.025568,0.00286,-0.005084,1.029,0.079,-0.071,6429,2.8793574865341047,0.3906442556669334,-0.6060286743657699,7724,8439949,364.982,0.14,0.9872765156811412,0.977382550468056,0.4430859128014393,0.14,0.38105388500923776
10973664,K00601.02,2,CANDIDATE,1.0,11.67894236,42.963585,4.17,1.31,-0.44,0.039589,0.000357,-0.0079069999999999,0.902,0.044,-0.041,6122,3.908089715674553,0.19386859347877353,-0.8005106156391174,991,10973664,11.679,0.22,0.9872832607319133,0.0035865420320549627,0.9999536371277256,0.22,0.779963836959626
6422155,K00510.02,2,CANDIDATE,1.0,6.38899658,32.128864,2.89,0.42,-0.3,0.025119,0.000346,-0.003481,1.063,0.053,-0.05,5527,2.92226143073559,0.15115872669374317,-0.4276594127455262,1154,6422155,6.389,4.6e-06,0.9872832607319133,0.010821150740759232,0.9998590929837795,4.6e-06,0.9998544936319518
8015907,K00517.01,1,CANDIDATE,1.0,2.752359689,127.52513,2.54,0.29,-0.13,0.025966,0.002345,-0.0005269999999999,0.901,0.039,-0.037,5462,2.560432312830355,0.25642165620540025,-0.11728602939796924,1164,8015907,2.752,1.3e-05,0.9872832607319133,2.714628704121722e-07,0.9999999965034113,1.3e-05,0.9999869965034567
9941859,K00528.02,2,CANDIDATE,1.0,96.6781852,37.79153,3.29,0.59,-0.53,0.028035,0.000534,-0.000841,0.897,0.04,-0.038,5387,2.7521776210514726,0.13345522677630012,-0.14286303268791972,1252,9941859,96.678,0.017,0.9872832607319133,0.024762828718265736,0.9996729425841747,0.017,0.9826785025602437
10053138,K07279.01,1,CANDIDATE,0.769,11.772814599999998,7.914059,0.93,0.17,-0.15,0.008052,0.00045,-0.000695,0.956,0.041,-0.039,5401,0.8424519000755096,0.05934728074762249,-0.0804280401000055,7422,10053138,11.773,0.00027,0.9872786648933359,0.14777616511422942,0.9977656888293784,0.00027,0.9974962920933945
3110177,K07644.01,1,CANDIDATE,0.988,3.39904814,7.6781254,0.81,0.2,-0.12,0.007945,0.000685,-0.000757,0.89,0.069,-0.063,5766,0.7738688467467908,0.08972909872949478,-0.09185604465570588,7213,3110177,3.399,0.06,0.9872758966023938,0.13445681103010876,0.997997914045928,0.06,0.9381180392031723
5877292,K07744.01,1,CANDIDATE,0.592,11.720169300000002,7.305217,1.34,0.46,-0.15,0.011486,0.001544,-0.0007019999999999,1.087,0.092,-0.084,6193,1.366412453970551,0.2170545526710263,-0.1346253751694851,7578,5877292,11.72,0.34,0.9872686826301148,0.15633178634682524,0.9976104639481634,0.34,0.6584229062057878
5881307,K07746.01,1,CANDIDATE,0.708,393.95608,7.4358673,2.27,0.69,-0.24,0.021034,0.0003799999999999,-0.002337,1.02,0.101,-0.09,6217,2.3480400320916184,0.23634002914017221,-0.33314023328196696,6913,5881307,393.956,0.057,0.98727948949938,0.9832237563038018,0.24486941093949954,0.057,0.23091185451594806
5888187,K07749.01,1,CANDIDATE,0.656,133.6348207,8.24968,1.89,0.12,-0.19,0.018879,0.000914,-0.001786,0.812,0.035,-0.033,5202,1.6777160967153284,0.10875149469873907,-0.1727417804145354,6916,5888187,133.635,0.99,0.9872815502418355,0.546326092182617,0.9844868033509967,0.99,0.009844868033509976
11714107,K08063.01,1,CANDIDATE,0.471,405.35457,8.28041,2.11,0.56,-0.24,0.021319,0.001292,-0.001702,0.903,0.074,-0.067,5650,2.106871437657312,0.21473969417656827,-0.2296279386130566,7905,11714107,405.355,0.023,0.9872825247818172,0.9841534627339903,0.20000384682544103,0.023,0.19540375834845589
8608544,K08159.02,2,CANDIDATE,0.573,353.01861,8.201264,2.25,0.76,-0.25,0.017844,0.000906,-0.000679,1.114,0.084,-0.076,6450,2.1755088835892273,0.19776429559017233,-0.16994444376545884,7728,8608544,353.019,0.0023,0.9872822660465947,0.9715524290729503,0.5600640499215523,0.0023,0.5587759026067328
9941859,K00528.03,3,CANDIDATE,1.0,20.55280311,33.833244,2.99,0.53,-0.48,0.025416,0.004202,-0.001099,0.897,0.04,-0.038,5387,2.4950721033224266,0.4272492979597533,-0.15103740223847992,1253,9941859,20.553,0.074,0.9872832607319133,0.011278912324138229,0.9998530642692824,0.074,0.9258639375133556
4165473,K00550.01,1,CANDIDATE,1.0,13.02363236,43.55852,2.3,0.3,-0.19,0.022266,0.00073,-0.000342,0.95,0.043,-0.04,5627,2.314990779952177,0.12938368839391867,-0.10375640020182055,691,4165473,13.024,4.2e-05,0.9872832607319133,0.003433033199228566,0.9999556283571022,4.2e-05,0.9999136302207112
7119481,K00566.02,3,CANDIDATE,0.7,14.1573717,8.303003,1.1,0.35,-0.11,0.010471,0.000766,-0.000704,1.053,0.082,-0.075,6122,1.2067018718694937,0.12892938631937764,-0.11819106695091856,777,7119481,14.157,0.0011,0.9872810772660815,0.14724587660903016,0.9977755183391086,0.0011,0.9966779652689356
8822216,K00581.02,2,CANDIDATE,0.962,151.863949,13.330562,2.41,0.58,-0.23,0.024748,0.001094,-0.000589,0.866,0.069,-0.062,5713,2.345532500251699,0.21372044801331352,-0.1769605865311459,873,8822216,151.864,0.0056,0.9872832606254912,0.4805902461271611,0.9880821243853573,0.0056,0.9825488644887992
9607164,K00587.01,1,CANDIDATE,1.0,14.03490255,51.662617,2.41,0.32,-0.28,0.028141,0.003258,-0.0015949999999999,0.755,0.057,-0.051,5258,2.3252515013056883,0.32138475966935176,-0.20503724069541596,916,9607164,14.035,0.00022,0.9872832607319133,0.0014277376439701327,0.9999815836777636,0.00022,0.9997615877293544
10973664,K00601.03,3,CANDIDATE,1.0,1.208462378,29.04227,1.64,0.51,-0.17,0.015571,0.00357,-0.00173,0.902,0.044,-0.041,6122,1.5371154856846214,0.3603064060612273,-0.18451923199427386,992,10973664,1.208,6.4e-05,0.9872832607319133,0.013947120976199082,0.9998178125925393,6.4e-05,0.9997538242525335
6422155,K00510.03,3,CANDIDATE,0.932,14.62709685,15.998437,2.7,0.39,-0.28,0.023474,0.00011,-0.005345,1.063,0.053,-0.05,5527,2.7308875681789573,0.1367590713592185,-0.6349484609062742,1155,6422155,14.627,0.0024,0.9872832607309071,0.06921748201928586,0.9990421410264662,0.0024,0.9966444398880027
10965008,K00536.01,1,CANDIDATE,0.921,81.1701587,45.641262,4.71,0.81,-0.89,0.037029,0.001307,-0.005428,0.943,0.043,-0.041,5460,3.821528757849861,0.220364630901664,-0.5843109357593658,1296,10965008,81.17,0.078,0.9872832607319133,0.00821871885181446,0.9998932612259452,0.078,0.9219015868503215
11068630,K07404.01,1,CANDIDATE,0.91,1.817079849,8.821142,1.39,0.45,-0.14,0.013225,0.000788,-0.0012699999999999,1.117,0.107,-0.095,5808,1.6167106881607098,0.18238354228204448,-0.20738800956151224,7164,11068630,1.817,0.22,0.9872824134345358,0.11773563587549134,0.998281013375703,0.22,0.7786591904330483
5978361,K00558.01,1,CANDIDATE,1.0,9.17858526,44.101025,2.3,0.52,-0.2,0.026756,0.003371,-0.001074,0.895,0.07,-0.064,5506,2.620762574565819,0.3886401922411815,-0.21491388448333104,734,5978361,9.179,0.028,0.9872832607319133,0.0030384741124242992,0.9999607435398831,0.028,0.9719618427207664
7119481,K00566.03,2,CANDIDATE,0.964,42.068554,8.380554,1.32,0.41,-0.14,0.01251,0.000598,-0.000985,1.053,0.082,-0.075,6122,1.4416808726088597,0.13173186871297224,-0.15306637239350834,778,7119481,42.069,0.0021,0.9872815218416943,0.21220124160390233,0.9965300216238921,0.0021,0.994437308578482
6106046,K07762.01,1,CANDIDATE,0.977,8.507351199999999,7.893211999999999,1.38,0.43,-0.14,0.0132699999999999,0.001165,-0.000897,0.774,0.064,-0.058,5914,1.1240751299395837,0.13556473447436332,-0.11343998060758317,6958,6106046,8.507,0.0095,0.9872784342994918,0.14149979079420094,0.9978761868423934,0.0095,0.9883963630673908
8182107,K07870.01,1,CANDIDATE,0.982,92.552007,7.5794725,2.1,0.6,-0.4,0.015755,0.000838,-0.002945,0.879,0.067,-0.061,5808,1.5156214331896554,0.1408717887710669,-0.30220147883714965,7861,8182107,92.552,0.94,0.9872763984275307,0.4001693962981051,0.9914022154452586,0.94,0.059484132926715574
9873004,K07970.01,1,CANDIDATE,0.959,1.98514635,8.30868,1.28,0.28,-0.11,0.0138729999999999,0.000826,-0.001071,0.721,0.066,-0.06,5581,1.0946848474232238,0.11953893588276596,-0.1242603932417176,7693,9873004,1.985,0.0013,0.9872810233152188,0.12403956629452165,0.9981757383396185,0.0013,0.996878109879777
12156930,K08076.01,1,CANDIDATE,0.753,71.10684,7.604835,1.42,0.45,-0.24,0.010631,0.0003799999999999,-0.000956,0.956,0.072,-0.065,6339,1.1122834264409764,0.09272628932158916,-0.12539480784694101,7940,12156930,71.107,0.0019,0.9872763024955482,0.31972389789344535,0.9939429032994105,0.0019,0.9920544117831416
8873873,K08174.01,1,CANDIDATE,0.665,295.06066,7.372084,0.64,0.07,-0.07,0.007668,0.000543,-0.000546,1.055,0.078,-0.071,5332,0.8853561726025673,0.09063891806606049,-0.08674345390901059,7755,8873873,295.061,0.018,0.9872775970699058,0.943098859885251,0.7864172789295517,0.018,0.7722617679088197
10600261,K00597.01,1,CANDIDATE,1.0,17.30795548,36.02527,3.56,0.57,-0.78,0.022671,0.000677,-0.00035,1.008,0.054,-0.051,5566,2.5010056030707277,0.15339206478863068,-0.13229863188116622,960,10600261,17.308,0.00072,0.9872832607319133,0.008421385098143497,0.9998906067893378,0.00072,0.9991706855524495
8329346,K08275.01,1,CANDIDATE,0.229,389.875816,7.391050999999999,3.76,0.63,-0.29,0.043549,0.001432,-0.005272,0.866,0.079,-0.071,5289,4.12742827111125,0.4002345798476096,-0.6034664038210182,8044,8329346,389.876,0.74,0.9872791063952757,0.982555014137859,0.2742886281519483,0.74,0.07131504331950657
5780715,K00506.01,1,CANDIDATE,0.9,1.583160478,73.8492,3.27,1.05,-0.36,0.029555,0.000722,-0.00399,1.077,0.091,-0.082,6063,3.483614765212056,0.306399863013919,-0.5399332247883538,1111,5780715,1.583,0.019,0.9872832607319133,0.00010050828120423367,0.9999987052691628,0.019,0.9809987298690487
6422155,K00510.04,4,CANDIDATE,0.998,35.1184432,14.461804999999998,3.26,0.47,-0.34,0.0283089999999999,0.00187,-0.007178,1.063,0.053,-0.05,5527,3.2933754863925127,0.2725633969198575,-0.8493115774624792,1156,6422155,35.118,0.091,0.987283260714449,0.10948322776196405,0.9984164219142425,0.091,0.9075605275200465
6551106,K06731.01,1,CANDIDATE,0.998,3.84615171,8.272861,1.14,0.34,-0.12,0.010763,0.000723,-0.000968,1.165,0.109,-0.097,6106,1.3722799602787563,0.15805850856357004,-0.1681887200595503,6251,6551106,3.846,0.1,0.987280878949089,0.1278022673853235,0.9981122695545679,0.1,0.8983010425991111
8098960,K06966.01,1,CANDIDATE,0.98,8.47484677,7.9195485,1.35,0.28,-0.11,0.015752,0.0035259999999999,-0.002747,0.849,0.071,-0.064,5564,1.4636149908129874,0.3497397048868654,-0.27806617281168866,6346,8098960,8.475,0.025,0.9872786689248086,0.14108287730714425,0.997883511810802,0.025,0.9729364240155319
8265218,K00522.01,1,CANDIDATE,1.0,12.82993461,62.248104000000005,3.31,0.82,-0.28,0.035889,0.002933,-0.00129,0.964,0.075,-0.068,5862,3.786359507488044,0.4272351773231281,-0.2997637738182207,1244,8265218,12.83,0.023,0.9872832607319133,0.0004349126274615101,0.9999943956541016,0.023,0.9769945245540573
4270253,K00551.01,1,CANDIDATE,1.0,11.6370303,30.17394,2.9,0.45,-0.49,0.022173,0.000732,-0.0004269999999999,1.062,0.056,-0.053,5579,2.577106874244903,0.1603282114864013,-0.1378559477095554,692,4270253,11.637,0.0013,0.9872832607319133,0.01457206397969367,0.9998095284163262,0.0013,0.998509776029385
11137061,K07411.01,1,CANDIDATE,0.67,1.88912273,8.133816,0.59,0.1,-0.05,0.0072209999999999,0.000442,-0.000322,0.935,0.071,-0.064,5413,0.7389114758211577,0.07206928340608786,-0.06036392833680481,7205,11137061,1.889,0.41,0.987280143014126,0.12598134188897123,0.9981429339424209,0.41,0.5889043310260285
6231721,K07773.01,1,CANDIDATE,0.95,2.69339974,7.3883557,1.04,0.19,-0.11,0.011019,0.001206,-0.000678,0.92,0.078,-0.071,5355,1.109464641958218,0.1535989836501511,-0.10950457685985264,6967,6231721,2.693,0.2,0.9872704793142916,0.13686491944017332,0.9979554898170856,0.2,0.7983643918536685
6277410,K07774.01,1,CANDIDATE,0.851,6.32589574,8.370732,1.14,0.31,-0.1,0.012726,0.000826,-0.0013289999999999,0.885,0.073,-0.066,5749,1.232590014944626,0.12937364979286567,-0.15817370062522748,7001,6277410,6.326,0.28,0.9872812964174997,0.13112393130754577,0.998055866596408,0.28,0.7186002239494137
8367113,K00575.01,1,CANDIDATE,1.0,24.31574009,36.69011,2.8,0.92,-0.3,0.024496,0.0040939999999999,-0.001167,1.234,0.102,-0.092,6242,3.3082154739491565,0.6168252761511525,-0.2926967561491875,864,8367113,24.316,0.0033,0.9872832607319133,0.008765976238577933,0.9998860909888285,0.0033,0.9965864668885654
8222395,K07873.01,1,CANDIDATE,0.965,1.93188768,7.295529400000001,0.57,0.16,-0.06,0.0056799999999999,0.000474,-0.0008179999999999,0.969,0.072,-0.065,5896,0.6023592285426524,0.06730543291809199,-0.0956968751733742,7864,8222395,1.932,0.14,0.9872679864890351,0.13661479699464288,0.9979594127161098,0.14,0.8582450949358544
8242769,K07875.01,2,CANDIDATE,0.826,21.9711574,7.432082,1.32,0.39,-0.17,0.012115,0.0009019999999999,-0.001149,1.063,0.095,-0.086,5763,1.4094190546344072,0.1639428671253606,-0.17569836084195664,7866,8242769,21.971,0.0086,0.9872721334826484,0.1775095883187941,0.9972176631600694,0.0086,0.9886415912568928
9906688,K07976.01,1,CANDIDATE,0.975,5.82561701,8.317393,1.21,0.36,-0.15,0.011488,0.0004969999999999,-0.00115,0.962,0.081,-0.073,5999,1.20949187314372,0.11449498094657104,-0.15193076041794987,7699,9906688,5.826,0.029,0.9872810842553307,0.1308693650969165,0.9980601765213926,0.029,0.9691164314022721
8115647,K06970.01,1,CANDIDATE,0.987,40.7698541,8.182845,1.87,0.31,-0.25,0.014137,0.001838,-0.000683,1.003,0.05,-0.047,5880,1.5518210786401962,0.21607993680929677,-0.10444511396669705,6350,8115647,40.77,0.16,0.9872807216297689,0.21232446355806328,0.9965272422144738,0.16,0.8370828834601579
8760760,K07088.01,1,CANDIDATE,1.0,2.68814059,7.9685,0.92,0.17,-0.07,0.011448,0.000709,-0.001308,0.994,0.085,-0.077,5636,1.2453730427888243,0.13149208551359232,-0.1719118892493864,7490,8760760,2.688,0.59,0.9872790053126571,0.12946128357880363,0.9980838346286877,0.59,0.40921437219776197
11073351,K00537.01,1,CANDIDATE,1.0,2.820190603,49.710533,2.53,0.4,-0.27,0.020656,0.002557,-0.000904,1.192,0.06,-0.056,5829,2.694672163100931,0.360094909806313,-0.17301476890819253,1297,11073351,2.82,3e-05,0.9872832607319133,0.001476207786170167,0.999980957539317,3e-05,0.9999509581105909
6501635,K00560.01,1,CANDIDATE,1.0,23.67513153,33.20943,2.76,0.43,-0.23,0.032391,0.005035,-0.003773,0.817,0.062,-0.056,5309,2.896208796548578,0.5009843702221219,-0.3914329629759142,735,6501635,23.675,1.8e-05,0.9872832607319133,0.012695101729642189,0.9998343776711542,1.8e-05,0.9998163806523562
3762750,K07668.01,1,CANDIDATE,0.77,2.5093344,7.6808605,1.47,0.45,-0.19,0.01249,0.001979,-0.004214,1.149,0.117,-0.104,6278,1.5706011919519254,0.29581659746718847,-0.5486428178434706,7302,3762750,2.509,0.0088,0.9872759158296133,0.1327489170359715,0.9980272405766324,0.0088,0.989244600859558
7445445,K00567.01,1,CANDIDATE,1.0,10.68758211,65.98891,2.64,0.69,-0.29,0.028544,0.000682,-0.00263,0.832,0.037,-0.035,5788,2.5990917734709282,0.1312105339461284,-0.26325544675066814,779,7445445,10.688,0.00036,0.9872832607319133,0.00027781754389463503,0.9999964205662205,0.00036,0.9996364218548166
10011213,K07982.01,1,CANDIDATE,0.189,376.37989,7.3452225,3.26,1.0,-0.33,0.0313079999999999,0.00134,-0.002372,0.982,0.092,-0.082,6231,3.364730373647107,0.3465675734147351,-0.3793776457251135,7716,10011213,376.38,0.024,0.9872785491283047,0.979878941901827,0.37249303082957685,0.024,0.363553198089667
9782691,K00590.01,1,CANDIDATE,1.0,11.38840217,28.622696,3.04,0.49,-0.59,0.01914,0.000588,-0.000455,1.035,0.051,-0.048,5877,2.168032253649635,0.12589234000076804,-0.11298602639337689,951,9782691,11.388,0.0059,0.9872832607319133,0.01718209595940508,0.9997748162360561,0.0059,0.9938761448202634
10600261,K00597.02,2,CANDIDATE,1.0,2.09227115,24.470907,2.06,0.33,-0.45,0.013112,0.000433,-0.000376,1.008,0.054,-0.051,5566,1.4464816491316386,0.09102989205494143,-0.08412248240922479,961,10600261,2.092,1.8e-05,0.9872832607319133,0.023229882943215895,0.9996936706211915,1.8e-05,0.9996756761351204
5812960,K00507.01,1,CANDIDATE,1.0,18.49234792,60.3851,3.34,0.52,-0.42,0.036503,0.00116,-0.0004509999999999,0.749,0.057,-0.052,5289,2.992222138167002,0.24676832858390887,-0.21100164109598762,1112,5812960,18.492,0.0023,0.9872832607319133,0.0005858106199032133,0.999992450021363,0.0023,0.9976924673863139
6451936,K00511.01,1,CANDIDATE,1.0,8.00579096,62.001522,2.36,0.55,-0.42,0.023088,0.000498,-0.000318,1.102,0.053,-0.05,6032,2.784526554744526,0.14677171720678026,-0.1320326431882023,1157,6451936,8.006,0.0001,0.9872832607319133,0.0004132220443775015,0.999994675277583,0.0001,0.9998946758100553
10266615,K00530.01,1,CANDIDATE,1.0,10.94026745,24.899769,2.08,0.52,-0.18,0.022096,0.004553,-0.000987,0.808,0.061,-0.056,5749,1.9539276456078534,0.42878953606659787,-0.16111013260225684,1288,10266615,10.94,0.0018,0.9872832607319133,0.025521845143605656,0.9996626552508076,0.0018,0.997863262471356
11090765,K00538.01,1,CANDIDATE,1.0,21.21712312,43.6958,2.97,0.99,-0.33,0.027013,0.0004509999999999,-0.003434,1.024,0.079,-0.071,6191,3.027305367228794,0.238958286113024,-0.4383636207345333,1298,11090765,21.217,0.00069,0.9872832607319133,0.0038615160927779686,0.9999500687861722,0.00069,0.9992601032387097
4270253,K00551.02,2,CANDIDATE,1.0,5.68798675,28.342422,2.76,0.43,-0.47,0.021092,0.003692,-0.001298,1.062,0.056,-0.053,5579,2.451465214069972,0.44815883726827715,-0.19423518247748503,693,4270253,5.688,0.0023,0.9872832607319133,0.01617064311683131,0.9997882899336479,0.0023,0.9974887768668005
3934657,K07676.01,1,CANDIDATE,0.904,5.3694084,7.346263400000001,0.62,0.19,-0.05,0.006556,0.000139,-0.001066,0.912,0.068,-0.062,5753,0.6543607460357412,0.05072425242733577,-0.11532371911896266,7310,3934657,5.369,0.1,0.9872695242286001,0.14264892597606393,0.9978545484399471,0.1,0.8980690935959524
4048898,K07678.01,1,CANDIDATE,0.967,13.0914878,7.643167500000001,0.79,0.12,-0.14,0.005595,0.000489,-0.000505,1.185,0.05,-0.048,5919,0.725607723618802,0.07042137066457159,-0.07178559606241604,7345,4048898,13.091,0.035,0.9872756093430363,0.1543580285037809,0.9976474369088383,0.035,0.962729776617029
4054784,K07679.01,1,CANDIDATE,1.0,1.8679943,7.4732122,0.7,0.14,-0.07,0.007812,0.001253,-0.000268,0.855,0.064,-0.058,5487,0.7309906213818274,0.1293861904690623,-0.055568139930041345,7346,4054784,1.868,0.91,0.9872723525797802,0.13419618023768212,0.9980018328378797,0.91,0.08982016495540913
8488381,K07888.01,1,CANDIDATE,0.532,4.7368156,7.157164999999999,0.6,0.2,-0.06,0.005463,0.001504,-0.001138,1.212,0.091,-0.083,6088,0.724631611691417,0.20678186947714353,-0.15889604601264845,7923,8488381,4.737,0.011,0.9872635656976553,0.1439509803543191,0.99783064442396,0.011,0.9868545073352964
8489260,K07889.01,1,CANDIDATE,0.386,130.235324,7.605977,2.44,0.68,-0.23,0.024722,0.002133,-0.001436,0.821,0.079,-0.07,5616,2.221315335294488,0.2870848791361966,-0.22916785094004732,7924,8489260,130.235,0.034,0.9872774079666516,0.5502297225400705,0.9842351553141782,0.034,0.950771160033496
10160922,K07990.01,1,CANDIDATE,0.789,87.487573,7.8486037,1.87,0.49,-0.16,0.020983,0.001837,-0.001846,1.007,0.091,-0.082,5774,2.3124934262050085,0.2909587287521763,-0.27721594450420783,7735,10160922,87.488,0.013,0.9872790800797998,0.37368950654333766,0.992312240322048,0.013,0.9794121811978613
9782691,K00590.02,2,CANDIDATE,0.955,50.6985408,22.80585,3.58,0.57,-0.7,0.022503,0.000754,-0.000459,1.035,0.051,-0.048,5877,2.5489670743927757,0.15188842216842358,-0.12914129056697932,952,9782691,50.699,0.013,0.9872832607319133,0.05926300775402388,0.9991885729886864,0.013,0.9861991215398335
10028127,K08193.01,1,CANDIDATE,0.519,367.947848,8.615878,3.72,0.9,-0.3,0.039795,0.007028,-0.007913,0.905,0.08,-0.072,5570,3.941491042269695,0.7784173493115324,-0.8441459594943346,7796,10028127,367.948,0.58,0.9872828266318049,0.975474151176886,0.4876806870055178,0.58,0.2048258885423175
10600261,K00597.03,3,CANDIDATE,0.9,52.8148051,21.870878,3.33,0.53,-0.73,0.0212,0.0008849999999999,-0.000461,1.008,0.054,-0.051,5566,2.3387287188522525,0.1588368165657283,-0.12879443928020834,985,10600261,52.815,0.017,0.9872832607319133,0.06742241555684647,0.9990687777827665,0.017,0.9820846085604594
6266741,K00508.01,1,CANDIDATE,1.0,7.930583519,71.042274,3.05,0.47,-0.17,0.0270389999999999,0.004337,-0.001019,1.004,0.045,-0.043,5674,2.9710351795242778,0.4948035614913988,-0.16949368660981629,1113,6266741,7.931,1.2e-05,0.9872832607319133,0.00015196797682298858,0.9999980422732324,1.2e-05,0.9999860422967252
6664842,K06750.01,1,CANDIDATE,0.788,5.21395046,8.140921,1.24,0.19,-0.27,0.008015,0.0007019999999999,-0.000695,1.156,0.053,-0.05,5523,1.0140160203246915,0.10024554650285449,-0.09825930225136698,6333,6664842,5.214,0.005,0.9872802141356977,0.13195974925007917,0.9980414214924105,0.005,0.9930512143849485
6451936,K00511.02,2,CANDIDATE,1.0,4.26374378,21.07471,1.28,0.3,-0.22,0.012564,0.000302,-0.000551,1.102,0.053,-0.05,6032,1.515280302919708,0.0814714075066935,-0.09561796168501879,1158,6451936,4.264,0.00012,0.9872832607319133,0.03461745513017972,0.9995381194340833,0.00012,0.9994181748597513
8022244,K00519.01,1,CANDIDATE,1.0,11.90352088,39.721058,2.56,0.81,-0.27,0.023415,0.000245,-0.0007599999999999,1.21,0.068,-0.064,6063,3.1007231240561284,0.1772501056339725,-0.19242313244721082,1203,8022244,11.904,0.0033,0.9872832607319133,0.005143287451259018,0.9999334091963977,0.0033,0.9966336289460497
8167504,K06983.01,1,CANDIDATE,0.99,7.702172900000001,7.75047,0.85,0.12,-0.06,0.008061,0.00053,-0.000678,0.999,0.046,-0.043,5620,0.8813286028032973,0.07074343770713601,-0.08327026660007128,6395,8167504,7.702,0.011,0.9872769197145659,0.14182614184775405,0.9978702222220927,0.011,0.9868936497776496
12555616,K07540.01,1,CANDIDATE,0.347,21.980467,8.091769000000001,0.92,0.24,-0.14,0.009047,0.000491,-0.000741,0.84,0.063,-0.057,5573,0.831701207525799,0.07699623938134613,-0.08846236082491846,6950,12555616,21.98,0.0062,0.987280074751125,0.16714621899765345,0.9974143366353233,0.0062,0.9912303677481843
7445445,K00567.02,2,CANDIDATE,1.0,20.30303506,37.89774,2.16,0.56,-0.24,0.023337,0.002727,-0.002217,0.832,0.037,-0.035,5788,2.12496513163856,0.26568287478042296,-0.22077698732767376,780,7445445,20.303,1.2e-05,0.9872832607319133,0.007197498016676094,0.9999066202548643,1.2e-05,0.9998946213754213
4073017,K07681.01,1,CANDIDATE,1.0,6.05552018,7.941939,0.92,0.17,-0.07,0.010451,0.000886,-0.000673,0.852,0.065,-0.059,5352,0.9744978788698716,0.11114145858690816,-0.09215170981642722,7348,4073017,6.056,0.062,0.9872788288825635,0.13609659154158518,0.9979701248281285,0.062,0.9360959770887844
8555967,K07894.01,1,CANDIDATE,0.837,347.97611,8.54345,1.62,0.49,-0.15,0.016926,0.001239,-0.000797,1.017,0.078,-0.071,5995,1.8839038996664987,0.19973545988247768,-0.15864098885063485,7929,8555967,347.976,0.014,0.9872827331578281,0.9687787642187438,0.6003067961622408,0.014,0.5919025010159694
6763884,K06763.01,1,CANDIDATE,0.971,2.44693823,7.283589999999999,0.56,0.08,-0.05,0.00495,0.000323,-0.0005549999999999,1.011,0.042,-0.04,5820,0.5476963039579662,0.04236676117512398,-0.06511954417779475,6343,6763884,2.447,0.91,0.987267660062653,0.1377611628095428,0.9979395004050148,0.91,0.0898145550364513
7447895,K06878.01,1,CANDIDATE,1.0,2.4056253030000003,8.087268,1.11,0.23,-0.09,0.012218,0.009025,-0.001084,0.955,0.073,-0.067,5450,1.2769883877107977,0.9483029082487267,-0.14443822041411739,6742,7447895,2.406,0.92,0.9872798604678604,0.12747884816608865,0.9981175919816687,0.92,0.07984940735853346
9651602,K07215.01,1,CANDIDATE,0.971,3.90735046,8.902447,0.83,0.16,-0.06,0.009441,0.0007509999999999,-0.000758,0.797,0.065,-0.059,5497,0.8234927398848477,0.09381684165667273,-0.08993153755137738,7235,9651602,3.907,0.0011,0.9872825388394483,0.12035517632785862,0.9982375517010049,0.0011,0.9971394903941339
12116489,K00547.01,1,CANDIDATE,1.0,25.30291816,104.07783,3.95,0.22,-0.37,0.0407709999999999,0.0010279999999999,-0.000364,0.843,0.038,-0.036,5127,3.7615114998269474,0.1942809310588967,-0.16410680912598508,652,12116489,25.303,0.00017,0.9872832607319133,5.230826014078115e-06,0.9999999326237958,0.00017,0.9998299326352498
11288492,K07434.01,1,CANDIDATE,0.986,5.704593,8.239894999999999,0.95,0.2,-0.08,0.010452,0.00146,-0.000863,0.833,0.063,-0.057,5523,0.9528572837276617,0.15135790835193935,-0.10218152952978951,7294,11288492,5.705,0.23,0.9872807389256526,0.131621054600548,0.9980472920315193,0.23,0.7684964148642699
11288772,K07435.01,1,CANDIDATE,1.0,1.36752316,10.241317,0.82,0.13,-0.06,0.007198,0.000363,-0.00053,1.012,0.054,-0.051,5838,0.7972156404480242,0.05853163993903708,-0.07113240789301907,7295,11288772,1.368,0.033,0.9872832032759039,0.101723426892733,0.9985413641285591,0.033,0.9655894991123166
11296724,K07437.01,1,CANDIDATE,0.668,1.9997244,8.192667,0.84,0.2,-0.09,0.008536,0.0016179999999999,-0.000235,1.025,0.094,-0.084,5838,0.9575505883463377,0.2016308882883814,-0.0827820541483044,7297,11296724,2.0,0.0038,0.9872804730405796,0.12546442249002276,0.9981516954922718,0.0038,0.9943587190494011
7445445,K00567.03,3,CANDIDATE,1.0,29.02235217,32.837140000000005,2.55,0.66,-0.29,0.027485,6.8e-05,-0.0038929999999999,0.832,0.037,-0.035,5788,2.5026638660961487,0.11146845137942743,-0.36978331414086035,781,7445445,29.022,0.0025,0.9872832607319133,0.01440490225324546,0.9998117453231317,0.0025,0.9973122159598239
6887030,K07795.01,1,CANDIDATE,1.0,5.44085762,7.938199000000001,0.97,0.19,-0.09,0.011602,0.003113,-0.001131,0.796,0.061,-0.055,5519,1.0107165672036245,0.2820352282794309,-0.1207675524542971,7057,6887030,5.441,0.6,0.9872787894142571,0.13497513588183938,0.9979894549089201,0.6,0.3991957819635681
10656823,K00598.01,1,CANDIDATE,1.0,8.30783912,50.371227000000005,2.15,0.36,-0.18,0.025018,0.0006,-0.000237,0.806,0.036,-0.035,5320,2.2068412118676064,0.11187911844548803,-0.09808440975719963,986,10656823,8.308,4.7e-06,0.9872832607319133,0.0015002728351462915,0.9999806466438605,4.7e-06,0.9999759467348214
6587002,K00612.01,2,CANDIDATE,1.0,20.73989406,38.613728,2.11,0.15,-0.11,0.025087,0.002391,-0.002601,0.789,0.034,-0.032,5132,2.166253057371634,0.22658471279230838,-0.24116828443439145,1038,6587002,20.74,1.8e-05,0.9872832607319133,0.006700589712002665,0.9999131105912722,1.8e-05,0.9998951121552816
6266741,K00508.02,2,CANDIDATE,1.0,16.6658994,48.868120000000005,2.85,0.44,-0.16,0.025297,0.000143,-0.000891,1.004,0.045,-0.043,5674,2.779624872829096,0.12557172891305562,-0.1541340243941782,1114,6266741,16.666,1.7e-06,0.9872832607319133,0.0020282345730093954,0.9999738221532884,1.7e-06,0.9999721221977907
6768616,K06765.01,1,CANDIDATE,0.955,13.05609,7.9362965,1.3,0.39,-0.16,0.011992,0.00074,-0.000742,0.966,0.078,-0.071,6078,1.2678042459098917,0.12884074865012035,-0.12180532372865567,6380,6768616,13.056,0.0017,0.9872788709207402,0.15010691634937826,0.9977242621903667,0.0017,0.996028130944643
6838050,K00512.01,1,CANDIDATE,1.0,6.51003001,40.47481,2.78,0.75,-0.5,0.022098,0.000731,-0.000339,0.967,0.073,-0.067,5638,2.3386374443430653,0.1927525874822246,-0.16596008961320052,1159,6838050,6.51,2.1e-05,0.9872832607319133,0.004338336848722689,0.9999438764055734,2.1e-05,0.9999228775841688
8022244,K00519.02,2,CANDIDATE,1.0,34.0350605,34.10438,2.76,0.88,-0.29,0.025247,0.00022,-0.001066,1.21,0.068,-0.064,6063,3.3433250784986153,0.19013458815744733,-0.2262715185228881,1204,8022244,34.035,0.015,0.9872832607319133,0.013596588129440609,0.9998224546225303,0.015,0.9848251178031923
7592922,K06890.01,1,CANDIDATE,0.952,2.15888911,8.309589,0.72,0.1,-0.07,0.0091849999999999,0.000659,-0.000717,0.776,0.061,-0.055,5269,0.7800534061162765,0.08301962956745562,-0.08224712788944376,6783,7592922,2.159,0.012,0.9872810282885456,0.12433564052745166,0.9981707663918997,0.012,0.986192717195197
7602351,K06892.01,1,CANDIDATE,0.786,17.580602600000002,7.420501700000001,1.87,0.29,-0.35,0.012611,0.006845,-0.002051,1.07,0.056,-0.053,5846,1.4767832539957213,0.8052862042314134,-0.25107005276974453,6785,7602351,17.581,0.025,0.9872717412871427,0.16751652322971086,0.9974057351214005,0.025,0.9724705917433655
8248103,K07002.01,1,CANDIDATE,0.78,4.83014159,8.7853,1.3,0.35,-0.15,0.012676,0.001418,-0.000539,1.237,0.104,-0.095,5693,1.7160715278756609,0.24014129726175346,-0.15064432317284382,6444,8248103,4.83,0.66,0.9872823617220676,0.12334359022875126,0.9981876074715077,0.66,0.3393837865403126
10454313,K00532.01,1,CANDIDATE,1.0,4.2216261930000005,69.103584,2.87,0.96,-0.32,0.02667,0.000138,-0.002798,1.238,0.098,-0.089,6123,3.613492153599295,0.2866542421230897,-0.4595631426846382,1290,10454313,4.222,8.3e-10,0.9872832607319133,0.00017726377029728788,0.9999977163425128,8.3e-10,0.9999977155125147
10546063,K07339.01,1,CANDIDATE,1.0,10.6982275,7.747949,1.73,0.49,-0.21,0.014411,0.001019,-0.001166,1.202,0.141,-0.122,6277,1.895754264000755,0.2596576511906938,-0.24607035457726958,6939,10546063,10.698,0.0035,0.9872769442550993,0.1478880694822778,0.9977633968682473,0.0035,0.9942712249792085
4384909,K07693.01,1,CANDIDATE,0.655,6.41097179,7.288214999999999,1.4,0.32,-0.13,0.013772,0.0009339999999999,-0.001371,0.837,0.071,-0.064,5383,1.2615542403095896,0.13701062284458748,-0.1583581806567879,7394,4384909,6.411,0.0029,0.9872679723627632,0.1455257919691139,0.9978036399409761,0.0029,0.9949100093851473
10515564,K08211.01,1,CANDIDATE,0.266,5.0487451,7.110107000000001,0.67,0.15,-0.05,0.007408,0.000642,-0.000688,0.886,0.068,-0.062,5450,0.7183203186508936,0.08315457649742147,-0.08352973404093492,7848,10515564,5.049,0.017,0.9872617473584869,0.14522030269841862,0.9978079488320496,0.017,0.9808452137019047
10656823,K00598.02,2,CANDIDATE,0.999,34.0963441,14.434025,1.71,0.28,-0.15,0.019891,0.000574,-0.0008789999999999,0.806,0.036,-0.035,5320,1.7545878385665743,0.09330226831738182,-0.10870661784981973,987,10656823,34.096,0.0017,0.9872832607134501,0.10817027496610257,0.9984377160028453,0.0017,0.9967403718856404
6587002,K00612.02,1,CANDIDATE,0.998,47.4277116,46.8974,2.33,0.17,-0.12,0.0277399999999999,0.002864,-0.0018329999999999,0.789,0.034,-0.032,5132,2.3953386140825486,0.2679823456903794,-0.18571535891497284,1039,6587002,47.428,0.00016,0.9872832607319133,0.004149723944724644,0.9999463265944369,0.00016,0.9997863351821817
6587002,K00612.03,3,CANDIDATE,0.995,122.0804953,18.941614,2.92,0.2,-0.15,0.034713,0.000504,-0.00885,0.789,0.034,-0.032,5132,2.997454553375912,0.13630241815587724,-0.7738035686467011,1040,6587002,122.08,0.27,0.9872832607319104,0.23534233401776147,0.996035695524412,0.27,0.7271060577328207
9714696,K00616.01,1,CANDIDATE,0.928,1.4333396040000002,27.404266,2.08,0.59,-0.25,0.019089,0.000218,-0.002798,0.996,0.078,-0.071,6077,2.0807790760760128,0.1646760995912361,-0.3391494996521765,1077,9714696,1.433,0.02,0.9872832607319133,0.01672910277672465,0.9997808540456746,0.02,0.9797852369647612
6381846,K00509.01,1,CANDIDATE,1.0,4.16696628,57.862125,2.74,0.34,-0.22,0.026616,0.000517,-0.000205,0.937,0.048,-0.045,5460,2.7293914979864082,0.14953344417257602,-0.13275571803716849,1115,6381846,4.167,2.4e-07,0.9872832607319133,0.0006133467218489983,0.9999920949158638,2.4e-07,0.9999918549177611
6842345,K06774.01,1,CANDIDATE,0.946,17.381622399999998,1371.7667,26.55,7.7,-4.14,0.238323,0.000949,-0.000524,1.099,0.103,-0.092,6116,28.66468048371822,2.6889224356181556,-2.400418615008753,6389,6842345,17.382,0.85,0.9872832607319133,6.388213540615542e-67,1.0,0.85,0.15000000000000002
8037145,K00520.01,1,CANDIDATE,1.0,12.75934489,50.40442,2.58,0.1,-0.19,0.028553,0.000117,-0.002015,0.796,0.035,-0.033,4965,2.4874151132016107,0.10984517293075244,-0.20358705749744174,1205,8037145,12.759,3e-05,0.9872832607319133,0.0016068092304872043,0.9999792701241617,3e-05,0.999949270746058
11656721,K00541.01,1,CANDIDATE,1.0,13.64617478,38.652847,2.06,0.47,-0.16,0.022774,0.0007639999999999,-0.000383,0.904,0.07,-0.063,5569,2.25315569267556,0.19013977374086682,-0.1615303460000339,643,11656721,13.646,3.6e-05,0.9872832607319133,0.005949401966004737,0.9999229098634282,3.6e-05,0.9998869126386731
12116489,K00547.03,2,CANDIDATE,0.882,12.3860474,8.032078,1.11,0.06,-0.1,0.011472,0.000397,-0.001336,0.843,0.038,-0.036,5127,1.0584008223005286,0.06014772296667213,-0.13128448120207706,686,12116489,12.386,0.076,0.9872795927455342,0.14738976462780048,0.9977727055286337,0.076,0.9219419799084576
10586619,K07345.01,1,CANDIDATE,0.902,377.501257,10.777698,2.16,0.32,-0.1,0.021072,0.001439,-0.000832,1.082,0.055,-0.052,5764,2.495263845456834,0.21242523738193334,-0.1552014489041072,6945,10586619,377.501,0.0062,0.9872832537218419,0.973898572073221,0.5194000757197432,0.0062,0.5161797952502808
11411639,K07445.01,1,CANDIDATE,0.948,6.933574,7.7034254,1.3,0.25,-0.1,0.0150419999999999,0.001942,-0.001098,0.864,0.075,-0.068,5510,1.4223378998238012,0.22127916434054903,-0.15267876410829367,7338,11411639,6.934,0.46,0.9872763127907018,0.14094123873404607,0.9978855886587301,0.46,0.5388582178757143
7595157,K00568.01,1,CANDIDATE,1.0,3.383540239,24.679447,1.65,0.21,-0.21,0.015341,0.00256,-0.000888,0.872,0.037,-0.036,5302,1.4640422518248175,0.25208338764714167,-0.10409094531289767,782,7595157,3.384,0.00077,0.9872832607319133,0.023183279051078948,0.9996942997661664,0.00077,0.9989245351553464
8565266,K00578.01,1,CANDIDATE,1.0,6.412512952999999,153.5705,3.89,1.18,-0.63,0.032166,0.001495,-0.000866,1.033,0.08,-0.072,6026,3.636476913635791,0.32844849933317194,-0.2717135957975399,868,8565266,6.413,1.1e-05,0.9872832607319133,1.6188647073826594e-08,0.9999999997914815,1.1e-05,0.9999889997914838
8880317,K07915.01,1,CANDIDATE,0.324,382.5891,7.206372999999999,2.15,0.65,-0.43,0.015918,0.000429,-0.001898,1.217,0.092,-0.084,6337,2.1201302092562297,0.170153493120636,-0.29209598021740774,7994,8880317,382.589,0.0037,0.9872772393712671,0.9813999576385736,0.320054141436076,0.0037,0.3188699411127625
9957627,K00592.01,1,CANDIDATE,1.0,39.7529915,31.534922,2.37,0.72,-0.31,0.021483,0.00064,-0.000287,0.981,0.075,-0.067,6072,2.3064677764126604,0.18924991146067727,-0.1605116534124859,954,9957627,39.753,0.0026,0.9872832607319133,0.019699063482211888,0.9997411666963297,0.0026,0.9971418396629192
10353968,K00618.01,1,CANDIDATE,1.0,9.07098164,48.7044,2.94,0.83,-0.28,0.028977,0.000837,-0.00036,0.775,0.06,-0.055,5672,2.4577549470645605,0.20308996551927114,-0.1770738224829569,1079,10353968,9.071,5.6e-05,0.9872832607319133,0.0018257242076629718,0.9999764406776741,5.6e-05,0.9999204419969963
11773022,K00620.01,2,CANDIDATE,0.978,45.15535633,176.52366999999998,7.65,2.36,-0.79,0.072072,0.000391,-0.000221,0.834,0.04,-0.038,6046,6.578336426126352,0.3175197514251024,-0.3004103541037232,1081,11773022,45.155,0.00057,0.9872832607319133,2.403762297193593e-09,0.9999999999690382,0.00057,0.9994299999690559
11773022,K00620.02,1,CANDIDATE,1.0,130.17802962,203.99986,10.44,3.22,-1.07,0.098365,0.00036,-0.000139,0.834,0.04,-0.038,6046,8.978217096180467,0.4318618024132916,-0.40927612798138346,1082,11773022,130.178,0.0078,0.9872832607319133,4.5945388771627454e-10,0.999999999994082,0.0078,0.9921999999941281
11773022,K00620.03,3,CANDIDATE,0.97,85.31620040000001,27.498526,6.34,1.96,-0.65,0.059763,0.323281,-0.012331,0.834,0.04,-0.038,6046,5.454838492543418,29.50847440542692,-1.1526216734150103,1083,11773022,85.316,0.88,0.9872832607319133,0.061771656557582745,0.9991519632111723,0.88,0.11989823558534067
6128245,K06666.01,1,CANDIDATE,0.955,1.118510435,8.018559,0.75,0.21,-0.08,0.00789,0.000466,-0.000785,0.91,0.071,-0.064,5918,0.7857815929398438,0.07689330078149224,-0.09574008001814016,6726,6128245,1.119,0.31,0.9872793729903282,0.12600450292001297,0.9981424294147002,0.31,0.6887182762961431
6867219,K06783.01,1,CANDIDATE,0.866,11.8496351,7.948771000000001,1.31,0.4,-0.13,0.012962,0.000366,-0.001369,0.826,0.072,-0.065,6032,1.1717515052227534,0.10736333563180384,-0.15433055488396,6430,6867219,11.85,0.035,0.9872789585451901,0.14745088457649233,0.997771509634337,0.035,0.9628495067971352
8311864,K07016.01,1,CANDIDATE,0.771,384.847556,7.6023917,1.09,0.2,-0.1,0.012491,0.000737,-0.0006889999999999,1.108,0.082,-0.075,5579,1.514678372703247,0.14336221958695242,-0.13225897756126587,6478,8311864,384.848,0.0086,0.9872804370869737,0.9813125365019792,0.32346752903833675,0.0086,0.32068570828860704
9025739,K07125.01,1,CANDIDATE,0.999,7.918267,7.728578,0.93,0.28,-0.12,0.008395,0.00056,-0.000925,0.887,0.071,-0.064,5966,0.8149440175088095,0.08491449785126563,-0.10733390003521397,7590,9025739,7.918,0.0036,0.987276655137931,0.1425491197925305,0.9978575153439355,0.0036,0.9942652282886973
10513530,K00533.01,1,CANDIDATE,1.0,16.54967098,40.86483,2.95,0.63,-0.41,0.029514,0.000493,-0.004351,0.783,0.059,-0.053,5372,2.529142447992701,0.19520043410818189,-0.4102736311511242,1291,10513530,16.55,1.2e-05,0.9872832607319133,0.0048893656426941936,0.9999367129077378,1.2e-05,0.9999247136671828
11669239,K00542.01,1,CANDIDATE,0.999,41.8854433,38.99938,3.28,0.88,-0.6,0.02918,0.000194,-0.004752,0.93,0.07,-0.064,5735,2.9699674647621443,0.22441629008834627,-0.52507431498275,644,11669239,41.885,0.00025,0.9872832607319133,0.009034207853030702,0.9998825736914102,0.00025,0.9996326030479874
8096395,K07587.01,1,CANDIDATE,0.897,366.088938,21.286785,2.57,0.78,-0.31,0.024943,0.000487,-0.0034969999999999,1.014,0.079,-0.071,5941,2.7680255681160335,0.22232365581106373,-0.4337833006919047,7044,8096395,366.089,0.0017,0.9872832607319133,0.9211086294011732,0.8496112522335725,0.0017,0.8481669131047753
7595157,K00568.02,2,CANDIDATE,0.989,2.358952404,14.349433,0.96,0.12,-0.12,0.008881,0.00029,-0.000534,0.872,0.037,-0.036,5302,0.8475431352881952,0.045378701689520066,-0.06181734758121382,783,7595157,2.359,0.0086,0.987283260708157,0.06811824841663666,0.9990584645879311,0.0086,0.9904665617924748
10676824,K00599.01,1,CANDIDATE,1.0,6.45442931,39.361523,2.48,0.75,-0.26,0.02404,0.003567,-0.00172,1.022,0.081,-0.074,6092,2.688863864837654,0.4523170445654446,-0.2737075030795073,988,10676824,6.454,0.21,0.9872832607319133,0.004899247491157203,0.9999365843690798,0.21,0.7899499016515731
12068975,K00623.01,1,CANDIDATE,0.284,10.34973276,33.091286,1.44,0.04,-0.05,0.011865,7.7e-05,-0.0017629999999999,1.169,0.05,-0.047,6003,1.5179788108010321,0.0656694831752725,-0.23366494343391375,1119,12068975,10.35,0.00011,0.9872832607319133,0.010380877040096635,0.9998648861212842,0.00011,0.9997549009838108
12068975,K00623.02,3,CANDIDATE,0.985,15.67750191,26.38406,1.42,0.05,-0.05,0.011755,0.000883,-0.001655,1.169,0.05,-0.047,6003,1.5039056823401713,0.1299984383359027,-0.22020083632867263,1120,12068975,15.678,2.6e-06,0.9872832607319133,0.023444395059766296,0.9996907739681438,2.6e-06,0.9996881747721315
12068975,K00623.03,2,CANDIDATE,0.973,5.59931543,32.674694,1.22,0.04,-0.04,0.010106,2.2e-05,-0.0015689999999999,1.169,0.05,-0.047,6003,1.2929366929587214,0.0553725515815699,-0.20735562847851954,1121,12068975,5.599,4.9e-06,0.9872832607319133,0.010065318976568299,0.9998690350756434,4.9e-06,0.9998641357173715
12068975,K00623.04,4,CANDIDATE,0.992,25.2100146,9.88221,0.95,0.04,-0.03,0.007878,0.001957,-0.000685,1.169,0.05,-0.047,6003,1.0078918728605588,0.2540578926905668,-0.09655237659307152,1122,12068975,25.21,0.0056,0.9872831547875388,0.14789277481832197,0.9977644192173248,0.0056,0.9921769384697078
3541946,K00624.01,1,CANDIDATE,1.0,17.79001678,66.87443499999999,2.7,0.36,-0.19,0.026716,0.000543,-0.0003779999999999,0.9,0.039,-0.037,5569,2.6314637993959225,0.12595009615234237,-0.11441006320883895,1123,3541946,17.79,2.6e-06,0.9872832607319133,0.0002827484423209308,0.9999963570179794,2.6e-06,0.9999937570274512
6187508,K06672.01,1,CANDIDATE,1.0,2.28494301,8.627483999999999,1.0,0.18,-0.09,0.0115599999999999,0.00095,-0.000794,0.883,0.069,-0.062,5396,1.117125571985895,0.126683329689556,-0.10972776061823415,6732,6187508,2.285,0.28,0.9872820392361364,0.12078046686519595,0.9982303979185175,0.28,0.7187258865013326
6381846,K00509.02,2,CANDIDATE,1.0,11.46347165,39.453987,3.0,0.37,-0.24,0.029133,0.000767,-0.000448,0.937,0.048,-0.045,5460,2.987502348618802,0.17207021298421835,-0.15065233440410516,1116,6381846,11.463,0.0069,0.9872832607319133,0.0052590064827749,0.9999319030463727,0.0069,0.9930323729153527
6878408,K06786.01,1,CANDIDATE,0.556,455.62395,13.303884,3.0,0.87,-0.3,0.030751,0.001444,-0.001736,1.001,0.104,-0.091,5883,3.368812007724012,0.38409535626850805,-0.36050152454778606,6432,6878408,455.624,0.044,0.9872832606853742,0.9863853545880099,0.06680097668583618,0.044,0.06386173371165939
2571238,K00084.01,1,CANDIDATE,1.0,9.286964466,223.70905,2.1,0.26,-0.1,0.023784,0.000354,-0.000106,0.884,0.037,-0.035,5546,2.3010211834885475,0.10221793447881419,-0.09167915031680877,598,2571238,9.287,1.1e-07,0.9872832607319133,7.284584812720737e-12,0.9999999999999062,1.1e-07,0.9999998899999062
8037145,K00520.02,3,CANDIDATE,1.0,5.4331329020000005,23.608395,1.61,0.06,-0.12,0.0178569999999999,0.002491,-0.001642,0.796,0.035,-0.033,4965,1.5556253870500796,0.22753005224374284,-0.1569101901717033,1206,8037145,5.433,1.0,0.9872832607319133,0.02687874218976481,0.99964422455112,1.0,0.0
10665749,K07359.01,1,CANDIDATE,0.965,4.237447181,7.679031,2.26,0.68,-0.29,0.020826,0.003595,-0.006118,1.082,0.098,-0.089,5993,2.466133487352127,0.4807467635632296,-0.7523331682533232,7026,10665749,4.237,0.71,0.9872759270216084,0.1360379155502167,0.9979706690037279,0.71,0.2894114940110811
11602794,K07460.01,1,CANDIDATE,0.925,5.70509519,8.405696,1.58,0.37,-0.2,0.015647,0.001466,-0.001292,0.714,0.059,-0.053,5455,1.2226798358608106,0.15274412022429731,-0.1357567759068269,7382,11602794,5.705,0.55,0.9872814190977588,0.12954320863885027,0.9980828101322163,0.55,0.4491372645594973
5097856,K07716.01,1,CANDIDATE,0.23,483.36405,7.1056905,1.27,0.25,-0.1,0.01617,0.000304,-0.002316,0.83,0.08,-0.071,5700,1.4688301142084066,0.1442419743785315,-0.24504286377792706,7481,5097856,483.364,0.0085,0.9872778140726168,0.9914806176070224,0.0,0.0085,0.0
3541946,K00624.02,3,CANDIDATE,0.999,49.5674085,26.813261,2.91,0.38,-0.21,0.028762,7.6e-05,-0.004009,0.9,0.039,-0.037,5569,2.8329900358671027,0.12299092464420468,-0.4116948192720396,1124,3541946,49.567,0.019,0.9872832607319133,0.03820251900360265,0.9994883860726614,0.019,0.9804981067372809
3541946,K00624.03,2,CANDIDATE,1.0,1.311842968,49.34426,1.43,0.19,-0.1,0.014172,0.0004639999999999,-0.000268,0.9,0.039,-0.037,5569,1.3959090045305813,0.0758137401541498,-0.06316748941187812,1125,3541946,1.312,6.5e-05,0.9872832607319133,0.0014999246131435929,0.9999806511426342,6.5e-05,0.99991565240031
4478168,K00626.01,1,CANDIDATE,1.0,14.58649856,42.768753,2.45,0.39,-0.39,0.018838,0.002196,-0.000966,1.214,0.055,-0.052,6063,2.5028621747420083,0.3130255217107839,-0.16722954768491932,1127,4478168,14.586,0.0016,0.9872832607319133,0.0038410425531210774,0.99995033453941,0.0016,0.9983504140041468
4478168,K00626.02,2,CANDIDATE,0.994,8.0292018,9.928506,0.99,0.16,-0.16,0.0076269999999999,0.000423,-0.000489,1.214,0.055,-0.052,6063,1.0133416395985269,0.07256849425383666,-0.07813491843209434,1128,4478168,8.029,0.031,0.9872831587505324,0.11553262034308412,0.9983174796553435,0.031,0.9673696377860278
6265961,K06680.01,1,CANDIDATE,0.913,5.52507406,8.149264,0.8,0.12,-0.08,0.007094,0.00044,-0.000591,1.073,0.048,-0.045,5601,0.8330563166058393,0.06370660411844528,-0.0776994903777391,6772,6265961,5.525,0.0042,0.9872802646374245,0.1324338517845497,0.9980333184988918,0.0042,0.9938415785611965
6947623,K06793.01,1,CANDIDATE,0.972,3.62657392,8.468717,0.79,0.16,-0.07,0.009052,0.000641,-0.000615,0.834,0.063,-0.058,5416,0.8262168571608355,0.08554723981665678,-0.08032752533755089,6471,6947623,3.627,0.063,0.987281616644217,0.12501976205849755,0.99815934970586,0.063,0.9352753106743908
7816935,K06921.01,1,CANDIDATE,0.954,6.87778029,7.846725999999999,1.19,0.4,-0.14,0.01024,0.000628,-0.000792,1.072,0.087,-0.079,6274,1.201373913918953,0.12220725711727377,-0.12834399424611573,6874,7816935,6.878,0.007,0.9872779647806559,0.13892767192178665,0.9979209435809553,0.007,0.9909354969758886
9157634,K00526.01,1,CANDIDATE,1.0,2.104721971,120.485374,2.89,0.79,-0.26,0.027167,0.000391,-0.000179,0.899,0.069,-0.063,5703,2.6729130424270076,0.2087270290942331,-0.18813815154592373,1249,9157634,2.105,5.4e-06,0.9872832607319133,5.849123645826775e-07,0.9999999924660098,5.4e-06,0.9999945924660504
10513530,K00533.02,2,CANDIDATE,0.999,3.52467888,11.125127,1.46,0.31,-0.2,0.014627,9.6e-05,-0.004605,0.783,0.059,-0.053,5372,1.2534311373175182,0.0948051514359353,-0.4036337337261881,1292,10513530,3.525,0.011,0.9872832500421989,0.09614607400470282,0.9986298514057711,0.011,0.9876449230403076
9909965,K07252.01,1,CANDIDATE,0.791,10.2170589,8.385218,1.17,0.33,-0.18,0.0101549999999999,0.00045,-0.0012779999999999,1.133,0.088,-0.079,6211,1.2591958777214827,0.11259963538991175,-0.18116597130500633,7330,9909965,10.217,0.061,0.9872813709944659,0.13830395116525107,0.9979323365873366,0.061,0.9370584640555091
11669239,K00542.02,2,CANDIDATE,0.992,13.81733587,17.675926,2.04,0.55,-0.37,0.0181759999999999,0.000592,-0.004919,0.93,0.07,-0.064,5735,1.8499701384344223,0.1517226735292549,-0.5165932605281558,645,11669239,13.817,0.0016,0.9872832607318714,0.057471098174032044,0.9992146037689617,0.0016,0.9976158604029313
10593626,K00087.01,1,CANDIDATE,0.881,289.864067,35.636192,2.34,0.22,-0.23,0.024234,0.000951,-0.003242,0.85,0.035,-0.034,5516,2.25438187924742,0.12823186199014222,-0.314781608470883,602,10593626,289.864,0.039,0.9872832607319133,0.4259587391184268,0.9904421894817558,0.039,0.9518149440919673
5709725,K00555.01,2,CANDIDATE,1.0,3.701765401,28.447165,1.63,0.12,-0.17,0.0166669999999999,0.002127,-0.001338,0.856,0.04,-0.037,5252,1.5614017282909545,0.21220023812231278,-0.14236148773646434,730,5709725,3.702,1.8e-05,0.9872832607319133,0.015487335847738025,0.9997973766913896,1.8e-05,0.9997793803386091
8344004,K00573.01,1,CANDIDATE,1.0,5.996533443,58.03445,2.96,0.44,-0.35,0.024912,0.002918,-0.0007019999999999,1.049,0.051,-0.048,5622,2.8600099171910394,0.3627103864891182,-0.15369324392855704,827,8344004,5.997,1.5e-05,0.9872832607319133,0.0006199403241013411,0.9999920098818824,1.5e-05,0.9999770100017342
7287028,K07832.01,1,CANDIDATE,0.465,3.6092231,8.357596000000001,0.68,0.21,-0.07,0.006716,0.002313,-0.000807,0.92,0.07,-0.063,6032,0.6762105940095646,0.2385035789256169,-0.09352237588899918,7179,7287028,3.609,0.00018,0.9872812310161463,0.12633730986976704,0.9981370893139236,0.00018,0.9979574246378472
7300182,K07833.01,1,CANDIDATE,0.923,172.820248,7.641072299999999,2.22,0.65,-0.22,0.021626,0.001349,-0.001544,1.187,0.093,-0.084,6174,2.809379268405487,0.2813537318412351,-0.28241236169426703,7180,7300182,172.82,0.042,0.9872784186920646,0.7073883010803226,0.9688493120935353,0.042,0.9281576409856068
9227215,K07931.01,1,CANDIDATE,0.487,242.0367,7.5104246,2.11,0.64,-0.35,0.017318,0.0008359999999999,-0.001782,0.901,0.072,-0.066,6086,1.707677994053612,0.15942918345801607,-0.2156953008834003,8031,9227215,242.037,0.056,0.9872781822215811,0.8799111141526156,0.9055839953475565,0.056,0.8548712916080933
9390228,K07934.01,1,CANDIDATE,0.943,22.6432436,7.3129215,2.12,0.65,-0.22,0.0217599999999999,0.002352,-0.003167,0.802,0.071,-0.064,5880,1.9099267656682521,0.2668461854134698,-0.3170172062666104,7614,9390228,22.643,0.79,0.9872693403557778,0.1810507541945381,0.9971492534451082,0.79,0.20940134322347267
11032748,K08039.01,1,CANDIDATE,0.798,43.9438891,7.9631405,1.12,0.33,-0.08,0.0117489999999999,0.000511,-0.001165,0.752,0.058,-0.053,6008,0.9669459529322847,0.08561880488527432,-0.11763180876694541,7838,11032748,43.944,0.0093,0.9872794449396617,0.2252714909170739,0.996253526521378,0.0093,0.9869883687247292
10718726,K00600.01,1,CANDIDATE,1.0,3.595769013,37.563694,2.39,0.38,-0.38,0.0183,5.6000000000000006e-05,-0.000906,1.212,0.063,-0.06,5763,2.427376623458344,0.1263939752338403,-0.16994759878692256,989,10718726,3.596,9.2e-07,0.9872832607319133,0.005700310822916307,0.9999261559977343,9.2e-07,0.9999252360656707
12554485,K08238.01,1,CANDIDATE,0.444,495.662346,8.735097999999999,2.73,0.56,-0.33,0.030468,0.001593,-0.008092,0.991,0.075,-0.068,5515,3.304464244840171,0.3039620048344119,-0.906450652296665,7919,12554485,495.662,0.04,0.9872830213073754,0.991528223461292,0.0,0.04,0.0
4644604,K00628.01,1,CANDIDATE,1.0,14.48584765,43.133007,2.88,0.45,-0.37,0.024271,0.000185,-0.004016,0.979,0.043,-0.041,5784,2.600481794503524,0.11592647693845641,-0.443856935690115,1165,4644604,14.486,0.009,0.9872832607319133,0.003684009206975159,0.9999523725204206,0.009,0.9909528011677368
8037145,K00520.03,2,CANDIDATE,1.0,25.75274977,28.693022,2.27,0.09,-0.16,0.02519,0.007023,-0.0009519999999999,0.796,0.035,-0.033,4965,2.1944449515479487,0.6193756536596189,-0.12310426294745877,1207,8037145,25.753,0.0022,0.9872832607319133,0.02144054500430052,0.999717783373312,0.0022,0.9975184042498907
8394475,K07032.01,1,CANDIDATE,0.914,3.64049242,7.847150999999999,0.61,0.09,-0.03,0.005936,0.0004309999999999,-0.0005549999999999,0.957,0.041,-0.039,5749,0.6217120510948905,0.05241349873922886,-0.06341005789102634,6527,8394475,3.64,0.95,0.9872779193158433,0.13275014063504517,0.9980275342388356,0.95,0.04990137671194182
10554999,K00534.01,1,CANDIDATE,1.0,6.400157105,39.781902,2.52,0.37,-0.22,0.030148,7.900000000000001e-05,-0.004767,0.83,0.037,-0.035,5299,2.738546090485779,0.12229049672004287,-0.44815294814456613,1293,10554999,6.4,0.0002,0.9872832607319133,0.00467373672034149,0.9999395170766778,0.0002,0.9997395291732625
5709725,K00555.02,1,CANDIDATE,0.97,86.49437040000001,30.617346,3.07,0.21,-0.33,0.031289,0.002529,-0.002635,0.856,0.04,-0.037,5252,2.9312232961238354,0.27366735526120284,-0.27746919123156527,731,5709725,86.494,0.0072,0.9872832607319133,0.04538913212255583,0.9993875657113286,0.0072,0.992191975238207
7366501,K07834.01,1,CANDIDATE,0.802,7.381234399999999,7.308103999999999,1.0,0.3,-0.1,0.00996,0.003266,-0.0009109999999999,0.941,0.078,-0.071,6072,1.0257284879184494,0.3469281388414653,-0.12162110407810528,7181,7366501,7.381,0.0022,0.9872685792877787,0.1472204882718465,0.9977737545220028,0.0022,0.9955786522620544
3629119,K08242.01,1,CANDIDATE,0.175,331.55459,7.1282005,1.36,0.32,-0.11,0.015518,0.000989,-0.002142,0.862,0.065,-0.059,5762,1.4639507584319154,0.14453793953063512,-0.22555277857023062,7945,3629119,331.555,0.0094,0.9872751679743126,0.9659235468319778,0.6346558038744657,0.0094,0.6286900393180458
10973664,K00601.01,1,CANDIDATE,1.0,5.40426917,57.04865600000001,2.85,0.89,-0.3,0.027036,0.000743,-0.000537,0.902,0.044,-0.041,6122,2.6689007944877927,0.14942959612979181,-0.1323901469837107,990,10973664,5.404,0.0012,0.9872832607319133,0.000684642446121438,0.9999911753954576,0.0012,0.9987911859849831
5020319,K00635.01,1,CANDIDATE,1.0,16.71987303,51.867584,2.52,0.42,-0.23,0.021311,0.000502,-0.001219,1.109,0.049,-0.046,6020,2.586537807434558,0.12951046360729232,-0.18275659889506762,1172,5020319,16.72,0.017,0.9872832607319133,0.0014579924319602234,0.9999811928528243,0.017,0.9829815125743262
5113822,K00638.01,1,CANDIDATE,1.0,23.6421965,60.679752,2.9,0.4,-0.14,0.03015,0.000606,-0.000241,0.919,0.039,-0.037,5750,3.032398572394916,0.1423912349965947,-0.12447079676463188,1175,5113822,23.642,1.7e-07,0.9872832607319133,0.0006165440423616513,0.9999920536819589,1.7e-07,0.9999918836833098
6422155,K00510.01,1,CANDIDATE,1.0,2.940304817,38.672123,2.59,0.38,-0.27,0.022515,5.8e-05,-0.0026609999999999,1.063,0.053,-0.05,5527,2.619320678092751,0.13077061756433506,-0.3331877195192993,1118,6422155,2.94,2.1e-05,0.9872832607319133,0.004993084781667331,0.9999353636484083,2.1e-05,0.9999143650057716
7902204,K06931.01,1,CANDIDATE,0.972,2.54031121,9.051803,1.2,0.34,-0.09,0.012081,0.000686,-0.001034,1.192,0.136,-0.118,5778,1.5760231604580919,0.20085352472036944,-0.20624319888700104,6212,7902204,2.54,0.0065,0.9872827146980441,0.11631728597528608,0.9983044883370383,0.0065,0.9918155091628477
8443812,K07041.01,1,CANDIDATE,0.888,8.361373200000001,7.563681,0.79,0.12,-0.09,0.009364,0.0006889999999999,-0.000695,1.122,0.09,-0.081,5470,1.1498408075761393,0.12515972412337897,-0.11905395044223573,7314,8443812,8.361,0.0047,0.9872742425598479,0.14568276098474353,0.9978019638634661,0.0047,0.9931122946333077
11823054,K00543.01,1,CANDIDATE,1.0,4.302139338,53.66931999999999,2.46,0.12,-0.19,0.0262959999999999,0.0031379999999999,-0.001614,0.796,0.036,-0.034,5044,2.2907949363201525,0.29234299036277533,-0.1713007217640696,646,11823054,4.302,0.00011,0.9872832607319133,0.000976749917074959,0.9999874066352942,0.00011,0.9998774080205642
10815677,K07376.01,1,CANDIDATE,0.756,1.284241817,10.361855,1.18,0.34,-0.11,0.011768,0.000896,-0.000405,0.946,0.093,-0.083,5849,1.218364543418072,0.1514976075632156,-0.11482622995187747,7074,10815677,1.284,0.00043,0.9872832150022418,0.10039092115703016,0.9985626048182921,0.00043,0.9981332228982202
8344004,K00573.02,2,CANDIDATE,0.999,2.06190864,23.648258,1.63,0.24,-0.19,0.013746,9.6e-05,-0.000801,1.049,0.051,-0.048,5622,1.5781027746350362,0.07751132463819953,-0.11692186309137406,828,8344004,2.062,0.00015,0.9872832607319133,0.02537262119583674,0.9996646790238354,0.00015,0.9995147293219818
7941200,K00092.01,1,CANDIDATE,0.972,65.7045275,81.88671,2.78,0.42,-0.25,0.0243889999999999,0.001802,-0.001188,1.071,0.045,-0.043,5918,2.8586890634123967,0.24298047824590327,-0.18045292242412495,607,7941200,65.705,0.2,0.9872832607319133,0.0001172555028622568,0.9999984895089605,0.2,0.7999987916071685
8625925,K00580.01,1,CANDIDATE,1.0,6.521209629,58.743534,2.54,0.61,-0.25,0.025899,0.003411,-0.000683,1.074,0.086,-0.078,5822,3.0441828338472186,0.46921758708043915,-0.23521030455385877,871,8625925,6.521,0.0003,0.9872832607319133,0.0005781393550122408,0.9999925489464901,0.0003,0.9996925511818062
9604563,K07949.01,1,CANDIDATE,0.912,1.001916708,8.045534,0.62,0.1,-0.05,0.007686,0.000572,-0.000736,0.961,0.076,-0.069,5521,0.8083644824754593,0.08778411563007565,-0.09675067405546564,7649,9604563,1.002,0.0026,0.9872795655603624,0.12546880097490698,0.9981514881631159,0.0026,0.9955562942938918
11296205,K08048.01,1,CANDIDATE,0.334,379.67276,7.2200413,1.33,0.36,-0.11,0.014816,0.00128,-0.001205,1.091,0.084,-0.076,6156,1.7690462023659699,0.20471906598385356,-0.18943970785743672,7868,11296205,379.673,0.013,0.9872773437416436,0.9807809970838086,0.3423727318361177,0.013,0.3379218863222482
5113822,K00638.02,2,CANDIDATE,0.954,67.0930642,53.49991,3.51,0.48,-0.17,0.0364149999999999,0.001556,-0.003655,0.919,0.039,-0.037,5750,3.662513897637166,0.2205660058168748,-0.3960809086664894,1211,5113822,67.093,0.0077,0.9872832607319133,0.0027576095792338634,0.9999643822860823,0.0077,0.9922646565424794
5120087,K00639.01,1,CANDIDATE,1.0,17.97979816,47.135498,2.89,0.5,-0.34,0.019546,0.00058,-0.0002529999999999,1.236,0.056,-0.053,6141,2.6439900766423357,0.14319803384146843,-0.11842771283613761,1212,5120087,17.98,2.1e-06,0.9872832607319133,0.002508205315867502,0.9999676117304203,2.1e-06,0.9999655117984356
8037145,K00520.04,4,CANDIDATE,0.905,51.1658019,10.171093,1.51,0.05,-0.11,0.0166979999999999,0.003012,-0.002446,0.796,0.035,-0.033,4965,1.4546582691920376,0.27007567513039915,-0.22145445004378322,1208,8037145,51.166,0.0048,0.9872832038908184,0.20397495176316705,0.9966994519102094,0.0048,0.9919152945410403
9941859,K00528.01,1,CANDIDATE,1.0,9.57665962,66.11585,2.88,0.51,-0.46,0.024495,0.000538,-0.000227,0.897,0.04,-0.038,5387,2.4046581354612386,0.11953221881227206,-0.10427850561010696,1251,9941859,9.577,0.0011,0.9872832607319133,0.0002690449319269503,0.9999965336239983,0.0011,0.9988965374370119
9597345,K00711.01,1,CANDIDATE,0.483,44.6996563,58.786575,3.05,0.47,-0.32,0.0267399999999999,0.003296,-0.000682,1.053,0.046,-0.043,5497,3.0815784599169276,0.40298794847633024,-0.14836617762479914,997,9597345,44.7,0.0013,0.9872832607319133,0.001069909860236119,0.9999862042254661,0.0013,0.998686222159973
9597345,K00711.02,2,CANDIDATE,0.972,3.619309734,40.834072,1.47,0.23,-0.15,0.012902,0.0004669999999999,-0.000233,1.053,0.046,-0.043,5497,1.4868558447961238,0.08435204457572537,-0.06638924194296973,998,9597345,3.619,3.9e-06,0.9872832607319133,0.0039794323096889244,0.9999485379824643,3.9e-06,0.9999446381831663
9597345,K00711.03,3,CANDIDATE,0.772,124.5245224,28.535248,2.69,0.41,-0.29,0.023514,0.000713,-0.000368,1.053,0.046,-0.043,5497,2.709806877579914,0.14409955766221147,-0.11850519805866165,999,9597345,124.525,0.00017,0.9872832607319133,0.09993823699251997,0.9985698112252577,0.00017,0.9984000543573494
5796675,K00652.01,1,CANDIDATE,1.0,16.080657264000003,253.61078,4.43,0.38,-0.23,0.049706,0.000873,-0.000288,1.154,0.052,-0.049,5303,6.277664184306568,0.30360353865972906,-0.26902616193444884,1261,5796675,16.081,0.003,0.9872832607319133,2.984709089986552e-13,0.9999999999999961,0.003,0.9969999999999961
2444412,K00103.01,1,CANDIDATE,1.0,14.91095177,107.95887,2.62,0.33,-0.17,0.026641,0.000444,-0.000197,0.88,0.038,-0.036,5650,2.56576366347848,0.11875983910052403,-0.10666401651941003,20,2444412,14.911,7.9e-05,0.9872832607319133,2.8765620380949967e-06,0.9999999629482276,7.9e-05,0.9999209629511546
5941160,K00654.01,1,CANDIDATE,1.0,8.59481851,29.628357,1.75,0.23,-0.13,0.017524,0.002886,-0.0008029999999999,0.99,0.043,-0.041,5675,1.8986805203876165,0.32338280848433476,-0.11727125589658707,1263,5941160,8.595,0.096,0.9872832607319133,0.014728573285891035,0.9998074521005618,0.096,0.9038259366989079
9702072,K00714.01,1,CANDIDATE,1.0,4.182001885,165.43068,2.46,0.26,-0.1,0.0260199999999999,0.000597,-0.000295,0.84,0.035,-0.033,5328,2.3920487918449442,0.11378041440752489,-0.09780831945627969,1002,9702072,4.182,2.1e-07,0.9872832607319133,4.208182795501997e-09,0.9999999999457964,2.1e-07,0.9999997899457964
6678383,K00111.02,3,CANDIDATE,1.0,23.66834635,99.441605,2.32,0.31,-0.26,0.021099,0.000762,-0.001355,1.062,0.045,-0.043,5979,2.4522788048389126,0.13653241932725504,-0.18617552730875508,63,6678383,23.668,1.5e-05,0.9872832607319133,8.503449219219948e-06,0.9999998904700703,1.5e-05,0.9999848904717132
9873254,K00717.01,1,CANDIDATE,1.0,14.70749512,29.69435,2.04,0.35,-0.34,0.0146169999999999,0.000536,-0.000293,1.206,0.05,-0.048,5676,1.9292522277560904,0.10678269395155134,-0.08597470413432723,1005,9873254,14.707,0.0018,0.9872832607319133,0.01612637172305605,0.9997888790459485,0.0018,0.9979892590636658
9873254,K00717.02,2,CANDIDATE,1.0,0.900375925,11.478353,0.82,0.13,-0.14,0.005833,0.0002529999999999,-0.000364,1.206,0.05,-0.048,5676,0.7698794721558015,0.046193892090067405,-0.05698317011595258,1006,9873254,0.9,0.0012,0.9872832552182577,0.08927955989977936,0.9987372972075675,0.0012,0.9975388124509185
5941160,K00654.02,2,CANDIDATE,1.0,10.22215697,10.490836,1.72,0.23,-0.13,0.017212,0.002834,-0.003206,0.99,0.043,-0.041,5675,1.8648761194311603,0.3175605893723236,-0.3558442096740234,1264,5941160,10.222,0.14,0.987283225834842,0.11285401226010641,0.9983614597587568,0.14,0.8585908553925308
6062088,K00658.01,1,CANDIDATE,1.0,3.162692075,64.98132,2.61,0.39,-0.35,0.022069,3.6e-05,-0.001574,1.041,0.047,-0.044,5821,2.514298520529197,0.113591869854151,-0.20844880630184617,1303,6062088,3.163,3.6e-07,0.9872832607319133,0.0002747862747781548,0.9999964596321816,3.6e-07,0.9999960996334561
9884104,K00718.01,1,CANDIDATE,1.0,4.585466941,62.9034,3.29,0.54,-0.71,0.020175,0.000306,-0.002172,1.18,0.052,-0.049,5788,2.605427581487541,0.12142570771664457,-0.30063748967113085,1042,9884104,4.585,2.7e-05,0.9872832607319133,0.00035380255757205494,0.999995441219908,2.7e-05,0.9999684413429951
9884104,K00718.02,2,CANDIDATE,1.0,22.71443351,46.50063,4.01,0.66,-0.87,0.024589,0.000458,-0.002379,1.18,0.052,-0.049,5788,3.175457685313365,0.15192189325192418,-0.33432963420990325,1043,9884104,22.714,0.04,0.9872832607319133,0.0029046955185864634,0.9999624769668571,0.04,0.9599639778881828
9884104,K00718.03,3,CANDIDATE,0.997,47.903427,22.787811,3.55,0.59,-0.77,0.0217699999999999,0.000133,-0.003624,1.18,0.052,-0.049,5788,2.8114081015605206,0.1250774752142842,-0.48234970826983087,1044,9884104,47.903,0.015,0.9872832607319133,0.056887206745695695,0.9992230644978868,0.015,0.9842347185304184
6062088,K00658.02,2,CANDIDATE,1.0,5.370639542,50.1357,2.54,0.38,-0.34,0.0214789999999999,0.003636,-0.001141,1.041,0.047,-0.044,5821,2.4470804260476853,0.4287260529169025,-0.16612078397023577,1304,6062088,5.371,0.0001,0.9872832607319133,0.0014680816271632042,0.9999810625174731,0.0001,0.9998810644112214
6062088,K00658.03,3,CANDIDATE,1.0,11.32977062,14.24908,1.37,0.21,-0.18,0.011589,0.000629,-0.000317,1.041,0.047,-0.044,5821,1.320322876179839,0.09321389899420442,-0.06647296504713661,1305,6062088,11.33,0.0023,0.9872832607039141,0.07877694852631599,0.9988985409596142,0.0023,0.9966010743154071
6347299,K00661.01,1,CANDIDATE,1.0,14.40090414,30.417171000000003,2.71,0.4,-0.45,0.02071,0.001145,-0.002701,0.991,0.043,-0.041,5815,2.246142001793355,0.1578611608554011,-0.3073282963815817,1308,6347299,14.401,0.00084,0.9872832607319133,0.014833561743285262,0.9998060589115148,0.00084,0.9989662218220291
6347299,K00661.02,2,CANDIDATE,0.959,25.6613816,10.894302,1.78,0.27,-0.29,0.013624,0.001466,-0.002054,0.991,0.043,-0.041,5815,1.4776165442990183,0.17143795056326108,-0.23100615763700189,1309,6347299,25.661,0.0016,0.9872832451997702,0.13521020820805008,0.9979861206082911,0.0016,0.9963893428153178
6678383,K00111.03,2,CANDIDATE,0.978,51.75530504,99.92415,2.61,0.35,-0.3,0.023742,0.001263,-0.000966,1.062,0.045,-0.043,5979,2.7594674337402467,0.18767153353820784,-0.15839618974074446,64,6678383,51.755,0.00057,0.9872832607319133,1.2728089485231725e-05,0.9999998360532767,0.00057,0.9994298361467263
9965439,K00722.01,1,CANDIDATE,0.995,46.40626,42.091286,2.66,0.47,-0.39,0.019827,0.000491,-0.000247,1.213,0.053,-0.05,6086,2.6320931995186263,0.13219221436669376,-0.1133419090446569,1087,9965439,46.406,0.0014,0.9872832607319133,0.006923282780236279,0.9999102027030078,0.0014,0.9985103284192236
6442340,K00664.01,1,CANDIDATE,1.0,13.13747785,35.811054,1.85,0.29,-0.27,0.014821,0.000176,-0.001405,1.092,0.047,-0.045,5762,1.7712652454694187,0.079084235136132,-0.18309100671432701,656,6442340,13.137,2e-05,0.9872832607319133,0.0080607688443261,0.9998953292361148,2e-05,0.9998753313295301
6442340,K00664.02,2,CANDIDATE,0.999,7.78199862,20.25474,1.32,0.21,-0.19,0.010595,0.001369,-0.001188,1.092,0.047,-0.045,5762,1.2662138368361442,0.17244781878730392,-0.15126319031680815,657,6442340,7.782,5.9e-05,0.9872832607319131,0.039911642533188324,0.9994645457237047,5.9e-05,0.9994055773155069
8711794,K00105.01,1,CANDIDATE,1.0,8.981014925,183.9084,3.14,0.43,-0.48,0.029697,0.000371,-0.000184,1.082,0.047,-0.044,5666,3.5166026204694187,0.158946460807361,-0.14465453638184772,22,8711794,8.981,0.013,0.9872832607319133,5.901096663946706e-10,0.9999999999923991,0.013,0.9869999999924979
6442340,K00664.03,3,CANDIDATE,1.0,23.4433748,11.136332,1.29,0.21,-0.18,0.010373,5.7e-05,-0.002164,1.092,0.047,-0.045,5762,1.2396825039642587,0.05378939723777193,-0.26361799641226863,658,6442340,23.443,0.00029,0.9872832508521745,0.1280383987978554,0.9981086268945042,0.00029,0.9978191753927048
10002866,K00723.01,2,CANDIDATE,1.0,3.936993144,76.264,3.36,0.74,-0.25,0.036449,0.0020859999999999,-0.003685,0.816,0.039,-0.037,5431,3.2550617525799144,0.2427068230946236,-0.36066971323280994,1088,10002866,3.937,0.0018,0.9872832607319133,7.996617785880054e-05,0.9999989699102584,0.0018,0.9981989717644199
10002866,K00723.02,3,CANDIDATE,1.0,28.08185982,58.22654,3.63,0.8,-0.27,0.039445,0.000254,-0.0014529999999999,0.816,0.039,-0.037,5431,3.5226182016108734,0.169881631326448,-0.20579141640899604,1089,10002866,28.082,0.00038,0.9872832607319133,0.0008689090660515435,0.9999887982507086,0.00038,0.9996088025073733
10002866,K00723.03,1,CANDIDATE,1.0,10.08881066,82.97855,4.71,1.04,-0.35,0.05115,0.001702,-0.0094709999999999,0.816,0.039,-0.037,5431,4.56792802668009,0.2660198358756782,-0.8707949821163505,1090,10002866,10.089,0.11,0.9872832607319133,4.20747927344374e-05,0.9999994580312425,0.11,0.8899995176478058
10157573,K00726.01,1,CANDIDATE,0.761,5.115750935,49.75153,60.74,19.15,-6.84,0.505225,37.37343,-0.2705619999999999,1.153,0.115,-0.102,6398,63.75255513347911,4716.025181585333,-34.60395606015745,1093,10157573,5.116,1.0,0.9872832607319133,0.0015253443530439171,0.9999803227299305,1.0,0.0
6707835,K00666.01,1,CANDIDATE,1.0,22.24814617,63.322964,2.72,0.41,-0.13,0.026424,0.000907,-0.003415,0.987,0.042,-0.04,5629,2.8542970522275355,0.15604862157518987,-0.38659695253857346,662,6707835,22.248,0.00015,0.9872832607319133,0.0004500922928150341,0.9999941999586965,0.00015,0.9998442008287027
10221013,K00728.01,1,CANDIDATE,1.0,7.189379172000001,297.57898,11.94,3.85,-1.54,0.10163,0.0026969999999999,-0.002479,0.995,0.082,-0.075,6214,11.066963101717844,0.9581704426936968,-0.8767845829912356,1095,10221013,7.189,0.45,0.9872832607319133,2.0015147974377305e-15,1.0,0.45,0.55
7630229,K00683.01,1,CANDIDATE,1.0,278.1243979,51.01961,5.86,0.94,-0.5,0.051146,0.000614,-0.006644,1.097,0.048,-0.045,5799,6.140472030487037,0.2786094936450226,-0.8364894707780038,786,7630229,278.124,0.81,0.9872832607319133,0.10102935275720726,0.9985524417379256,0.81,0.1897249639302058
7906882,K00686.01,1,CANDIDATE,0.952,52.513548727,766.6954,12.43,1.67,-1.22,0.116129,0.000296,-0.000415,1.061,0.046,-0.043,5589,13.48464525599358,0.5856406519751279,-0.5486235167959935,789,7906882,52.514,0.26,0.9872832607319133,1.2612310205913206e-37,1.0,0.26,0.74
8557374,K00692.01,1,CANDIDATE,1.0,2.462344253,32.406216,1.33,0.22,-0.07,0.012128,0.00042,-0.000183,1.104,0.048,-0.045,5736,1.4653511764409766,0.08145083170491012,-0.06369016893492739,796,8557374,2.462,4.5e-05,0.9872832607319133,0.009855017855606834,0.9998717986442502,4.5e-05,0.9998268044133113
8557374,K00692.02,2,CANDIDATE,1.0,4.822969318,25.570423,2.22,0.35,-0.12,0.020176,0.001168,-0.003096,1.104,0.048,-0.045,5736,2.437741205134659,0.17649105679628133,-0.38704269353077414,830,8557374,4.823,0.12,0.9872832607319133,0.02154269862785701,0.9997164091456892,0.12,0.8797504400482065
8802165,K00694.01,1,CANDIDATE,1.0,17.42115972,86.8946,3.11,0.47,-0.15,0.0292769999999999,6.6e-05,-0.001819,0.95,0.042,-0.04,5679,3.043922799993697,0.13474826496924852,-0.22845801431093501,833,8802165,17.421,8.3e-09,0.9872832607319133,3.074739981530973e-05,0.9999996039447796,8.3e-09,0.9999995956447829
8805348,K00695.01,1,CANDIDATE,1.0,29.90721859,71.085464,2.16,0.26,-0.19,0.022053,0.000453,-0.0002529999999999,0.932,0.04,-0.038,5739,2.2494018369619937,0.10702860606868024,-0.095275232333506,834,8805348,29.907,3.1e-05,0.9872832607319133,0.0002161911780513117,0.9999972147392302,3.1e-05,0.9999662148255732
8962094,K00700.01,1,CANDIDATE,1.0,30.86436512,46.549694,2.23,0.28,-0.1,0.024615,0.000186,-0.002856,0.905,0.039,-0.036,5677,2.437989747593129,0.10666546090806907,-0.29903502714889063,839,8962094,30.864,0.0054,0.9872832607319133,0.003297036479606645,0.9999573919168963,0.0054,0.9945576220005451
8962094,K00700.02,2,CANDIDATE,1.0,9.36059705,33.322113,1.42,0.17,-0.07,0.0156509999999999,0.001047,-0.001573,0.905,0.039,-0.036,5677,1.550151433661581,0.12335400029830564,-0.1675567861557056,840,8962094,9.361,0.00094,0.9872832607319133,0.009962147449325715,0.9998703910001616,0.00094,0.9989305128326215
8962094,K00700.03,3,CANDIDATE,0.997,14.6672293,25.679129,1.21,0.15,-0.05,0.013386,0.002676,-0.000566,0.905,0.039,-0.036,5677,1.3258147780329725,0.27113231780963404,-0.0769683138670173,874,8962094,14.667,0.0033,0.9872832607319133,0.024894132892083927,0.9996711640979361,0.0033,0.996372249256413
8962094,K00700.04,4,CANDIDATE,0.976,68.1609897,17.723257,1.45,0.18,-0.07,0.015986,0.000292,-0.000699,0.905,0.039,-0.036,5677,1.5833314688207905,0.07410823989954823,-0.0935949990589325,875,8962094,68.161,0.046,0.9872832607318807,0.12792469830619121,0.9981105543327632,0.046,0.952197468833456
9266431,K00704.01,1,CANDIDATE,1.0,18.39629744,57.642532,2.47,0.23,-0.12,0.02808,0.000233,-0.004025,0.762,0.032,-0.031,5316,2.341723048074503,0.10024137276951806,-0.34892101796725644,883,9266431,18.396,0.0025,0.9872832607319133,0.0007918626707072298,0.9999897922999139,0.0025,0.9974898178191642
9450647,K00110.01,1,CANDIDATE,1.0,9.940666412,144.28577,2.87,0.5,-0.29,0.020908,0.000184,-8.499999999999999e-05,1.246,0.054,-0.051,6215,2.8511101053360175,0.12608515359910644,-0.11727294723308275,61,9450647,9.941,0.00037,0.9872832607319133,4.7846648980360756e-08,0.9999999993837094,0.00037,0.9996299993839375
9578686,K00709.01,1,CANDIDATE,1.0,21.3851584,58.81958,2.17,0.18,-0.15,0.0240599999999999,0.002815,-0.000748,0.857,0.036,-0.034,5376,2.2566276261640987,0.28052516997763666,-0.11374145380505714,926,9578686,21.385,5.9e-06,0.9872832607319133,0.0007299225806372317,0.9999905913370808,5.9e-06,0.9999846913925919
6678383,K00111.01,1,CANDIDATE,0.999,11.427550984000002,148.07863999999998,2.35,0.32,-0.27,0.021404,8e-06,-0.0008039999999999,1.062,0.045,-0.043,5979,2.4877281169141705,0.10541630912470072,-0.13739818390937608,62,6678383,11.428,6.4e-08,0.9872832607319133,3.223063457898512e-08,0.9999999995848521,6.4e-08,0.9999999355848521
