kepid_x,kepoi_name,koi_tce_plnt_num,koi_pdisposition,koi_score,koi_period,koi_max_mult_ev,koi_prad,koi_prad_err1,koi_prad_err2,koi_ror,koi_ror_err1,koi_ror_err2,radius,radius_err1,radius_err2,teff,corrected_prad,corrected_prad_err1,corrected_prad_err2,rowid,kepid_y,fpp_koi_period,fpp_prob,fpEffectiveness,obsFpRate,reliability,fpp_prob_use,totalReliability
10811496,K00753.01,1,FALSE POSITIVE,0.0,19.89913995,187.4491,14.6,3.92,-1.31,0.154046,5.034292,-0.042179,1.233,0.111,-0.1,5853,20.787246116379308,679.3390537802852,-5.936148219163245,1271,10811496,19.899,0.93,0.0004376628066436526,1.317735378146562e-07,0.9996990471184768,0.93,0.06997893329829333
9579641,K00115.03,3,CANDIDATE,0.871,3.43591631,7.4337807,0.55,0.08,-0.07,0.004612,0.000197,-0.000565,1.036,0.045,-0.042,5779,0.5229166974578404,0.031856115876833624,-0.06747728722289185,103,9579641,3.436,0.04,0.9913770462585563,0.09483503544026692,0.999088706501035,0.04,0.9591251582409935
9579641,K00115.01,1,CANDIDATE,1.0,5.412203927,163.47614,2.94,0.43,-0.38,0.024775,6e-05,-0.0018859999999999,1.036,0.045,-0.042,5779,2.80903321325195,0.122203492213546,-0.24227109869262597,101,9579641,5.412,7.1e-06,0.004573901763311201,6.470669473728557e-07,0.9998591776175281,7.1e-06,0.9998520786173669
9579641,K00115.02,2,CANDIDATE,1.0,7.12594387,39.793564,1.79,0.26,-0.23,0.0151199999999999,0.000323,-0.002193,1.036,0.045,-0.042,5779,1.7143322778756491,0.08298262831470106,-0.2581766478146036,102,9579641,7.126,5.1e-05,0.9886443561057784,0.009149477433742597,0.9998939379978742,5.1e-05,0.9998429434070363
7938496,K00900.01,1,CANDIDATE,1.0,13.81020318,40.226162,4.56,1.33,-0.88,0.0365949999999999,0.0001,-0.003401,1.097,0.097,-0.087,5942,4.393512179949019,0.38867287158145575,-0.5367780272720285,680,7938496,13.81,0.046,0.9882806911813532,0.009954802291550536,0.9998807662217777,0.046,0.9538862509755759
6307521,K01126.02,2,FALSE POSITIVE,0.0,475.91706,10.978225,28.22,3.96,-3.96,0.257403,74.69797,-2.64795,0.888,0.046,-0.043,5330,25.015548260885975,7259.475232595784,-257.34220217042184,1755,6307521,475.917,1.0,0.9369451939930403,0.9915918327475636,0.0,1.0,0.0
6307521,K01126.01,1,FALSE POSITIVE,0.0,29.7452499,34.874846999999995,3.6,0.51,-0.5,0.03286,0.00047,-0.00064,0.888,0.046,-0.043,5330,3.1934783815756353,0.17161805877319256,-0.16667891076008054,1754,6307521,29.745,1.0,0.9891076124125939,0.019750814389368532,0.9997781149407323,1.0,0.0
6362874,K01128.01,1,CANDIDATE,1.0,0.974868896,24.318182,1.16,0.12,-0.06,0.012716,0.000388,-0.000161,0.842,0.036,-0.034,5487,1.1717799601057135,0.06154965140900325,-0.04958795833264916,1793,6362874,0.975,0.00027,0.9908658812906007,0.02657295031968883,0.9997483550946891,0.00027,0.9994784230388135
3660924,K01214.01,1,CANDIDATE,1.0,4.24153629,14.714512,1.44,0.39,-0.28,0.012577,0.000571,-0.000505,1.221,0.107,-0.097,5776,1.6806457457997734,0.16587171796605846,-0.1496004977145607,1523,3660924,4.242,0.001,0.9912373664000282,0.05717460078391134,0.999463920926228,0.001,0.9984644570053018
10538176,K01301.01,1,CANDIDATE,1.0,12.69905011,25.154327,2.62,0.22,-0.17,0.027241,0.00624,-0.001791,0.774,0.051,-0.048,5291,2.307530566291216,0.5500116066046409,-0.208554339663708,1356,10538176,12.699,0.00075,0.9907072674387188,0.030545415622381507,0.9997044597339513,0.00075,0.9989546813891508
10538176,K01301.02,2,CANDIDATE,1.0,37.5142128,24.432262,2.68,0.22,-0.18,0.027815,0.000649,-0.001083,0.774,0.051,-0.048,5291,2.3561529569909387,0.1646966536743727,-0.17252963236919946,1357,10538176,37.514,0.00013,0.9904949016272881,0.04917570755221001,0.99950368806386,0.00013,0.9993737525844117
10724369,K01302.01,1,CANDIDATE,1.0,55.6391882,38.47574,3.13,0.97,-0.32,0.0298029999999999,0.002837,-0.003148,0.991,0.077,-0.07,5949,3.232340419094502,0.39717890115074167,-0.41072933650544813,1358,10724369,55.639,0.0012,0.9869652328740004,0.023589264831635235,0.999680931975956,0.0012,0.9984813148575848
10744335,K01304.01,1,CANDIDATE,0.984,4.59726613,14.917146,1.69,0.53,-0.17,0.0161669999999999,0.000745,-0.000763,0.952,0.095,-0.085,5999,1.6844178783035386,0.1851445301839753,-0.17011200983786867,1360,10744335,4.597,0.00016,0.9912308165033942,0.056674725068330725,0.9994684889306864,0.00016,0.9993085739724574
10730034,K01305.01,1,CANDIDATE,1.0,2.633852528,20.749485,1.38,0.07,-0.12,0.0144319999999999,0.0006349999999999,-0.000588,0.859,0.042,-0.04,5113,1.3567603387868015,0.08924328316574663,-0.08394769245593922,1361,10730034,2.634,1.1e-05,0.9910382335546519,0.035693925276312995,0.9996652792627794,1.1e-05,0.9996542829447075
10730034,K01305.02,2,CANDIDATE,0.978,6.18670882,11.189779,1.21,0.06,-0.1,0.01265,0.000839,-0.000473,0.859,0.042,-0.04,5113,1.18923352866222,0.09799108949078511,-0.07102105185660279,1362,10730034,6.187,0.00028,0.9913107622774591,0.07609319195696702,0.9992780793033942,0.00028,0.9989982814411893
10973814,K01307.02,2,CANDIDATE,1.0,20.34237838,23.735342000000003,2.88,0.44,-0.36,0.024633,0.0054009999999999,-0.003071,0.922,0.044,-0.042,5514,2.48560253715706,0.5577495335536528,-0.3299185605840311,1401,10973814,20.342,0.11,0.9907371666296454,0.03869307807962532,0.9996236806010999,0.11,0.8896650757349789
10973814,K01307.01,1,CANDIDATE,0.999,44.8520997,27.30246,3.35,0.51,-0.42,0.02861,0.002579,-0.003349,0.922,0.044,-0.042,5514,2.8869032837276616,0.29445334719477795,-0.3626187720547153,1400,10973814,44.852,0.049,0.9900667197940861,0.045085090043495826,0.9995263075189657,0.049,0.9505495184505363
4072526,K01329.01,1,CANDIDATE,0.995,33.1996355,30.042027,2.85,0.15,-0.25,0.0296069999999999,0.0013369999999999,-0.000679,0.768,0.036,-0.034,5103,2.488508218474696,0.16197363797780778,-0.1240731439967517,1492,4072526,33.2,0.00018,0.9898987720542488,0.03015397469262713,0.9996827328102478,0.00018,0.999502789918342
4150624,K01334.02,3,FALSE POSITIVE,0.0,94.225938,15.880621,1.93,0.45,-0.14,0.020742,0.000794,-0.000728,0.931,0.077,-0.07,5421,2.1134100414359427,0.1926075441295151,-0.1753632623680862,1534,4150624,94.226,0.064,0.9905904960543023,0.21446427091455394,0.9974066473386904,0.064,0.9335726219090142
4150624,K01334.01,1,FALSE POSITIVE,0.0,8.6531216,28.871054,22.58,5.25,-1.64,0.2427,36.03447,-0.627551,0.931,0.077,-0.07,5421,24.72879264567078,3671.5660279366466,-63.96843023526165,1500,4150624,8.653,1.0,0.9904340133133577,0.02154649213975303,0.9997873131660479,1.0,0.0
10358759,K00738.02,2,CANDIDATE,1.0,13.28689997,28.055307,2.78,0.22,-0.13,0.029278,0.000786,-0.000482,0.748,0.043,-0.04,5730,2.3967705513465893,0.1520660843153117,-0.13410572510926103,1183,10358759,13.287,0.00045,0.9904540720103929,0.024826124146986994,0.9997546360940623,0.00045,0.9993047465078201
10358759,K00738.01,1,CANDIDATE,1.0,10.3392408,38.329365,2.98,0.23,-0.15,0.031329,0.0008029999999999,-0.000429,0.748,0.043,-0.04,5730,2.564670558205387,0.16142500564579262,-0.14157317054816979,1182,10358759,10.339,0.00072,0.9889032969322435,0.010825022382312064,0.9998772007197162,0.00072,0.999157289135198
10601284,K00749.01,1,CANDIDATE,1.0,5.349553819,48.504196,2.55,0.16,-0.24,0.025706,0.0008449999999999,-0.000453,0.88,0.049,-0.046,5190,2.475714903095897,0.1600816044444253,-0.13656850051448605,1229,10601284,5.35,1.2e-05,0.98532712261007,0.004550722900417585,0.9999319236743797,1.2e-05,0.9999199244912955
10601284,K00749.02,2,CANDIDATE,0.98,3.94105221,22.749151,1.7,0.11,-0.16,0.017105,0.000703,-0.000557,0.88,0.049,-0.046,5190,1.6473626164107724,0.11400892391573068,-0.10145433000085052,1230,10601284,3.941,2.6e-06,0.9909325378515974,0.031450274564037956,0.9997028715884335,2.6e-06,0.9997002723609674
10601284,K00749.03,3,CANDIDATE,0.971,8.10904807,9.776852,1.3,0.09,-0.12,0.013127,0.0008699999999999,-0.000503,0.88,0.049,-0.046,5190,1.2642460722376039,0.10943524637901755,-0.08193938481982145,1231,10601284,8.109,0.0014,0.9913319918946023,0.08677192983705143,0.999169192915314,0.0014,0.9977703560452327
11018648,K00759.01,1,CANDIDATE,1.0,32.62876672,61.372303,3.36,0.76,-0.33,0.03852,0.000971,-0.000365,0.785,0.038,-0.036,5586,3.309324776617166,0.18061539375292412,-0.1549709429954223,1314,11018648,32.629,2.9e-06,0.9644668424699928,0.002742144128418145,0.9998986953661173,2.9e-06,0.9998957956599007
11018648,K00759.02,2,CANDIDATE,0.978,91.7732862,14.678595,2.12,0.48,-0.21,0.0243199999999999,0.007051,-0.001216,0.785,0.038,-0.036,5586,2.0893763906367897,0.6141500671791063,-0.1417565727766681,1315,11018648,91.773,0.03,0.9907110640626461,0.22285282254192132,0.9973113527935956,0.03,0.9673920122097878
11138155,K00760.01,1,CANDIDATE,1.0,4.959319244,670.4895,12.21,1.96,-1.46,0.103379,0.001245,-7.4e-05,1.046,0.063,-0.059,5714,11.834433320821796,0.7268906552914118,-0.6675791476343043,1316,11138155,4.959,0.071,4.6255389933019886e-23,6.778515239509621e-24,0.8534545866043881,0.071,0.7928593109554766
5649215,K00839.01,1,FALSE POSITIVE,0.0,2.446737317,98.78201,26.25,6.9,-2.47,0.278526,1.282784,-0.1289539999999999,1.087,0.09,-0.081,5764,33.134371857443995,152.62887438600507,-15.538219586276645,1012,5649215,2.447,1.0,0.6258179413893368,8.999663111323361e-05,0.9999461853785404,1.0,0.0
8180063,K00905.01,1,FALSE POSITIVE,0.0,5.795063956,108.889015,4.33,0.98,-0.39,0.047975,0.00088,-0.001151,1.174,0.103,-0.093,5865,6.164055437484268,0.5524919157786407,-0.5101972955826723,722,8180063,5.795,0.79,0.3929540413607377,4.3814654587900896e-05,0.9999323109788707,0.79,0.2099857853055628
8260218,K01066.01,1,CANDIDATE,1.0,5.714817602999999,529.8256,9.29,2.47,-0.99,0.101045,0.000109,-0.000195,1.235,0.153,-0.133,5695,13.657312331283036,1.6920226712756292,-1.4710236140599136,1512,8260218,5.715,0.00033,1.621127163577258e-17,3.5221009327555113e-19,0.978273752905457,0.00033,0.9779509225669982
8222813,K01069.01,1,CANDIDATE,1.0,8.70420525,60.56746,2.86,0.13,-0.24,0.030316,0.0035689999999999,-0.00099,0.862,0.042,-0.039,5073,2.859977522401208,0.3643927163931227,-0.15958061967320455,1515,8222813,8.704,1.2e-05,0.9724815137959316,0.001910545765914465,0.999945833451433,1.2e-05,0.9999338341014316
8222813,K01069.02,2,CANDIDATE,1.0,2.46697039,24.837725,1.56,0.07,-0.13,0.016558,0.003196,-0.000833,0.862,0.042,-0.039,5073,1.562063194877926,0.31096497012869273,-0.10568925573298413,1516,8222813,2.467,0.00014,0.9908217302472986,0.026223550567233724,0.9997505419512664,0.00014,0.9996105768753932
8374494,K01133.01,1,FALSE POSITIVE,0.0,5.251916208,319.5286,37.15,9.62,-3.84,0.390092,0.140584,-0.097941,0.85,0.074,-0.067,5542,36.288534127233824,13.454086972024983,-9.549475690045638,1798,8374494,5.252,1.0,3.2176050161865255e-09,3.8424739688580165e-12,0.9988057968777463,1.0,0.0
8972058,K00159.01,1,CANDIDATE,1.0,8.99088621,72.13723,2.78,0.46,-0.39,0.021706,5.2e-05,-0.001717,1.147,0.05,-0.048,5881,2.724750068808205,0.11895647754619669,-0.2438383995043853,366,8972058,8.991,2.5e-06,0.9387697126633049,0.0007878899838758716,0.9999485701664782,2.5e-06,0.9999460702950528
8972058,K00159.02,2,CANDIDATE,1.0,2.403640701,15.105959,1.24,0.2,-0.17,0.0096709999999999,0.0009429999999999,-0.001849,1.147,0.05,-0.048,5881,1.2139987982789957,0.1296654911979713,-0.23759961948891975,367,8972058,2.404,0.0066,0.9912334690169338,0.05388455899126028,0.9994962999234508,0.0066,0.992899624343956
4076098,K01323.01,1,CANDIDATE,1.0,3.990105908,246.02412,7.45,2.18,-0.73,0.074711,0.003166,-0.002293,1.1,0.103,-0.093,5926,8.994161680405236,0.9244119963531174,-0.8089701259029654,1452,4076098,3.99,0.00012,2.591358335728267e-06,1.0865355705775631e-09,0.9995807091820631,0.00012,0.9994607594969612
4282872,K01325.01,1,CANDIDATE,1.0,10.035381809,139.00804,4.42,1.13,-0.38,0.0485709999999999,0.00075,-0.000314,0.873,0.073,-0.066,5813,4.640606503759743,0.39460681143947346,-0.3521165799864444,1454,4282872,10.035,9.2e-05,0.03856434535634042,4.632509999340866e-06,0.9998845078044148,9.2e-05,0.9997925184296969
4455231,K01332.01,1,CANDIDATE,1.0,19.30581662,30.262682,4.0,0.62,-0.93,0.0240669999999999,0.000823,-0.00035,1.07,0.058,-0.055,5665,2.818312788352619,0.18062786599988134,-0.1505528681784745,1496,4455231,19.306,0.0026,0.9901195712241372,0.02333558938719162,0.9997615696377193,0.0026,0.9971621895566612
4455231,K01332.02,3,CANDIDATE,0.999,6.09747233,13.949024,2.22,0.34,-0.52,0.013336,0.000669,-0.000588,1.07,0.058,-0.055,5665,1.5616827749811226,0.11534030973516164,-0.10575930288060029,1497,4455231,6.097,0.00037,0.9912505686018195,0.06233459534539242,0.9994132168523202,0.00037,0.9990434339620848
4455231,K01332.03,2,CANDIDATE,0.991,56.637918000000006,17.116478,3.68,0.57,-0.85,0.022163,0.000785,-0.0010019999999999,1.07,0.058,-0.055,5665,2.595349080826831,0.16805323715910664,-0.1776656291989025,1498,4455231,56.638,0.014,0.9908576963163571,0.11312445164348447,0.9988231037961766,0.014,0.9848395803430301
4285107,K01333.01,1,FALSE POSITIVE,0.0,2.243016513,40.967316,1.37,0.26,-0.12,0.017126,0.01432,-0.002055,0.945,0.071,-0.065,5462,1.7712146833312357,1.4869776798521623,-0.24497524837074622,1499,4285107,2.243,1.0,0.988502806658182,0.007676099563604146,0.999910029304955,1.0,0.0
4243911,K01337.01,1,CANDIDATE,1.0,1.922799706,24.998684,1.28,0.11,-0.05,0.014398,0.0006519999999999,-0.000412,0.8,0.036,-0.034,5191,1.2605950918701232,0.08047738927197175,-0.06458717866504479,1540,4243911,1.923,5.3e-05,0.990816026832634,0.02566618542551912,0.9997558306563967,5.3e-05,0.9997028435973719
4466677,K01338.01,1,CANDIDATE,1.0,3.222975318,26.349789,1.47,0.4,-0.21,0.014062,0.0004089999999999,-0.000413,0.986,0.046,-0.044,5823,1.5174258010948907,0.08342366155346918,-0.08106464382714938,1541,4466677,3.223,0.00015,0.990711239001769,0.023714241162526368,0.9997722580805889,0.00015,0.9996222922418768
4466677,K01338.02,2,CANDIDATE,0.999,42.0370662,12.082628,1.66,0.45,-0.24,0.015824,0.0037479999999999,-0.00108,0.986,0.046,-0.044,5823,1.7075626423357664,0.4122163765990106,-0.13924264059753375,1542,4466677,42.037,0.0018,0.9911693619880523,0.12673660687420948,0.9987069925303909,0.0018,0.9969093199438361
4466677,K01338.03,3,CANDIDATE,0.754,21.0112068,7.701652,1.4,0.38,-0.2,0.0133789999999999,0.003282,-0.0020239999999999,0.986,0.046,-0.044,5823,1.4437234954379452,0.36050738527173,-0.22771308889922462,1543,4466677,21.011,0.02,0.9913383816376024,0.12290799072208203,0.9987756316685532,0.02,0.9788001190351822
11913073,K00011.01,1,FALSE POSITIVE,0.0,3.747838198,98.60031,13.65,3.11,-1.04,0.151387,1.08874,-0.03297,0.953,0.071,-0.064,5514,15.789374986266674,113.5595955848778,-3.5984815441788607,392,11913073,3.748,1.0,0.6260312570307035,9.339605569344813e-05,0.9999442033164933,1.0,0.0
11152159,K00761.01,1,FALSE POSITIVE,0.0,2.7012878010000003,39.745068,6.54,1.64,-0.75,0.06584,3.758761,-0.032101,0.833,0.072,-0.065,5550,6.002308032972564,342.668092383113,-2.963732562204439,1317,11152159,2.701,1.0,0.9888044650242747,0.008496364800189189,0.9999029773187257,1.0,0.0
8395660,K00116.01,1,CANDIDATE,1.0,13.57078281,76.76886999999999,2.64,0.4,-0.27,0.023908,0.000413,-0.002627,1.049,0.046,-0.044,5854,2.7447461905990433,0.12936305107022236,-0.3228184613238006,104,8395660,13.571,0.0035,0.9093140500739534,0.0005980501331131491,0.9999403207297568,0.0035,0.9964405296072028
8395660,K00116.02,2,CANDIDATE,0.998,43.84439721,65.59482,2.87,0.43,-0.3,0.025934,2.7e-05,-0.003042,1.049,0.046,-0.044,5854,2.9773401249370752,0.13059698729293368,-0.3708924847810193,105,8395660,43.844,0.00035,0.9469384501212008,0.0024167010583032488,0.9998642524680469,0.00035,0.9995142999796831
8395660,K00116.03,3,CANDIDATE,0.95,6.1648760000000005,11.552998,0.79,0.13,-0.08,0.007192,0.002592,-0.000407,1.049,0.046,-0.044,5854,0.8256740255474452,0.2997679068608927,-0.05816087345183957,106,8395660,6.165,0.21,0.9913036964215004,0.07412201233698622,0.9992977020367874,0.21,0.7894451846090621
8395660,K00116.04,4,CANDIDATE,0.952,23.9800854,10.87813,1.31,0.2,-0.13,0.011879,0.000305,-0.002656,1.049,0.046,-0.044,5854,1.3637627571576894,0.06929967993243814,-0.31023993941328193,107,8395660,23.98,0.0015,0.9912676694414838,0.10365181793841993,0.9989813161824139,0.0015,0.9974828442081404
11391957,K00765.01,1,CANDIDATE,1.0,8.35389523,36.34974,2.52,0.54,-0.24,0.029305,0.000955,-0.000532,0.722,0.056,-0.051,5592,2.315593804587214,0.1948116589250979,-0.1688823162437016,664,11391957,8.354,0.0003,0.9893848173400397,0.01215722986217426,0.9998679589307352,0.0003,0.999567998543056
5792202,K00841.01,2,CANDIDATE,1.0,15.33528675,84.09906,5.0,0.49,-0.18,0.0559999999999999,0.001045,-0.005222,0.761,0.049,-0.046,5251,4.663974200855768,0.31266584103734174,-0.5182969371546153,1014,5792202,15.335,0.048,0.8404940334570902,0.00035074987879481554,0.9999334125807119,0.048,0.9519366087768377
5792202,K00841.02,1,CANDIDATE,1.0,31.33046135,110.02644,6.5,0.64,-0.23,0.072904,0.000828,-0.002069,0.761,0.049,-0.046,5251,6.071828127485526,0.39699398063520797,-0.40546109769120064,1015,5792202,31.33,0.019,0.301089633391044,6.312148235823083e-05,0.9998534687403934,0.019,0.9808562528343259
5792202,K00841.03,3,CANDIDATE,1.0,6.54626149,24.029488,2.19,0.22,-0.08,0.024555,0.005751,-0.001612,0.761,0.049,-0.046,5251,2.0450694018216717,0.49674460471231935,-0.18249932384936468,1016,5792202,6.546,0.0013,0.9908387402366013,0.029889671395004456,0.9997151263821696,0.0013,0.9984154967178729
5792202,K00841.04,4,FALSE POSITIVE,0.0,269.306232,12.659717,24.0,2.35,-0.85,0.269007,69.53709,-1.071674,0.761,0.049,-0.046,5251,22.404316211600175,5791.414354000258,-89.26491448275465,1017,5792202,269.306,1.0,0.9858860640706099,0.8821969880601649,0.8927911616858011,1.0,0.0
5792202,K00841.05,5,FALSE POSITIVE,0.0,499.47338,9.648741,3.71,0.36,-0.14,0.041532,0.009834,-0.005308,0.761,0.049,-0.046,5251,3.4590031519632514,0.8487699621948928,-0.48902950781301624,1018,5792202,499.473,0.0012,0.92800379841376,0.9927421854885712,0.0,0.0012,0.0
8247638,K00907.01,1,CANDIDATE,1.0,16.51410989,43.083504,2.72,0.27,-0.24,0.028718,0.000169,-0.000905,0.828,0.045,-0.042,5527,2.6023636472438962,0.14225951732989017,-0.15540446008427103,726,8247638,16.514,9.1e-05,0.9871863937207664,0.008392128618325018,0.9998901489075606,9.1e-05,0.99979915890401
8247638,K00907.02,2,CANDIDATE,1.0,30.1329298,32.878609999999995,3.14,0.32,-0.27,0.03322,0.003077,-0.00395,0.828,0.045,-0.042,5527,3.0103252441479986,0.32328514603357733,-0.38915036193979785,727,8247638,30.133,0.0034,0.989498001246152,0.023115783900112572,0.9997488561345744,0.0034,0.9963497100237169
8247638,K00907.03,4,CANDIDATE,1.0,4.79090809,16.134592,1.36,0.14,-0.12,0.014349,0.000597,-0.000504,0.828,0.045,-0.042,5527,1.3002756450415303,0.08899737934902026,-0.08022513448904872,728,8247638,4.791,0.00091,0.9911958852981243,0.05203100656900829,0.9995124779122905,0.00091,0.9986029215573903
8247638,K00907.04,3,CANDIDATE,1.0,99.6415962,19.405544,2.64,0.27,-0.23,0.027879,0.001176,-0.000776,0.828,0.045,-0.042,5527,2.526335264346841,0.1738043677970834,-0.1461731602304489,729,8247638,99.642,0.036,0.9901530908053232,0.18637994233781377,0.9977218877880211,0.036,0.9618038998276522
8255887,K00908.01,1,CANDIDATE,1.0,4.7083264510000005,619.7065,10.6,2.85,-2.56,0.080242,0.0001629999999999,-0.0001149999999999,1.142,0.095,-0.086,5560,10.028853894223507,0.8345228827415899,-0.7553744383687864,763,8255887,4.708,0.0012,4.6734498611208915e-21,3.3850784119774215e-22,0.927567888549776,0.0012,0.9264548070835164
7626506,K00150.01,1,CANDIDATE,1.0,8.408878137,132.78516000000002,2.28,0.19,-0.2,0.025693,0.000347,-0.0001419999999999,0.913,0.039,-0.037,5551,2.5672552465548706,0.11501434908602381,-0.10500296894854225,290,7626506,8.409,1.7e-05,0.067126492302762,7.271935595930135e-06,0.9998989393730241,1.7e-05,0.9998819410910547
7626506,K00150.02,2,CANDIDATE,1.0,28.5742692,87.12114,2.32,0.19,-0.2,0.0261089999999999,0.0005269999999999,-0.000231,0.913,0.039,-0.037,5551,2.608822139582799,0.12325414606193989,-0.10821469158643342,291,7626506,28.574,2.4e-06,0.776409037111136,0.00035136919048353945,0.9998987768222868,2.4e-06,0.9998963770652225
8415745,K01138.01,1,FALSE POSITIVE,0.0,31.82814583,85.956215,35.8,11.17,-3.74,0.356333,67.82807,-0.0037799999999999,1.029,0.095,-0.086,5908,40.12868003946954,7638.504541728363,-3.3807136854897872,1837,8415745,31.828,1.0,0.7874557056462421,0.0004071954306208692,0.9998900480106117,1.0,0.0
6387450,K01228.01,1,FALSE POSITIVE,0.0,3.661326482,1846.5966,12.07,1.66,-1.5,0.138476,0.000571,-0.000609,1.125,0.091,-0.083,5319,17.049454497545934,1.3809021721817623,-1.2601036928140326,1571,6387450,3.661,0.16,1.903556791287067e-69,2.7640581528637795e-63,0.0,0.16,0.0
11414511,K00767.01,1,CANDIDATE,1.0,2.816504904,1328.3038,12.21,1.62,-0.87,0.117059,0.001834,-0.000297,0.96,0.047,-0.044,5534,12.298708225522274,0.6322042194530382,-0.5645538099948059,666,11414511,2.817,0.00098,5.350221767153374e-49,6.152304157967646e-46,0.0,0.00098,0.0
11460018,K00769.01,1,CANDIDATE,1.0,4.280963604,52.913242,2.3,0.58,-0.19,0.025377,0.0001409999999999,-0.000935,0.961,0.083,-0.075,5644,2.6689910840202615,0.2309929089285384,-0.23034380584856295,668,11460018,4.281,6.9e-07,0.9824199946282262,0.0031828977804459766,0.9999428614754777,6.9e-07,0.9999421715149033
11465813,K00771.01,1,FALSE POSITIVE,0.0,670.645531,96.96236,14.14,2.13,-0.71,0.131705,0.000242,-0.0003259999999999,1.112,0.058,-0.055,5520,16.02841230996728,0.8365329067347531,-0.7937643056827867,670,11465813,670.646,1.0,0.0006704901040639517,0.9305674653023994,0.0,1.0,0.0
6022556,K00844.01,1,CANDIDATE,1.0,3.709870784,88.43494,4.35,0.64,-0.28,0.040686,0.000711,-0.000254,1.042,0.063,-0.058,5722,4.639766975270577,0.29200603285875515,-0.2598788696020507,1056,6022556,3.71,1.1e-09,0.8049416068054599,0.00020434063859194214,0.9999504728012097,1.1e-09,0.9999504717012643
2854698,K00986.01,1,CANDIDATE,1.0,8.18739443,40.58191,1.92,0.13,-0.14,0.020743,0.000388,-0.000741,0.931,0.041,-0.039,5251,2.113511931805311,0.10112409765486903,-0.11635711830541964,1827,2854698,8.187,0.00026,0.9883919080319238,0.008776849579711787,0.9998960082521237,0.00026,0.999636035289978
2854698,K00986.02,2,CANDIDATE,0.881,76.04981629999999,12.8004465,1.75,0.11,-0.13,0.018858,0.00107,-0.000699,0.931,0.041,-0.039,5251,1.921448585546187,0.13800782651621638,-0.10747639785663593,1828,2854698,76.05,0.0054,0.9909557988895153,0.20053855612687502,0.9977106284179755,0.0054,0.9923229910245185
7295235,K00987.01,1,CANDIDATE,1.0,3.1792672860000004,41.68947,1.21,0.14,-0.06,0.0129169999999999,0.000373,-0.000349,0.916,0.038,-0.036,5511,1.2949129940221396,0.06545197880975034,-0.06175799463236187,1829,7295235,3.179,0.0017,0.988262489475647,0.007384130472872511,0.9999116468921313,0.0017,0.9982117970924146
8312852,K01143.01,1,FALSE POSITIVE,0.0,7.44042933,30.965673,2.74,0.77,-0.26,0.0286009999999999,0.034821,-0.006305,0.956,0.078,-0.071,5815,2.9924201184872787,3.6513682519826447,-0.6960996448616756,1842,8312852,7.44,0.099,0.9902250424201994,0.018008595111394812,0.9998189689278717,0.099,0.9008368910040124
8302450,K01144.01,1,FALSE POSITIVE,0.0,2.44199803,21.772808,1.44,0.35,-0.12,0.016528,0.011259,-0.003238,1.077,0.092,-0.084,5970,1.9481368580417822,1.3374791081480184,-0.41079295213284656,1843,8302450,2.442,1.0,0.9909922439509757,0.03296751177568365,0.9996901214852802,1.0,0.0
8313667,K01145.01,1,CANDIDATE,0.996,30.5872153,22.413473,2.32,0.39,-0.24,0.01965,0.000729,-0.00033,1.094,0.05,-0.048,5944,2.352682555688397,0.13849277779516167,-0.11052878182310098,1844,8313667,30.587,1.0,0.9907351162395764,0.0507322909934093,0.9995002207911241,1.0,0.0
6546528,K01235.01,1,FALSE POSITIVE,0.0,3.0535632510000004,43.582928,21.79,5.1,-1.82,0.231182,5.729058,-0.107823,1.014,0.079,-0.072,5764,25.65520133457085,635.7798738653953,-12.103428243038158,1614,6546528,3.054,1.0,0.9876588035174861,0.006373486952396208,0.9999198498651665,1.0,0.0
11507101,K00773.01,1,CANDIDATE,1.0,38.3775486,31.946487,2.82,0.37,-0.34,0.024901,0.000184,-0.001271,0.972,0.05,-0.047,5476,2.64890576711553,0.13765924299728588,-0.1862427404784746,672,11507101,38.378,0.001,0.9894693921954741,0.028586344207387024,0.9996868117296027,0.001,0.9986871249178731
11812062,K00776.01,1,CANDIDATE,1.0,3.728732147,360.1958,6.02,1.22,-0.52,0.068178,0.002209,-0.001842,0.798,0.064,-0.058,5497,5.954298516675057,0.5150351737258184,-0.4617010887458798,710,11812062,3.729,2.9e-05,8.152823510969683e-11,1.6263760668907e-13,0.998005137650079,2.9e-05,0.9979761955010872
6276477,K00849.01,1,CANDIDATE,1.0,10.35533116,43.478497,2.47,0.59,-0.31,0.024674,0.000863,-0.00039,0.856,0.066,-0.06,5501,2.3115153443241883,0.19570454033254742,-0.16609047666020524,1061,6276477,10.355,0.00042,0.9873468674731529,0.007306261545670599,0.9999056790347718,0.00042,0.9994857186495772
6291653,K00850.01,1,CANDIDATE,0.999,10.526294577,488.70584,8.24,1.48,-0.8,0.0951429999999999,0.000586,-0.00148,0.954,0.078,-0.071,5386,9.933645825792839,0.8144861043129843,-0.7552726041658893,1062,6291653,10.526,0.005,6.409052194354546e-16,9.134153211986841e-18,0.9857480436498353,0.005,0.9808193034315861
6392727,K00851.01,1,CANDIDATE,1.0,4.583520948,212.06973,5.39,1.6,-0.53,0.056287,0.001029,-0.0004059999999999,1.021,0.089,-0.08,5815,6.289517065803548,0.5601809069925868,-0.4948960382369189,1063,6392727,4.584,0.0008,5.620464628792033e-05,1.5049035128653448e-08,0.9997322607555907,0.0008,0.9989324749469862
6422070,K00852.01,1,CANDIDATE,0.876,3.76181843,29.971922,2.66,0.73,-0.26,0.025656,0.0002009999999999,-0.004673,1.113,0.096,-0.087,5653,3.1251262505663226,0.2706623101204767,-0.619416318863208,1097,6422070,3.762,2.8e-05,0.9903880033681993,0.01821101727178075,0.9998199785353273,2.8e-05,0.9997919835759284
8552202,K00914.01,1,CANDIDATE,1.0,3.886655224,41.233078000000006,1.87,0.36,-0.15,0.023262,0.002814,-0.001107,1.004,0.085,-0.077,5662,2.5560198360181223,0.3774025634249138,-0.23070116422799594,771,8552202,3.887,1.5e-05,0.9883679451230316,0.007742313844634923,0.9999081701043366,1.5e-05,0.9998931714817851
8628973,K00916.01,1,CANDIDATE,1.0,3.314947362,105.955894,3.94,1.11,-0.37,0.038195,0.0001899999999999,-0.003621,0.846,0.067,-0.061,5609,3.5363914593820787,0.28062076776302997,-0.42121072930051107,773,8628973,3.315,0.00019,0.4648793693188623,5.256850534971835e-05,0.9999394854397743,0.00019,0.9997494969375407
8672910,K00918.01,1,CANDIDATE,0.996,39.6431552,487.53952,10.98,0.72,-0.99,0.1116849999999999,7.4e-05,-0.0001419999999999,0.815,0.04,-0.037,5236,9.961756295227147,0.4889651053704706,-0.45242883521412247,808,8672910,39.643,0.008,5.027928101729666e-16,1.674757817269427e-17,0.9666908956654872,0.008,0.9589573685001632
8644288,K00137.01,2,CANDIDATE,1.0,7.641567589,366.27887,4.91,0.3,-0.33,0.042627,0.000225,-8.6e-05,0.923,0.039,-0.037,5356,4.305959350569468,0.183356070164136,-0.1728300586256785,238,8644288,7.642,6.5e-06,4.47723615778961e-11,1.0906230929673953e-13,0.9975640706576954,6.5e-06,0.997557586491236
8644288,K00137.02,1,CANDIDATE,1.0,14.85890852,399.39264,5.94,0.37,-0.4,0.05159,7.5e-05,-0.00057,0.923,0.039,-0.037,5356,5.211355312264032,0.2203284046962193,-0.21669553294558258,239,8644288,14.859,0.014,2.0290080381985453e-12,9.649567755114632e-15,0.9952441944174542,0.014,0.9813107756956098
8644288,K00137.03,3,CANDIDATE,1.0,3.504691252,50.787594,2.03,0.13,-0.14,0.017643,0.001689,-0.001489,0.923,0.039,-0.037,5356,1.7822047252233828,0.18649373274901898,-0.16651591270119914,240,8644288,3.505,7.5e-05,0.9840751734521175,0.0036965153981113924,0.9999399590845105,7.5e-05,0.9998649635875791
10154388,K00991.01,1,CANDIDATE,0.999,12.06222962,27.932955,1.62,0.21,-0.13,0.0159449999999999,0.000269,-0.000666,0.871,0.038,-0.036,5547,1.5199389144695348,0.07109703506254007,-0.08931412655900449,1833,10154388,12.062,0.002,0.9904812495571743,0.024530517546490303,0.9997583277939625,0.002,0.9977588111383745
8240904,K01070.01,1,CANDIDATE,1.0,6.61836309,27.650803000000003,2.98,0.49,-0.66,0.0211,0.000735,-0.000478,1.121,0.071,-0.066,5530,2.5886392005411527,0.18711589334806703,-0.1633016690509162,1517,8240904,6.618,5.1e-06,0.990571612417212,0.022803569834995725,0.9997778877469762,5.1e-06,0.9997727888797487
8240904,K01070.02,2,CANDIDATE,1.0,107.7214092,20.731815,4.75,0.79,-1.05,0.033622,0.00121,-0.000603,1.121,0.071,-0.066,5530,4.1248922843883715,0.3004849819499986,-0.253874863903723,1518,8240904,107.721,0.00043,0.9898212748052312,0.19267254660091887,0.9975458182520875,0.00043,0.9971168735502391
8280511,K01151.01,1,CANDIDATE,1.0,10.43547031,29.555204,1.22,0.13,-0.09,0.013143,0.0003799999999999,-0.000267,0.856,0.037,-0.035,5528,1.2312655495846967,0.06402919375925938,-0.05621526760194538,1884,8280511,10.435,6.1e-06,0.9903392984928936,0.021105328509787444,0.9997896798888516,6.1e-06,0.9997835811718042
8280511,K01151.02,2,CANDIDATE,0.997,7.41084314,21.517443,0.94,0.1,-0.08,0.010073,0.000381,-0.000304,0.856,0.037,-0.035,5528,0.9436611033224263,0.05420087701643478,-0.04795646268673822,1885,8280511,7.411,4.7e-05,0.9909726267177511,0.03658191368326362,0.9996540993578953,4.7e-05,0.9996071156152254
8280511,K01151.03,3,CANDIDATE,0.975,5.24970432,12.187006,0.67,0.07,-0.06,0.007159,0.000399,-0.000335,0.856,0.037,-0.035,5528,0.6706710849484017,0.04730310896001016,-0.04167624636248891,1886,8280511,5.25,0.001,0.9912932222786843,0.06977762403701457,0.9993411527827888,0.001,0.998341811630006
8280511,K01151.04,4,CANDIDATE,0.895,17.453294500000002,8.376621,0.76,0.08,-0.06,0.008165,0.000399,-0.000474,0.856,0.037,-0.035,5528,0.7649154083815756,0.04990353516152457,-0.05431399313979842,1887,8280511,17.453,0.0024,0.9913348931572814,0.11103430952382493,0.9989082436522866,0.0024,0.9965108638675212
8280511,K01151.05,5,CANDIDATE,0.795,21.7203362,7.773399,0.8,0.08,-0.07,0.00856,0.000482,-0.0005269999999999,0.856,0.037,-0.035,5528,0.801919889252454,0.05692488760378525,-0.05926680249146032,1888,8280511,21.72,0.27,0.9913355877812412,0.12366866402998906,0.9987665835488344,0.27,0.729099605990649
8689031,K00920.01,1,CANDIDATE,1.0,21.80451611,43.653084,2.6,0.47,-0.19,0.0336529999999999,0.004907,-0.002737,0.782,0.061,-0.056,5481,2.8801426224200766,0.47627702048989407,-0.3121036593463063,810,8689031,21.805,0.00018,0.9866600633757574,0.008817700586697641,0.99987972149356,0.00018,0.9996997431436911
11359879,K00128.01,1,CANDIDATE,0.996,4.942783419,1927.6256,10.62,1.44,-0.73,0.099444,0.000194,-0.0002109999999999,1.229,0.056,-0.053,5514,13.375620043606846,0.610025155971372,-0.5775145707133815,196,11359879,4.943,0.055,1.1930481675137466e-72,5.474216570807793e-66,0.0,0.055,0.0
8826878,K00922.01,1,CANDIDATE,1.0,5.15448142,44.139656,2.94,0.63,-0.39,0.0304149999999999,0.001275,-0.005944,0.821,0.065,-0.059,5431,2.732841433661582,0.24482141210528072,-0.5690430477842503,814,8826878,5.154,0.0005,0.9873560994243274,0.006337694342455358,0.9999183230083216,0.0005,0.9994183638468175
1718189,K00993.01,1,CANDIDATE,1.0,21.85362905,19.608992,1.75,0.47,-0.16,0.018296,0.003946,-0.001116,0.825,0.037,-0.035,5830,1.651937286055877,0.3639039471662222,-0.12273841719880735,1871,1718189,21.854,0.0024,0.9909728496614579,0.05376864566193301,0.9994823685179083,0.0024,0.9970836108334653
1718189,K00993.02,2,CANDIDATE,1.0,13.0607936,16.736902,1.45,0.38,-0.13,0.015111,0.005684,-0.001135,0.825,0.037,-0.035,5830,1.3643651251415807,0.5168406655619205,-0.1176954183603398,1872,1718189,13.061,0.91,0.9911415175323786,0.05719970682034846,0.9994577522540806,0.91,0.08995119770286722
1718189,K00993.03,3,FALSE POSITIVE,0.149,86.723653,7.6761084,1.43,0.39,-0.12,0.014997,0.00394,-0.00133,0.825,0.037,-0.035,5830,1.3540721184400957,0.3608869447663094,-0.1331180288800894,1873,1718189,86.724,0.15,0.9911183096561275,0.3100898274263275,0.9959722259536149,0.15,0.8465763920605727
1431122,K00994.01,1,CANDIDATE,0.99,4.298920099999999,15.994445,2.12,0.27,-0.27,0.019694,0.0019809999999999,-0.005939,0.873,0.04,-0.038,5300,1.8816187536810973,0.20798085801181415,-0.5733088710877868,1874,1431122,4.299,0.029,0.9912019213387496,0.05213370511068917,0.9995118006285435,0.029,0.9705259584103157
3858949,K00995.01,1,FALSE POSITIVE,0.0,25.9518461,42.296284,22.32,3.73,-1.99,0.256824,6.671369,-0.1529569999999999,0.727,0.055,-0.05,5372,20.43400391605839,530.804591528014,-12.250782100305202,1875,3858949,25.952,1.0,0.9870034504435541,0.010518983882870949,0.9998600168637247,1.0,0.0
8229696,K01072.01,1,CANDIDATE,0.998,10.12805158,33.04488,1.95,0.24,-0.11,0.02174,0.002811,-0.0017829999999999,0.885,0.042,-0.039,5676,2.105650394852756,0.29002175911979433,-0.19604481453299377,1520,8229696,10.128,3.1e-06,0.989904457975302,0.016121225434462285,0.9998328937011276,3.1e-06,0.9998297942191571
10514770,K01156.01,1,FALSE POSITIVE,0.0,1.872421727,137.55992,5.65,0.81,-0.73,0.062711,0.002527,-0.000468,0.966,0.087,-0.078,5337,6.629859244934559,0.6541406469014069,-0.5376118342621762,1928,10514770,1.872,0.16,0.0480203630750831,4.48167196022552e-06,0.9999111527007865,0.16,0.8399253682686606
6690082,K01240.01,1,CANDIDATE,1.0,2.1395563,40.34683,1.76,0.27,-0.24,0.014957,0.000254,-0.000507,0.988,0.044,-0.042,5534,1.6172788008431915,0.07708336198400975,-0.08793192119000111,1622,6690082,2.14,7.2e-05,0.988671366527046,0.008034554117862419,0.999907190847793,7.2e-05,0.999835197530052
6690082,K01240.02,2,CANDIDATE,1.0,4.807103253999999,23.289696,2.96,0.45,-0.41,0.025102,0.000111,-0.005209,0.988,0.044,-0.042,5534,2.714242993833375,0.12147162793051063,-0.5749385534475872,1623,6690082,4.807,0.25,0.9908963718525972,0.03065856508760971,0.9997094229441342,0.25,0.7497820672081007
12070811,K00785.01,1,CANDIDATE,1.0,12.3935651,31.608551,2.66,0.54,-0.23,0.032536,2.5e-05,-0.0046619999999999,0.793,0.065,-0.059,5557,2.8237146195570104,0.23146218733711998,-0.45589481847725116,754,12070811,12.394,2.7e-05,0.990063137075285,0.018697875104799484,0.9998087612380733,2.7e-05,0.9997817664015198
12110942,K00786.01,1,CANDIDATE,1.0,3.689920099,31.786789,1.89,0.54,-0.2,0.018878,0.000671,-0.00037,1.201,0.104,-0.094,5880,2.481318107318147,0.23226496794990525,-0.20020468297536406,755,12110942,3.69,1e-05,0.9901859993885284,0.015851190241170307,0.9998403641584654,1e-05,0.9998303657548239
6599919,K00858.01,1,FALSE POSITIVE,0.0,13.61014819,209.14677,19.02,4.92,-2.28,0.192842,0.311636,-0.088824,0.91,0.07,-0.063,5697,19.205537889189532,31.071621984320682,-8.945532916949215,1105,6599919,13.61,0.95,6.578496806330402e-05,2.2125498674252716e-08,0.9996636915044598,0.95,0.049983184575223036
6784235,K00863.01,1,CANDIDATE,1.0,3.167893418,55.665585,2.62,0.78,-0.26,0.025513,0.000588,-0.000292,1.071,0.096,-0.086,5895,2.9904356092845457,0.27676887887652224,-0.24255523363055387,1144,6784235,3.168,0.0004,0.9800175586514516,0.0025257012186217552,0.9999483708530409,0.0004,0.9995483915046998
6849310,K00864.01,1,CANDIDATE,1.0,4.311780262,68.72953000000001,3.11,0.39,-0.21,0.030716,0.000643,-0.0004309999999999,0.879,0.051,-0.048,5522,2.954860548514976,0.18225996363934147,-0.1665993954572819,1145,6849310,4.312,4e-07,0.9543154702830983,0.0009428955328249078,0.9999548195595833,4e-07,0.9999544195776555
6849310,K00864.02,2,CANDIDATE,1.0,20.0504494,29.427977,2.69,0.33,-0.18,0.026569,0.000508,-0.000927,0.879,0.051,-0.048,5522,2.5559216666719102,0.1561404844128028,-0.16562908863411135,1146,6849310,20.05,5.1e-05,0.9902102778226965,0.02516984825255542,0.9997447330548775,5.1e-05,0.9996937460734917
6849310,K00864.03,3,CANDIDATE,1.0,9.76734503,17.335663,2.67,0.33,-0.18,0.026407,0.0018789999999999,-0.004856,0.879,0.051,-0.048,5522,2.5403373650421597,0.2332337302953341,-0.48730627385010855,1147,6849310,9.767,0.0017,0.9911357713751692,0.05181667769837514,0.999511251936077,0.0017,0.9978120828077857
9140402,K00928.01,1,CANDIDATE,1.0,2.494170338,37.2115,2.42,0.24,-0.12,0.026777,0.0009199999999999,-0.00062,0.805,0.042,-0.039,5569,2.3590723185407754,0.14737271625857842,-0.12667248817700819,853,9140402,2.494,0.00086,0.9893674457905424,0.0102727422047611,0.9998884548099443,0.00086,0.9990285507388077
2165002,K00999.01,1,CANDIDATE,1.0,16.56806842,31.120844,2.54,0.15,-0.11,0.032537,0.0011,-0.0008449999999999,0.727,0.038,-0.035,4987,2.5887813655140954,0.16115178389457457,-0.14160934683727205,1878,2165002,16.568,9.7e-05,0.9900548220010419,0.02085965619504529,0.9997859991402606,9.7e-05,0.9996890198983439
2165002,K00999.02,2,CANDIDATE,1.0,47.3329299,13.270042000000002,2.18,0.13,-0.09,0.0279269999999999,0.000971,-0.001898,0.727,0.038,-0.035,4987,2.221990263229919,0.13949091119308313,-0.18506270920607137,1879,2165002,47.333,0.041,0.9911032954547749,0.12699803430446852,0.998694153812989,0.041,0.9577476935066565
10426656,K01161.01,1,CANDIDATE,1.0,6.05729966,27.37242,1.94,0.21,-0.26,0.017666,0.000605,-0.000458,1.233,0.057,-0.054,5330,2.3838820215517247,0.13714930508781914,-0.1213250346208233,1933,10426656,6.057,1.5e-05,0.9906015554105306,0.023061514341153833,0.9997760363260741,1.5e-05,0.9997610396855293
10426656,K01161.02,2,CANDIDATE,0.991,10.93725572,20.159246,2.41,0.27,-0.32,0.021998,0.002892,-0.003403,1.233,0.057,-0.054,5330,2.968449943965517,0.4136759833839955,-0.47725504595563356,1934,10426656,10.937,0.0017,0.9910155112883764,0.04295378980305889,0.9995931058040466,0.0017,0.9978937975241797
10426656,K01161.03,3,CANDIDATE,0.961,2.97136658,19.352438,1.52,0.17,-0.2,0.013899,0.000395,-0.000575,1.233,0.057,-0.054,5330,1.8755562219827586,0.10177810682979509,-0.11299387367691095,1935,10426656,2.971,1.5e-05,0.9910942710558033,0.039819693805595816,0.9996273512840597,1.5e-05,0.9996123568737905
6441738,K01246.01,1,CANDIDATE,1.0,19.03723442,22.91305,5.74,1.29,-0.93,0.018189,0.0007769999999999,-0.000452,1.145,0.057,-0.054,5248,2.27928044904669,0.1495154453869891,-0.12150393921743907,1762,6441738,19.037,0.00031,0.9908049947066343,0.040218095972422346,0.9996111225635531,0.00031,0.9993012431155583
6541920,K00157.01,2,CANDIDATE,1.0,13.02493307,94.94626,2.88,0.19,-0.18,0.025235,0.0004059999999999,-0.000174,1.098,0.048,-0.045,5657,3.0324182719292727,0.14125744027802836,-0.1260260624697251,337,6541920,13.025,4e-07,0.6753544065840678,0.0001459143391227825,0.9999298481511534,4e-07,0.9999294481792141
6541920,K00157.02,3,CANDIDATE,1.0,22.687155,93.95543,3.2,0.21,-0.21,0.028022,0.000553,-0.000183,1.098,0.048,-0.045,5657,3.3673241456707776,0.1615096420007721,-0.1397461640047726,360,6541920,22.687,3.2e-06,0.6697946293873978,0.00018692429334950106,0.9999078300383216,3.2e-06,0.9999046303332655
6541920,K00157.03,1,CANDIDATE,1.0,31.99552485,102.289505,4.12,0.27,-0.26,0.036106,0.0002549999999999,-0.002135,1.098,0.048,-0.045,5657,4.338755463692424,0.19213166956483752,-0.3121548049687383,361,6541920,31.996,0.044,0.46231088157798517,0.00011596624799877986,0.9998651102020052,0.044,0.955871045353117
6541920,K00157.04,5,CANDIDATE,0.998,46.6856205,40.456486,2.52,0.16,-0.16,0.022055,0.000437,-0.000381,1.098,0.048,-0.045,5657,2.6502867044739498,0.12720475828671038,-0.11787316406101006,362,6541920,46.686,0.0035,0.9866232360987524,0.017386284286382694,0.9997601036296102,0.0035,0.9962609432669066
6541920,K00157.05,4,CANDIDATE,0.997,118.3786735,57.47981600000001,3.4,0.22,-0.22,0.029761,0.000512,-0.000212,1.098,0.048,-0.045,5657,3.576294836175434,0.16801139921489391,-0.14876694755090664,363,6541920,118.379,0.00034,0.9398338999909165,0.016696916752672295,0.9989129497102442,0.00034,0.9985733193073427
6541920,K00157.06,6,CANDIDATE,1.0,10.30401132,40.980724,1.84,0.12,-0.12,0.016083,0.000396,-0.000175,1.098,0.048,-0.045,5657,1.9326484274792348,0.0969668008708836,-0.08195097878814989,364,6541920,10.304,0.0012,0.9881937345105894,0.008836074068976015,0.9998934914899045,0.0012,0.9986936193001166
12470844,K00790.01,1,CANDIDATE,1.0,8.47237911,39.867977,2.59,0.37,-0.22,0.030119,0.000904,-0.000397,0.834,0.066,-0.06,5354,2.7490969422036238,0.2326761436221435,-0.2010688748490618,760,12470844,8.472,1.2e-05,0.9885779254776859,0.009315380909098014,0.9998913576181564,1.2e-05,0.999879358921865
12470844,K00790.02,2,CANDIDATE,0.989,60.41893689999999,15.139797,2.36,0.34,-0.2,0.027422,0.001196,-0.000917,0.834,0.066,-0.06,5354,2.502929590926252,0.2261636228102725,-0.19856877086476646,761,12470844,60.419,0.00047,0.9909412596548228,0.13705749243097198,0.9985480862455968,0.00047,0.9980787686450614
6862328,K00865.01,1,CANDIDATE,1.0,119.0207044,165.9875,8.98,1.23,-1.35,0.077431,0.000688,-0.000272,0.904,0.049,-0.046,5451,7.660669993833376,0.42077744588960275,-0.39074062066473686,1148,6862328,119.021,0.00064,0.0009376577522466572,3.9973320199491504e-06,0.9957408768340388,0.00064,0.995103602672865
9159275,K00930.01,1,FALSE POSITIVE,0.0,3.0447707960000003,33.146595,24.54,4.89,-1.96,0.298444,0.360598,-0.1025119999999999,0.826,0.071,-0.064,5525,26.979031493959223,32.68007356733071,-9.499822178581878,856,9159275,3.045,1.0,0.9900221061119474,0.014135908128492884,0.999855489083833,1.0,0.0
9166870,K00932.01,1,FALSE POSITIVE,0.0,3.855599139,74.89582,3.57,1.0,-0.33,0.033907,0.000135,-0.003737,0.892,0.072,-0.065,5936,3.3100737966901583,0.26750568114671164,-0.4373431355485504,858,9166870,3.856,0.00017,0.9284885945856267,0.0005816242495572976,0.9999551777230304,0.00017,0.9997851853428176
10157458,K01083.01,1,CANDIDATE,1.0,7.33685101,18.445663,1.52,0.45,-0.14,0.016434,0.000754,-0.000395,0.91,0.073,-0.066,5795,1.636696412975082,0.1512526462355271,-0.12505411620744988,1604,10157458,7.337,9.3e-05,0.9911069790133284,0.04584869115263575,0.9995688399884559,9.3e-05,0.999475880086337
10157458,K01083.02,2,CANDIDATE,0.819,4.57797412,7.873112700000001,0.96,0.28,-0.09,0.010324,0.00065,-0.000754,0.91,0.073,-0.066,5795,1.0281887408759123,0.10485098777960103,-0.10582932866672184,1605,10157458,4.578,0.0006,0.9913690040185279,0.09367299176723154,0.9991001812318181,0.0006,0.998500721123079
10528068,K01162.01,1,CANDIDATE,0.999,158.6850022,89.57583000000001,3.08,0.44,-0.49,0.027275,0.000603,-0.000218,1.123,0.049,-0.046,5751,3.3521849440756353,0.16397017530698335,-0.1399007947498326,1936,10528068,158.685,3e-06,0.3749581201180194,0.002913721724392089,0.9951287357779703,3e-06,0.995125750391763
10468940,K01163.01,1,CANDIDATE,1.0,2.936527336,29.484695,1.92,0.21,-0.26,0.01755,0.003477,-0.000647,0.794,0.036,-0.034,5359,1.525039452240121,0.30995135002655266,-0.08617162154542299,1937,10468940,2.937,6.9e-05,0.9904477581015761,0.0186255002882856,0.9998169596167191,6.9e-05,0.9997479722465056
10468940,K01163.02,2,CANDIDATE,1.0,8.01500821,22.859743,2.0,0.22,-0.27,0.018282,0.003879,-0.001133,0.794,0.036,-0.034,5359,1.58864793537629,0.3446829251558641,-0.11967032499886797,1972,10468940,8.015,0.00062,0.9908967731583395,0.03344974060295401,0.9996820672523409,0.00062,0.9990622643706445
10337517,K01165.01,1,CANDIDATE,1.0,7.053934488,48.294144,2.36,0.2,-0.17,0.025075,0.000226,-0.00413,0.856,0.036,-0.035,5357,2.3490819185753837,0.10103638347728437,-0.3986513413025359,1974,10337517,7.054,0.01,0.9853189319314173,0.00476589809460829,0.9999286489566633,0.01,0.9899293624670967
10337517,K01165.02,2,CANDIDATE,1.0,4.29263699,9.91662,0.68,0.06,-0.05,0.0072349999999999,0.0004019999999999,-0.000495,0.856,0.036,-0.035,5357,0.6777909344324095,0.04723179903168534,-0.05402278224152805,1975,10337517,4.293,0.00092,0.9913381975682118,0.0807565175802606,0.999232402667779,0.00092,0.9983131088573246
2713049,K00794.01,1,CANDIDATE,1.0,2.539183147,34.037075,2.06,0.29,-0.28,0.017724,0.000507,-0.0004799999999999,1.029,0.056,-0.052,5525,1.9960001600176187,0.1227173462635243,-0.11443830116631891,799,2713049,2.539,4.8e-05,0.9899056675911648,0.013094095253042712,0.9998647044414976,4.8e-05,0.9998167109356844
9334289,K00934.01,1,CANDIDATE,1.0,5.826657507999999,61.85785,4.09,0.6,-0.49,0.035356,0.000729,-0.000371,0.931,0.07,-0.064,5561,3.6024358993833374,0.28085990653727827,-0.2505117492638483,860,9334289,5.827,5.8e-06,0.9708730502282366,0.001644022077953846,0.999950596833762,5.8e-06,0.9999447971203004
9334289,K00934.02,3,CANDIDATE,0.998,12.41216347,18.328804,2.58,0.38,-0.31,0.0222699999999999,0.00099,-0.000547,0.931,0.07,-0.064,5561,2.2690985258305965,0.1981980154906968,-0.16564327105720905,861,9334289,12.412,0.00015,0.9910855805797304,0.0503786226879082,0.9995228249656195,0.00015,0.9993728965418747
9334289,K00934.03,2,CANDIDATE,1.0,18.74649011,19.490282,3.05,0.45,-0.37,0.026327,0.000298,-0.001573,0.931,0.07,-0.064,5561,2.682467754357538,0.20396202465029836,-0.24431860291253124,862,9334289,18.746,0.0064,0.9909986209532203,0.0514791345692665,0.999507030161665,0.0064,0.9931101851686304
6047498,K01013.01,1,FALSE POSITIVE,0.0,0.51872711,12.037272,19.07,3.68,-1.57,0.229228,0.977822,-0.0567809999999999,0.941,0.076,-0.069,5572,23.606996970739992,100.7188392563033,-6.098408595482179,1962,6047498,0.519,1.0,0.9913088189798995,0.0652270980081878,0.9993882249397892,1.0,0.0
10148521,K01084.01,1,FALSE POSITIVE,0.0,1.204274435,27.417156,1.19,0.32,-0.11,0.012855,0.003406,-0.000428,0.985,0.075,-0.068,5668,1.3857719524760885,0.3820282474334367,-0.10621220553730785,1606,10148521,1.204,0.54,0.9906500006686332,0.021129024404271776,0.999796274529768,0.54,0.4599062862836933
3247268,K01089.01,1,CANDIDATE,0.934,86.67856052,229.12724,9.83,1.48,-1.2,0.083303,0.000106,-0.000883,1.099,0.054,-0.051,5822,10.01940172931349,0.4924741499431636,-0.47693377835536305,1611,3247268,86.679,0.0044,4.467309972546542e-06,1.732184419021477e-08,0.9961225508830456,0.0044,0.9917396116591602
3247268,K01089.02,2,CANDIDATE,1.0,12.21828097,81.52411,5.1,0.76,-0.62,0.043209,0.003588,-0.0035329999999999,1.099,0.054,-0.051,5822,5.197031671391265,0.5014437267921836,-0.4886060204281945,1612,3247268,12.218,0.11,0.8720457312332862,0.00040474977126912044,0.9999405874836367,0.11,0.8899471228604366
10485179,K01167.01,1,FALSE POSITIVE,0.0,0.445275074,8.112607,1.21,0.21,-0.08,0.0153289999999999,0.092786,-0.001296,1.162,0.088,-0.08,5346,1.949410980147231,11.800652597370457,-0.2125470247264993,1977,10485179,0.445,1.0,0.9913732203284144,0.08617281132243944,0.9991794260807232,1.0,0.0
10482160,K01170.01,1,CANDIDATE,0.965,7.34373964,25.57594,1.84,0.4,-0.14,0.022075,0.000666,-0.000678,0.899,0.069,-0.062,5757,2.171920175638686,0.17911538350072764,-0.16397005152151264,1979,10482160,7.344,0.035,0.9907280553683988,0.02698900307286524,0.9997404114921058,0.035,0.9647494970898821
8848271,K01256.01,1,FALSE POSITIVE,0.0,9.991625291,244.16704,38.93,10.98,-7.31,0.325317,0.228807,-0.153784,0.932,0.07,-0.063,5874,33.18227258853511,23.47096287963409,-15.845496675161067,1805,8848271,9.992,1.0,2.8547793665412745e-06,1.3945781295061902e-09,0.9995114949454298,1.0,0.0
3120431,K00798.01,1,FALSE POSITIVE,0.0,3.341913228,32.72262,21.55,3.54,-1.89,0.243351,11.27268,-0.134916,0.846,0.073,-0.066,5295,22.531336510854516,1043.714581473564,-12.614643633415202,803,3120431,3.342,1.0,0.990073588049892,0.014674699889281181,0.9998506812266469,1.0,0.0
3351888,K00801.01,1,CANDIDATE,1.0,1.625522174,712.5235,9.73,1.41,-1.42,0.0805429999999999,8.7e-05,-0.0001149999999999,0.971,0.055,-0.051,5543,8.559147041294352,0.4849007998071029,-0.4497196290863963,807,3351888,1.626,0.00034,1.0578855738147209e-24,2.500554622435166e-25,0.7636271176836072,0.00034,0.7633674844635948
3453214,K00802.01,1,CANDIDATE,1.0,19.620346923,353.8584,13.6,1.82,-0.92,0.137595,1e-05,-0.003638,0.953,0.063,-0.058,5710,14.35089572575824,0.9486956737620825,-0.9522619349811273,841,3453214,19.62,0.19,1.198540936325222e-10,3.513977906244526e-13,0.9970681202457726,0.19,0.8076251773990759
3554600,K00803.01,2,FALSE POSITIVE,0.0,7.544039,12.162734,17.47,4.12,-1.65,0.194187,33.64184,-0.905118,1.003,0.103,-0.091,5657,21.315942547775606,3692.8715857560724,-99.37378901585592,842,3554600,7.544,1.0,0.991287339085188,0.0725896966547131,0.9993120540505821,1.0,0.0
7109675,K00872.01,1,CANDIDATE,1.0,33.60123371,173.7981,8.46,0.4,-0.5,0.083298,0.00069,-0.002152,0.809,0.039,-0.037,5149,7.375076870028946,0.36074571818090706,-0.38739718282352686,1193,7109675,33.601,0.0056,0.0012823007387455236,4.813108358870582e-07,0.9996251317124873,0.0056,0.9940272309748973
7109675,K00872.02,2,CANDIDATE,1.0,6.76652928,16.790316,1.97,0.09,-0.12,0.019382,0.0003799999999999,-0.0009339999999999,0.809,0.039,-0.037,5149,1.716052484992449,0.08930675816133966,-0.11400992776781907,1194,7109675,6.767,1.0,0.991167494414372,0.051270931446611503,0.9995184228524441,1.0,0.0
7270230,K00876.01,1,FALSE POSITIVE,0.0,6.998099523,551.317,588.66,128.5,-46.16,6.502574,46.98216,-1.349775,0.888,0.08,-0.072,5612,631.9485542786307,4566.286525849707,-140.82917420804694,1199,7270230,6.998,,2.266736024115883e-18,6.872076414659304e-20,0.9696829434854917,1.0,0.0
9406990,K00937.01,1,CANDIDATE,1.0,20.83426731,38.21066,2.74,0.69,-0.22,0.028495,0.000673,-0.000659,0.798,0.064,-0.058,5537,2.4885994929838913,0.20806148498013122,-0.1898115047096587,980,9406990,20.834,0.00012,0.9885852914818516,0.013128299589391048,0.9998463974360987,0.00012,0.9997264158684064
8176653,K01016.01,1,FALSE POSITIVE,0.0,2.866680334,36.521767,2.93,0.47,-0.22,0.035102,0.003956,-0.009908,0.873,0.067,-0.061,5238,3.353741316731689,0.45728356337778553,-0.9752114847155755,1967,8176653,2.867,0.86,0.9894890504598342,0.010898661354772455,0.9998829521806213,0.86,0.139983613305287
3329204,K01095.01,1,CANDIDATE,0.997,51.59809554,81.96965,6.57,1.9,-0.59,0.070071,0.001149,-0.001167,1.125,0.1,-0.091,5681,8.627287949518625,0.7798093676059282,-0.7124899915072463,1650,3329204,51.598,0.5,0.8070264511516665,0.0007859047165984996,0.9998119292061234,0.5,0.4999059646030617
3240706,K01098.01,1,FALSE POSITIVE,0.0,5.48990788,29.506588,23.6,6.18,-2.21,0.2251659999999999,18.29642,-0.143862,0.91,0.073,-0.066,5982,22.42475261798388,1822.1796018709588,-14.419534098355204,1651,3240706,5.49,1.0,0.9904122035838345,0.019439114632616005,0.9998080868488667,1.0,0.0
8612847,K01264.01,1,CANDIDATE,1.0,14.13175309,33.003277000000004,3.02,0.76,-0.25,0.033654,0.000337,-0.004031,0.783,0.066,-0.06,5616,2.883911362226278,0.24479766760386584,-0.41006959191176123,1850,8612847,14.132,3.8e-05,0.9898314969305475,0.01734131328715164,0.9998187095022054,3.8e-05,0.9997807163912443
3641726,K00804.01,1,CANDIDATE,1.0,9.02930689,47.37303,2.57,0.44,-0.26,0.028718,0.000882,-0.000544,0.892,0.071,-0.065,5349,2.8035125281902844,0.2391848580601191,-0.2110816120409387,843,3641726,9.029,2.4e-05,0.9856781650585152,0.005296221804896444,0.99992263653275,2.4e-05,0.9998986383894732
3836375,K00807.01,1,FALSE POSITIVE,0.0,1.540397253,32.004185,25.69,7.44,-2.33,0.257087,6.80822,-0.09651,0.837,0.077,-0.069,5663,23.54989797984835,623.6560146721785,-9.051243954480627,847,3836375,1.54,1.0,0.9901939775841362,0.01501754473059669,0.9998490117886204,1.0,0.0
7366258,K00880.01,2,CANDIDATE,1.0,26.44439337,67.97784,3.91,0.43,-0.29,0.038511,0.00088,-0.000357,0.854,0.046,-0.043,5427,3.5993669308142455,0.21060139291456034,-0.18427867847743593,1237,7366258,26.444,0.0098,0.946592275201735,0.0014785759265338024,0.9999164536723952,0.0098,0.9901172724264057
7366258,K00880.02,1,CANDIDATE,0.983,51.53997972,112.0813,5.51,0.62,-0.41,0.05435,0.000727,-0.000517,0.854,0.046,-0.043,5427,5.079732873458344,0.2819262327495996,-0.2602954622233705,1238,7366258,51.54,0.016,0.21935149858452685,7.709100736768595e-05,0.9997256202053207,0.016,0.9837300102820355
7366258,K00880.03,3,CANDIDATE,1.0,5.9022457820000005,43.151917,2.43,0.27,-0.18,0.023909,0.000453,-0.000375,0.854,0.046,-0.043,5427,2.2346151475899823,0.12759498711917744,-0.1178482475028288,1239,7366258,5.902,0.0011,0.9876781486246202,0.006926336058496249,0.9999129873059909,0.0011,0.9988130830199543
7366258,K00880.04,4,CANDIDATE,1.0,2.382951591,23.52045,1.86,0.21,-0.13,0.018369,0.0037119999999999,-0.000508,0.854,0.046,-0.043,5427,1.7168282088786808,0.35904911939920586,-0.0986252762757689,1240,7366258,2.383,1.0,0.9909014051129991,0.028903278126571678,0.9997267070061502,1.0,0.0
2716853,K01022.01,1,CANDIDATE,1.0,18.82744023,25.10813,2.7,0.78,-0.25,0.028791,0.001045,-0.000663,0.939,0.084,-0.075,5687,2.9587331486439714,0.28563554848368533,-0.24594635821747632,1332,2716853,18.827,0.00012,0.9906488722064136,0.03404917877505657,0.9996672670056409,0.00012,0.9995473069336002
2716853,K01022.02,2,FALSE POSITIVE,0.04,68.832195,7.4401913,2.35,0.67,-0.23,0.024975,0.000358,-0.003101,0.939,0.084,-0.075,5687,2.5665784581078532,0.23252697358923122,-0.37891868372005966,1333,2716853,68.832,0.037,0.991203284955728,0.2500924532400451,0.9970402798189559,0.037,0.9601497894656545
8559644,K00139.01,1,CANDIDATE,1.0,224.7789355,153.20587,7.67,1.33,-1.2,0.056891,0.000478,-0.000822,1.123,0.049,-0.046,5873,6.992086293433802,0.3106913530250701,-0.3037034304877859,242,8559644,224.779,0.0018,0.0008439379769943513,6.984951236411849e-05,0.9172979048366745,0.0018,0.9156467686079685
8559644,K00139.02,2,CANDIDATE,1.0,3.341799486,35.878597,1.67,0.29,-0.26,0.01238,0.00202,-0.000237,1.123,0.049,-0.046,5873,1.521541690473194,0.2569879991596293,-0.06879566222459887,243,8559644,3.342,1.0,0.9895933249954414,0.011542055657172902,0.9998772051359273,1.0,0.0
3231341,K01102.01,1,CANDIDATE,1.0,12.33343853,26.762255,4.12,0.61,-0.84,0.030411,5.720139,-0.005212,1.111,0.059,-0.055,5896,3.6976705621853765,695.5111780247653,-0.6596345776718453,1655,3231341,12.333,0.99,0.9905832092242769,0.02691080737779412,0.9997371027534868,0.99,0.009997371027534877
3231341,K01102.02,2,CANDIDATE,1.0,8.14515981,24.346912,3.43,0.5,-0.7,0.025296,0.001749,-0.005273,1.111,0.059,-0.055,5896,3.0757382046312607,0.2681490329560386,-0.6589760805278432,1656,3231341,8.145,0.016,0.9908051275251742,0.030002356515742862,0.9997129601772898,0.016,0.9837175528144532
3231341,K01102.03,3,CANDIDATE,1.0,18.9985279,15.231214,43.17,6.37,-8.74,0.318792,73.13847,-6.931319,1.111,0.059,-0.055,5896,38.761888588346345,8892.899764143122,-842.7805944541504,1657,3231341,18.999,1.0,0.9911657643904813,0.07037032415306115,0.9993253131313573,1.0,0.0
3231341,K01102.04,5,CANDIDATE,0.999,4.24439049,12.186046,2.07,0.3,-0.42,0.015253,0.000215,-0.003249,1.111,0.059,-0.055,5896,1.854610801519632,0.10190001375785068,-0.4055743379282682,1680,3231341,4.244,0.00057,0.9912959930284175,0.0686345587447681,0.9993529488606885,0.00057,0.998783317679838
3544689,K01183.01,1,FALSE POSITIVE,0.0,1.922861499,171.71877,5.09,1.21,-0.44,0.051164,0.0008939999999999,-0.0010949999999999,0.86,0.067,-0.061,5778,4.815555551220739,0.38448556448015064,-0.35677818713390563,1353,3544689,1.923,1.0,0.0022610606050068685,3.2217335818855153e-07,0.9998578344129523,1.0,0.0
8813698,K01268.01,1,CANDIDATE,0.996,268.9410974,133.10529,13.57,2.3,-2.31,0.095141,0.000859,-0.0017329999999999,1.18,0.059,-0.056,5803,12.286641166310094,0.624267480802944,-0.6245694006380584,1854,8813698,268.941,0.42,0.0030800791720467604,0.0007194563178038731,0.7669680907840785,0.42,0.4448414926547656
8564587,K01270.01,1,CANDIDATE,1.0,5.729317577000001,41.12044,2.41,0.38,-0.2,0.028094,0.003956,-0.0013109999999999,0.825,0.037,-0.035,5320,2.536594125188774,0.3748643588408163,-0.15997478752702707,1856,8564587,5.729,0.0013,0.9883305085397711,0.008066590319535275,0.999903980992731,0.0013,0.9986041058174405
8564587,K01270.02,2,CANDIDATE,1.0,11.60908533,21.786615,1.71,0.26,-0.15,0.019868,0.000851,-0.000294,0.825,0.037,-0.035,5320,1.7938724310974072,0.11124940253180979,-0.08060033171357485,1857,8564587,11.609,0.01,0.9909299404595645,0.03852161211085956,0.9996332820952332,0.01,0.9896369492742808
3935914,K00809.01,1,CANDIDATE,1.0,1.5947453740000002,1015.921,11.3,3.09,-1.33,0.115879,0.000387,-0.000621,1.129,0.103,-0.093,5934,14.317992687940471,1.3071222751952234,-1.1819205300581839,849,3935914,1.595,0.00016,1.1399283315670212e-36,1.7343690250551463e-35,0.0,0.00016,0.0
9513865,K00943.01,1,CANDIDATE,1.0,3.6014653360000004,42.125446,2.31,0.11,-0.18,0.0247639999999999,0.000907,-0.000389,0.856,0.05,-0.047,5053,2.3199467450289357,0.1599470854783341,-0.13249066606291918,904,9513865,3.601,0.00016,0.9881140994838725,0.00719508844128758,0.999912823944536,0.00016,0.9997528378927047
5735762,K00148.01,2,CANDIDATE,1.0,4.77800306,83.910446,1.85,0.13,-0.14,0.0193759999999999,0.000441,-0.00016,0.846,0.036,-0.034,5192,1.7939814351875063,0.08657325729149595,-0.07360472958332272,286,5735762,4.778,1.1e-06,0.8579686967061176,0.0002951443644921126,0.9999511262882469,1.1e-06,0.999950026342008
5735762,K00148.02,1,CANDIDATE,1.0,9.673958488,134.0802,2.63,0.2,-0.19,0.027629,0.000307,-0.000293,0.846,0.036,-0.034,5192,2.5581086433111,0.11250560164208279,-0.10632711908316012,287,5735762,9.674,1.3e-05,0.05927926765477856,6.7302461499539835e-06,0.9998931949575475,1.3e-05,0.999880196346013
5735762,K00148.03,3,CANDIDATE,0.998,42.89645024,44.07612,2.0,0.15,-0.15,0.02097,0.000602,-0.0002299999999999,0.846,0.036,-0.034,5192,1.9415664066826075,0.09966317499844893,-0.08088351972415726,288,5735762,42.896,0.00017,0.9850284141713411,0.01236111797556752,0.9998097701706974,0.00017,0.9996398025097684
3557341,K01190.01,1,FALSE POSITIVE,0.0,0.393727296,7.880389,23.05,5.79,-1.94,0.261231,0.1507359999999999,-0.123162,1.043,0.103,-0.092,5628,29.81895893973383,17.456358582823295,-14.30260888461946,1393,3557341,0.394,1.0,0.9913764403886098,0.08751939014090294,0.9991656877617392,1.0,0.0
3859628,K01191.01,1,CANDIDATE,1.0,8.17242644,31.579298,3.29,0.44,-0.19,0.033266,0.000847,-0.005804,0.905,0.054,-0.05,5705,3.294827013749056,0.2137480878591425,-0.6029897134763268,1394,3859628,8.172,0.0019,0.9901386756524772,0.017411512591764676,0.9998235165242078,0.0019,0.9979238518428117
8806072,K01273.01,1,CANDIDATE,0.927,40.05881661,46.182766,3.43,0.98,-0.31,0.03618,9.5e-05,-0.003812,0.861,0.066,-0.059,5668,3.4092211153410514,0.2614872963005173,-0.4284895834632424,1892,8806072,40.059,0.0049,0.9839300454030561,0.010016217861132293,0.9998347558439119,0.0049,0.9949355655402767
8583696,K01275.01,1,CANDIDATE,0.936,50.28635977,91.00462,3.88,0.62,-0.56,0.030461,0.000503,-0.000226,1.192,0.053,-0.05,5900,3.9737804395922467,0.18847798527148482,-0.16927274678662957,1893,8583696,50.286,0.0019,0.6560758531100453,0.00038275984908341115,0.999799275099257,0.0019,0.9978996564765684
8804283,K01276.01,1,CANDIDATE,1.0,22.79020351,40.07861,2.57,0.36,-0.36,0.02233,0.000728,-0.00039,0.98,0.046,-0.044,5478,2.394959945255474,0.13687214490732177,-0.11537800531788359,1894,8804283,22.79,0.00017,0.9879618257132562,0.011784766193915148,0.9998546918783326,0.00017,0.9996847165807133
8804283,K01276.02,2,CANDIDATE,1.0,13.26079792,14.653385,1.47,0.2,-0.21,0.0127599999999999,0.00065,-0.0004969999999999,0.98,0.046,-0.044,5478,1.3685485401459745,0.09479781691962397,-0.08134426226446388,1895,8804283,13.261,0.00053,0.9912065438497034,0.06672090970399233,0.9993657713376085,0.00053,0.9988361074787996
4275191,K00813.01,1,CANDIDATE,1.0,3.895936525,375.5263,7.34,1.53,-0.65,0.08689,0.000424,-0.00262,1.063,0.098,-0.088,5557,10.108495390605334,0.9332260178320401,-0.8906090888413619,889,4275191,3.896,0.00012,2.0216991888277165e-11,5.0026202259037774e-14,0.9975255368091117,0.00012,0.9974058337446946
4476123,K00814.01,1,CANDIDATE,0.999,22.36646466,25.599396,2.32,0.38,-0.16,0.028938,0.000601,-0.001166,0.987,0.089,-0.08,5395,3.1258571032909637,0.2892450849118475,-0.2829415459905592,890,4476123,22.366,9.2e-05,0.9905694805977103,0.034876870605383734,0.9996559627591142,9.2e-05,0.9995639944105403
4664847,K00816.01,1,CANDIDATE,1.0,7.748094238999999,106.29421,5.52,1.7,-0.56,0.046615,0.0026449999999999,-0.001294,1.14,0.123,-0.108,5973,5.815860695633022,0.7089832330051297,-0.5741420584035077,892,4664847,7.748,0.00045,0.4442511498217732,5.5403431071239025e-05,0.9999306876321782,0.00045,0.9994807188227438
9761882,K00948.01,1,CANDIDATE,1.0,24.58716355,30.480999,2.37,0.41,-0.21,0.028979,0.005072,-0.00156,0.911,0.076,-0.069,5474,2.8892507021300027,0.5601932383282059,-0.26847628958170344,944,9761882,24.587,0.00038,0.9899981854585099,0.025151741593811283,0.999739339369667,0.00038,0.9993594384207064
5802486,K01039.01,1,FALSE POSITIVE,0.0,1.073917869,64.74856,33.01,10.6,-3.55,0.315181,1.868964,-0.042601,0.988,0.09,-0.081,5962,34.08006617159577,202.11222090656923,-5.387512457563831,1378,5802486,1.074,1.0,0.9662782708125083,0.0012097805740089586,0.9999577292504804,1.0,0.0
8609450,K01278.01,2,CANDIDATE,1.0,24.8056775,32.728817,2.16,0.22,-0.22,0.022674,0.0006309999999999,-0.000465,1.162,0.067,-0.062,5600,2.883485195633023,0.18461175758593346,-0.16482526588603882,1897,8609450,24.806,4.8e-05,0.9896485382451561,0.021315841878677275,0.9997721858865292,4.8e-05,0.9997241968216065
8609450,K01278.02,1,CANDIDATE,1.0,44.3471936,31.948462,2.45,0.25,-0.25,0.0257319999999999,0.000605,-0.000582,1.162,0.067,-0.062,5600,3.2723754544424737,0.20376624317105085,-0.18964130283739317,1898,8609450,44.347,3.6e-05,0.9893171591872345,0.03167200974081873,0.9996468132911234,3.6e-05,0.9996108260058448
8609450,K01278.03,4,CANDIDATE,0.896,9.220769099999998,11.264972,1.02,0.11,-0.1,0.010738,0.000475,-0.000721,1.162,0.067,-0.062,5600,1.3655669061792095,0.09923977091799562,-0.1171152265957407,1899,8609450,9.221,0.00024,0.9913013957033194,0.07953579128991692,0.9992417724550081,0.00024,0.9990019544296189
8609450,K01278.04,3,CANDIDATE,0.992,13.639664800000002,11.99926,1.1,0.11,-0.11,0.0115859999999999,0.000609,-0.000569,1.162,0.067,-0.062,5600,1.4734082859929396,0.11495889292115569,-0.10684783440842122,1900,8609450,13.64,0.00047,0.991273224119434,0.08114165062006073,0.9992225799816852,0.00047,0.9987529453690939
8609450,K01278.05,5,FALSE POSITIVE,0.174,203.250506,7.603864999999999,1.35,0.14,-0.13,0.014194,0.003854,-0.002269,1.162,0.067,-0.062,5600,1.805071397495595,0.5010477014310851,-0.30420097806133795,1901,8609450,203.251,0.05,0.98990177322117,0.7781407072055624,0.9642205608693999,0.05,0.9160095328259299
8628758,K01279.01,1,CANDIDATE,1.0,14.37457572,42.90383,1.94,0.29,-0.24,0.016643,0.000446,-0.000215,1.065,0.048,-0.045,5768,1.9398344892870627,0.10171613558371877,-0.0857100379156087,1902,8628758,14.375,9e-08,0.9873637595564486,0.008194050269435519,0.9998942664988795,9e-08,0.9998941765083955
8628758,K01279.02,2,CANDIDATE,0.971,9.65188331,16.245525,1.08,0.16,-0.14,0.009238,0.000463,-0.000271,1.065,0.048,-0.045,5768,1.0767404321356655,0.07257633484474199,-0.05538595205138588,1938,8628758,9.652,7.7e-05,0.9911727647814886,0.05599534681635585,0.9994717334120499,7.7e-05,0.9993947740885771
4932348,K00819.01,1,FALSE POSITIVE,0.0,38.036729482,1785.2972,27.5,5.28,-2.27,0.27018,0.000275,-0.000331,0.959,0.086,-0.077,5575,28.35667202586206,2.543097883144063,-2.277078101645168,929,4932348,38.037,0.91,3.3022229371415024e-67,5.7380356042143586e-61,0.0,0.91,0.0
5021899,K00821.01,1,CANDIDATE,1.0,21.81295996,31.218940000000003,3.38,0.91,-0.49,0.0309519999999999,0.001019,-0.0008439999999999,0.848,0.072,-0.065,5601,2.8725528295997886,0.2615888864180391,-0.23370141587845733,931,5021899,21.813,0.00016,0.9899458309846317,0.02267786662935774,0.9997643327613492,0.00016,0.9996043704681074
7458762,K00887.01,1,CANDIDATE,1.0,7.41113177,42.620125,2.45,0.77,-0.25,0.0244379999999999,0.000303,-0.001726,1.104,0.09,-0.082,5849,2.952692286433414,0.24347669079544598,-0.30263443824224817,1284,7458762,7.411,0.00089,0.9877922293426918,0.007408284003958816,0.999907760331567,0.00089,0.999017842424872
7552344,K00888.01,1,FALSE POSITIVE,0.0,1.000747038,40.07125,4.14,0.75,-0.57,0.047993,0.00014,-0.006948,1.028,0.087,-0.079,5472,5.399511474767179,0.4572339218865924,-0.8849983524383477,1285,7552344,1.001,0.58,0.9887792307789829,0.008042947728634401,0.9999079877455828,0.58,0.4199613548531448
757450,K00889.01,1,CANDIDATE,0.999,8.884922995,474.02078,10.51,0.56,-0.57,0.114124,0.000396,-0.000266,0.962,0.047,-0.044,5332,12.015324732821545,0.5885059740547137,-0.550270580560343,1286,757450,8.885,0.0027,2.4807975911602815e-15,2.7525027285009688e-17,0.9889047670059466,0.0027,0.9862347241350305
9766437,K00949.01,1,CANDIDATE,1.0,12.53248222,52.609734,3.24,0.94,-0.32,0.032795,0.002946,-0.00159,1.052,0.09,-0.081,5997,3.775781295305814,0.4683886279100736,-0.34355493101907547,945,9766437,12.532,1.5e-05,0.9817544998920946,0.0037694133758100407,0.9999296819583532,1.5e-05,0.9999146830131238
8742590,K01281.01,1,CANDIDATE,0.989,49.4781446,17.370657,1.88,0.52,-0.17,0.020297,0.001022,-0.000583,0.834,0.063,-0.057,5776,1.852598712968789,0.16818471660637413,-0.13734393012926213,1940,8742590,49.478,0.067,0.9908980801246935,0.09924198050581484,0.9989879748476672,0.067,0.9320557805328735
5272878,K00826.01,1,CANDIDATE,1.0,6.365839713,58.17086,2.44,0.6,-0.21,0.026275,0.003895,-0.000741,0.943,0.076,-0.069,5776,2.7116764728322424,0.45754587654497375,-0.2126426869790724,936,5272878,6.366,0.00017,0.9765666738125516,0.002204277495623061,0.9999469901387716,0.00017,0.999776999150448
5287983,K00828.01,1,FALSE POSITIVE,0.0,2.507089906,50.679256,30.26,9.57,-3.19,0.295115,16.48755,-0.342634,1.097,0.105,-0.094,5926,35.43083336482192,1979.460528824153,-41.2477391416387,938,5287983,2.507,1.0,0.9842344940526282,0.003662287019312169,0.9999411217166193,1.0,0.0
5358241,K00829.01,1,CANDIDATE,1.0,18.64932728,36.000114,3.12,0.47,-0.28,0.027096,0.000733,-0.000426,1.09,0.074,-0.068,5776,3.2323258633274605,0.23622195594785023,-0.20795453574801342,939,5358241,18.649,1.4e-05,0.989180365302918,0.014948290432806289,0.9998340147072122,1.4e-05,0.9998200170310063
5358241,K00829.02,3,CANDIDATE,0.998,9.75192101,24.258644,2.76,0.43,-0.24,0.0240419999999999,0.000898,-0.005325,1.09,0.074,-0.068,5776,2.8680092414422234,0.22223202980037998,-0.6599450383582502,962,5358241,9.752,7.8e-05,0.9907970301753449,0.03104660940121048,0.9997023851529732,7.8e-05,0.9996244083669312
5358241,K00829.03,2,CANDIDATE,1.0,38.557654600000006,32.640865000000005,4.02,0.62,-0.36,0.03498,0.003036,-0.005546,1.09,0.074,-0.068,5776,4.172821032595016,0.45980567567476105,-0.7109648831614903,963,5358241,38.558,0.0038,0.989331274484924,0.027221316771530734,0.9996982370700404,0.0038,0.9958993837691742
7708215,K00894.01,1,FALSE POSITIVE,0.0,7.942617599999999,69.78485,4.68,1.46,-0.48,0.046289,0.000918,-0.001387,0.944,0.077,-0.069,5811,4.782260711552982,0.4014425368879184,-0.3777821152133836,635,7708215,7.943,1.0,0.9489915599897668,0.0009270361547890779,0.9999501254308142,1.0,0.0
9820483,K00953.01,1,CANDIDATE,1.0,3.584101048,152.47115,4.66,1.34,-0.44,0.046303,0.0006889999999999,-0.000371,0.971,0.091,-0.082,5739,4.920529226041404,0.46691780153053625,-0.4174000123021828,1705,9820483,3.584,2.3e-06,0.01259930523392044,1.463357757196115e-06,0.9998853172810914,2.3e-06,0.9998830175448616
9823457,K00954.01,1,CANDIDATE,1.0,8.11528727,49.552048,3.1,0.9,-0.3,0.031988,0.0006519999999999,-0.005034,0.919,0.046,-0.044,5926,3.2172592216838662,0.17387778029722925,-0.5292182019656261,1706,9823457,8.115,0.0081,0.9844850135120629,0.0044091660452192614,0.9999302060373026,0.0081,0.9918307713684005
9823457,K00954.02,2,CANDIDATE,1.0,36.9250409,30.908642,3.01,0.88,-0.29,0.031099,7.900000000000001e-05,-0.003502,0.919,0.046,-0.044,5926,3.1278462090517247,0.15676397778392678,-0.3827352101967176,1707,9823457,36.925,0.00032,0.9896859703305586,0.030131956438026773,0.999676223261792,0.00032,0.9993563268703481
5956342,K01052.01,1,CANDIDATE,1.0,17.02902786,24.106216,2.54,0.38,-0.41,0.0218389999999999,0.000718,-0.000538,0.973,0.059,-0.055,5839,2.3255680071576785,0.16040967197732628,-0.1433969989252475,1425,5956342,17.029,5.7e-05,0.9907418553310845,0.03557251412456594,0.999655326072095,5.7e-05,0.9995983457185089
5956342,K01052.02,2,CANDIDATE,0.945,6.84619236,16.315655,1.67,0.25,-0.27,0.014341,0.000666,-0.000565,0.973,0.059,-0.055,5839,1.527129025626101,0.11663877015503525,-0.10522104765714663,1426,5956342,6.846,4.4e-05,0.9911821730464971,0.05315097235557607,0.9995006114670403,4.4e-05,0.9994566334401357
5956342,K01052.03,3,CANDIDATE,0.765,67.83216379999999,12.3348,2.39,0.35,-0.38,0.02055,0.001091,-0.0006349999999999,0.973,0.059,-0.055,5839,2.188306357758621,0.1763647484259472,-0.14097240732013266,1427,5956342,67.832,0.00062,0.9910302262882742,0.1835311198510766,0.9979654673460099,0.00062,0.9973467287562554
5956342,K01052.04,4,CANDIDATE,0.815,43.13121470000001,8.868775,2.39,0.35,-0.39,0.020505,0.005549,-0.001363,0.973,0.059,-0.055,5839,2.1835144460263023,0.6055480008775003,-0.19052567731641723,1428,5956342,43.131,0.026,0.9912554285847816,0.15933380380810103,0.9983279960851653,0.026,0.972371468186951
2849805,K01116.01,1,CANDIDATE,1.0,3.749105745,32.216377,1.68,0.26,-0.13,0.015686,0.000628,-0.003078,1.056,0.045,-0.043,5751,1.81284045607853,0.10599737719815401,-0.3633047649736157,1721,2849805,3.749,0.00031,0.990131883818134,0.015358624564929112,0.9998445411497381,0.00031,0.9995345893419816
3962243,K01203.01,1,CANDIDATE,0.999,31.8841473,21.641197,3.7,0.6,-0.2,0.03477,1.3e-05,-0.007395,0.914,0.058,-0.053,5778,3.4780381553611877,0.22071084728178686,-0.7667215293479199,1480,3962243,31.884,0.017,0.9907769706004401,0.05485651930183591,0.9994597084264156,0.017,0.9824688933831666
3962243,K01203.02,2,CANDIDATE,0.985,14.12847677,18.86908,2.73,0.44,-0.15,0.0256579999999999,0.002889,-0.00293,0.914,0.058,-0.053,5778,2.566566091177941,0.33172105532196244,-0.3287092780312123,1481,3962243,14.128,0.0002,0.9910540426623875,0.04984473206941546,0.9995264627250056,0.0002,0.9993265574324606
3962243,K01203.03,3,CANDIDATE,0.829,48.64785429999999,10.06212,4.14,0.67,-0.23,0.038915,69.74292,-0.650998,0.914,0.058,-0.053,5778,3.892661915901082,6976.374373838318,-65.11962857358013,1482,3962243,48.648,0.97,0.9912044148506186,0.1601140327456865,0.9983083497372011,0.97,0.02994925049211606
10843203,K01287.01,1,FALSE POSITIVE,0.0,4.429633087,189.43683,32.12,5.68,-3.05,0.363622,4.790401,-0.137441,1.108,0.103,-0.093,5344,44.09337757097911,580.9060466713396,-17.072293808202613,1945,10843203,4.43,0.99,0.0004397183578364043,8.59292180976552e-08,0.9998046671482033,0.99,0.009998046671482042
10682541,K00751.01,1,CANDIDATE,1.0,4.99677968,24.283327,2.78,0.52,-0.23,0.030014,0.004603,-0.002436,0.847,0.072,-0.065,5339,2.7822153615970295,0.4878472778035444,-0.3107690857510752,1268,10682541,4.997,0.0022,0.9908356537742585,0.028555479287065547,0.9997281237233842,0.0022,0.9975287218511927
10797460,K00752.01,1,CANDIDATE,1.0,9.48803557,28.47082,2.26,0.26,-0.15,0.022344,0.000832,-0.000528,0.949,0.053,-0.05,5465,2.3206550527309338,0.15577014008678497,-0.13400300714597996,1269,10797460,9.488,0.00068,0.9904623132809888,0.022530350606058038,0.9997780425296764,0.00068,0.9990981934607562
10797460,K00752.02,2,CANDIDATE,0.969,54.4183827,20.109507,2.83,0.32,-0.19,0.027954,0.009078,-0.001347,0.949,0.053,-0.05,5465,2.903311463660961,0.9566847943322199,-0.20729408352518328,1270,10797460,54.418,0.0058,0.9906728692224475,0.08873658495815988,0.9990831958453864,0.0058,0.9932885133094831
7849854,K00897.01,1,CANDIDATE,1.0,2.052349884,943.8128,13.12,2.01,-1.18,0.11123,0.000372,-0.000762,1.142,0.067,-0.062,5855,13.901814743581673,0.8169296985216289,-0.7607244945894965,640,7849854,2.052,0.0013,7.922368713224421e-34,4.5400879663185944e-33,0.0,0.0013,0.0
11449844,K00125.01,1,CANDIDATE,0.92,38.47876629,1014.9963,13.26,1.78,-0.59,0.138123,9.7e-05,-7e-05,0.814,0.035,-0.033,5510,12.30478027866222,0.5291458830323017,-0.49888142010419995,192,11449844,38.479,0.00094,7.971715704836977e-37,3.582207511167854e-35,0.0,0.00094,0.0
5866099,K01055.01,1,FALSE POSITIVE,0.0,36.97708808,70.08346999999999,38.6,11.56,-11.56,0.285292,70.50946,-0.09797,0.883,0.066,-0.059,5589,27.569808709602313,6813.834293697008,-9.645096180454894,1431,5866099,36.977,1.0,0.9308376161455328,0.001515089131086415,0.999887256190497,1.0,0.0
6311681,K01122.01,1,FALSE POSITIVE,0.0,0.844786082,53.33355699999999,35.27,9.14,-4.93,0.353039,0.2462909999999999,-0.194194,1.017,0.084,-0.076,5705,39.294077090532966,27.60422997499196,-21.812806454663885,1750,6311681,0.845,1.0,0.9824467242770243,0.0029000856975578415,0.9999480337571781,1.0,0.0
6365321,K01123.01,1,FALSE POSITIVE,0.001,0.8484839470000001,37.517426,32.11,10.12,-3.36,0.314173,2.337732,-0.092015,1.065,0.093,-0.084,5941,36.618615694453176,272.49446792608745,-11.10695821561861,1751,6365321,0.848,1.0,0.989349992168827,0.009749899452242933,0.9998940123618755,1.0,0.0
6292162,K01125.01,1,FALSE POSITIVE,0.0,7.814839231,92.25623,5.33,1.69,-0.57,0.052382,0.002091,-0.003191,0.991,0.092,-0.083,5887,5.681188331141454,0.5741066053979611,-0.5883715650228111,1753,6292162,7.815,0.76,0.7374683465563359,0.00016369560706395848,0.9999417163942009,0.76,0.23998601193460822
10924853,K01292.01,1,FALSE POSITIVE,0.0,2.102416517,79.45951,29.29,8.7,-2.9,0.27969,9.101205,-0.124999,0.979,0.091,-0.082,5999,29.966987479077524,975.1396510285268,-13.626014939704413,1985,10924853,2.102,1.0,0.9008733121613064,0.00039665768160257844,0.9999563368520658,1.0,0.0
10879038,K01641.01,1,CANDIDATE,0.986,4.8538404,13.1556225,1.72,0.25,-0.1,0.016263,0.000166,-0.003677,0.916,0.053,-0.049,5774,1.6303452830984144,0.09578881727780189,-0.37879125027708593,2321,10879038,4.854,0.0014,0.9912732665782946,0.06465954586211711,0.9993914149951635,0.0014,0.9979922670141703
11045383,K01645.01,1,FALSE POSITIVE,0.0,41.16676097,198.55354,17.82,1.93,-2.15,0.202708,0.285367,-0.092371,1.096,0.082,-0.074,5193,24.314475103448277,34.2775857736349,-11.200703990711002,2325,11045383,41.167,0.96,0.0001237829623685888,8.16210818330249e-08,0.9993406929060892,0.96,0.039973627716243604
6869184,K01732.01,1,CANDIDATE,1.0,43.316742700000006,21.455402,2.42,0.53,-0.19,0.0286209999999999,0.001201,-0.000633,1.073,0.095,-0.086,5654,3.3609958891423237,0.3293020184852877,-0.27944868479198937,2020,6869184,43.317,5.4e-05,0.9906818981165398,0.06725488092920726,0.9993218058330876,5.4e-05,0.9992678424555727
8396405,K01733.01,1,CANDIDATE,0.938,19.18109525,14.985963,1.72,0.09,-0.1,0.026864,0.001238,-0.000951,1.134,0.102,-0.091,5214,3.334012233073244,0.3369532303351475,-0.29242091009446625,2021,8396405,19.181,0.0024,0.9911728706544524,0.07183227513576435,0.9993107714748513,0.0024,0.9969124256233116
4365645,K01738.01,1,CANDIDATE,0.999,4.16787814,27.731834000000003,1.07,0.1,-0.04,0.011622,0.000334,-0.0004269999999999,0.854,0.036,-0.034,5251,1.0862310111376792,0.055418166819596125,-0.05884649080233774,2025,4365645,4.168,0.026,0.9905922819018317,0.021722078693208115,0.9997891233537397,0.026,0.9737946061465425
7918172,K01817.01,2,FALSE POSITIVE,0.0,63.934965000000005,36.876682,44.59,21.78,-21.78,0.2560159999999999,73.08644,-0.164496,0.84,0.063,-0.057,5209,23.53584794361942,6718.9214656271615,-15.206408307190816,2418,7918172,63.935,0.98,0.987168844382206,0.030687074209989097,0.9995885038167606,0.98,0.01999177007633523
7870032,K01818.01,1,CANDIDATE,1.0,16.87725775,48.815918,2.54,0.29,-0.15,0.026718,0.004895,-0.00086,0.854,0.038,-0.036,5497,2.4971536874528057,0.4708030538137576,-0.13244516360846123,2419,7870032,16.877,3.4e-06,0.9842140428792532,0.005445356436814724,0.9999121829134522,3.4e-06,0.9999087832120302
9597058,K01819.01,1,CANDIDATE,1.0,12.05705659,43.550297,1.96,0.19,-0.11,0.021488,0.000167,-0.001493,0.811,0.034,-0.032,5365,1.9072178608104708,0.08131963436266076,-0.15239196470658492,2420,9597058,12.057,0.0057,0.987233503783224,0.007487152860884535,0.9999024488489449,0.0057,0.9942030048905058
8277797,K01820.01,1,CANDIDATE,1.0,4.33722007,50.629402,1.63,0.15,-0.11,0.017003,0.000553,-0.000265,0.812,0.034,-0.032,5390,1.5110020018248178,0.08011228083864634,-0.06403451311091715,2421,8277797,4.337,6e-06,0.9841076256168388,0.003797139369737496,0.9999384461894509,6e-06,0.9999324465587739
8277797,K01820.02,2,CANDIDATE,0.973,1.653889476,23.63809,0.97,0.09,-0.07,0.010095,0.000543,-0.000289,0.812,0.034,-0.032,5390,0.8971102281021898,0.061151831656785435,-0.04369786174720655,2422,8277797,1.654,0.00042,0.9909001889074582,0.028292303705559962,0.9997326161733672,0.00042,0.9993127284745744
8832512,K01821.01,1,CANDIDATE,1.0,9.97682072,50.714653000000006,2.85,0.73,-0.46,0.028075,0.0011279999999999,-0.000548,0.856,0.066,-0.06,5500,2.6301286087339544,0.22867182165736788,-0.19136946384381537,2423,8832512,9.977,2.9e-05,0.9835325840743702,0.0041674541110709295,0.9999299317593496,2.9e-05,0.9999009337913287
11074178,K01889.01,1,CANDIDATE,1.0,14.30517579,29.050053,3.05,0.85,-0.28,0.033025,0.000654,-0.005796,0.814,0.043,-0.04,5741,2.9420543189969792,0.16597736910758223,-0.536198501171658,2117,11074178,14.305,0.00013,0.9903387622899644,0.02344561288015201,0.9997657853025359,0.00013,0.9996358157504466
11074178,K01889.02,2,CANDIDATE,0.976,9.18189122,13.234464,2.17,0.61,-0.2,0.023538,0.002445,-0.006357,0.814,0.043,-0.04,5741,2.096898548389126,0.2443626335286302,-0.5756155270175198,2118,11074178,9.182,0.0061,0.9912580859414272,0.06906542425944781,0.9993457235133452,0.0061,0.9932497145999137
9030537,K01892.01,1,CANDIDATE,1.0,62.56138789999999,28.120026,3.54,0.93,-0.31,0.038618,0.0004059999999999,-0.0047,0.821,0.068,-0.061,5662,3.4698954622766167,0.2897029180518348,-0.49477983265353553,2122,9030537,62.561,0.029,0.9895848507719452,0.05720813229633601,0.9993613625233566,0.029,0.9703798830101792
6949061,K01960.02,2,CANDIDATE,0.992,23.2218115,13.971096,2.42,0.39,-0.44,0.016108,0.00059,-0.003029,1.233,0.059,-0.056,5808,2.173642681034483,0.13098409804277858,-0.4204918025132969,2519,6949061,23.222,0.0053,0.9911878766022141,0.08248494288412217,0.9992007437031594,0.0053,0.9939049797615327
6949061,K01960.01,1,CANDIDATE,1.0,8.96847034,32.74615,2.17,0.35,-0.39,0.014445,0.002407,-0.000509,1.233,0.059,-0.056,5808,1.9492344504310344,0.3379319198967199,-0.11204994743142149,2518,6949061,8.968,0.00013,0.9899694086054474,0.016160432208395168,0.9998335692954465,0.00013,0.9997035909314381
7269493,K01961.01,1,CANDIDATE,1.0,1.907810683,39.49102,0.91,0.09,-0.04,0.010107,0.000124,-0.0004089999999999,1.149,0.05,-0.047,5435,1.2709420534073748,0.057462502597352735,-0.07312952863378869,2520,7269493,1.908,0.00038,0.9888913699629575,0.008542957963498618,0.9999032064799435,0.00038,0.999523243261481
7887791,K01964.01,1,CANDIDATE,1.0,2.229326354,35.477276,0.6,0.08,-0.03,0.006393,0.000223,-0.000245,1.025,0.045,-0.042,5587,0.7171533401239618,0.040212874755603506,-0.04023521463586703,2523,7887791,2.229,0.0021,0.9896868519458548,0.011670688770428116,0.9998769481170146,0.0021,0.9977772065259688
11657891,K01965.01,1,CANDIDATE,1.0,2.514628496,28.595043,1.27,0.31,-0.11,0.013835,0.000511,-0.000318,0.836,0.062,-0.057,5662,1.2658110908004025,0.10487395813706289,-0.09107753969345642,2524,11657891,2.515,0.00019,0.9905361496440109,0.019775833937644316,0.9998072444302143,0.00019,0.9996172810537726
8950568,K02038.01,1,CANDIDATE,1.0,8.30537702,21.758528,1.69,0.18,-0.13,0.017763,0.036224,-0.001801,0.868,0.04,-0.038,5435,1.687405641014347,3.4419966489307803,-0.18635424963964214,2359,8950568,8.305,1.0,0.9909543886359867,0.036486024122078714,0.9996543370899856,1.0,0.0
8950568,K02038.02,2,CANDIDATE,1.0,12.51353325,19.935074,1.88,0.19,-0.15,0.019678,0.004392,-0.000897,0.868,0.04,-0.038,5435,1.8693220854517993,0.4260206697397234,-0.1181446385927455,2360,8950568,12.514,1.0,0.9910162652518711,0.04485174428528851,0.9995743185859491,1.0,0.0
8950568,K02038.03,4,CANDIDATE,0.889,17.9134215,8.255046,1.39,0.15,-0.1,0.014619,0.003915,-0.002089,0.868,0.04,-0.038,5435,1.3887396873269569,0.3773736074359452,-0.20754999809507618,2262,8950568,17.913,0.00015,0.9913359318923955,0.1127754468251077,0.9988890819730234,0.00015,0.9987392486107275
8950568,K02038.04,3,CANDIDATE,0.998,25.2149143,8.677660000000001,1.19,0.13,-0.09,0.012512,0.001397,-0.000592,0.868,0.04,-0.038,5435,1.1885841006795874,0.14356791649256648,-0.07661761714643427,2263,8950568,25.215,0.0072,0.9913108323822883,0.12283198912208143,0.9987725691832824,0.0072,0.9915814066851628
8107225,K00235.01,1,CANDIDATE,1.0,5.63252508,62.67986,2.04,0.28,-0.16,0.023204,0.003018,-0.00058,0.894,0.067,-0.061,5216,2.2703030429146738,0.3407966203887739,-0.1649759212543697,67,8107225,5.633,4e-05,0.9693585727994027,0.0015379267898975037,0.999951311250132,4e-05,0.999911313197682
8612275,K02111.01,1,CANDIDATE,1.0,3.289726319,19.873373,1.37,0.16,-0.08,0.013779,0.000598,-0.000342,0.918,0.043,-0.041,5468,1.3843434079096402,0.08839855127511044,-0.07073402967587461,3321,8612275,3.29,1.8e-06,0.9910717818564674,0.038521004080972795,0.9996390745725334,1.8e-06,0.9996372752221991
8612275,K02111.02,2,CANDIDATE,1.0,7.18644594,18.709436,2.19,0.27,-0.13,0.02206,6e-06,-0.003742,0.918,0.043,-0.041,5468,2.2163158123584195,0.10381610732712121,-0.3887627522454274,3355,8612275,7.186,0.11,0.9910976582395911,0.044853086155387266,0.9995781967064986,0.11,0.8896245950687838
5706595,K02183.02,2,CANDIDATE,1.0,4.57948235,17.950302,1.35,0.18,-0.1,0.012971,0.000601,-0.000478,1.058,0.06,-0.056,5570,1.501905413509942,0.10998792469167237,-0.0968655567064571,3023,5706595,4.579,0.0002,0.9911382004451343,0.045382830467377025,0.9995749401887807,0.0002,0.999375025200743
5706595,K02183.03,3,FALSE POSITIVE,0.404,150.381954,7.760867,2.26,0.31,-0.16,0.021711,0.004289,-0.004103,1.058,0.06,-0.056,5570,2.513905514818777,0.5166792522259939,-0.49336631925106905,3024,5706595,150.382,0.071,0.9906492260473282,0.5786863157927327,0.987035215529118,0.071,0.9169557152265506
5706595,K02183.01,1,CANDIDATE,1.0,19.0231361,18.81096,2.04,0.27,-0.15,0.019553,0.0039049999999999,-0.001538,1.058,0.06,-0.056,5570,2.26403180559401,0.47003412464119043,-0.2146497126753635,3022,5706595,19.023,0.00094,0.9910283576437845,0.05434806665817894,0.9994797181743371,0.00094,0.9985402072392532
12256520,K02264.01,1,CANDIDATE,0.999,33.2407985,17.635292,1.51,0.16,-0.05,0.01668,0.00067,-0.000661,0.855,0.038,-0.036,5391,1.5607941070979108,0.09350141692411275,-0.09024650190955645,2763,12256520,33.241,0.0047,0.9909959574495929,0.07489346573594699,0.9992644404548636,0.0047,0.9945678975847257
12256520,K02264.02,2,CANDIDATE,0.983,7.25101997,9.212867,0.91,0.1,-0.03,0.010066,0.000593,-0.0006219999999999,0.855,0.038,-0.036,5391,0.941903685974075,0.06950864069406461,-0.07042974616728875,2764,12256520,7.251,0.0026,0.9913433938758316,0.08903695320583355,0.9991465205458898,0.0026,0.9965487395924705
4459924,K02441.01,1,FALSE POSITIVE,0.0,4.79176993,18.046244,0.81,0.04,-0.06,0.009839,0.000299,-0.000472,0.894,0.04,-0.037,5138,0.9626578020702239,0.052067413306105474,-0.06099204626665238,2862,4459924,4.792,0.0047,0.9911338442631944,0.04522575980093183,0.9995762709612014,0.0047,0.9948782624876837
9209624,K02443.01,1,CANDIDATE,0.996,6.79164656,15.718208,1.01,0.15,-0.14,0.009257,0.000486,-0.0003259999999999,1.142,0.051,-0.048,5772,1.156963940315882,0.07974424753409506,-0.06344190843433874,2865,9209624,6.792,4.8e-05,0.9912003898075575,0.05546590149070985,0.99947867277559,4.8e-05,0.9994306977992967
9209624,K02443.02,2,CANDIDATE,0.991,11.8376933,11.67936,1.0,0.15,-0.15,0.009122,0.000283,-0.000658,1.142,0.051,-0.048,5772,1.1400912891391894,0.061994798641911306,-0.09518132231212481,2866,9209624,11.838,0.0019,0.9912855622077659,0.08060005782904689,0.9992293246390351,0.0019,0.9973307889222209
3354846,K02444.01,1,CANDIDATE,0.995,18.5525162,17.103079,2.53,0.65,-0.21,0.027989,0.0076319999999999,-0.002961,0.806,0.068,-0.062,5569,2.468913529417317,0.7047069195826388,-0.32293742062655156,2867,3354846,18.553,0.0066,0.9911018090914222,0.06104365518201288,0.9994163149364986,0.0066,0.9928201672579177
9153570,K02625.01,1,CANDIDATE,0.95,3.81371423,11.01746,1.37,0.32,-0.12,0.015334,0.000833,-0.001101,0.84,0.077,-0.069,5547,1.4096724125346085,0.1502068293513574,-0.1537956157877891,3056,9153570,3.814,0.00029,0.9913199176302073,0.07409435794137863,0.9992993059609817,0.00029,0.9990095091622531
5557821,K01571.01,1,FALSE POSITIVE,0.001,2.92878704,32.339420000000004,22.76,6.98,-2.32,0.236028,5.248167,-0.136049,1.037,0.084,-0.076,5955,26.787102432859296,595.624755834446,-15.564670213077065,2662,5557821,2.929,1.0,0.9901300022361924,0.014999418629465123,0.9998482031451259,1.0,0.0
11337372,K01650.01,1,CANDIDATE,1.0,6.53194024,32.68434,3.09,0.3,-0.4,0.0289649999999999,0.00113,-0.003692,0.954,0.049,-0.046,5301,3.024164167033717,0.19505526730291214,-0.4121315101307819,2364,11337372,6.532,1.2e-05,0.9900224521513074,0.015560545862583824,0.9998407004340898,1.2e-05,0.9998287023456846
11337372,K01650.02,2,CANDIDATE,1.0,100.8276725,30.88894,4.35,0.43,-0.57,0.040808,0.0057079999999999,-0.002786,0.954,0.049,-0.046,5301,4.260662569594764,0.6348674691806261,-0.35611335161316277,2365,11337372,100.828,0.00058,0.9875898284652621,0.08808276266840168,0.9987862292185313,0.00058,0.9982069332055845
9574614,K01745.01,1,FALSE POSITIVE,0.0,0.982090079,327.15695,29.95,4.76,-2.79,0.369602,1.545707,-0.112295,0.911,0.091,-0.08,5472,36.84988571064057,154.15331015670915,-11.654257048200103,2063,9574614,0.982,1.0,1.6936780317240175e-09,1.9783747172663654e-12,0.9988319062555793,1.0,0.0
8197343,K01746.01,1,CANDIDATE,0.998,11.79161234,16.844379999999997,2.41,0.38,-0.42,0.018403,0.00085,-0.000552,1.18,0.061,-0.057,5620,2.376589035049081,0.16475277024101612,-0.13513344199325983,2064,8197343,11.792,0.0011,0.9911435854507963,0.05556216590989774,0.9994743131025894,0.0011,0.9983748913581766
7032421,K01747.01,1,CANDIDATE,1.0,20.55848388,17.007568,36.9,4.89,-2.09,0.361005,70.52246,-3.734483,0.998,0.047,-0.045,5571,39.430039665083065,7702.673026364885,-407.89521368602516,2065,7032421,20.558,1.0,0.9910952964610369,0.06355046385766164,0.9993902688313672,1.0,0.0
5124667,K01822.01,1,CANDIDATE,1.0,150.8783198,51.390972,4.37,0.65,-1.53,0.02302,0.0006519999999999,-0.000268,1.053,0.046,-0.043,5501,2.652877193241882,0.13811678226022384,-0.11264868616603756,2424,5124667,150.878,0.00048,0.9472990031804644,0.04608282702665495,0.9973124274545646,0.00048,0.9968337174893864
5375194,K01825.01,1,CANDIDATE,1.0,13.52252364,44.9959,2.11,0.2,-0.1,0.02369,0.0010019999999999,-0.000898,0.809,0.035,-0.033,5338,2.097476182513214,0.12690496052338104,-0.11679761117635078,2462,5375194,13.523,0.00027,0.9865484838604786,0.006878079925102286,0.999905568376998,0.00027,0.9996355938735362
7132798,K00220.02,2,CANDIDATE,1.0,4.12511935,16.764023,0.88,0.19,-0.08,0.00976,0.0003509999999999,-0.000407,1.001,0.076,-0.069,5598,1.0692206821042032,0.08982606204182995,-0.08613998187106656,611,7132798,4.125,4.8e-05,0.991179385932425,0.049135136432587406,0.9995401460449433,4.8e-05,0.9994921681179332
7132798,K00220.01,1,CANDIDATE,1.0,2.422084188,399.3786,3.55,0.75,-0.32,0.039181,0.000376,-0.000179,1.001,0.076,-0.069,5598,4.292329461631637,0.3284840369902039,-0.2965239808930667,610,7132798,2.422,6.7e-05,2.3578192408235185e-12,7.748198591339381e-15,0.9967138284151863,6.7e-05,0.9966470485886825
10294613,K01896.01,1,FALSE POSITIVE,0.0,1.854493861,80.84418000000001,29.39,6.03,-2.16,0.319255,1.215885,-0.1126359999999999,0.753,0.058,-0.053,5431,26.309714751997863,100.22123137376809,-9.465216489209055,2162,10294613,1.854,1.0,0.8902393176657898,0.00035494569507921116,0.9999562219796649,1.0,0.0
9244756,K01969.01,1,CANDIDATE,1.0,16.34355902,27.110012,3.26,0.5,-0.29,0.02826,0.004091,-0.00215,0.955,0.051,-0.048,5727,2.9536496838031714,0.4557453446661035,-0.26932201487472374,2561,9244756,16.344,0.022,0.9905054065794633,0.028095264177152177,0.9997229048379077,0.022,0.9777290009314737
9650808,K01970.01,1,CANDIDATE,1.0,21.96401646,23.871181,2.57,0.72,-0.31,0.0246,0.0002279999999999,-0.0012029999999999,0.88,0.05,-0.047,5774,2.369197331990939,0.13639267663967536,-0.17156619870168147,2562,9650808,21.964,0.0014,0.9907118268589535,0.03937872967401945,0.9996156804666874,0.0014,0.9982162185140341
9650808,K01970.02,2,CANDIDATE,0.899,125.602323,19.515469,2.89,0.81,-0.35,0.0276459999999999,0.001152,-0.0007559999999999,0.88,0.05,-0.047,5774,2.6625540422854166,0.18760462527486146,-0.15976033894978045,2563,9650808,125.602,0.00073,0.9896358085222281,0.2645277709260666,0.9962332654089299,0.00073,0.9955060151251813
10480915,K02040.01,1,CANDIDATE,1.0,19.58561177,22.337149,3.09,0.41,-0.34,0.028415,0.001542,-0.007209,1.016,0.045,-0.043,5618,3.1595470280644347,0.22131814288590654,-0.8126669243241837,2266,10480915,19.586,0.44,0.990837083538658,0.04235958989198119,0.9995909458928389,0.44,0.5597709296999899
3448130,K02043.01,1,CANDIDATE,0.983,78.54611059999999,23.548868,3.55,0.58,-0.64,0.023284,0.000745,-0.0004179999999999,1.176,0.056,-0.053,5814,2.9967351920463123,0.17192308784033913,-0.1453774916596091,2269,3448130,78.546,0.0015,0.9899729099452825,0.1027921451028125,0.9988395712850064,0.0015,0.997341311928079
9532052,K02115.01,1,CANDIDATE,0.999,15.72585941,29.69453,2.69,0.25,-0.11,0.032661,0.001103,-0.00067,0.819,0.066,-0.06,5332,2.9274995369210925,0.255793912384459,-0.22271813094696036,3360,9532052,15.726,0.00017,0.9902459358096606,0.022891340875464457,0.9997692344841135,0.00017,0.9995992737142512
8164012,K02116.01,1,CANDIDATE,1.0,1.2527538809999998,25.040089,2.44,0.37,-0.56,0.0131069999999999,0.000152,-0.000478,1.119,0.054,-0.051,5911,1.6051545035395045,0.07966582644090861,-0.09369485559440306,3361,8164012,1.253,4.4e-07,0.9908190323705908,0.02529196679974152,0.9997595625166502,4.4e-07,0.9997591226224427
7987866,K02363.01,1,CANDIDATE,0.999,3.13877646,18.053844,0.97,0.13,-0.11,0.012262,0.000227,-0.000775,0.821,0.061,-0.056,5242,1.1017623429083816,0.08436325648778231,-0.10245326360741293,3167,7987866,3.139,0.059,0.9911412081436412,0.043952511706881095,0.9995890933231281,0.059,0.9406133368170636
6516185,K02445.01,1,CANDIDATE,0.989,47.3659328,13.911759,11.97,3.3,-1.42,0.1215059999999999,72.29213,-6.679799000000001,0.978,0.088,-0.08,5708,13.005289810533592,7737.725811257002,-714.9673105663951,2868,6516185,47.366,1.0,0.9910779301329272,0.12167994449009317,0.9987528347024975,1.0,0.0
12208631,K02449.01,1,CANDIDATE,1.0,53.3580444,16.338236,3.41,0.45,-0.41,0.030108,0.00032,-0.005825,0.807,0.041,-0.039,5481,2.6591258855398943,0.13802264472671674,-0.5302687766621831,2905,12208631,53.358,0.0014,0.9909269508692766,0.11330908590212269,0.9988299508648277,0.0014,0.997431588933617
12208631,K02449.02,2,CANDIDATE,1.0,0.912351255,7.7193766,1.46,0.19,-0.18,0.012879,0.002496,-0.003356,0.807,0.041,-0.039,5481,1.137467858372137,0.22789455321594584,-0.30145484533745687,2906,12208631,0.912,0.13,0.9913776698203546,0.08925966778369333,0.9991475945586374,0.13,0.8692584072660146
8676148,K02544.01,1,CANDIDATE,1.0,28.6253502,14.582435999999998,2.38,0.71,-0.22,0.023158,0.001132,-0.000888,0.719,0.065,-0.059,5774,1.822272812012333,0.18727941897408346,-0.16505349944840855,3304,8676148,28.625,0.00033,0.9911450561803197,0.08624320443195586,0.9991567762000716,0.00033,0.9988270544639255
4650674,K01341.01,1,CANDIDATE,1.0,4.51436096,24.762657,1.84,0.31,-0.24,0.013852,0.000469,-0.000377,1.11,0.06,-0.056,5940,1.682747357790083,0.10732973640118405,-0.09646082941503634,1580,4650674,4.514,2.5e-05,0.9908092153310335,0.027319960955108965,0.9997394610703195,2.5e-05,0.9997144675837927
11177707,K01423.01,1,CANDIDATE,1.0,124.4197175,40.269047,10.3,1.77,-5.3,0.056842,0.002006,-0.000971,0.813,0.048,-0.045,5032,5.0575868758180205,0.3478808223692611,-0.2929689214696949,1913,11177707,124.42,0.036,0.9793940336071398,0.06648577434231807,0.9985015463154939,0.036,0.9625554906481361
11254382,K01425.01,1,CANDIDATE,1.0,2.05388477,40.152252,2.74,0.42,-0.46,0.021331,0.000554,-0.000556,0.983,0.063,-0.058,5626,2.294817690677699,0.1586910874334219,-0.14802486042331756,1915,11254382,2.054,0.00057,0.9887240474024809,0.008142718935553905,0.9999063735831201,0.00057,0.9993364269501778
11122894,K01426.01,3,CANDIDATE,1.0,38.86848956,55.260147,2.81,0.31,-0.25,0.0287259999999999,0.000605,-0.000261,0.888,0.04,-0.038,5618,2.7917181980870778,0.1388195542659762,-0.12212852052292948,1949,11122894,38.868,9.1e-05,0.9746124364688253,0.004896119222470363,0.9998718340565065,9.1e-05,0.9997808457196073
11122894,K01426.02,1,CANDIDATE,0.907,74.92768653,135.41301,6.39,0.7,-0.58,0.06521,0.000667,-0.001362,0.888,0.04,-0.038,5618,6.3373927347092875,0.2927352865882293,-0.30177327002792714,1950,11122894,74.928,0.31,0.0249296755787066,1.931632078950829e-05,0.9992444693094823,0.31,0.6894786838235427
11122894,K01426.03,2,CANDIDATE,0.999,150.01895109999998,92.3644,32.6,3.6,-2.94,0.332851,66.94402,-0.154799,0.888,0.04,-0.038,5618,32.34791457047571,6505.912538272464,-15.107594293018709,1951,11122894,150.019,0.99,0.34078350263837204,0.0020171249905298035,0.9960901578345152,0.99,0.009960901578345161
9641018,K01504.01,1,FALSE POSITIVE,0.0,2.178154348,41.979595,22.22,5.57,-2.57,0.2309699999999999,1.993091,-0.107998,0.928,0.069,-0.063,5947,23.457785255474445,202.4299095765886,-11.083501143418344,1599,9641018,2.178,1.0,0.9882154716585109,0.0070958148558013965,0.9999147772605532,1.0,0.0
9813499,K01505.01,1,CANDIDATE,1.0,5.03257009,23.779182,2.53,0.82,-0.21,0.025553,0.00163,-0.006439,1.101,0.113,-0.1,5970,3.0790211320318397,0.37207478615484285,-0.8247319784077145,1600,9813499,5.033,0.0028,0.9908661243160762,0.0296717497987425,0.999718119782496,0.0028,0.996918909047105
12254792,K01506.01,1,CANDIDATE,1.0,40.4286676,31.592804,2.92,0.79,-0.26,0.032104,0.001088,-0.004091,0.92,0.072,-0.065,5813,3.2324396828593,0.2756739744698831,-0.4709835843169794,1601,12254792,40.429,0.00047,0.9894848376558749,0.030407261253060595,0.9996667310988333,0.00047,0.9991968877352169
5553652,K01575.01,1,FALSE POSITIVE,0.0,24.3282251,24.034557,294.02,45.99,-24.88,3.4519330000000004,5.105502,-0.0863039999999999,0.918,0.081,-0.073,5286,346.807510929367,513.8496328125977,-28.9093205306526,2670,5553652,24.328,,0.9906760831688907,0.040502968975977105,0.9996027078933233,1.0,0.0
5299459,K01576.01,1,CANDIDATE,1.0,10.41572666,57.242867,3.01,0.39,-0.26,0.0278899999999999,0.002401,-0.001684,0.931,0.04,-0.038,5511,2.841722401680081,0.2734134486481835,-0.2071092185933201,2671,5299459,10.416,0.00054,0.9770849113724268,0.0025431880268958233,0.9999402037974661,0.00054,0.9994002360874155
5299459,K01576.02,2,CANDIDATE,1.0,13.08424286,43.509666,2.71,0.35,-0.23,0.025138,0.002505,-0.001795,0.931,0.04,-0.038,5511,2.5613201051787065,0.2779482213506538,-0.21066396921969693,2005,5299459,13.084,0.0056,0.9871965770264223,0.007647457375399586,0.9999000521329385,0.0056,0.994300611840994
11547505,K01655.01,1,CANDIDATE,1.0,0.938466959,41.280567,1.58,0.24,-0.24,0.013337,0.000445,-0.000221,0.918,0.04,-0.037,5505,1.3399367175622956,0.07353656741793521,-0.05839224508989065,2370,11547505,0.938,0.00011,0.9884639216874567,0.007324203476837567,0.9999138906439974,0.00011,0.9998039001160265
7593110,K01748.01,1,FALSE POSITIVE,0.004,3.549386251,1623.3705,24.15,6.61,-2.84,0.247971,6.536897,-0.0224849999999999,1.061,0.102,-0.091,5759,28.793849673845326,759.0552167733265,-3.593848253289017,2066,7593110,3.549,0.41,1.2174569429929047e-60,8.22174733094128e-56,0.0,0.41,0.0
6209677,K01750.01,1,CANDIDATE,0.999,7.76845639,20.465412,1.35,0.15,-0.1,0.0134569999999999,0.000459,-0.000586,0.945,0.045,-0.043,5447,1.3917573276648523,0.08152150299410729,-0.08765590424746714,2068,6209677,7.768,0.0012,0.9910206275677697,0.039791288040533834,0.9996245210055144,0.0012,0.9984249715803077
6209677,K01750.02,2,CANDIDATE,0.999,2.53742164,10.3343725,0.93,0.1,-0.06,0.009301,0.000567,-0.000516,0.945,0.045,-0.043,5447,0.9619331875314623,0.07441061522209504,-0.06902022287697797,2069,6209677,2.537,0.093,0.9913350402314982,0.07618029653945084,0.9992792219848949,0.093,0.9063462543402997
6468138,K01826.01,1,CANDIDATE,0.987,134.2520474,52.910034,3.43,0.54,-0.53,0.026201,0.000658,-0.000263,1.102,0.048,-0.045,5818,3.1599696925182483,0.1588782077025933,-0.13287820034912193,2463,6468138,134.252,0.0019,0.9498101829910462,0.03100877620804238,0.9983090001309921,0.0019,0.9964122130307432
7668663,K01898.01,1,CANDIDATE,1.0,6.498014700000001,33.229843,1.87,0.27,-0.28,0.015491,1.8e-05,-0.002648,1.181,0.05,-0.047,5727,2.0022246656651146,0.08480011106234601,-0.35140937482206974,2164,7668663,6.498,0.00025,0.9899469838615541,0.01492046570075321,0.9998461861208165,0.00025,0.9995962245742863
3937519,K00221.01,1,CANDIDATE,1.0,3.4130363530000003,455.0805,6.62,1.37,-1.12,0.055812,0.000216,-8.9e-05,0.867,0.039,-0.037,5398,5.295782482192298,0.23909863542479895,-0.2261599727383384,612,3937519,3.413,2.2e-05,1.479646695538328e-14,1.0758842992763878e-16,0.992728775710306,2.2e-05,0.9927069356772404
3937519,K00221.02,2,CANDIDATE,1.0,5.89661966,12.109904,1.28,0.26,-0.22,0.0107599999999999,0.000616,-0.000459,0.867,0.039,-0.037,5398,1.0209743336269725,0.07433435908472799,-0.06160576598276117,613,3937519,5.897,0.0017,0.9912930513839884,0.07091607681586891,0.9993295696347975,0.0017,0.9976307093664183
8543100,K01975.01,1,CANDIDATE,0.998,7.56052209,29.601961,2.4,0.73,-0.24,0.02342,0.00072,-0.0004799999999999,0.925,0.097,-0.086,5895,2.370893680782784,0.25908747280826494,-0.22572142010683355,2569,8543100,7.561,5.2e-06,0.9903744502551364,0.02000673418839395,0.9998015828416087,5.2e-06,0.9997963838733779
9656252,K02044.01,1,CANDIDATE,1.0,16.92342126,32.034893,3.4,0.5,-0.22,0.031414,0.006162,-0.000936,1.012,0.073,-0.067,5794,3.479262590863327,0.7271574695488305,-0.2525990742246816,2270,9656252,16.923,2.9e-05,0.9899211278479361,0.01958868320656132,0.9997965731519948,2.9e-05,0.9997675790513734
8453211,K00236.01,1,FALSE POSITIVE,0.0,5.77675928,376.30072,32.77,9.1,-5.58,0.34292,3.782647,-0.15449,1.083,0.083,-0.076,5544,40.64477533538887,448.35106792091347,-18.531823448052844,68,8453211,5.777,1.0,1.8424194791162384e-11,4.872502090209335e-14,0.9973553785414508,1.0,0.0
9415108,K02121.01,1,FALSE POSITIVE,0.0,4.51005082,19.142262,1.74,0.24,-0.24,0.01542,0.0008,-0.0005139999999999,0.852,0.04,-0.038,5372,1.437829613642084,0.10060444168001073,-0.08005954678160473,2705,9415108,4.51,0.00013,0.9910945564558802,0.04151571478743921,0.9996108043416609,0.00013,0.9994808549370966
4262581,K02122.01,1,CANDIDATE,1.0,37.6468519,24.910862,5.37,0.81,-1.9,0.018542,0.000744,-0.000522,0.939,0.043,-0.041,5443,1.9054853962056377,0.11601668901430326,-0.09899452224903715,2706,4262581,37.647,0.0011,0.9904475608522698,0.047585759248156716,0.9995181255324459,0.0011,0.9984186555943603
3661886,K02279.01,1,CANDIDATE,1.0,27.0142622,18.630243,2.0,0.31,-0.28,0.015459,0.00058,-0.000433,1.194,0.054,-0.051,5949,2.02008284076894,0.11870540415452603,-0.1031822464107632,2812,3661886,27.014,0.00075,0.9909875582476316,0.06292116904457856,0.9993893463956884,0.00075,0.9986398043858916
3661886,K02279.02,2,CANDIDATE,0.998,12.50945798,12.33673,1.54,0.24,-0.21,0.011945,2e-06,-0.001048,1.194,0.054,-0.051,5949,1.5608958880254216,0.07059376513995544,-0.15231303971041657,2813,3661886,12.509,0.0056,0.9912689093596274,0.07777474669156569,0.9992571885204313,0.0056,0.9936613482647169
10863608,K02368.01,1,CANDIDATE,0.999,8.07127043,15.912708,1.53,0.42,-0.14,0.016427,0.000666,-0.000815,0.932,0.084,-0.076,5766,1.6755508990057892,0.1655909584935145,-0.1599347438893543,3206,10863608,8.071,0.00082,0.9911895675173362,0.055870306766204865,0.9994739949612387,0.00082,0.9986544262853704
7289317,K02450.01,1,CANDIDATE,0.968,16.83203175,18.114197,1.86,0.25,-0.18,0.016896,0.005297,-0.00061,0.828,0.039,-0.037,5519,1.531079329473949,0.48538995430056686,-0.08795754527614076,2907,7289317,16.832,0.00013,0.9910707108520662,0.0551168750919354,0.9994744443142075,0.00013,0.9993445126364467
7289317,K02450.02,2,CANDIDATE,0.982,7.1931193,9.669552,1.12,0.15,-0.11,0.010194,0.000638,-0.000657,0.828,0.039,-0.037,5519,0.923758444877926,0.07235767079491959,-0.07244645028395735,2908,7289317,7.193,0.00081,0.9913359106194062,0.0861428469878969,0.999176159779421,0.00081,0.9983668270899997
6500206,K02451.01,1,FALSE POSITIVE,0.0,13.37499553,13.83129,2.01,0.2,-0.24,0.01917,0.001141,-0.0008,0.934,0.043,-0.041,5265,1.9595323820161088,0.14744993379369964,-0.11868547775533093,2909,6500206,13.375,0.054,0.9912289172677304,0.07090918493965663,0.9993246582934654,0.054,0.9453611267456182
5545815,K02452.01,1,FALSE POSITIVE,0.01,4.35370136,12.768257,1.33,0.35,-0.24,0.012319,0.0004639999999999,-0.000984,0.982,0.077,-0.069,5992,1.3239463866410772,0.11516834861493021,-0.14084581148174558,2910,5545815,4.354,0.016,0.9912833448829823,0.06594052967304143,0.9993792310915832,0.016,0.9833891633941179
11401822,K02454.01,1,FALSE POSITIVE,0.0,1.08070294,14.511017,1.04,0.23,-0.11,0.011738,0.0023239999999999,-0.000935,1.104,0.183,-0.147,5482,1.41822989025925,0.36621234061322466,-0.22005220824862567,2912,11401822,1.081,0.15,0.9912530172974892,0.05503813551096514,0.9994860472710331,0.15,0.849563140180378
11622985,K02550.01,1,CANDIDATE,1.0,18.0243482,14.808048,1.98,0.61,-0.2,0.019931,0.000266,-0.001448,0.914,0.08,-0.072,5955,1.9936950956141455,0.17651976743271533,-0.21364707225266205,3310,11622985,18.024,0.011,0.9911832239447906,0.07138073669994074,0.9993162470635403,0.011,0.9883237683458413
7037540,K01347.01,1,FALSE POSITIVE,0.0,14.405857436,2348.2366,23.42,6.56,-6.56,0.159345,5e-05,-3.3e-05,1.062,0.082,-0.074,5945,18.520231582399948,1.430010857063432,-1.290492646214816,1586,7037540,14.406,0.00025,2.7299915804568644e-89,5.344177364232073e-80,0.0,0.00025,0.0
7303287,K01353.01,1,CANDIDATE,1.0,125.86540191,167.6314,12.37,1.94,-1.57,0.101632,0.000117,-0.000187,1.01,0.045,-0.043,5933,11.234022813994462,0.5006928212473117,-0.47872663436486323,1625,7303287,125.865,0.16,0.000744202598217496,3.975934545446209e-06,0.9946614114886227,0.16,0.835515585650443
7303287,K01353.02,2,CANDIDATE,1.0,34.5439452,18.697369,2.67,0.42,-0.34,0.021969,0.003692,-0.0031079999999999,1.01,0.045,-0.043,5933,2.4283714499433677,0.4221986046263135,-0.35876601677771636,1626,7303287,34.544,0.023,0.9909334705200732,0.070923328754797,0.9993015519070891,0.023,0.9763176162132261
7303287,K01353.03,3,CANDIDATE,0.343,330.071558,8.542428,2.94,0.46,-0.38,0.024125,0.009852,-0.001664,1.01,0.045,-0.043,5933,2.6666876612446515,1.0954655967979239,-0.21614968291947176,1627,7303287,330.072,0.66,0.9835139937542249,0.964035169727351,0.5506861773465904,0.66,0.18723330029784072
11030711,K01429.01,1,CANDIDATE,0.997,205.912735,45.572163,4.68,0.68,-0.32,0.044194,0.001142,-0.000763,1.151,0.076,-0.071,5644,5.567011143311099,0.39473356863525566,-0.35660053191369373,1955,11030711,205.913,0.00013,0.9414474602409317,0.16707789112906796,0.9875243194899302,0.00013,0.9873959413283966
7901948,K01511.01,1,CANDIDATE,1.0,2.578852119,32.878040000000006,1.63,0.47,-0.14,0.017525,0.002717,-0.0008539999999999,0.861,0.069,-0.062,5743,1.6513709244431158,0.2882026736419124,-0.1435837201103128,1639,7901948,2.579,6.5e-05,0.9900663621569417,0.014310353572043216,0.9998543353443424,6.5e-05,0.9997893448125451
4918309,K01582.01,1,CANDIDATE,1.0,186.4361811,59.845184,11.32,1.8,-3.35,0.075675,0.006964,-0.00613,1.11,0.063,-0.059,5406,9.193033951831111,0.9939514865709072,-0.8906789656276348,2012,4918309,186.436,0.9,0.8591951934893687,0.04515700597397222,0.9922496946251246,0.9,0.09922496946251244
4844004,K01662.01,1,FALSE POSITIVE,0.0,0.784031658,21.225487,1.55,0.32,-0.11,0.017196,0.001029,-0.000419,0.92,0.078,-0.071,5435,1.7314052076516484,0.17967328509989391,-0.1401210865807322,2410,4844004,0.784,0.05,0.991027905081776,0.03337786531053442,0.9996873850105101,0.05,0.9497030157599846
11502867,K00195.01,1,CANDIDATE,1.0,3.217518511,1264.7878,11.38,1.51,-0.93,0.115425,0.000279,-0.000341,0.905,0.042,-0.04,5720,11.432255397763026,0.5312768526663253,-0.5064205528412342,501,11502867,3.218,0.00024,1.7049764348212613e-46,8.295300654204478e-44,0.0,0.00024,0.0
4950232,K01753.01,1,FALSE POSITIVE,0.001,0.979442525,21.955296,1.64,0.31,-0.13,0.020166,0.00045,-0.0010429999999999,0.854,0.08,-0.071,5532,1.8847818422476719,0.1815006297866373,-0.18454496180642652,2106,4950232,0.979,0.74,0.9909927411413659,0.03171594142921372,0.9997022875505083,0.74,0.2599225947631322
6705142,K01758.01,1,CANDIDATE,1.0,5.59728249,33.809470000000005,3.28,0.69,-0.3,0.034955,0.000347,-0.001703,0.926,0.092,-0.082,5610,3.5424501606154037,0.3537021891747035,-0.3580370360768895,2110,6705142,5.597,0.0057,0.9898797140844667,0.014054706801795937,0.9998542598104275,0.0057,0.994155090529508
11601584,K01831.01,1,CANDIDATE,1.0,51.8098276,46.575012,2.6,0.19,-0.16,0.028842,0.010862,-0.005247,0.843,0.036,-0.035,5191,2.6609480924679088,1.0085447155975025,-0.4965322161793766,2469,11601584,51.81,0.14,0.9824792053514013,0.011945760434079654,0.9997843927067682,0.14,0.8598145777278207
11601584,K01831.02,2,CANDIDATE,0.95,4.38536428,21.772156,1.15,0.09,-0.07,0.012779,0.000394,-0.000491,0.843,0.036,-0.035,5191,1.1789839703781777,0.06209885591553683,-0.06669401091850359,2470,11601584,4.385,1.5e-05,0.9909797834166801,0.03408543165476737,0.9996787950328404,1.5e-05,0.9996637998509149
11601584,K01831.03,4,CANDIDATE,0.85,34.205785079,10.421222,1.1,0.09,-0.06,0.012235,0.0,0.0,0.843,0.036,-0.035,5191,1.1287948100459348,0.04820476057135665,-0.04686573944437453,2504,11601584,34.206,0.0015,0.9912461338145099,0.12554955731313544,0.9987320609399248,0.0015,0.997233962848515
11601584,K01831.04,3,CANDIDATE,0.98,13.97945055,11.698665,1.97,0.15,-0.12,0.021836,0.000544,-0.004698,0.843,0.036,-0.035,5191,2.0145781342184748,0.09960132295700845,-0.44143169940598903,2505,11601584,13.979,0.14,0.991278963322587,0.08334443998153317,0.9992000871399095,0.14,0.8593120749403221
11709244,K01832.01,1,CANDIDATE,1.0,4.544436472,45.03802,3.0,0.34,-0.25,0.029367,0.0032909999999999,-0.002376,0.823,0.039,-0.037,5446,2.645104741961364,0.3218349207224016,-0.2448278394115569,2506,11709244,4.544,0.0034,0.9870361859750175,0.005852836729871189,0.9999226757975842,0.0034,0.9965229386998724
11709244,K01832.02,2,CANDIDATE,0.974,12.76220558,19.995342,3.18,0.35,-0.27,0.03105,0.000725,-0.007999,0.823,0.039,-0.037,5446,2.796693643814498,0.14774330375703393,-0.7313637968827155,2507,11709244,12.762,0.13,0.9910119650648216,0.04484159739438078,0.9995742138522148,0.13,0.8696295660514268
11709244,K01832.03,3,CANDIDATE,0.999,38.7149617,18.331856,2.62,0.3,-0.21,0.025654,0.007245,-0.002014,0.823,0.039,-0.037,5446,2.310672423137427,0.6616846778228408,-0.20904128277171674,2508,11709244,38.715,0.015,0.990923519148255,0.07795262009385935,0.9992256187331394,0.015,0.9842372344521423
11773328,K01906.01,1,CANDIDATE,1.0,8.710442022,34.502525,3.61,0.76,-0.3,0.0408959999999999,0.002797,-0.008726,0.996,0.08,-0.073,5416,4.457831269066185,0.4702771316334693,-1.0057213112154477,2210,11773328,8.71,0.64,0.9897067786080618,0.014079268804528235,0.9998514807077326,0.64,0.3599465330547837
11769890,K01980.01,1,CANDIDATE,1.0,122.8799543,28.170069,2.7,0.28,-0.16,0.0287389999999999,0.0004849999999999,-0.004181,0.865,0.037,-0.035,5413,2.720640855383202,0.1251040381692485,-0.41082710663914135,2611,11769890,122.88,0.00028,0.9875222610465695,0.14968690884388894,0.9977756969587014,0.00028,0.997496319763553
10153855,K01981.01,1,CANDIDATE,1.0,1.06378861,22.85753,1.61,0.41,-0.25,0.0147319999999999,0.0004769999999999,-0.000852,0.76,0.057,-0.051,5265,1.2253460583941522,0.10009935117697381,-0.10855076165707692,2612,10153855,1.064,0.0045,0.9909468867039808,0.02969135547592347,0.9997204447183206,0.0045,0.9952217027170882
8956206,K02048.01,1,CANDIDATE,1.0,6.17998508,25.766874,2.12,0.14,-0.11,0.024584,0.001065,-0.000645,0.903,0.064,-0.059,5149,2.4295383190284423,0.2018117737886416,-0.17106056896522176,2174,8956206,6.18,2.2e-05,0.9907253435085929,0.02607601757903406,0.9997493540072511,2.2e-05,0.999727359521463
7265298,K02051.01,1,CANDIDATE,0.862,25.762684600000004,33.93693,2.66,0.43,-0.27,0.022795,0.000463,-0.000707,1.212,0.069,-0.065,5738,3.0236092968160078,0.18276360652307697,-0.18732184821153733,2178,7265298,25.763,4.4e-05,0.9894075286732913,0.019783565125000662,0.9997839249294648,4.4e-05,0.9997399344367678
7265298,K02051.02,2,CANDIDATE,0.995,11.0317836,13.435833,1.45,0.24,-0.14,0.012457,0.000281,-0.001042,1.212,0.069,-0.065,5738,1.6523404698590483,0.1011840883891104,-0.16418280201189478,2179,7265298,11.032,0.001,0.9912471486058914,0.07018415706942922,0.9993334852718759,0.001,0.998334151786604
8041216,K00237.01,1,CANDIDATE,1.0,8.508333104,76.45331,2.6,0.37,-0.28,0.023076,0.000538,-0.000256,1.133,0.051,-0.049,5767,2.8613691850616663,0.1450504411683869,-0.12775501095716163,69,8041216,8.508,1.2e-05,0.9157991722519874,0.0005601877453387383,0.999948466092589,1.2e-05,0.9999364667109959
10909127,K02200.01,1,CANDIDATE,1.0,3.17059731,16.098914999999998,1.69,0.18,-0.06,0.0183979999999999,0.00263,-0.002133,0.734,0.039,-0.037,5441,1.477917290523526,0.22539069496646244,-0.18684004609440974,3146,10909127,3.171,0.001,0.9912032103023928,0.0507646969920968,0.9995253762939285,0.001,0.9985258509176346
2439243,K02280.01,1,CANDIDATE,1.0,26.0203329,22.805443,4.53,0.71,-0.87,0.033353,0.005946,-0.002514,0.91,0.06,-0.056,5624,3.3216949897747297,0.6313773450169746,-0.3232207656243465,2814,2439243,26.02,0.00021,0.9907499992915273,0.04563816366409374,0.9995535294856841,0.00021,0.9993436232444921
3851130,K02284.01,1,FALSE POSITIVE,0.0,2.69787749,23.347992,1.5,0.46,-0.57,0.0101739999999999,0.000647,-0.001097,0.947,0.07,-0.064,5609,1.0544480012899466,0.10281785389842456,-0.1341815246145212,2851,3851130,2.698,1.0,0.9909087516269233,0.02943786208572686,0.99972172590448,1.0,0.0
9364290,K02374.01,1,CANDIDATE,0.994,5.26211833,17.530895,1.95,0.31,-0.41,0.013665,0.002076,-0.0011099999999999,1.166,0.057,-0.054,5576,1.7437797984835137,0.2782939841842336,-0.16305074281017506,3246,9364290,5.262,0.00014,0.9911495442946624,0.04734693862847964,0.9995562037958377,0.00014,0.9994162659273063
9364290,K02374.02,2,CANDIDATE,0.998,12.1628195,13.138888,3.14,0.5,-0.66,0.02198,0.0007059999999999,-0.006353,1.166,0.057,-0.054,5576,2.8048503454568334,0.16406461803478467,-0.8210421752064762,3247,9364290,12.163,0.23,0.9912508294529465,0.07303799683345197,0.9993045430690765,0.23,0.7694644981631888
7604328,K02458.01,2,CANDIDATE,0.998,4.35407371,14.586295000000002,1.63,0.39,-0.25,0.016467,0.0028309999999999,-0.001393,0.76,0.059,-0.054,5455,1.3696560917442737,0.2583645198768597,-0.1513115114071371,2949,7604328,4.354,2.6e-05,0.9912402938690401,0.05781820001523832,0.9994576989498797,2.6e-05,0.999431713049707
7604328,K02458.02,1,CANDIDATE,1.0,2.9365879460000004,17.808668,1.77,0.41,-0.28,0.017796,0.002094,-0.002652,0.76,0.059,-0.054,5455,1.480196745532343,0.20866133226541375,-0.24437195684981897,2950,7604328,2.937,0.0003,0.9911505200724667,0.044600494507351776,0.9995831951180243,0.0003,0.999283320159489
7375348,K00266.01,1,CANDIDATE,1.0,25.30893566,41.147057,1.77,0.29,-0.28,0.01257,0.001403,-0.00116,1.209,0.051,-0.048,5949,1.6632021364523029,0.19845393469862582,-0.1670873338436993,253,7375348,25.309,7.4e-06,0.9874807076129108,0.011353602498086495,0.9998544058719794,7.4e-06,0.9998470069493759
7375348,K00266.02,2,CANDIDATE,1.0,47.7439509,14.065318,1.74,0.28,-0.28,0.0123489999999999,0.000572,-0.003625,1.209,0.051,-0.048,5949,1.6339604759784667,0.10236678042725612,-0.4840097153829831,254,7375348,47.744,0.049,0.9910696319827018,0.12113254716053232,0.9987580541642109,0.049,0.9498189095101646
3102384,K00273.01,1,CANDIDATE,1.0,10.573751447,77.65751,2.07,0.05,-0.07,0.017524,1.7e-05,-0.001673,1.076,0.045,-0.043,5720,2.063616403976844,0.08632687517754235,-0.2135755339378844,297,3102384,10.574,0.042,0.9058706055990353,0.0005295814244820596,0.9999449418143703,0.042,0.9579472542581667
5374403,K02556.01,1,CANDIDATE,0.983,40.8366307,15.720275,1.5,0.18,-0.13,0.014897,0.000551,-0.00072,0.866,0.038,-0.036,5529,1.4118877346149006,0.08102695173091365,-0.09000794717514213,3350,5374403,40.837,0.0025,0.9910379229101394,0.09694369510129938,0.999029214810555,0.0025,0.9965316417735286
6719086,K01357.01,1,CANDIDATE,1.0,3.014330766,46.91396,2.87,0.6,-0.35,0.027625,0.000991,-0.0004349999999999,0.805,0.066,-0.06,5209,2.4337817081707778,0.21780451890625133,-0.1854039640602786,1630,6719086,3.014,0.026,0.9863031387022463,0.004933718992015606,0.9999311453868367,0.026,0.973932935606779
11075279,K01431.01,1,CANDIDATE,0.998,345.1589354,180.64433,7.79,1.13,-0.36,0.076581,0.000469,-0.000614,0.954,0.041,-0.039,5597,7.99563321510823,0.3470992282692274,-0.3330925830528474,1959,11075279,345.159,0.73,1.653310566282875e-05,7.120315066056386e-05,0.0,0.73,0.0
11014932,K01432.01,1,CANDIDATE,1.0,6.88595222,28.989138,2.68,0.39,-0.31,0.024611,0.000385,-0.005234,0.999,0.053,-0.049,5616,2.6907800823212935,0.14883061377270018,-0.5872683396899431,1960,11014932,6.886,3.6e-05,0.9904453067615395,0.020710316179934088,0.9997959851410071,3.6e-05,0.9997599924855419
11014932,K01432.02,2,CANDIDATE,0.997,15.0549356,14.513995,1.6,0.22,-0.19,0.0146449999999999,0.000705,-0.000531,0.999,0.053,-0.049,5616,1.6011732276459743,0.11470501844160001,-0.09766447487064166,1321,11014932,15.055,0.00012,0.9912037389334174,0.06941940473464238,0.9993379937770325,0.00012,0.9992180732177792
11014932,K01432.03,3,CANDIDATE,0.999,2.92721119,14.135632,1.29,0.18,-0.15,0.011806,0.000554,-0.000498,0.999,0.053,-0.049,5616,1.2907784995280644,0.09142329514339717,-0.08350374629652718,1322,11014932,2.927,2.2e-06,0.9912562352426616,0.05833459598044504,0.9994535604665095,2.2e-06,0.9994513616686764
11014932,K01432.04,4,CANDIDATE,0.998,38.2856338,11.1404295,1.77,0.26,-0.2,0.01626,0.001124,-0.000428,0.999,0.053,-0.049,5616,1.7777450789705511,0.15491011812455768,-0.0989594337799666,1323,11014932,38.286,0.00015,0.9912126353324143,0.1274148250170859,0.9987054943447082,0.00015,0.9985556885205565
7549209,K01518.01,1,CANDIDATE,1.0,27.5071114,27.182098,2.58,0.81,-0.26,0.026833,0.001557,-0.0046,1.132,0.1,-0.09,5783,3.3242916072866846,0.35135080278789,-0.6281906561233367,2394,7549209,27.507,0.0068,0.9903523882128921,0.03385288916036012,0.9996586636453854,0.0068,0.9928609847325968
5357901,K00188.01,1,CANDIDATE,0.995,3.797018259,1567.476,10.07,0.75,-0.47,0.108759,0.000367,-0.0007639999999999,0.864,0.04,-0.038,5167,10.284007954190786,0.4773745051289328,-0.45803881685491077,468,5357901,3.797,0.00087,1.945192324197642e-58,6.143085849488672e-54,0.0,0.00087,0.0
5470739,K01585.01,1,CANDIDATE,1.0,19.17893976,28.67196,2.4,0.71,-0.22,0.024928,0.0008269999999999,-0.000596,1.096,0.092,-0.083,5767,2.990070620689655,0.26988282040131606,-0.23745482214573957,2015,5470739,19.179,0.00027,0.9903100080873021,0.026242302270293342,0.9997363041613899,0.00027,0.9994663753592663
3967760,K01760.01,1,CANDIDATE,0.677,5.52418625,17.317513,2.25,0.27,-0.29,0.02055,0.000308,-0.001366,0.846,0.046,-0.043,5325,1.9026795258620688,0.10731374190113421,-0.15921183337662087,2112,3967760,5.524,9.4e-05,0.9911555620988685,0.04830744959720435,0.9995470545992237,9.4e-05,0.9994530971760913
3967760,K01760.02,2,CANDIDATE,0.972,8.77514782,10.845035,1.91,0.23,-0.25,0.017427,0.000478,-0.001503,0.846,0.046,-0.043,5325,1.6135277906179208,0.09826389106927995,-0.16152783225996126,2113,3967760,8.775,0.00096,0.9913108299866736,0.081345180768502,0.9992238459734761,0.00096,0.9982645910813416
11046458,K00214.01,1,CANDIDATE,1.0,3.311864148,436.30713,9.06,1.16,-0.33,0.0885669999999999,0.00112,-0.001394,1.053,0.047,-0.045,5461,10.206662657421962,0.47349936765845607,-0.4648253166094469,569,11046458,3.312,0.15,8.151030378217641e-14,4.5664124845323835e-16,0.9943977481709122,0.15,0.8452380859452754
10130039,K01909.01,1,CANDIDATE,0.999,12.75800092,32.72165,1.49,0.23,-0.21,0.012453,0.0003819999999999,-0.000171,1.008,0.043,-0.041,5782,1.373782487540901,0.07218235059635705,-0.058976420292644986,2214,10130039,12.758,9.7e-05,0.9899010084540625,0.017296264632801088,0.9998204373705345,9.7e-05,0.9997234547881095
10130039,K01909.02,2,CANDIDATE,1.0,5.47033376,25.334806,1.15,0.18,-0.16,0.00962,0.000354,-0.000173,1.008,0.043,-0.041,5782,1.061253314875409,0.0597880849525939,-0.04719684590043527,2215,10130039,5.47,6.2e-06,0.9907625096231331,0.026607535963093395,0.9997451403322418,6.2e-06,0.9997389419123718
10130039,K01909.03,3,CANDIDATE,0.987,25.0985083,19.200647,1.59,0.24,-0.23,0.013257,0.001643,-0.001429,1.008,0.043,-0.041,5782,1.4624776710294487,0.19168800212471257,-0.16849343729404234,2216,10130039,25.099,0.018,0.9909718782897101,0.0584803597202103,0.9994341299266245,0.018,0.9814443155879452
8226050,K01910.01,1,CANDIDATE,0.995,34.2685741,27.756182,2.44,0.11,-0.2,0.02559,0.003394,-0.001809,0.797,0.035,-0.033,5080,2.2320918561225778,0.31184806394952247,-0.18286417784741843,2251,8226050,34.269,0.00091,0.9901859302307315,0.03641533484341447,0.9996254353241327,0.00091,0.9987157761779878
8226050,K01910.02,2,CANDIDATE,0.949,18.3848331,7.823833500000001,1.15,0.06,-0.09,0.0120819999999999,0.00305,-0.001317,0.797,0.035,-0.033,5080,1.0538543886546603,0.2700321375917709,-0.12288373774140712,2252,8226050,18.385,0.0063,0.9913421037574524,0.11700271000276512,0.9988427548337951,0.0063,0.9925500454783422
6862721,K01982.01,1,CANDIDATE,1.0,4.88753111,27.71851,2.45,0.61,-0.2,0.023483,0.001425,-0.000837,0.707,0.063,-0.057,5568,1.8170063603857285,0.19588918690090043,-0.1601685960514853,2613,6862721,4.888,0.0011,0.9905853678786204,0.022016989620945844,0.9997860372981742,0.0011,0.9986862726571462
8257205,K01986.01,1,CANDIDATE,0.993,148.4601819,27.866648,3.61,0.24,-0.17,0.040286,0.005376,-0.004659,0.808,0.037,-0.035,5161,3.5624515356154047,0.5026051342780246,-0.4399423505295172,2650,8257205,148.46,0.014,0.9862430030118343,0.22085888037829682,0.9960459837644,0.014,0.9821013399916984
8257205,K01986.02,2,CANDIDATE,0.989,7.12766417,13.530321,1.21,0.08,-0.06,0.013519,0.00079,-0.000552,0.808,0.037,-0.035,5161,1.195471933425623,0.08875292439023595,-0.0711637538395576,2651,8257205,7.128,0.012,0.9912574822842416,0.06535412523878455,0.9993832971505492,0.012,0.9873906975847426
3128552,K02055.01,1,CANDIDATE,0.999,8.67890312,29.641619,2.56,0.39,-0.43,0.021018,0.000627,-0.000472,1.003,0.047,-0.044,5510,2.3071497086269814,0.12816062230559783,-0.1137017657933436,2308,3128552,8.679,3e-05,0.990354785945378,0.0203382378850008,0.9997978106708778,3e-05,0.9997678167365577
3128552,K02055.02,2,CANDIDATE,0.986,4.02582434,18.971493,1.79,0.27,-0.3,0.014658,0.000623,-0.000413,1.003,0.047,-0.044,5510,1.6090113440410267,0.1017915357947614,-0.08388966683475944,2309,3128552,4.026,1.9e-05,0.9911035894630518,0.041698275196472914,0.9996094185726276,1.9e-05,0.9995904259936748
3128552,K02055.03,3,CANDIDATE,1.0,2.50475282,14.726074,1.48,0.22,-0.25,0.01214,0.000589,-0.000413,1.003,0.047,-0.044,5510,1.3326100229675306,0.08988682922629837,-0.07397823165463645,2310,3128552,2.505,0.00058,0.9912429531739375,0.05549072765445188,0.9994809708458536,0.00058,0.998901271882763
4254466,K02134.01,1,CANDIDATE,0.912,42.3006282,20.131565,2.54,0.44,-0.27,0.020615,0.000816,-0.000742,1.126,0.059,-0.055,5852,2.5404180236911653,0.16682515109856855,-0.1541385125432056,2752,4254466,42.301,0.022,0.9907861534608463,0.07272051357526485,0.9992706981233328,0.022,0.9772867427646195
4144576,K02202.01,1,CANDIDATE,1.0,0.8131663570000001,32.833220000000004,1.14,0.1,-0.06,0.011791,0.000561,-0.000217,0.809,0.035,-0.033,5237,1.043957014268185,0.06713415677809663,-0.046717702559851755,3148,4144576,0.813,0.00015,0.9901025814817636,0.013922751268127498,0.9998588581297102,0.00015,0.9997088793009907
11073656,K02206.01,1,CANDIDATE,0.999,1.834277283,19.764223,1.64,0.45,-0.2,0.015647,0.000462,-0.000678,0.841,0.068,-0.062,5751,1.4401593024635038,0.12396687340096063,-0.12315233731085712,3152,11073656,1.834,0.03,0.9910839511049405,0.03788208636684816,0.9996457844791656,0.03,0.9696564109447906
9945370,K02285.01,1,CANDIDATE,1.0,37.9456138,21.172686,2.79,0.84,-0.23,0.0295019999999999,0.000999,-0.001007,0.761,0.073,-0.065,5861,2.457081551315119,0.24995318553706977,-0.22600636291158357,2852,9945370,37.946,0.00053,0.9907542435088977,0.06279301513305925,0.9993747519724491,0.00053,0.9988450833539037
8973129,K02286.01,1,CANDIDATE,1.0,24.1738244,17.771389000000003,2.21,0.26,-0.19,0.020897,0.0008449999999999,-0.0009449999999999,0.906,0.047,-0.044,5461,2.0720278862635286,0.13628625940053332,-0.13749872154987425,2853,8973129,24.174,0.0062,0.991044292319583,0.0638617137646078,0.9993835364451261,0.0062,0.9931873585191664
6864893,K02375.01,1,FALSE POSITIVE,0.0,40.8792243,18.615725,1.62,0.25,-0.14,0.020582,0.003588,-0.0021739999999999,0.71,0.054,-0.049,5383,1.5992979414170652,0.3041799856135778,-0.2017896640513615,3248,6864893,40.879,0.78,0.9908917228926525,0.07914571217530829,0.9992099646739704,0.78,0.21982619222827346
10813132,K02378.01,1,CANDIDATE,0.836,4.76702759,12.08894,1.19,0.31,-0.17,0.0116049999999999,0.000794,-0.0004309999999999,0.885,0.067,-0.06,5629,1.1240143897086488,0.11469662855047506,-0.08688927763966314,3251,10813132,4.767,0.0026,0.9912965742105367,0.06971287447394872,0.9993420655833499,0.0026,0.9967437762128332
9837685,K02461.01,1,CANDIDATE,1.0,13.71218522,20.92898,2.47,0.6,-0.24,0.027248,0.007295,-0.001829,0.76,0.067,-0.061,5550,2.2663745179964763,0.638816420045178,-0.23713504214643702,2953,9837685,13.712,0.0034,0.9909603859439018,0.042539047133553665,0.999594715232715,0.0034,0.9961960932009238
6605493,K02559.01,1,CANDIDATE,1.0,9.30991834,16.452355999999998,1.21,0.2,-0.14,0.010094,6.3e-05,-0.000731,1.129,0.049,-0.047,5806,1.247213198181475,0.05468744522556971,-0.10418214593196792,3353,6605493,9.31,0.00028,0.9911675804888914,0.054843580921154086,0.9994829236014241,0.00028,0.9992030683828158
6946199,K01359.01,2,CANDIDATE,1.0,37.10114179999999,47.76845,3.19,0.88,-0.35,0.034349,0.000266,-0.000959,0.99,0.052,-0.049,5986,3.721626180940095,0.19759249670147094,-0.21148653755277458,1635,6946199,37.101,0.00093,0.9830663444897926,0.008424316834619448,0.9998536553950828,0.00093,0.9989237914955653
6946199,K01359.02,1,CANDIDATE,1.0,104.8205868,74.476715,6.45,1.78,-0.71,0.069522,0.000873,-0.0016,0.99,0.052,-0.049,5986,7.532530651585704,0.406797442184415,-0.4111552987753005,1658,6946199,104.821,0.27,0.8134390937368083,0.003588400302107061,0.9991740424793712,0.27,0.729397051009941
11288505,K01433.01,1,CANDIDATE,1.0,19.80787763,19.597445,2.08,0.52,-0.18,0.022635,0.001098,-0.000645,0.83,0.071,-0.064,5775,2.056089649666499,0.20219402559339011,-0.16902151270775767,1324,11288505,19.808,0.0006,0.9909867219590357,0.05199700952943802,0.9995011343597616,0.0006,0.9989014336791457
11389771,K01436.01,1,CANDIDATE,1.0,2.508553286,21.959381,1.28,0.36,-0.13,0.013262,0.000557,-0.000285,0.955,0.043,-0.041,5814,1.3861041085137176,0.0853476805472739,-0.0665470025748882,1328,11389771,2.509,1.5e-06,0.9909827446453715,0.032549220805848725,0.9996938600593462,1.5e-06,0.9996923605185561
11389771,K01436.02,2,CANDIDATE,1.0,13.75129636,20.443975,1.66,0.47,-0.16,0.01723,0.000469,-0.000615,0.955,0.043,-0.041,5814,1.8008274611439714,0.0947495953858984,-0.10054329999712842,1329,11389771,13.751,0.00034,0.9909843747881392,0.04411718237512887,0.9995801132646044,0.00034,0.9992402560260945
11389771,K01436.03,3,CANDIDATE,0.98,5.41908491,15.080370000000002,1.38,0.39,-0.13,0.014334,0.003793,-0.000504,0.955,0.043,-0.041,5814,1.4981463045872134,0.4021309678832428,-0.08313643070069955,1330,11389771,5.419,0.00031,0.991223517599437,0.05678110397900338,0.9994669840215,0.00031,0.9991571492564534
7663405,K01519.01,1,CANDIDATE,1.0,5.1443645,17.12765,1.55,0.11,-0.15,0.0156919999999999,0.000904,-0.00043,0.859,0.045,-0.043,5148,1.4752136388748964,0.11486921953969659,-0.08418703164638715,2395,7663405,5.144,5e-05,0.9911634840603077,0.04867196639982846,0.9995438744821019,5e-05,0.9994938972883778
7663405,K01519.02,2,CANDIDATE,0.742,57.132855000000006,8.49427,1.81,0.13,-0.17,0.018363,0.001173,-0.001186,0.859,0.045,-0.043,5148,1.726315832950541,0.14261501945016042,-0.14106468887284604,2396,7663405,57.133,0.12,0.9912171570029,0.1999870152084552,0.9977850135625014,0.12,0.8780508119350012
9818462,K01521.01,1,CANDIDATE,1.0,25.9421582,24.828281,1.95,0.16,-0.07,0.022458,0.004078,-0.001127,1.071,0.069,-0.064,5170,2.632352248395419,0.5071854327374765,-0.20541148695214606,2398,9818462,25.942,5.5e-05,0.9905950699017074,0.039256082449015225,0.999612065214992,5.5e-05,0.9995570865514052
12266636,K01522.01,1,CANDIDATE,0.998,33.3856176,32.242672,2.48,0.7,-0.37,0.0222349999999999,0.003493,-0.000774,1.064,0.08,-0.073,5833,2.589179843317381,0.4509334996848267,-0.19919752067397303,2399,12266636,33.386,0.001,0.989535670517892,0.02565167215978039,0.9997215922067568,0.001,0.9987218706145501
12266636,K01522.02,2,CANDIDATE,0.958,12.654896,8.532306,1.02,0.28,-0.16,0.0091209999999999,0.000587,-0.000583,1.064,0.08,-0.073,5833,1.0621052102944761,0.10511650217277645,-0.09959332675859092,2400,12266636,12.655,0.00024,0.9913428734179401,0.10181259633151328,0.9990101157113236,0.00024,0.9987703532835529
5360920,K01675.01,1,CANDIDATE,1.0,14.62399621,20.084682,21.92,5.02,-2.02,0.246245,68.33064,-0.053561,0.934,0.09,-0.08,5753,25.17084253570979,6984.669266398015,-5.884138508616649,2456,5360920,14.624,0.98,0.9909961899523237,0.04597370061590319,0.9995621720769784,0.98,0.019991243441539585
8043714,K01765.01,1,FALSE POSITIVE,0.0,6.814984472000001,843.1109,14.18,3.26,-1.1,0.1589,0.000772,-3.6e-05,1.234,0.131,-0.115,5465,21.459643974955952,2.280515254835537,-1.999891693440817,2151,8043714,6.815,0.16,7.020109516674582e-30,1.1629024462150576e-29,0.0,0.16,0.0
4150390,K01768.01,1,FALSE POSITIVE,0.0,55.25178622,574.7336,27.32,7.85,-2.46,0.300696,0.217205,-0.050545,1.009,0.095,-0.085,5793,33.204907353511196,24.18815117784588,-6.243234453619682,2154,4150390,55.252,0.99,1.51632556171535e-19,2.658498633100453e-20,0.82467494446951,0.99,0.008246749444695107
7046804,K00205.01,1,CANDIDATE,0.998,11.720123999,749.6936599999999,7.94,1.06,-0.71,0.094404,0.000387,-0.000773,0.846,0.063,-0.057,5215,8.740659754719356,0.6518856942575154,-0.5932427442018251,534,7046804,11.72,0.014,3.20437476218909e-26,1.7029719338446994e-26,0.4685478259473924,0.014,0.46198815638412893
10657406,K01837.01,1,CANDIDATE,1.0,34.1732156,39.367767,2.37,0.22,-0.07,0.026045,0.002017,-0.003186,0.784,0.033,-0.031,5201,2.2347239327963755,0.19697444845409168,-0.28729293128382993,2550,10657406,34.173,2.4e-05,0.9876979941466947,0.01518030604146087,0.9998080113477392,2.4e-05,0.9997840159554668
10657406,K01837.02,2,CANDIDATE,1.0,1.682934607,28.915668,1.06,0.09,-0.04,0.011608,0.002872,-0.0009109999999999,0.784,0.033,-0.031,5201,0.9959944485275611,0.24996522044269975,-0.0875265663965965,2551,10657406,1.683,2.6e-05,0.9905170720636693,0.019025177497890865,0.9998143258941043,2.6e-05,0.9997883307216311
9965957,K01911.01,1,CANDIDATE,1.0,5.75321539,30.750694,3.14,0.77,-0.26,0.03095,1.4e-05,-0.0062229999999999,0.74,0.057,-0.052,5445,2.506546863201611,0.1930751821290547,-0.5338741354243838,2253,9965957,5.753,0.0029,0.9902755406383005,0.017774149860945908,0.9998223002195062,0.0029,0.9969228155488696
9704384,K01913.01,1,CANDIDATE,1.0,5.50860699,35.991122999999995,1.49,0.15,-0.12,0.015422,0.0011099999999999,-0.002439,0.894,0.038,-0.036,5448,1.5089042202995218,0.1261279717260901,-0.24624831715619636,2255,9704384,5.509,2.9e-06,0.9895223972910535,0.01188639292062962,0.9998726263774225,2.9e-06,0.999869726746806
10779233,K01989.01,1,CANDIDATE,0.861,201.118319,21.656965,2.28,0.32,-0.2,0.021853,0.000775,-0.00036,0.982,0.042,-0.039,5646,2.348583520356154,0.13048855381890903,-0.10097963799838595,2654,10779233,201.118,0.00048,0.9858819641147467,0.5366646334324497,0.9834134185992253,0.00048,0.9829413801582976
9364609,K02137.01,1,CANDIDATE,0.997,14.97436238,21.028004,1.28,0.09,-0.09,0.014655,0.000623,-0.00045,0.831,0.035,-0.034,5311,1.3328163208689905,0.07975892562930999,-0.068180748503951,2757,9364609,14.974,0.0051,0.990946661615963,0.04314359976214012,0.9995880655755264,0.0051,0.9944901664410912
8233702,K02140.01,1,CANDIDATE,1.0,41.6977582,22.457796,2.26,0.6,-0.21,0.02375,0.000837,-0.000529,0.937,0.076,-0.069,5730,2.4354917371948153,0.21538376847553595,-0.18737242788618158,2760,8233702,41.698,0.038,0.9906194563711591,0.060905516013257555,0.9993858584346778,0.038,0.96140919581416
10531955,K02208.01,1,CANDIDATE,1.0,2.3445125890000003,20.373524,0.97,0.14,-0.13,0.00784,0.001027,-0.0008039999999999,1.144,0.048,-0.046,5821,0.9815796425874653,0.13501677250467384,-0.10812329901853963,3154,10531955,2.345,0.0028,0.9910561263979326,0.03652398925709871,0.9996578908396679,0.0028,0.9968588487453168
8410415,K02291.01,1,CANDIDATE,0.985,44.2993483,19.371254,2.68,0.22,-0.21,0.026848,0.010782,-0.001527,0.777,0.036,-0.034,5310,2.2830552081550466,0.9229433240637787,-0.16383393719940617,2893,8410415,44.299,0.12,0.9908186495684569,0.07932055774293775,0.999201656663664,0.12,0.8792974578640244
7257363,K02292.01,1,FALSE POSITIVE,0.0,5.23340265,12.49613,1.15,0.16,-0.09,0.0142189999999999,0.0006389999999999,-0.000991,0.789,0.065,-0.059,5266,1.2278053263748971,0.1152209537679939,-0.12550812503976028,2894,7257363,5.233,0.61,0.9912867218034452,0.06822870526800305,0.9993563643446836,0.61,0.3897489820944266
8321314,K02293.01,1,CANDIDATE,1.0,15.03366411,17.912304000000002,1.7,0.21,-0.08,0.017431,0.0009029999999999,-0.000392,0.855,0.041,-0.038,5520,1.6310672710325949,0.11513985621692033,-0.08124367038993185,2895,8321314,15.034,0.00045,0.9910883886452057,0.054273156646744244,0.9994839839431129,0.00045,0.9990342161503385
9395024,K02383.01,1,CANDIDATE,0.998,4.37033233,15.337785,1.56,0.24,-0.24,0.0120629999999999,0.0006349999999999,-0.000423,1.105,0.062,-0.058,5654,1.4588178258714957,0.11223587665627924,-0.09208688549579085,3289,9395024,4.37,7.1e-05,0.9912202577191422,0.05475760896121773,0.9994868871574477,7.1e-05,0.9994159235884595
9108085,K02470.01,1,FALSE POSITIVE,0.0,2.17489806,20.843405,1.08,0.17,-0.15,0.008631,0.0015119999999999,-0.000774,1.24,0.056,-0.054,5754,1.1712949137931032,0.211899014508613,-0.1167680630633044,2996,9108085,2.175,1.0,0.9910367601638594,0.035168440046110576,0.9996703319514214,1.0,0.0
5436013,K02471.01,1,CANDIDATE,1.0,25.8859397,13.981552,1.66,0.09,-0.16,0.016887,0.000256,-0.003742,0.873,0.039,-0.037,5196,1.6134302779228542,0.07611455977363968,-0.3640016912787602,2997,5436013,25.886,0.0053,0.991176682918646,0.08606616685223213,0.9991617018340054,0.0053,0.9938661448142853
12216278,K02565.01,1,FALSE POSITIVE,0.001,2.01948607,18.516070000000003,2.15,0.64,-0.26,0.020811,0.395464,-0.001756,1.126,0.098,-0.089,5884,2.5645714038824563,48.73414555273336,-0.2965068224297247,2700,12216278,2.019,1.0,0.9911301378432286,0.04167969001317221,0.9996107756729713,1.0,0.0
6837146,K01362.01,1,CANDIDATE,1.0,20.51360192,27.987392,2.58,0.36,-0.23,0.033497,0.005477,-0.002532,0.856,0.066,-0.06,5310,3.1380736600805434,0.5672838732583778,-0.3234921464144549,1663,6837146,20.514,0.0014,0.9903647138274955,0.02826781030835153,0.9997169813607659,0.0014,0.9983173775868609
6936909,K01363.01,1,CANDIDATE,1.0,3.546531809,23.153551,2.18,0.66,-0.23,0.02022,0.0036829999999999,-0.001047,1.234,0.1,-0.09,5993,2.73073631953184,0.5443991678539557,-0.2442523286313664,1664,6936909,3.547,8.1e-05,0.990913339200817,0.030308219592420527,0.9997133873513959,8.1e-05,0.9996324105670205
6936909,K01363.02,2,CANDIDATE,0.983,5.70070626,11.391634,2.03,0.63,-0.2,0.018897,0.004997,-0.001143,1.234,0.1,-0.09,5993,2.5520635128681097,0.7058295370511606,-0.241811668729974,1665,6936909,5.701,0.0013,0.9913080877289367,0.07441131688610479,0.9992950997910411,0.0013,0.9979960161613128
8692861,K00172.01,1,CANDIDATE,1.0,13.7223682,82.31395,2.23,0.28,-0.27,0.021681,0.0004089999999999,-0.000171,1.226,0.054,-0.051,5637,2.909063727693179,0.13938905336013124,-0.12316914023724343,428,8692861,13.722,1.4e-07,0.8622891705889907,0.0003911375158339022,0.9999375094226137,1.4e-07,0.9999373694313624
8692861,K00172.02,2,CANDIDATE,0.693,242.467406,18.011978,1.73,0.21,-0.22,0.016782,0.000636,-0.000454,1.226,0.054,-0.051,5637,2.2517368884344324,0.13083852649104727,-0.11173483104929081,429,8692861,242.467,0.0086,0.9848830956195549,0.759480077334112,0.9515332930150006,0.0086,0.9433501066950715
9573539,K00180.01,1,CANDIDATE,1.0,10.04556377,91.12792,2.19,0.28,-0.1,0.023478,0.000641,-0.000301,0.891,0.038,-0.036,5632,2.289403054775988,0.11593334722480829,-0.09704617334404002,460,9573539,10.046,4.3e-07,0.7515197102959064,0.00018577429120066112,0.9999385647159597,4.3e-07,0.9999381347423768
9850893,K01523.01,1,FALSE POSITIVE,0.0,8.48039789,18.904547,1.71,0.48,-0.3,0.014903,0.000202,-0.000922,0.896,0.068,-0.062,5401,1.461386754593506,0.11266377573432632,-0.13564660050530264,2401,9850893,8.48,0.19,0.9910832934183612,0.04519276369124777,0.9995741589545916,0.19,0.8096550687532192
10028140,K01591.01,1,CANDIDATE,1.0,19.65639342,20.412176,2.83,0.43,-0.22,0.0350829999999999,0.00033,-0.00939,0.763,0.06,-0.054,5288,2.929575648958587,0.23201516357489474,-0.8110529634657414,2093,10028140,19.656,0.15,0.990946588181177,0.04886233999497629,0.9995306542250858,0.15,0.8496010560913229
5289854,K01593.01,1,CANDIDATE,0.964,9.69501146,16.746252,2.08,0.63,-0.2,0.020883,0.000814,-0.000858,0.892,0.089,-0.08,5896,2.0386430853888746,0.21837831516715966,-0.20111045992479537,2095,5289854,9.695,0.0014,0.9911562764277942,0.05402904066996724,0.9994903846788237,0.0014,0.9980910981402734
5289854,K01593.02,2,CANDIDATE,1.0,15.3825394,15.541253,2.14,0.64,-0.22,0.021393,0.001015,-0.000743,0.892,0.089,-0.08,5896,2.0884303752202364,0.23073399641985895,-0.2008570399998562,2096,5289854,15.383,0.00044,0.9911711320083849,0.06482741805052616,0.9993825193706491,0.00044,0.998942791062126
5526717,K01677.01,1,CANDIDATE,0.994,52.069002000000005,21.926264,2.92,0.42,-0.52,0.021433,0.000692,-0.000784,1.25,0.068,-0.064,5565,2.9320841657752332,0.1854827373258587,-0.18449942608621667,2458,5526717,52.069,0.051,0.9905482583649208,0.07510474680045481,0.9992251617730205,0.051,0.9482646785225963
5530882,K01680.01,1,FALSE POSITIVE,0.0,5.0825188,14.619732,0.88,0.24,-0.08,0.009622,0.000235,-0.000676,0.96,0.072,-0.066,5706,1.0109275711049583,0.07973836634836284,-0.09937176775749701,2494,5530882,5.083,0.13,0.9912369486043895,0.05838381595879953,0.9994518537600007,0.13,0.8695231127712005
7765528,K01840.01,1,CANDIDATE,1.0,7.03932913,39.687874,4.67,0.8,-0.73,0.034474,0.001021,-0.002667,1.17,0.063,-0.059,5847,4.414291358230556,0.27127415796954835,-0.4076448645967591,2555,7765528,7.039,0.41,0.9886747273321957,0.00920961701848208,0.9998935231922816,0.41,0.5899371786834462
7765528,K01840.02,2,CANDIDATE,0.842,9.3888216,7.657936999999999,20.91,3.59,-3.27,0.154393,72.62439,-0.751287,1.17,0.063,-0.059,5847,19.769556351780768,9299.333389633324,-96.20519190812921,2556,7765528,9.389,1.0,0.9913630236737185,0.10268372183048302,0.9990030231636924,1.0,0.0
7779077,K01842.01,1,CANDIDATE,1.0,16.84183355,31.661684,3.08,0.82,-0.45,0.027911,0.0052049999999999,-0.001982,0.833,0.063,-0.057,5602,2.544508194232947,0.5120522899358447,-0.25092680387552097,2558,7779077,16.842,0.031,0.9899759499924219,0.020120378585349655,0.9997920868286677,0.031,0.968798532136979
10074466,K01917.01,1,CANDIDATE,0.999,35.01190875,27.80376,2.97,0.48,-0.35,0.0235949999999999,0.000528,-0.004284,1.101,0.047,-0.045,5872,2.843090972108596,0.13703176544421183,-0.5291202465803045,2295,10074466,35.012,0.073,0.9901681561469193,0.03675054315893841,0.9996211642056294,0.073,0.9266488192186185
8218379,K01920.01,1,CANDIDATE,1.0,16.57099265,33.874874,2.03,0.43,-0.15,0.023913,0.003286,-0.000883,0.776,0.059,-0.053,5483,2.030856516108734,0.3189384215811436,-0.15767927986758337,2297,8218379,16.571,0.00048,0.9896382316255127,0.0169380087211329,0.9998195990324682,0.00048,0.9993396856249326
8218379,K01920.02,2,CANDIDATE,0.847,10.1384691,7.17846,0.74,0.16,-0.05,0.008748,0.000733,-0.000661,0.776,0.059,-0.053,5483,0.7429403589227285,0.08405923959086824,-0.07567088131764313,2298,8218379,10.138,0.01,0.9913684656041186,0.10740480173232345,0.9989523359135851,0.01,0.9889628125544493
6342333,K02065.01,1,CANDIDATE,0.968,80.2321467,21.93725,3.24,0.38,-0.19,0.033375,0.0002279999999999,-0.006342,0.824,0.038,-0.036,5438,3.009760524163101,0.1403142762517561,-0.5868438490741913,3096,6342333,80.232,0.094,0.9901564466315078,0.11789295724607829,0.9986713375752954,0.094,0.9047962318432177
3239671,K02066.01,1,CANDIDATE,0.997,147.97391000000002,23.204792,3.33,0.43,-0.29,0.032114,0.001391,-0.000762,0.841,0.044,-0.041,5578,2.9557918987226275,0.20076299001092981,-0.16026073449255737,3097,3239671,147.974,0.01,0.988079384946015,0.28688926605509807,0.9951463981081117,0.01,0.9851949341270305
11403339,K02143.01,1,CANDIDATE,0.999,4.79029482,19.510805,1.01,0.11,-0.04,0.011014,0.0001699999999999,-0.000735,0.863,0.038,-0.036,5412,1.0402538301346589,0.04853753897453901,-0.0818664784417384,2796,11403339,4.79,1.8e-05,0.991078483220392,0.04059299637331247,0.9996191281506871,1.8e-05,0.9996011350063804
8260902,K02144.01,1,CANDIDATE,0.991,38.6715843,21.972872,2.45,0.83,-0.38,0.024605,0.004088,-0.00255,1.06,0.084,-0.076,5432,2.854385919015857,0.5254241971517049,-0.3597131637238297,2797,8260902,38.672,0.00085,0.9906891123774058,0.059981604563710336,0.9994002981042617,0.00085,0.998550807850873
10203349,K02212.01,1,CANDIDATE,1.0,17.14648756,24.467686,3.64,0.55,-0.84,0.02359,3.8e-05,-0.0042689999999999,1.099,0.057,-0.054,5556,2.837325027844198,0.1472297640750956,-0.5320508980645999,3193,10203349,17.146,0.0079,0.9907146633069817,0.0346985782044578,0.9996631024915917,0.0079,0.9917657639819082
4248120,K02216.01,1,CANDIDATE,1.0,23.34036251,15.966751,2.21,0.53,-0.36,0.022658,0.00122,-0.000741,0.983,0.079,-0.072,5530,2.437578136766927,0.235802383639795,-0.19552940534774724,3197,4248120,23.34,0.055,0.9911206978862857,0.07170826281305794,0.999307950747501,0.055,0.9443460134563884
7382313,K02392.01,1,CANDIDATE,0.975,7.42697378,12.343142,1.4,0.19,-0.11,0.013086,0.0005809999999999,-0.0007469999999999,1.051,0.06,-0.056,5580,1.5051961112824062,0.10885732403744619,-0.1175365089031379,3298,7382313,7.427,0.00061,0.9912837793309843,0.07152137594383084,0.999322679581075,0.00061,0.9987130927465305
6846911,K02477.01,1,CANDIDATE,0.998,14.02634692,15.594649,2.66,0.79,-0.42,0.021529,0.001942,-0.003062,0.993,0.077,-0.07,5970,2.3396805346872642,0.2783102004463434,-0.3713964062768348,3036,6846911,14.026,0.12,0.9911751173712592,0.06314132510463341,0.999399935193383,0.12,0.8794719429701771
6525185,K02568.01,1,FALSE POSITIVE,0.0,1.71030803,17.590113,1.32,0.39,-0.12,0.01348,0.000526,-0.000533,0.799,0.075,-0.067,5790,1.1787457154543166,0.11982515224552502,-0.10928089725169884,2703,6525185,1.71,0.00027,0.9911631654261247,0.044392435101484974,0.9995858277852038,0.00027,0.9993159396117017
8247770,K02569.01,1,CANDIDATE,0.427,8.28157072,11.9206705,1.37,0.21,-0.21,0.010655,0.0007019999999999,-0.000505,1.046,0.047,-0.045,5646,1.2197437297067706,0.09727222573567172,-0.0780745669275051,2704,8247770,8.282,0.0007,0.9912904206107409,0.07475472055676081,0.9992901313167315,0.0007,0.9985906282248097
7501646,K02572.01,1,CANDIDATE,1.0,6.37705295,15.772048000000002,2.15,0.52,-0.21,0.02038,0.000962,-0.001093,0.86,0.071,-0.065,5672,1.9181655487037501,0.18241726998310387,-0.17776782414249573,2740,7501646,6.377,0.58,0.9912004137166477,0.05486654976754286,0.9994846345546421,0.58,0.41978354651294975
11356260,K01441.01,1,CANDIDATE,0.986,8.50698069,18.6186,1.9,0.53,-0.29,0.017613,0.002787,-0.002036,0.805,0.064,-0.058,5822,1.551717546642965,0.2747862811054238,-0.21136246196236524,1371,11356260,8.507,6.2e-05,0.9910944298726668,0.046174133432591524,0.9995650129273554,6.2e-05,0.999503039896554
7768451,K01527.01,1,CANDIDATE,0.99,192.667139,23.556185,3.64,0.37,-0.27,0.037986,7.000000000000001e-06,-0.0072,0.938,0.045,-0.043,5401,3.899508379624968,0.1870780081425728,-0.7604366629670949,2439,7768451,192.667,0.18,0.9854675534655268,0.46314231981601856,0.9872781081183073,0.18,0.809568048657012
7691260,K01528.01,1,CANDIDATE,1.0,3.989544192,22.076683,0.93,0.14,-0.06,0.012443,0.000558,-0.000384,0.852,0.036,-0.034,5229,1.1602408484142963,0.07148805330936488,-0.058530458627201486,2440,7691260,3.99,0.0032,0.9909671919140169,0.03309568915360921,0.9996880022665383,0.0032,0.9964890006592854
10006581,K01595.01,1,CANDIDATE,1.0,40.109781700000006,34.499313,3.11,0.48,-0.54,0.024334,0.000859,-0.0004379999999999,1.224,0.074,-0.069,5504,3.2597055894789833,0.22820802166867998,-0.1928976477203656,2098,10006581,40.11,0.0043,0.988880751435215,0.024318526366852892,0.9997197402623743,0.0043,0.9954209453792461
10004738,K01598.01,1,CANDIDATE,0.986,56.4758069,56.98060600000001,3.22,0.25,-0.14,0.035104,0.000743,-0.004436,0.85,0.037,-0.035,5497,3.2655699219733196,0.15806153411423718,-0.434016390986317,2102,10004738,56.476,0.0038,0.9672953415319413,0.0058535743519318,0.9998009228999819,0.0038,0.9960016793929619
10004738,K01598.02,2,CANDIDATE,1.0,92.8747294,30.277075,2.64,0.21,-0.11,0.0288509999999999,0.000143,-0.004974,0.85,0.037,-0.035,5497,2.6838809770639225,0.11758267836862207,-0.4757235521873678,2103,10004738,92.875,5.5e-05,0.9881385421640242,0.08083350271503909,0.9989443561009662,5.5e-05,0.9988894141613807
10004738,K01598.03,3,CANDIDATE,1.0,13.93068791,12.670836,1.4,0.11,-0.06,0.015266,0.001413,-0.003094,0.85,0.037,-0.035,5497,1.4201284876038256,0.1452556757233317,-0.29370127289565545,2137,10004738,13.931,0.0002,0.9912565794728466,0.07773483424092126,0.9992565441977197,0.0002,0.9990566928888802
6034945,K01683.01,1,CANDIDATE,0.997,9.11500269,23.985239,1.78,0.56,-0.23,0.015881,0.003283,-0.000997,0.925,0.07,-0.064,5962,1.6076926790995467,0.353919003932931,-0.15020014347284788,2499,6034945,9.115,0.00015,0.9908202055309956,0.03134226118480689,0.9997002231608164,0.00015,0.9995502681273423
9909735,K01779.01,1,CANDIDATE,1.0,4.66271902,213.7086,3.86,0.64,-0.16,0.037636,0.000416,-0.001999,0.982,0.042,-0.039,5729,4.0448125828089605,0.17867979484694746,-0.2682528709466992,2199,9909735,4.663,0.061,4.8385748148774525e-05,1.3281413201364511e-08,0.9997255230877943,0.061,0.9387422661794389
9909735,K01779.02,2,CANDIDATE,1.0,11.8150174,80.44856999999999,3.48,0.58,-0.14,0.033946,0.008013,-0.005753,0.982,0.042,-0.039,5729,3.648241256670022,0.875194088481767,-0.6350357104940229,2200,9909735,11.815,0.099,0.8824060960094339,0.00043659567468397515,0.9999417916363809,0.099,0.9009475542643792
6152974,K00216.01,1,CANDIDATE,1.0,20.172024672,198.6218,6.24,0.27,-0.55,0.066137,0.000106,-0.001452,0.817,0.036,-0.034,5062,5.91357355985716,0.26074593402855245,-0.27824357462667687,571,6152974,20.172,0.0015,0.00015817152358842078,5.5954402416892525e-08,0.9996462981838641,0.0015,0.9981468287365883
6152974,K00216.02,2,CANDIDATE,0.992,7.51854537,14.684393,1.42,0.06,-0.12,0.015061,0.000723,-0.000621,0.817,0.036,-0.034,5062,1.3466642179870374,0.08775110378318665,-0.07889163247518947,572,6152974,7.519,0.0046,0.9912267436863059,0.060519521970657617,0.9994298415888778,0.0046,0.9948324643175689
9411166,K01922.01,1,CANDIDATE,1.0,1.954525966,35.474197,2.38,0.38,-0.3,0.019224,0.002724,-0.001151,1.166,0.075,-0.07,5739,2.4531593740246667,0.381745561962002,-0.20799700170591384,2300,9411166,1.955,6.3e-05,0.9896933839650103,0.011617345067525172,0.9998775955508202,6.3e-05,0.9998146032623005
9411166,K01922.03,2,CANDIDATE,1.0,105.65526509999998,31.695293,4.22,0.66,-0.55,0.033986,0.000495,-0.001041,1.166,0.075,-0.07,5739,4.336926471369242,0.2860239718574054,-0.2922950291601406,2301,9411166,105.655,0.0012,0.9870415821147883,0.08998255209007032,0.9987018492777683,0.0012,0.9975034070586349
4989057,K01923.01,1,CANDIDATE,1.0,7.23400381,30.212036,1.78,0.19,-0.1,0.019155,0.000805,-0.000391,0.879,0.039,-0.037,5411,1.8426993686288695,0.11261173164658524,-0.08620430413457941,2302,4989057,7.234,0.00045,0.990313812458152,0.018996969445020134,0.9998105938779778,0.00045,0.9993606791107328
10384798,K01997.01,1,CANDIDATE,1.0,38.505224,28.735064,2.45,0.68,-0.24,0.025468,0.003671,-0.001238,0.939,0.071,-0.065,5974,2.6172420488925243,0.4260082917983724,-0.2213806108352055,1999,10384798,38.505,0.00033,0.9899858439285727,0.036403297247589304,0.9996178527068535,0.00033,0.9992879788154603
8802693,K02000.01,1,CANDIDATE,1.0,26.41044199,24.82197,2.45,0.43,-0.19,0.03051,0.0056229999999999,-0.001876,0.796,0.066,-0.059,5448,2.6579005745028947,0.537141919193902,-0.25596896889448584,2002,8802693,26.41,0.00085,0.9905903904928337,0.039588881042441626,0.9996084443115909,0.00085,0.998758777133926
6035124,K02071.01,1,CANDIDATE,0.9,3.85690686,20.862171,0.93,0.09,-0.04,0.010442,0.000235,-0.000543,0.839,0.036,-0.034,5272,0.9588023843128617,0.04645595685106801,-0.06321110854200904,3135,6035124,3.857,3.5e-05,0.9910260229601032,0.03614399752584382,0.9996604342156483,3.5e-05,0.9996254461004508
9580992,K02217.01,1,CANDIDATE,1.0,37.8034121,15.283957,2.95,0.54,-0.23,0.033027,0.00172,-0.009639,0.764,0.059,-0.053,5329,2.7615056788950416,0.25721912180177925,-0.8284061244000669,3198,9580992,37.803,0.059,0.9910733970803357,0.09519518189284264,0.9990523663774865,0.059,0.9401082767612149
11922722,K02301.01,1,FALSE POSITIVE,0.0,3.51289168,23.183445000000003,1.12,0.3,-0.18,0.010499,0.000256,-0.000448,0.848,0.063,-0.057,5523,0.9743774928265794,0.07618804991373915,-0.07757730111199442,2938,11922722,3.513,0.13,0.9909119282346163,0.03022308321189224,0.9997141727599063,0.13,0.8697513303011184
11403389,K02482.01,1,CANDIDATE,1.0,45.0909201,12.797429,2.44,0.7,-0.24,0.024803,0.000157,-0.006779,0.913,0.073,-0.066,5790,2.478326076374905,0.19877750191112503,-0.7006526637912975,3040,11403389,45.091,0.0056,0.9911315819915882,0.12663080791498202,0.9987026524090653,0.0056,0.9931099175555745
9851662,K02483.01,1,CANDIDATE,0.995,15.0539886,12.717842,1.44,0.25,-0.21,0.016079,0.002531,-0.002688,0.915,0.069,-0.062,5475,1.6101397990341053,0.28103578453522493,-0.2904448393014053,3041,9851662,15.054,0.0001,0.9912518145162132,0.078910548414087,0.9992439208877864,0.0001,0.9991439964956976
9896018,K02579.01,1,CANDIDATE,0.999,2.7296036,14.404189,1.53,0.26,-0.22,0.011314,0.000125,-0.0007769999999999,1.096,0.063,-0.059,5892,1.3570947931034483,0.07943603196840916,-0.11841992810536135,2746,9896018,2.73,4.7e-06,0.9912502917172351,0.057019326671632016,0.9994662602617161,4.7e-06,0.999461562770293
9896018,K02579.02,2,CANDIDATE,0.98,3.59645081,12.747314,1.66,0.29,-0.23,0.012319,0.002505,-0.001273,1.096,0.063,-0.059,5892,1.4776428103448278,0.31224486925380945,-0.17217100461548104,2747,9896018,3.596,0.0016,0.9912859607824501,0.06521692704033827,0.999386704120987,0.0016,0.9977876853943933
9896018,K02579.03,3,CANDIDATE,0.939,10.30148508,9.271536,1.6,0.27,-0.23,0.011853,0.00047,-0.000774,1.096,0.063,-0.059,5892,1.4217469137931036,0.09928299359202641,-0.12032025719555832,2748,9896018,10.301,0.0002,0.9913357105292135,0.0931378581535238,0.9991023703759683,0.0002,0.9989025499018931
6932987,K01366.01,1,CANDIDATE,1.0,19.25404023,38.617783,3.04,0.88,-0.29,0.0296069999999999,0.003578,-0.001003,0.851,0.044,-0.041,5798,2.757448559794226,0.36245468123038627,-0.16240501912998578,1694,6932987,19.254,6e-05,0.9885319227337502,0.012380498222103062,0.9998545718843583,6e-05,0.9997945806100453
6932987,K01366.02,2,CANDIDATE,1.0,54.15583839999999,22.053192000000003,3.88,1.12,-0.38,0.03773,0.001209,-0.00667,0.851,0.044,-0.041,5798,3.5139843334696708,0.21374948116954162,-0.6438669973933685,1695,6932987,54.156,0.11,0.9905120371898279,0.07701659022927186,0.9992007114192942,0.11,0.8892886331631719
7287415,K01369.01,1,CANDIDATE,1.0,3.0161820130000003,27.806568,2.25,0.37,-0.45,0.014736,0.002208,-0.001174,1.011,0.053,-0.05,5613,1.6304753000251697,0.25882671237024285,-0.15289145335265145,1698,7287415,3.016,2.9e-06,0.9905987714696862,0.02117263848899218,0.9997947157141108,2.9e-06,0.9997918163094353
6924203,K01370.01,1,CANDIDATE,0.995,6.8833761,24.844032,1.69,0.45,-0.13,0.019546,0.000649,-0.000627,1.101,0.087,-0.079,5679,2.3552047527372264,0.20186868281914505,-0.1851121324583555,1699,6924203,6.883,0.0021,0.990783243346861,0.028285610829890857,0.9997292138820634,0.0021,0.997629782532911
7802136,K01449.01,1,FALSE POSITIVE,0.0,10.980246199000002,2461.2927,21.94,5.82,-2.91,0.2239719999999999,0.000186,-0.0002109999999999,1.213,0.092,-0.084,5952,29.73294891221997,2.255231056038579,-2.0591911069538797,1413,7802136,10.98,0.62,9.87188199971934e-94,8.242192337341482e-84,0.0,0.62,0.0
9632895,K01451.01,1,FALSE POSITIVE,0.0,27.32204488,4301.102,21.58,4.72,-1.91,0.255925,7.8e-05,-9e-05,0.85,0.063,-0.057,5620,23.807571281934308,1.7645760841111515,-1.5965296738496542,1415,9632895,27.322,0.52,2.17214504478849e-166,2.75145130969223e-145,0.0,0.52,0.0
7808587,K01533.01,1,CANDIDATE,1.0,6.24145791,26.684687,1.6,0.26,-0.27,0.011618,0.000434,-0.0002569999999999,0.992,0.043,-0.041,5817,1.2613235368738989,0.07217593344359038,-0.0591284218367936,2446,7808587,6.241,0.00019,0.9906554052881209,0.024364114379319787,0.9997644404476855,0.00019,0.9995744852040005
11669125,K01535.01,1,CANDIDATE,0.956,70.6981724,31.932688,1.63,0.22,-0.1,0.017221,0.000549,-0.000341,0.931,0.04,-0.038,5811,1.7546540508903852,0.0938742710224584,-0.0796015236186695,2482,11669125,70.698,3.5e-05,0.9885055950341546,0.049653216770701,0.9993924631256581,3.5e-05,0.9993574843894487
10005758,K01783.01,1,CANDIDATE,0.999,134.4785189,163.9393,10.52,1.65,-2.01,0.072121,0.000889,-0.001024,1.166,0.052,-0.05,5791,9.203303537975081,0.42582834920800694,-0.4157234261685087,2240,10005758,134.479,0.73,0.0009385430226417945,6.157314231031629e-06,0.9934456140469983,0.73,0.2682303157926896
10005758,K01783.02,2,CANDIDATE,0.991,284.063137,58.095493000000005,6.36,0.99,-1.22,0.0435889999999999,0.003956,-0.002147,1.166,0.052,-0.05,5791,5.562357675528554,0.5624775621081601,-0.36325834583058586,2241,10005758,284.063,0.85,0.6968441526195253,0.2338341979864759,0.8672252315674185,0.85,0.13008378473511278
9735426,K01849.01,1,CANDIDATE,1.0,8.08801663,39.4025,2.94,0.24,-0.2,0.0307649999999999,0.002642,-0.0028699999999999,0.798,0.037,-0.035,5272,2.6868490402403635,0.26222083226506276,-0.27697083949762225,2601,9735426,8.088,0.011,0.9887124309158634,0.009587517732919413,0.9998894851847695,0.011,0.988890700847737
10464050,K01851.01,1,CANDIDATE,1.0,4.469754641000001,40.748875,2.26,0.67,-0.23,0.022136,0.000199,-0.0009019999999999,0.917,0.07,-0.063,5988,2.221528746916688,0.170754280795596,-0.1774501280523297,2603,10464050,4.47,0.0034,0.9884821946976987,0.008117247480435439,0.9999046437133415,0.0034,0.9965049679247162
9662811,K01854.01,1,CANDIDATE,0.99,43.0343364,37.634098,2.5,0.3,-0.18,0.025125,0.001705,-0.003596,0.926,0.039,-0.037,5550,2.54624689702366,0.20336344451833013,-0.37836520998768247,2639,9662811,43.034,0.00019,0.9878888071012369,0.020199363162968127,0.9997472571860349,0.00019,0.9995573052071695
9955598,K01925.01,1,CANDIDATE,0.999,68.95844699999999,27.269234,1.11,0.05,-0.04,0.011473,0.001696,-0.001469,0.898,0.038,-0.036,5455,1.127552535521017,0.17337561653275804,-0.151282557266735,2304,9955598,68.958,0.0076,0.9895861627214021,0.06766098697964708,0.9992363020151571,0.0076,0.9916421061198418
5770074,K01928.01,1,CANDIDATE,0.986,63.038036600000005,38.719246000000005,2.59,0.39,-0.22,0.023298,0.000535,-0.000335,1.088,0.047,-0.045,5798,2.774156719859049,0.1357191677320833,-0.12147598544061373,2305,5770074,63.038,0.64,0.98643437479406,0.02632184056642069,0.9996282316260128,0.64,0.3598661633853646
9641481,K02152.01,1,CANDIDATE,0.999,42.1918331,19.753057,2.35,0.32,-0.33,0.0198889999999999,0.000913,-0.0005009999999999,1.223,0.065,-0.061,5522,2.662090774902453,0.18695303833827862,-0.14875053206459243,2842,9641481,42.192,6.2e-05,0.9908119697135126,0.07457892889620968,0.9992526777176797,6.2e-05,0.9991907240516612
8892157,K02224.01,1,CANDIDATE,0.999,3.73090026,21.66317,1.48,0.22,-0.07,0.014249,0.000187,-0.001775,1.238,0.074,-0.069,5706,1.9305830407437705,0.11814699497829012,-0.2634670687757269,3242,8892157,3.731,5e-06,0.9909893307153498,0.03398016517246969,0.9996801638762574,5e-06,0.9996751654754379
10874215,K02305.01,1,CANDIDATE,0.995,31.0325991,14.200886,2.64,0.72,-0.25,0.02592,0.0001409999999999,-0.002134,0.961,0.086,-0.077,5841,2.7261003624465134,0.24440933600285616,-0.3131844939787126,2943,10874215,31.033,0.1,0.991147253949887,0.09209410746841735,0.9990939945030503,0.1,0.8991845950527453
7661065,K02307.01,1,CANDIDATE,1.0,4.150297119,21.589361,3.03,0.26,-0.16,0.032359,0.002963,-0.009847,0.78,0.035,-0.033,5288,2.762314673105965,0.2816734829882976,-0.8486708712963382,2945,7661065,4.15,0.68,0.9909902274878495,0.03441363894264286,0.9996759709637865,0.68,0.3198963107084116
7984574,K02400.01,1,CANDIDATE,1.0,11.6191707,16.516773,2.21,0.63,-0.19,0.024284,0.001082,-0.000986,0.934,0.081,-0.074,5870,2.4822787879436192,0.24202226954850373,-0.22099038833040896,3339,7984574,11.619,0.099,0.9911554699492364,0.05673826737921686,0.9994632440917641,0.099,0.9005163829266795
11818872,K02581.01,1,CANDIDATE,1.0,12.7372371,11.28038,0.87,0.09,-0.05,0.009176,0.000472,-0.000585,0.893,0.038,-0.036,5420,0.8967849669015856,0.05986801718761421,-0.06764435189776233,2784,11818872,12.737,0.0012,0.9912915360750653,0.08412825351559457,0.9991930486166976,0.0012,0.9979940169583575
10387742,K02583.01,1,CANDIDATE,0.998,3.03267135,12.880582,0.6,0.08,-0.04,0.005931,0.000327,-0.00028,0.964,0.041,-0.039,5640,0.6257320694059904,0.04357117001945515,-0.03890356479638163,2786,10387742,3.033,0.33,0.9912846876169417,0.06399239155370309,0.9993989182770151,0.33,0.6695972752456001
10387742,K02583.02,2,FALSE POSITIVE,0.217,251.7512,7.355168300000001,1.25,0.18,-0.08,0.01244,0.002675,-0.001671,0.964,0.041,-0.039,5640,1.3124442662975082,0.28768503971119497,-0.18411616187571878,2787,10387742,251.751,0.057,0.9886933421926573,0.8915606911681639,0.9059764141204187,0.057,0.8543357585155549
9643874,K01457.01,1,CANDIDATE,1.0,8.027681122999999,459.2871,8.43,2.25,-0.75,0.087025,0.000503,-0.0018149999999999,1.047,0.092,-0.083,5569,9.971814001934936,0.8781179164299003,-0.817406658295302,1421,9643874,8.028,0.0013,9.554965837889639e-15,8.442164849656127e-17,0.991164631048518,0.0013,0.989876117028155
5009189,K01605.01,1,FALSE POSITIVE,0.0,4.93913074,17.977749,24.03,7.15,-4.4,0.188082,69.39285,-0.126344,0.89,0.069,-0.063,5956,18.319798670085575,6759.089488680313,-12.374453742592024,2147,5009189,4.939,1.0,0.9911355749279199,0.045567754474342845,0.9995729978784076,1.0,0.0
9886661,K01606.01,1,CANDIDATE,1.0,5.082748362,33.823353000000004,1.4,0.17,-0.05,0.014971,0.000539,-0.000314,0.881,0.038,-0.036,5430,1.4434780173514976,0.08110047825805639,-0.0663004463533096,2182,9886661,5.083,9.6e-05,0.9898877340413071,0.013914151476478636,0.9998558533541472,9.6e-05,0.9997598671922252
10666242,K00198.01,1,FALSE POSITIVE,0.0,87.24250316,612.295,15.86,2.17,-0.73,0.152059,0.004952,-0.005236,0.971,0.044,-0.042,5671,16.1590124523817,0.9017152907665328,-0.8933817561936596,504,10666242,87.243,0.87,3.4103740009401076e-21,2.5901913718791878e-21,0.24049638803099815,0.87,0.03126453044402976
6696462,K01693.01,1,CANDIDATE,1.0,3.403743926,48.45203,10.77,2.74,-0.98,0.115663,14.71942,-0.0549809999999999,0.985,0.088,-0.079,5596,12.468497964935187,1586.7572476909015,-6.010734593383468,2542,6696462,3.404,0.99,0.9854973857819831,0.004414706758239278,0.9999347449379877,0.99,0.009999347449379886
11570749,K01856.01,1,CANDIDATE,0.999,46.2991052,34.45179,4.33,1.59,-1.94,0.0262959999999999,0.000729,-0.000335,0.776,0.033,-0.032,5396,2.233237274603565,0.11336836424986255,-0.09638680081862797,2641,11570749,46.299,0.0057,0.9886902861502231,0.02715935376982163,0.9996806484163275,0.0057,0.9939824687203545
8625821,K01859.01,1,FALSE POSITIVE,0.0,45.3968385,42.36293,21.23,3.71,-1.32,0.275783,67.66159,-0.187747,0.787,0.061,-0.056,5649,23.753394388638938,5827.743234488258,-16.258880186917985,2644,8625821,45.397,0.99,0.9857909466976127,0.014710786895070214,0.9997847949322498,0.99,0.009997847949322507
4157325,K01860.01,1,CANDIDATE,1.0,6.31943553,45.591755,2.71,0.39,-0.29,0.024241,1.7e-05,-0.002226,1.005,0.045,-0.043,5670,2.666244968930908,0.1193987448621698,-0.2701079866560062,2645,4157325,6.319,4.8e-05,0.9867050063025203,0.005787935148001436,0.9999215585828143,4.8e-05,0.9998735623480023
4157325,K01860.02,2,CANDIDATE,1.0,12.20951755,32.03609,2.61,0.37,-0.28,0.023354,0.00261,-0.00208,1.005,0.045,-0.043,5670,2.568684666656179,0.3092549823985098,-0.25380682831498025,2646,4157325,12.21,0.00034,0.9900087495098419,0.01804472284888798,0.9998145446688932,0.00034,0.9994746077237058
4157325,K01860.03,3,CANDIDATE,1.0,3.07644709,22.377825,1.61,0.23,-0.17,0.0144199999999999,0.002262,-0.001063,1.005,0.045,-0.043,5670,1.586042343632005,0.25873243877080954,-0.13518489949312912,2647,4157325,3.076,6.4e-06,0.9909579930961873,0.03185776657296604,0.9996997481104407,6.4e-06,0.9996933500320528
4157325,K01860.04,4,FALSE POSITIVE,0.085,24.8434837,8.790911,1.58,0.23,-0.17,0.01415,0.000118,-0.001297,1.005,0.045,-0.043,5670,1.5563452955889754,0.07088539486534709,-0.1574321994750212,2648,4157325,24.843,0.77,0.9913095891135009,0.12119237211990971,0.9987910384976674,0.77,0.2297219388544635
10978763,K01931.01,1,CANDIDATE,1.0,4.97760447,27.2562,1.75,0.24,-0.24,0.0156819999999999,0.000138,-0.000908,0.775,0.036,-0.034,5361,1.3301070876856196,0.06288453930083934,-0.09662440147669286,2345,10978763,4.978,0.00012,0.9906229273203585,0.022833182612436397,0.9997788145035021,0.00012,0.9996588410457617
10978763,K01931.02,3,CANDIDATE,0.982,10.55840479,12.907277,1.41,0.2,-0.19,0.012634,0.0005549999999999,-0.000737,0.775,0.036,-0.034,5361,1.071583531808457,0.06851028695799209,-0.07821527394406669,2346,10978763,10.558,9.1e-05,0.9912615706431602,0.07232432398662225,0.9993127206052707,9.1e-05,0.9992217831476956
10978763,K01931.03,2,CANDIDATE,0.967,6.98800953,16.144896,1.39,0.19,-0.19,0.012445,0.000664,-0.0005059999999999,0.775,0.036,-0.034,5361,1.0555530357255223,0.07467232298961148,-0.06313767247583739,2347,10978763,6.988,0.0002,0.9911868489897531,0.053945373554041456,0.9994929933316471,0.0002,0.9992930947329808
11069176,K02007.01,1,CANDIDATE,0.999,15.3789014,18.763317,2.94,0.38,-1.04,0.01252,0.000535,-0.000604,1.01,0.043,-0.041,5818,1.3839141769443744,0.0834783586966735,-0.08725517449540592,2044,11069176,15.379,0.0072,0.9910515196281269,0.051300358583117295,0.9995117472226394,0.0072,0.9923152626426364
11069176,K02007.02,2,CANDIDATE,0.974,21.1285655,15.73313,2.88,0.36,-1.02,0.012237,0.0005679999999999,-0.000724,1.01,0.043,-0.041,5818,1.3526324108041783,0.08519510597298004,-0.0970541281047711,2045,11069176,21.129,0.0024,0.9911394396528467,0.07030981684318138,0.9993239105622158,0.0024,0.9969255331768665
2449431,K02009.01,1,CANDIDATE,0.936,86.74908070000001,29.13543,2.23,0.31,-0.22,0.021098,0.000723,-0.000361,1.106,0.049,-0.046,5579,2.5537587672413795,0.14303709581568652,-0.1148513491323753,2047,2449431,86.749,0.023,0.9886861392057172,0.07931647636977636,0.999014162290321,0.023,0.9760368365576436
10864531,K02080.01,1,CANDIDATE,0.526,83.4887405,18.74674,2.95,0.93,-0.31,0.028709,0.000634,-0.001146,0.928,0.081,-0.073,5910,2.915744715328467,0.2625185582610547,-0.25720476069405857,3181,10864531,83.489,0.0011,0.9904592850386522,0.1532838197321242,0.9982561756059157,0.0011,0.9971580938127492
10864531,K02080.02,2,CANDIDATE,1.0,34.0607677,17.713583,2.96,0.94,-0.31,0.0288819999999999,0.003842,-0.002842,0.928,0.081,-0.073,5910,2.9333149489050996,0.4667011308914684,-0.369535155149068,3182,10864531,34.061,0.015,0.9909869608564751,0.07548452564230909,0.999257413477912,0.015,0.9842685522757433
12116380,K02155.01,1,CANDIDATE,1.0,4.3394569,27.19655,2.11,0.29,-0.29,0.019041,0.002636,-0.002527,0.808,0.038,-0.036,5325,1.6837769867858041,0.246182375285273,-0.23571677430640878,2846,12116380,4.339,2.5e-05,0.990634596764476,0.022683811783408284,0.9997805710461617,2.5e-05,0.9997555765318855
5211199,K02158.01,1,CANDIDATE,0.944,4.5620407,20.322367,2.82,0.53,-0.98,0.010314,2.6e-05,-0.00211,0.936,0.04,-0.037,5332,1.0565411862572365,0.04522981788629444,-0.22014140005052965,2882,5211199,4.562,0.00072,0.9910457872436061,0.03807709310736791,0.9996423508407944,0.00072,0.998922608348189
5211199,K02158.02,2,CANDIDATE,1.0,6.68231249,10.110915,2.09,0.39,-0.72,0.007642,0.000278,-0.001592,0.936,0.04,-0.037,5332,0.7828279760885981,0.043933574856828785,-0.16599063515411708,2883,5211199,6.682,0.0014,0.9913294405206219,0.0828126524723889,0.9992102897809765,0.0014,0.9978113953752832
8804455,K02159.01,2,CANDIDATE,0.898,7.5966998,18.528349,1.32,0.2,-0.17,0.011117,0.00214,-0.000847,0.989,0.042,-0.04,5716,1.2032818138214196,0.23719895113427766,-0.10379411249171479,2884,8804455,7.597,8.4e-06,0.9911025365889639,0.04577146809594931,0.9995693840941984,8.4e-06,0.9995609877113719
8804455,K02159.02,1,FALSE POSITIVE,0.0,2.392630668,20.149292000000003,1.33,0.2,-0.18,0.011196,0.000618,-0.002078,0.989,0.042,-0.04,5716,1.211832615592751,0.08439706031458787,-0.23019682262348587,2885,8804455,2.393,0.003,0.991065274530212,0.037167625755289216,0.9996519889062434,0.003,0.9966530329395247
11520459,K02226.01,1,CANDIDATE,1.0,8.46354384,21.742273,2.51,0.57,-0.29,0.025894,0.000831,-0.0011619999999999,0.871,0.07,-0.064,5427,2.4683159768751572,0.21360331595662552,-0.21251780855336408,3244,11520459,8.464,0.052,0.9909541512777215,0.03662891704539266,0.9996529226828569,0.052,0.9476709707033483
10600955,K02227.01,1,CANDIDATE,0.485,65.6480892,18.524363,3.93,0.57,-0.69,0.0288959999999999,0.000283,-0.006682,0.76,0.037,-0.034,5580,2.403448255726143,0.11935413104346757,-0.5660860328041166,3278,10600955,65.648,0.0046,0.9906809128586073,0.11836284636048136,0.9987371112521644,0.0046,0.9941429205404043
2854181,K02232.01,1,CANDIDATE,1.0,101.1323475,23.235922,3.87,0.5,-0.41,0.0348529999999999,0.001522,-0.000763,0.922,0.05,-0.047,5492,3.5168556500440378,0.24486707685449632,-0.19510861072462565,3283,2854181,101.132,0.074,0.9895492643572167,0.14902336868403535,0.9981505347135712,0.074,0.924287395144767
2854181,K02232.02,2,CANDIDATE,0.999,12.834857,9.294816,1.73,0.22,-0.19,0.015581,0.000956,-0.001298,0.922,0.05,-0.047,5492,1.5722069228857285,0.12874388054105285,-0.15355041550284731,3284,2854181,12.835,0.073,0.9913295286540517,0.09684284926862907,0.9990621596837107,0.073,0.9261306220267999
11718144,K02310.01,1,CANDIDATE,1.0,16.4581861,20.33015,1.82,0.23,-0.09,0.018826,0.000948,-0.000612,0.922,0.043,-0.041,5476,1.8996449220362444,0.1303825676462976,-0.10463986528082699,2981,11718144,16.458,0.099,0.9909723559593964,0.04657371760149433,0.999554993173916,0.099,0.9005990488496984
10132832,K02313.01,1,CANDIDATE,1.0,16.07673148,16.923792000000002,2.14,0.66,-0.22,0.020172,0.001031,-0.000637,1.107,0.09,-0.082,5957,2.443880893342562,0.2346902009708126,-0.19679183644585532,2983,10132832,16.077,0.0017,0.9911207169559773,0.05934279560959475,0.9994348184685554,0.0017,0.9977357792771588
6062929,K02315.01,1,CANDIDATE,0.994,22.1334224,14.530282,1.76,0.24,-0.13,0.022996,0.001555,-0.000686,0.866,0.073,-0.066,5165,2.1794838118550213,0.23552825775992836,-0.17837508185091583,2985,6062929,22.133,0.15,0.9911749787021312,0.0778851570077966,0.9992479700811296,0.15,0.8493607745689602
6429812,K02408.01,1,CANDIDATE,0.998,94.289223,17.739546,2.11,0.29,-0.08,0.021415,0.0055049999999999,-0.001134,0.928,0.04,-0.038,5619,2.174951167883212,0.5669042395180244,-0.1455891972617688,3381,6429812,94.289,0.0089,0.9904182997871979,0.19151184687926287,0.9977083625726254,0.0089,0.988828758145729
9229657,K02491.01,1,CANDIDATE,1.0,2.66831274,20.38139,1.48,0.37,-0.13,0.015027,0.000538,-0.000535,0.866,0.075,-0.068,5806,1.4242086989365719,0.13346772697812098,-0.12278990958831495,3084,9229657,2.668,9.5e-05,0.9910539779573868,0.036705093101285446,0.9996560465097948,9.5e-05,0.9995610791853764
7673841,K02585.01,1,CANDIDATE,0.989,5.34182466,15.339475,0.95,0.14,-0.17,0.007643,0.000381,-0.000229,1.16,0.05,-0.047,5767,0.9702983759124086,0.0639432036657907,-0.04889544935909071,2788,7673841,5.342,9.5e-05,0.9912166674182803,0.0556489890783026,0.9994778268205006,9.5e-05,0.9993828764269527
7673841,K02585.02,2,CANDIDATE,1.0,10.42317343,8.874426,1.07,0.15,-0.19,0.008625,0.004353,-0.000956,1.16,0.05,-0.047,5767,1.0949657846715328,0.5546362265132235,-0.12922118431478022,2789,7673841,10.423,0.64,0.9913420871698032,0.09594155031045679,0.9990731704182542,0.64,0.35966634135057146
7673841,K02585.03,3,CANDIDATE,0.953,7.87845756,8.068526,0.78,0.11,-0.14,0.00628,0.0001629999999999,-0.000609,1.16,0.05,-0.047,5767,0.7972620437956204,0.040114172745776194,-0.08379108329690534,2790,7673841,7.878,0.026,0.9913599180351759,0.09742611772272139,0.9990592393546449,0.026,0.9730836991314241
9827149,K02586.01,1,CANDIDATE,1.0,2.131945045,19.880470000000003,1.66,0.5,-0.17,0.014975,0.000612,-0.000433,0.849,0.07,-0.063,5845,1.3914191523250692,0.128042284644054,-0.11081186632933993,2791,9827149,2.132,9.1e-06,0.9910777067617099,0.037748074273043004,0.9996468373253087,9.1e-06,0.999637740539089
7211221,K01379.01,1,CANDIDATE,1.0,5.62154315,29.15205,1.37,0.17,-0.12,0.013022,0.001892,-0.0011279999999999,1.015,0.043,-0.041,5637,1.44652914689781,0.21892198539049562,-0.13825643723011996,1730,7211221,5.622,3.3e-05,0.9904456758490716,0.02001269809952079,0.9998030053159367,3.3e-05,0.9997700118167613
12120943,K01458.01,1,CANDIDATE,0.978,8.98128472,149.7421,7.19,1.95,-0.78,0.064401,0.00075,-0.001249,1.201,0.122,-0.108,5977,8.464846245862697,0.8655084868484738,-0.7787036682680316,1456,12120943,8.981,0.00024,0.015094593490533565,1.9874275561109124e-06,0.9998703223086769,0.00024,0.9996303534313228
10055126,K01608.01,1,CANDIDATE,1.0,9.17617167,29.118622,1.66,0.26,-0.24,0.01313,0.000393,-0.000295,1.157,0.051,-0.049,5903,1.6625761290271834,0.08858419846435105,-0.07970650455405642,2184,10055126,9.176,7e-07,0.9904022824258708,0.021340628437796712,0.999788684195918,7e-07,0.9997879843438391
10055126,K01608.02,2,CANDIDATE,0.998,19.7383992,15.556038,1.61,0.26,-0.23,0.01279,0.002089,-0.000996,1.157,0.051,-0.049,5903,1.619523891108734,0.27398175539187275,-0.14356196635228405,2185,10055126,19.738,9.9e-05,0.9911517918390398,0.06959462599552514,0.999332242682567,9.9e-05,0.9992333087905415
10055126,K01608.03,3,CANDIDATE,0.96,232.040326,12.50597,2.05,0.33,-0.29,0.016278,0.000414,-0.001083,1.157,0.051,-0.049,5903,2.0611892024603575,0.10489501613152542,-0.1625603074509104,2186,10055126,232.04,0.1,0.9879577116107425,0.7997380729039484,0.9513234209445846,0.1,0.8561910788501261
5009743,K01609.01,1,CANDIDATE,0.996,41.6980186,36.333233,2.03,0.31,-0.14,0.019191,0.000535,-0.0002819999999999,1.041,0.047,-0.044,5997,2.186410934227913,0.11601554974193222,-0.0978386189523416,2187,5009743,41.698,4.3e-05,0.9883436220608381,0.02177217054910249,0.9997375072153845,4.3e-05,0.9996945185025742
6975615,K01698.01,1,FALSE POSITIVE,0.0,2.065351521,21.6187,1.03,0.14,-0.12,0.012596,0.002727,-0.000687,0.837,0.063,-0.058,5266,1.1538293066322676,0.26446733258968913,-0.10175011749378818,2547,6975615,2.065,0.44,0.9910019746517559,0.03313374175378621,0.9996888450094256,0.44,0.5598257532052784
6504954,K01790.01,1,CANDIDATE,0.999,130.3543929,112.924736,7.7,2.53,-0.84,0.06946,0.0035859999999999,-0.003026,1.09,0.09,-0.082,5970,8.285996252831612,0.8068934505662979,-0.7203259297081043,2249,6504954,130.354,0.0011,0.0921033135030325,0.00029216394692659043,0.9971191894217515,0.0011,0.9960223583133876
3648437,K01861.01,1,CANDIDATE,1.0,17.50441726,38.407654,3.56,0.53,-0.73,0.0245349999999999,0.0007,-0.000308,1.047,0.047,-0.045,5815,2.811358305515342,0.14953481988568051,-0.1258806114357998,2683,3648437,17.504,0.001,0.988648971828463,0.012200550370212596,0.9998581910227271,0.001,0.9988583328317043
7286173,K01862.01,1,CANDIDATE,0.359,56.4349933,39.83727,2.37,0.32,-0.28,0.021706,0.000675,-0.00032,0.964,0.042,-0.04,5534,2.290025341177951,0.12258073637586955,-0.10084107256661337,2684,7286173,56.435,0.0073,0.9863192698163535,0.02158492605975903,0.9996940015758916,0.0073,0.9923962353643876
9595827,K00217.01,1,CANDIDATE,0.999,3.905081685,1576.37,12.78,0.85,-0.52,0.13191,0.000883,-0.000227,0.868,0.043,-0.04,5543,12.530860671406996,0.6264100028879608,-0.5778615075720348,573,9595827,3.905,0.025,8.661053325221652e-59,3.1004234245070903e-54,0.0,0.025,0.0
9072190,K01933.01,1,CANDIDATE,0.999,49.1011093,34.77833,3.28,0.77,-0.56,0.027082,0.003671,-0.000963,1.017,0.053,-0.05,5402,3.014290760414044,0.43774753819753354,-0.18289415457117034,2383,9072190,49.101,0.001,0.9885060032450171,0.027814431239601423,0.9996673306629578,0.001,0.9986676633322948
5396122,K01935.01,1,FALSE POSITIVE,0.0,15.44428875,39.888443,37.58,11.08,-3.45,0.347304,6.92985,-0.028055,0.99,0.102,-0.09,5895,37.62949894160584,750.8415093762312,-4.576243749044537,2385,5396122,15.444,1.0,0.9883163935312175,0.010511844659657755,0.9998744116785725,1.0,0.0
6383785,K00239.01,1,CANDIDATE,1.0,5.640676975,127.45385,4.59,0.76,-0.69,0.034594,0.000677,-0.000453,1.123,0.058,-0.054,5798,4.25171350890385,0.23482513810719433,-0.21189093866046957,73,6383785,5.641,0.00074,0.10767289764915966,1.0443322462334902e-05,0.9999134512287116,0.00074,0.9991735152748024
6383785,K00239.02,2,CANDIDATE,0.997,3.62275506,17.353693,1.62,0.27,-0.24,0.012192,0.000586,-0.000305,1.123,0.058,-0.054,5798,1.4984358877422603,0.10571811396804597,-0.08122067647883603,74,6383785,3.623,0.00039,0.9911626519437478,0.046656970316236,0.9995636405661349,0.00039,0.9991738107463141
5467124,K02161.01,1,FALSE POSITIVE,0.0,2.84573962,26.98217,3.63,0.51,-1.1,0.014011,0.115371,-0.001126,1.206,0.054,-0.051,5557,1.8492681783601808,15.227683483875177,-0.16793680693868754,2887,5467124,2.846,1.0,0.9906671511914924,0.02246410071293298,0.9997835075329028,1.0,0.0
9205938,K02162.01,1,CANDIDATE,1.0,108.593113,20.233814,1.68,0.21,-0.21,0.016727,0.000707,-0.000466,0.922,0.041,-0.039,5678,1.6878445028630757,0.10355101931103233,-0.08548840230012898,2888,9205938,108.593,0.00013,0.9898793770321986,0.20117621936642535,0.9974251577492452,0.00013,0.9972954924787378
9205938,K02162.02,2,CANDIDATE,0.92,199.66876,11.090614,1.45,0.18,-0.18,0.014438,0.000867,-0.000597,0.922,0.041,-0.039,5678,1.4568720590863329,0.1088609891627637,-0.0861773100205995,2889,9205938,199.669,0.0012,0.9893921942831302,0.7166894306706658,0.9728777758891872,0.0012,0.9717103225581202
10723367,K02236.01,1,CANDIDATE,1.0,19.986591600000004,19.336584,4.22,0.69,-0.84,0.031224,0.000778,-0.007722,0.898,0.059,-0.055,5500,3.0686568786810975,0.21562721343021377,-0.7818353583270747,3288,10723367,19.987,0.097,0.9909981548215208,0.053156273465927564,0.9994900414067563,0.097,0.902539507390301
10723367,K02236.02,2,CANDIDATE,0.959,12.12580644,11.8480015,2.5,0.41,-0.5,0.018511,0.002997,-0.002301,0.898,0.059,-0.055,5500,1.8192386459539391,0.3178700539419684,-0.2520996268499876,3322,10723367,12.126,0.0025,0.9912810616870664,0.0800173829788402,0.9992349822394072,0.0025,0.9967368947838088
10684670,K02317.01,1,CANDIDATE,0.996,3.78861833,14.822822,1.23,0.18,-0.14,0.010833,0.000523,-0.000492,1.07,0.049,-0.046,5556,1.268574497703247,0.08441437410612757,-0.07933288466594729,2987,10684670,3.789,0.0053,0.991236102257519,0.05629820331624923,0.9994725516434111,0.0053,0.994175347119701
5978559,K02321.01,1,CANDIDATE,0.99,95.6114617,17.0924,2.37,0.38,-0.13,0.020097,0.000877,-0.000576,0.995,0.052,-0.05,5993,2.1884557458941605,0.14900073421628163,-0.12660252135379493,2991,5978559,95.611,0.0013,0.9904646965054144,0.20310862503343227,0.9975462813721137,0.0013,0.9962494712063299
5978559,K02321.02,2,CANDIDATE,0.619,36.2530992,7.548021,1.43,0.23,-0.08,0.012116,0.000895,-0.001954,0.995,0.052,-0.05,5993,1.3193675582053863,0.11938572249452042,-0.22287005821615888,3025,5978559,36.253,0.87,0.9913044615080331,0.15665752325791393,0.9983705662699746,0.87,0.1297881736150967
5383248,K00261.01,1,CANDIDATE,1.0,16.23847733,177.37422,2.76,0.42,-0.24,0.025459,0.000265,-0.0020329999999999,0.945,0.04,-0.038,5683,2.6330348372608854,0.11477157582703447,-0.23541184794402076,247,5383248,16.238,0.00026,0.0011409791676637096,2.685184954015135e-07,0.9997649280538914,0.00026,0.9995049891725973
9210387,K02416.01,1,CANDIDATE,1.0,5.90608902,11.781019,1.77,0.55,-0.19,0.016855,0.001118,-0.000732,0.948,0.084,-0.076,5966,1.7487210983513717,0.1935561468182352,-0.15944206077203546,2729,9210387,5.906,0.00077,0.9912997974193088,0.07261556822439935,0.9993127823789517,0.00077,0.9985433115365199
7838655,K01464.01,1,FALSE POSITIVE,0.0,2.113202658,178.31566,207.71,47.2,-21.79,2.216856,4.428522,-0.655304,0.757,0.063,-0.057,5482,183.66094677107978,367.2101637049303,-56.023933705164644,1462,7838655,2.113,,0.0012403705469484964,1.9438907924836626e-07,0.9998434758040832,1.0,0.0
11702948,K01465.01,1,FALSE POSITIVE,0.0,9.771462706,269.3825,10.15,2.52,-0.9,0.108981,0.034838,-0.01698,1.07,0.081,-0.073,5812,12.76197889173798,4.192456659847536,-2.1706760049747014,1463,11702948,9.771,0.79,2.8978609085360683e-07,1.9881912825910262e-10,0.9993139109261664,0.79,0.2098559212944949
7770450,K01467.01,1,FALSE POSITIVE,0.0,1.157808038,28.725586,22.9,6.12,-2.04,0.236655,1.189906,-0.110993,0.823,0.075,-0.068,5566,21.315669380899195,107.19320726241975,-10.151160261153178,1465,7770450,1.158,1.0,0.9905404683080639,0.019125142060355912,0.9998137962254554,1.0,0.0
9480310,K01470.01,1,CANDIDATE,1.0,15.43400996,51.55364,4.3,1.27,-0.43,0.04136,0.003111,-0.002676,0.963,0.089,-0.08,5900,4.359034164359426,0.5194215981277874,-0.45899117314438576,1501,9480310,15.434,0.0017,0.9823288560792546,0.004302749299089108,0.9999222632290535,0.0017,0.9982223953815641
9651668,K00183.01,1,CANDIDATE,0.995,2.684328541,2803.75,12.73,1.6,-1.45,0.121923,4.6e-05,-8.499999999999999e-05,0.99,0.046,-0.044,5561,13.21004480068588,0.6138202957785116,-0.5871853287695454,463,9651668,2.684,0.0013,3.381256054739873e-107,2.4302896712637314e-95,0.0,0.0013,0.0
5444549,K01551.01,1,FALSE POSITIVE,0.0,31.13862664,270.9085,12.88,3.72,-1.24,0.117961,0.00322,-0.0029,1.166,0.131,-0.115,5919,15.05290953596149,1.7403948534876128,-1.5300623904888937,2532,5444549,31.139,0.59,1.9533125845112453e-07,2.58174746581513e-10,0.9986782724983919,0.59,0.4094580917243407
7386827,K01704.01,1,CANDIDATE,1.0,10.4188915,36.838640000000005,3.17,0.93,-0.57,0.027287,0.001384,-0.003647,0.851,0.065,-0.059,5692,2.541375311619053,0.2330116410976607,-0.38264289548910696,2587,7386827,10.419,0.025,0.9892321137849012,0.012144321027609043,0.999866182784336,0.025,0.9748695282147276
7626370,K01706.01,1,CANDIDATE,1.0,1.921437488,40.189835,1.77,0.41,-0.24,0.019017,0.000574,-0.003352,0.827,0.036,-0.034,5238,1.7211985505757612,0.09117444637866318,-0.3115274287319346,2589,7626370,1.921,4.9e-05,0.988718941309436,0.008100459795585121,0.9999068207980806,4.9e-05,0.9998578253638615
7703955,K01707.01,1,CANDIDATE,0.998,96.109323,21.122614,4.01,0.54,-0.54,0.0365329999999999,0.0009539999999999,-0.008185,1.049,0.058,-0.055,5792,4.194153111140813,0.2564605739065368,-0.9650628605854865,2590,7703955,96.109,0.12,0.9899884229678623,0.15862473902367782,0.9980934264678365,0.12,0.8783222152916961
7703955,K01707.02,2,CANDIDATE,0.995,265.47847,15.090573,4.2,0.57,-0.57,0.038304,0.099656,-0.008892,1.049,0.058,-0.055,5792,4.397471895796627,11.443541374459572,-1.0465549267251986,2591,7703955,265.478,0.49,0.9848155791935568,0.8541594533827445,0.9096966235340677,0.49,0.4639452780023745
7750419,K01708.01,1,CANDIDATE,1.0,32.7737631,18.888723,5.0,0.78,-1.17,0.029843,0.0010689999999999,-0.008458,1.225,0.06,-0.057,5640,4.000939859284546,0.24277925287693106,-1.1491130898335653,2592,7750419,32.774,0.67,0.9909357149832746,0.06794361609069509,0.999333201608775,0.67,0.3297799565308957
9520838,K01866.01,1,CANDIDATE,1.0,105.3035093,29.1751,3.18,0.38,-0.19,0.033268,0.00122,-0.000535,0.908,0.044,-0.041,5534,3.3059478386609613,0.20090315556850666,-0.15846203948172996,2688,9520838,105.304,0.0026,0.9879701312871408,0.10660489040935679,0.9985470501317381,0.0026,0.9959508278013955
7045496,K01939.01,1,CANDIDATE,1.0,13.47472742,29.437103000000004,1.96,0.33,-0.15,0.02444,0.001051,-0.0007099999999999,0.839,0.067,-0.06,5395,2.244122799521772,0.20354104208545,-0.1732217958044434,2389,7045496,13.475,0.0012,0.9903085591296947,0.022446734517166365,0.9997752857792584,0.0012,0.9985755554363234
2832589,K01942.01,1,CANDIDATE,1.0,10.84969477,34.495014000000005,2.67,0.38,-0.21,0.031398,0.003218,-0.001247,0.863,0.068,-0.061,5251,2.9654884473005283,0.38337424175737267,-0.24043388053553552,2392,2832589,10.85,0.0036,0.9896610076687912,0.014623954508669929,0.999844956136931,0.0036,0.996245514294838
2832589,K01942.02,2,CANDIDATE,1.0,2.4337034980000003,7.266451400000001,1.66,0.24,-0.12,0.019596,0.010984,-0.004758,0.863,0.068,-0.061,5251,1.8508093385980366,1.0476204944292105,-0.4680399318362001,2393,2832589,2.434,0.34,0.9913809669115319,0.0944179692834741,0.9990935479607368,0.34,0.6594017416540862
8750043,K02017.01,1,CANDIDATE,1.0,2.29503515,28.85266,1.18,0.16,-0.08,0.011933,0.00098,-0.000565,0.87,0.037,-0.035,5637,1.1361936268248174,0.10507943293511494,-0.07059272150974272,2090,8750043,2.295,0.00086,0.9905154563024382,0.019320604216806005,0.9998113534625617,0.00086,0.9989515156985839
6226290,K02019.01,1,CANDIDATE,1.0,14.08826442,26.002214,2.66,0.77,-0.26,0.027205,0.00089,-0.000653,0.923,0.08,-0.072,5853,2.7481085727881953,0.2545912583733206,-0.22428935704378214,2126,6226290,14.088,0.00086,0.9906272409877797,0.029362128759971715,0.9997137882288829,0.00086,0.9988540343710061
6922710,K02087.01,1,CANDIDATE,0.997,23.1274171,25.366087,1.44,0.23,-0.13,0.012395,0.002267,-0.001016,1.014,0.042,-0.04,5865,1.3755232697269064,0.2579489173624729,-0.1251269931407922,3224,6922710,23.127,8.3e-06,0.9905809205695056,0.03595197081251171,0.9996453968968586,8.3e-06,0.9996370998400644
7204981,K02164.01,1,CANDIDATE,1.0,5.123320400000001,21.682825,1.65,0.17,-0.2,0.015347,0.00052,-0.000565,0.819,0.044,-0.041,5356,1.3755958296784545,0.08737276465244316,-0.08548034717436113,2926,7204981,5.123,6.7e-05,0.9909793909344992,0.03474903422586165,0.9996723020435505,6.7e-05,0.9996053239993136
7906739,K02165.01,1,FALSE POSITIVE,0.0,7.01476115,23.824995,1.02,0.27,-0.11,0.0107599999999999,0.001462,-0.000668,1.065,0.08,-0.072,5912,1.2541380222753469,0.1947117688601902,-0.11511231168254238,2927,7906739,7.015,1.0,0.9908475500104299,0.030595545360869596,0.9997084696913702,1.0,0.0
4370527,K02166.01,1,CANDIDATE,0.997,61.6174528,14.842745,3.36,0.41,-0.2,0.033006,0.0017,-0.001277,0.854,0.053,-0.05,5480,3.084851209224767,0.24879282230416316,-0.2164849253610066,2928,4370527,61.617,0.014,0.9909485587641642,0.14235904898548515,0.998483835952073,0.014,0.984505062248744
6041734,K02167.01,1,CANDIDATE,1.0,24.3398202,20.40939,5.09,0.85,-1.13,0.031817,0.000198,-0.006305,0.957,0.059,-0.055,5597,3.332380783302919,0.2064885686900035,-0.6875705120323569,2929,6041734,24.34,0.18,0.9909135044956685,0.05287935620409218,0.9994880335225219,0.18,0.8195801874884681
6041734,K02167.03,2,CANDIDATE,0.998,76.53695309999999,12.341184,3.73,0.63,-0.83,0.023329,0.00104,-0.000877,0.957,0.059,-0.055,5597,2.443382823448905,0.18589302822581272,-0.16779756098576631,2930,6041734,76.537,0.024,0.9909757851988436,0.2076829611468471,0.997613022894956,0.024,0.973670310345477
5005121,K02237.01,1,CANDIDATE,0.994,76.421501,17.667220999999998,2.81,0.42,-0.51,0.021656,0.001009,-0.001096,1.241,0.075,-0.069,5561,2.941260427762397,0.22444795627932249,-0.22113741789920494,3323,5005121,76.422,0.0043,0.9906367526942031,0.1479055161849073,0.9983593774534932,0.0043,0.9940664321304432
4077901,K02239.01,1,FALSE POSITIVE,0.0,12.109762599999998,20.126293,1.09,0.13,-0.12,0.0134949999999999,0.001138,-0.003616,1.01,0.075,-0.067,5437,1.4916870461552871,0.16760945984286696,-0.41176598284759613,3325,4077901,12.11,0.66,0.9910098752112636,0.04392298414781078,0.9995832393577225,0.66,0.33985830138162565
9336200,K02242.01,1,CANDIDATE,0.999,1.755843555,22.947691,1.94,0.44,-0.17,0.021444,0.000875,-0.003627,0.821,0.072,-0.065,5569,1.9267812494966021,0.18636954870874134,-0.35982815139432983,3327,9336200,1.756,3.3e-05,0.9909373188578201,0.029844999558407193,0.9997186538567031,3.3e-05,0.9996856631411258
10730703,K02327.01,1,CANDIDATE,1.0,5.60013327,20.543076,1.73,0.2,-0.22,0.01622,0.0007559999999999,-0.000491,0.91,0.049,-0.046,5279,1.6153837056380569,0.11504230145931373,-0.0951788238514045,3028,10730703,5.6,5.9e-05,0.9910300364490451,0.03812809267375928,0.9996412171290916,5.9e-05,0.999582238297281
8007644,K02328.01,1,CANDIDATE,0.407,25.2034128,19.676186,2.42,0.67,-0.24,0.024063,0.001062,-0.000714,0.978,0.089,-0.08,5831,2.5755624307513214,0.2604910549507396,-0.22411252076558977,3029,8007644,25.203,0.00011,0.9909468355757829,0.056593934729323975,0.9994519486163871,0.00011,0.9993420089020393
7107802,K02420.01,1,CANDIDATE,0.996,10.41728722,17.48328,1.64,0.24,-0.26,0.013087,0.000594,-0.000396,1.07,0.051,-0.048,5559,1.5325241808771708,0.10086681268048665,-0.08292658233488855,2733,7107802,10.417,4.8e-05,0.9911274778096202,0.051823759007455214,0.9995107200493134,4.8e-05,0.999462743534751
7107802,K02420.02,2,CANDIDATE,0.991,5.4675514000000005,8.626607,1.07,0.15,-0.17,0.008485,0.000595,-0.000539,1.07,0.051,-0.048,5559,0.9936171524981122,0.08424768530244645,-0.07727048485604564,2734,7107802,5.468,0.00088,0.9913563167241768,0.09014347015892142,0.9991361657423338,0.00088,0.9982569259164805
8110767,K02504.01,1,CANDIDATE,0.96,20.49041,17.465052,2.34,0.67,-0.22,0.023227,0.001089,-0.000701,0.821,0.073,-0.066,5681,2.086986946561163,0.20978380933214663,-0.17920609533887102,3130,8110767,20.49,0.00014,0.991077513627834,0.06141463233928105,0.9994109171929988,0.00014,0.9992709996645918
8836888,K02508.01,1,FALSE POSITIVE,0.294,7.10397925,14.379563,1.51,0.31,-0.14,0.017508,0.000874,-0.000807,1.103,0.092,-0.083,5488,2.1134671700855776,0.20544218640284306,-0.18650128860352735,3134,8836888,7.104,0.029,0.9912362637189672,0.06144398621357534,0.9994211962922555,0.029,0.97043798159978
11133306,K00276.01,1,CANDIDATE,0.999,41.74598855,92.42659,2.4,0.12,-0.13,0.018741,0.000401,-0.000169,1.199,0.053,-0.05,5978,2.459208772700101,0.12077140460952435,-0.10492284117194937,302,11133306,41.746,0.0051,0.6500808743806581,0.00029483750098067415,0.9998412509708346,0.0051,0.9947420605908834
3644653,K02596.01,1,FALSE POSITIVE,0.0,119.682075,26.97966,30.39,8.57,-2.87,0.305437,6.732632000000001,-0.064178,1.179,0.126,-0.111,5778,39.41113172368173,868.7348461020175,-9.074287956459452,2836,3644653,119.682,1.0,0.9880652791649938,0.15420127964526184,0.9977978465377961,1.0,0.0
11858748,K01471.01,1,FALSE POSITIVE,0.0,1.7809843159999998,36.901245,2.33,0.65,-0.17,0.024527,0.009453,-0.002046,0.885,0.075,-0.068,5730,2.375588189261893,0.9374525215567331,-0.26942148394097876,1502,11858748,1.781,1.0,0.9894450039687592,0.01038798900275456,0.9998880219403303,1.0,0.0
7761545,K01472.01,1,CANDIDATE,0.936,85.3514875,143.4172,6.31,0.86,-0.36,0.06161,0.000734,-0.000302,0.963,0.049,-0.046,5584,6.49323246775107,0.3393284008104231,-0.3117936068078483,1503,7761545,85.351,1.7e-06,0.010791633821464076,1.2537121045514466e-05,0.9988507782309589,1.7e-06,0.9988490801846359
7499398,K01473.01,1,CANDIDATE,1.0,23.02028478,99.735855,7.58,2.11,-0.71,0.072584,0.000288,-0.0073849999999999,0.96,0.082,-0.074,5613,7.6259786760634265,0.6520880907978472,-0.9734321967057971,1504,7499398,23.02,0.024,0.5462172529712149,0.00012042434760630063,0.9998999426097779,0.024,0.9759023439871432
12644774,K01555.01,1,FALSE POSITIVE,0.0,41.0772969,82.42111,3.25,0.91,-0.68,0.03173,0.001204,-0.000611,0.846,0.066,-0.06,5665,2.9378112581802163,0.2548633525494136,-0.215898752966327,2536,12644774,41.077,3.3e-05,0.8194470678559439,0.0006299413385386854,0.9998611143373466,3.3e-05,0.9998281189205735
5088591,K01801.01,1,CANDIDATE,1.0,14.5324483,65.03483,3.11,0.5,-0.37,0.033083,0.0018899999999999,-0.001416,0.727,0.055,-0.05,5345,2.6322234353290965,0.249536440700857,-0.21322752515482896,2328,5088591,14.532,0.00099,0.9612413516342608,0.001501893573838491,0.9999393503789752,0.00099,0.9989494104221
11298298,K01802.01,1,CANDIDATE,1.0,5.248667607,94.72536,2.84,0.43,-0.2,0.0256899999999999,0.000104,-0.002966,0.995,0.042,-0.04,5812,2.7975035135602715,0.11862739876190026,-0.3420012717639615,2329,11298298,5.249,0.023,0.6992121645436328,0.00012930515217108993,0.9999443681781054,0.023,0.9769456477100089
2438513,K01944.01,1,CANDIDATE,1.0,12.18420006,25.758984,2.59,0.39,-0.29,0.022196,0.005909,-0.0019089999999999,0.893,0.039,-0.037,5771,2.1692501226403222,0.585215125220405,-0.2070905748265424,2428,2438513,12.184,0.029,0.9906665371762894,0.028937387307073795,0.9997192450694685,0.029,0.9707273869624539
2438513,K01944.02,2,FALSE POSITIVE,0.0,8.3606759,12.588083,1.49,0.22,-0.17,0.012745,0.000608,-0.000585,0.893,0.039,-0.037,5771,1.2455889715737476,0.08056079437564939,-0.07702098793499187,2429,2438513,8.361,0.014,0.9912756433755251,0.07136703541583342,0.9993236172315171,0.014,0.9853330865902759
11656918,K01945.01,1,CANDIDATE,0.992,62.13859789999999,29.333271000000003,5.14,0.83,-2.47,0.029043,0.003176,-0.002375,0.926,0.043,-0.041,5123,2.9433093982192298,0.3496828108985951,-0.2737056856531796,2430,11656918,62.139,0.037,0.9893704363282283,0.05199796663351614,0.9994107038538445,0.037,0.9624325078112522
10844890,K01946.01,1,CANDIDATE,1.0,8.29482811,35.33945,2.76,0.79,-0.34,0.026936,0.001291,-0.00506,0.95,0.072,-0.065,5773,2.800529580921218,0.2511308134794173,-0.559896346792604,2431,10844890,8.295,0.0013,0.9895733119885901,0.013115456631876311,0.9998599718106477,0.0013,0.9985601538472939
8564674,K02022.01,1,CANDIDATE,1.0,5.92972237,30.503193,1.92,0.29,-0.1,0.018387,0.0016589999999999,-0.001227,0.986,0.048,-0.045,5739,1.9841351304744526,0.2034175575929644,-0.16040924285465166,2129,8564674,5.93,0.0025,0.9903006626179791,0.018166066543741498,0.9998187834494491,0.0025,0.9973192364908255
8564674,K02022.02,2,CANDIDATE,1.0,12.2476121,23.213758,1.9,0.28,-0.1,0.018189,0.001951,-0.001605,0.986,0.048,-0.045,5739,1.9627690155109487,0.23120023158371564,-0.19498938633247895,2130,8564674,12.248,0.00016,0.9908427121650893,0.03502845033210906,0.9996645185116139,0.00016,0.999504572188652
8578780,K02023.01,1,CANDIDATE,0.999,13.59051547,22.137232,2.4,0.61,-0.33,0.022536,0.0008119999999999,-0.000696,0.958,0.075,-0.068,5442,2.362793670022653,0.2036294572939279,-0.18290142607095478,2131,8578780,13.591,0.031,0.9908960616206224,0.03882281909151829,0.9996289052385856,0.031,0.9686404091761894
4544907,K02024.01,1,CANDIDATE,0.99,46.8776724,28.888874,2.62,0.35,-0.23,0.024183,0.002284,-0.0031579999999999,1.149,0.056,-0.053,5501,3.040980674537503,0.3231968724564924,-0.42116021568521156,2132,4544907,46.878,0.00015,0.9898001516822093,0.041509437533812796,0.9995537222807532,0.00015,0.9994037892224111
5705819,K02091.01,1,CANDIDATE,1.0,8.77997349,25.702608,2.12,0.3,-0.16,0.025421,0.007993,-0.00077,0.982,0.09,-0.081,5191,2.732043274194563,0.8947714858798183,-0.24006576314722886,3228,5705819,8.78,0.022,0.9907049219824,0.02740436221456873,0.9997356397825297,0.022,0.977741455707314
2860114,K02170.01,1,FALSE POSITIVE,0.0,0.941603153,33.417465,2.29,0.35,-0.29,0.025036,0.000235,-0.004889,1.113,0.086,-0.078,5237,3.0496048023533855,0.23737112403487393,-0.632711323894794,2970,2860114,0.942,0.021,0.9900229757630287,0.01334770270130908,0.9998636678928642,0.021,0.9788665308671141
9458343,K02246.01,1,CANDIDATE,1.0,11.89520436,19.004755,1.33,0.2,-0.13,0.012286,0.000593,-0.000328,0.941,0.041,-0.039,5649,1.2652711046753082,0.08227221241735665,-0.06237726433722851,3366,9458343,11.895,4.9e-05,0.9910607549434765,0.04752718002881079,0.9995499196842681,4.9e-05,0.9995009417382036
11360805,K02422.01,1,CANDIDATE,1.0,26.7838935,18.662968,1.59,0.12,-0.08,0.017057,0.001005,-0.0004639999999999,0.785,0.035,-0.033,5243,1.4653985647652905,0.10827587382973548,-0.07337550520685601,2737,11360805,26.784,0.00048,0.9909874437009193,0.06253281541061263,0.9993933590169882,0.00048,0.99891365020466
11360805,K02422.02,2,CANDIDATE,0.852,57.3888262,7.999897,1.88,0.14,-0.1,0.020101,0.004406,-0.00359,0.785,0.035,-0.033,5243,1.7269142610275612,0.3862791619010562,-0.3168522300775872,2772,11360805,57.389,0.017,0.9912296927064228,0.20688869804420032,0.9976919610410858,0.017,0.9807311977033873
8081899,K02426.01,1,CANDIDATE,0.986,4.16056658,14.0594635,0.7,0.14,-0.06,0.007855,0.000466,-0.000312,0.941,0.04,-0.038,5481,0.8089455092971305,0.05903869910066117,-0.045821064656098254,2776,8081899,4.161,0.003,0.9912541320783267,0.05987680933453466,0.9994380576182808,0.003,0.9964397434454259
5392702,K02510.01,1,FALSE POSITIVE,0.0,12.2141545,18.712393,18.13,3.48,-1.49,0.201507,26.68532,-0.530659,0.961,0.082,-0.074,5435,21.193221671894662,2806.592423797192,-55.83518495166623,3169,5392702,12.214,1.0,0.9910711451595172,0.048819609050249145,0.9995375951939096,1.0,0.0
10068659,K02602.01,1,CANDIDATE,0.993,11.47685263,14.501732,1.58,0.21,-0.18,0.01398,0.000849,-0.0004849999999999,0.935,0.049,-0.046,5550,1.43054735244148,0.11475200069345783,-0.08611839659785918,2877,10068659,11.477,0.0028,0.9912174724665016,0.06549032062830751,0.9993790682262175,0.0028,0.996580806835184
8935810,K01395.01,1,CANDIDATE,1.0,6.230335,31.010340000000003,3.7,0.74,-0.31,0.0391959999999999,0.0035399999999999,-0.004581,0.973,0.091,-0.082,5477,4.17386160577648,0.5426633225136317,-0.6014116167370208,1813,8935810,6.23,2.1e-05,0.9902384972658392,0.01757351611419716,0.9998236662366434,2.1e-05,0.9998026699396524
9455556,K01396.01,1,CANDIDATE,1.0,6.62643441,32.735558000000005,2.54,0.31,-0.12,0.025799,0.000709,-0.000495,0.935,0.062,-0.057,5623,2.639963601261641,0.1894949691260672,-0.16872171311918122,1814,9455556,6.626,3e-06,0.9900137608657228,0.015525765959910658,0.9998409222603275,3e-06,0.9998379227375608
9455556,K01396.02,2,CANDIDATE,0.992,3.70122061,15.119538,1.62,0.19,-0.08,0.016399,0.000707,-0.000634,0.935,0.062,-0.057,5623,1.6780791153567833,0.13272444363772654,-0.12113708142690544,1815,9455556,3.701,1.4e-05,0.9912285708722496,0.055014886411101395,0.9994848285338992,1.4e-05,0.9994708357462998
9269281,K01398.01,1,CANDIDATE,1.0,5.82348911,33.193825,3.0,0.87,-0.28,0.031846,0.001411,-0.004256,0.725,0.064,-0.058,5774,2.52683191149635,0.2495780424833186,-0.3935737903593917,1817,9269281,5.823,0.00011,0.9899647415289153,0.014786090356421065,0.999847864117962,0.00011,0.9997378808529089
12406749,K01476.01,1,CANDIDATE,0.999,56.35879870000001,39.809235,5.04,0.96,-0.52,0.056204,0.000786,-0.0027559999999999,0.728,0.061,-0.055,5446,4.477979077271582,0.38040532300596847,-0.4033218836219877,1509,12406749,56.359,0.035,0.986337143372703,0.021602043554899034,0.9996941591982829,0.035,0.9647048636263429
12403119,K01478.01,1,CANDIDATE,0.961,76.13622222,280.73087000000004,4.78,0.6,-0.31,0.049061,0.0005269999999999,-0.000172,0.941,0.04,-0.038,5591,5.052536681301912,0.2215243375656775,-0.20480188115743453,1511,12403119,76.136,3.2e-06,4.670130763266262e-08,2.6888236111485756e-10,0.994242509208844,3.2e-06,0.9942393276328146
9842890,K01479.01,1,FALSE POSITIVE,0.0,4.9883872,34.12135,2.59,0.74,-0.25,0.028768,0.0004309999999999,-0.001011,0.958,0.09,-0.081,5819,3.016189576642335,0.28693866715904165,-0.27617398889306716,1545,9842890,4.988,0.59,0.9898448342518879,0.013580012883584276,0.9998587598358262,0.59,0.40994209153268873
9836959,K01715.01,1,CANDIDATE,0.855,105.0145774,25.757719,2.29,0.32,-0.28,0.0201569999999999,0.000726,-0.004354,1.168,0.05,-0.047,5868,2.576630802164598,0.1441483193585362,-0.5661387456321924,2634,9836959,105.015,0.0045,0.9889247151888875,0.13380244832581586,0.9982700291679966,0.0045,0.9937778140367406
4644952,K01805.01,1,CANDIDATE,1.0,6.94135824,80.585655,2.96,0.33,-0.23,0.030784,0.000461,-0.004264,0.848,0.036,-0.035,5527,2.85696130480745,0.1286109533790165,-0.4129223630603353,2334,4644952,6.941,0.012,0.8867847008689359,0.0003962547715126208,0.9999493903240392,0.012,0.9879499976401507
4644952,K01805.02,3,CANDIDATE,1.0,31.7821117,27.72263,2.08,0.23,-0.16,0.021609,0.0009539999999999,-0.000587,0.848,0.036,-0.035,5527,2.0054598764158067,0.12283032740608524,-0.09909132706554137,2335,4644952,31.782,0.00051,0.990229049748265,0.03498696503557498,0.9996422544579344,0.00051,0.9991324369081609
4644952,K01805.03,2,CANDIDATE,1.0,4.36273233,39.210094,1.76,0.2,-0.14,0.01828,0.003118,-0.0016359999999999,0.848,0.036,-0.035,5527,1.6965063881198086,0.29819931466419514,-0.16719990377101893,2336,4644952,4.363,3.1e-05,0.9888811689962557,0.009113157118403704,0.999896590647526,3.1e-05,0.9998655938532159
7747425,K01952.01,1,CANDIDATE,0.997,8.010392900000001,29.24046,1.88,0.27,-0.27,0.0154729999999999,0.000569,-0.000281,1.213,0.057,-0.054,5615,2.0540867542316756,0.12256643282006907,-0.0987594494133467,2437,7747425,8.01,8.9e-06,0.990405516321211,0.020721732012001833,0.9997950119737518,8.9e-06,0.9997861137981452
7747425,K01952.02,2,CANDIDATE,0.967,27.6666375,20.440506,2.04,0.3,-0.29,0.016826,0.004971,-0.000575,1.213,0.057,-0.054,5615,2.233701526963252,0.6682104669053526,-0.12535907226210258,2471,7747425,27.667,0.015,0.9908869493960825,0.055785570469712824,0.999456635927974,0.015,0.9844647863890543
7747425,K01952.03,4,CANDIDATE,1.0,5.19559398,14.557533,1.18,0.17,-0.17,0.009719,0.000616,-0.00032,1.213,0.057,-0.054,5615,1.2902261464730684,0.10179957561002187,-0.07144051583963888,2472,7747425,5.196,0.00078,0.9912381751315188,0.05875866719701633,0.9994481926322443,0.00078,0.9986686230419911
7747425,K01952.04,3,CANDIDATE,1.0,42.4729078,16.694304000000002,2.03,0.29,-0.29,0.016741,0.000567,-0.00065,1.213,0.057,-0.054,5615,2.2224175242417568,0.12873252655528328,-0.13127981750541817,2473,7747425,42.473,0.0015,0.9909825770796632,0.09298612439078904,0.9990671310552449,0.0015,0.9975685303586621
11923284,K02026.01,1,CANDIDATE,1.0,2.757977384,32.95179,1.69,0.25,-0.13,0.015478,0.000212,-0.002304,1.001,0.043,-0.04,5919,1.6956350120500878,0.07645248626069781,-0.2613426578954631,2136,11923284,2.758,6.5e-05,0.9900534410800477,0.014275000083764927,0.9998545095221665,6.5e-05,0.9997895189790476
7102316,K02028.01,1,CANDIDATE,0.998,57.24885179999999,27.801964,3.19,0.88,-0.29,0.034581,0.001352,-0.000618,0.765,0.068,-0.062,5642,2.895225789784168,0.2811468446936545,-0.2402826279683854,2218,7102316,57.249,2.9e-05,0.9897557980088808,0.053564866599316044,0.9994142136432577,2.9e-05,0.9993852306310621
7102316,K02028.02,2,CANDIDATE,1.0,37.055172600000006,22.671307,3.19,0.88,-0.29,0.034562,0.004149,-0.005407,0.765,0.068,-0.062,5642,2.8936350523848478,0.4322287807933667,-0.5098300871856214,2219,7102316,37.055,7.2e-05,0.9906515549902538,0.055496276335674485,0.9994455292742959,7.2e-05,0.9993735691961881
7102316,K02028.03,3,CANDIDATE,0.985,142.545,11.702783,2.52,0.69,-0.23,0.02727,0.001603,-0.0010609999999999,0.765,0.068,-0.062,5642,2.2831267831298767,0.24330700740114733,-0.2052553319239924,2220,7102316,142.545,0.001,0.9903852588400242,0.46935300835037147,0.9914132794583488,0.001,0.9904218661788904
8505920,K02094.01,1,CANDIDATE,0.974,42.426964700000006,19.70963,3.44,0.55,-0.45,0.031124,0.001898,-0.010655,1.012,0.055,-0.052,5329,3.447143594512962,0.2815806953907816,-1.1933150092820453,3268,8505920,42.427,0.48,0.990812771613781,0.07509919387595497,0.9992471073907057,0.48,0.5196084958431669
8505920,K02094.02,2,CANDIDATE,0.998,198.680859,12.916696,2.79,0.45,-0.36,0.0252419999999999,0.005279,-0.002498,1.012,0.055,-0.052,5329,2.795681744399687,0.6040961220265124,-0.31173720033031505,3269,8505920,198.681,0.00064,0.9890382211513306,0.683925349741025,0.9760179117910202,0.00064,0.975393260327474
7918992,K02095.01,1,CANDIDATE,0.998,1.434745129,20.247503,1.5,0.23,-0.13,0.012886,0.000463,-0.0003779999999999,1.041,0.051,-0.049,5808,1.4680887550654416,0.08919350588196814,-0.08142388260594614,3270,7918992,1.435,2.9e-06,0.9910664398309437,0.03629891061772079,0.9996604739989862,2.9e-06,0.9996575749836115
11410904,K02171.01,1,CANDIDATE,0.996,3.53232429,18.387432,1.43,0.21,-0.07,0.013699,0.000608,-0.0009699999999999,0.979,0.05,-0.047,5775,1.4677598822835387,0.09931253927697872,-0.12556486252064683,2971,11410904,3.532,0.00012,0.9911276032150778,0.043171927768461085,0.999596095290101,0.00012,0.9994761437586661
4173026,K02172.01,1,CANDIDATE,1.0,10.44087398,25.988503,3.41,0.98,-0.49,0.031855,0.003781,-0.005949,0.809,0.063,-0.057,5738,2.820392730855147,0.4003828607301218,-0.5629543786612664,2972,4173026,10.441,0.053,0.9906665607537035,0.02760252627009033,0.9997325644045805,0.053,0.9467467384911377
4173026,K02172.02,2,CANDIDATE,0.991,116.583183,14.992003,2.91,0.83,-0.42,0.027148,0.000712,-0.003215,0.809,0.063,-0.057,5738,2.4036421866977093,0.19751127611306765,-0.33122069750648225,2973,4173026,116.583,0.021,0.9903989395252311,0.3027643774254436,0.9957904638186245,0.021,0.9748788640784334
8099138,K02338.01,1,CANDIDATE,0.998,66.18436460000001,18.156345,2.72,0.37,-0.21,0.025433,0.001447,-0.004219,0.96,0.048,-0.045,5641,2.6720973722627734,0.20239252735646418,-0.4606226933723559,3072,8099138,66.184,0.0031,0.9907033353716753,0.12237041304457558,0.9986915753745701,0.0031,0.9955956314909089
8681734,K02340.01,1,CANDIDATE,1.0,7.68478504,17.893642,1.47,0.13,-0.11,0.014831,0.000701,-0.0005269999999999,0.889,0.041,-0.039,5344,1.4429645161559275,0.09529079789995833,-0.0814626871538556,3074,8681734,7.685,0.003,0.9911256724494071,0.04802761292300243,0.9995482757772461,0.003,0.9965496309499144
3533469,K02430.01,1,FALSE POSITIVE,0.387,10.21507506,15.206182,1.5,0.17,-0.14,0.014437,0.00091,-0.000475,0.903,0.041,-0.039,5397,1.426750923845331,0.11083418109188838,-0.07746397001043583,2780,3533469,10.215,0.0046,0.9912021644562865,0.06095220430075137,0.9994238768633743,0.0046,0.9948265270298028
7047363,K02432.01,1,CANDIDATE,1.0,31.0572947,12.803437,1.85,0.34,-0.14,0.023111,0.0008869999999999,-0.001402,0.757,0.066,-0.06,5395,1.914688252564183,0.18239320702703465,-0.19110733785821926,2781,7047363,31.057,0.037,0.9911919528457029,0.10154113149317147,0.9989956949137856,0.037,0.9620328542019755
8947520,K02517.01,1,CANDIDATE,0.98,0.968527683,16.33386,1.21,0.16,-0.05,0.012523,0.000132,-0.002737,0.987,0.053,-0.05,5592,1.3527233569877923,0.07402484402984545,-0.3034862064951315,3175,8947520,0.969,0.00026,0.9912048144610636,0.04808064430593996,0.9995518207722178,0.00026,0.999291937298817
5095635,K02607.01,1,CANDIDATE,1.0,0.7544577290000001,21.0376,2.07,0.32,-0.4,0.01586,0.000356,-0.001566,0.949,0.045,-0.042,5561,1.647224719670274,0.08641793096621231,-0.17823607377305317,2881,5095635,0.754,0.069,0.9910364536622845,0.03383116359115466,0.999683295562699,0.069,0.9307051481688728
9597806,K01481.01,1,CANDIDATE,1.0,5.101375725,45.956264,2.84,0.88,-0.3,0.027246,0.000643,-0.000359,0.859,0.07,-0.063,5869,2.561411598571608,0.21730656536279686,-0.19086434747767309,1548,9597806,5.101,1.4e-05,0.986615375363145,0.005508850450396857,0.9999248518355346,1.4e-05,0.999910852887609
7898352,K01486.01,1,CANDIDATE,1.0,127.2824442,116.552216,12.04,1.87,-2.06,0.093207,0.000529,-0.001037,1.08,0.07,-0.065,5733,11.016806992826577,0.716784650612839,-0.6742825320433361,1553,7898352,127.282,0.29,0.07039155185567293,0.00020919272695530666,0.9972367704532346,0.29,0.7080381070217965
7898352,K01486.02,2,CANDIDATE,1.0,30.1837021,29.342370000000003,3.65,0.57,-0.62,0.028292,0.000897,-0.000436,1.08,0.07,-0.065,5733,3.3440353561540404,0.24128488577238116,-0.20775441573201547,1554,7898352,30.184,4.8e-05,0.9900526267957664,0.03016748413932745,0.9996874694444068,4.8e-05,0.9996394844458734
8240797,K01809.01,1,CANDIDATE,0.371,13.09390911,54.010967,2.2,0.34,-0.12,0.021118,6e-06,-0.002473,0.993,0.042,-0.04,5772,2.295014795463126,0.0970723022117982,-0.2842110503000252,2375,8240797,13.094,0.0069,0.9803695834050562,0.0034184852104924553,0.9999313152114283,0.0069,0.9930317891364694
8240797,K01809.02,2,CANDIDATE,0.404,4.915385452,52.813473,1.46,0.23,-0.08,0.0140069999999999,0.002007,-0.000334,0.993,0.042,-0.04,5772,1.5222214338503541,0.227416480579662,-0.0712560932994546,2376,8240797,4.915,0.00018,0.9824332019371205,0.0032435636291369046,0.9999418134040308,0.00018,0.999761823877618
4035640,K01881.01,1,CANDIDATE,1.0,28.26727385,35.768566,2.93,0.16,-0.26,0.030268,0.001199,-0.000528,0.747,0.034,-0.032,5132,2.4745018495469417,0.14930957351044502,-0.11445459855728335,2075,4035640,28.267,0.0041,0.9889497186392258,0.017991272368095702,0.9997952868902495,0.0041,0.9956961262139995
3120355,K02099.01,1,CANDIDATE,0.995,78.0998908,20.047245,3.37,0.57,-0.56,0.024047,0.000204,-0.00141,1.165,0.076,-0.07,5779,3.065986825682733,0.20169696960465483,-0.2574039974489244,3275,3120355,78.1,0.003,0.9904007741536608,0.12957552113607249,0.9985571635455854,0.003,0.9955614920549487
7620413,K02103.01,1,CANDIDATE,0.999,2.543063763,22.322142000000003,1.26,0.18,-0.14,0.011173,0.0004309999999999,-0.00031,1.211,0.059,-0.056,5580,1.4808033817486788,0.09202077275022645,-0.07985642763182343,3312,7620413,2.543,7.1e-07,0.9909644207417142,0.03169887182962992,0.9997015089554394,7.1e-07,0.9997007991673681
7620413,K02103.02,2,CANDIDATE,0.994,3.66520844,8.112807,0.82,0.12,-0.09,0.007315,0.00044,-0.000596,1.211,0.059,-0.056,5580,0.9694868645387618,0.07504424882125423,-0.09082597185079891,3313,7620413,3.665,0.00072,0.9913673236035374,0.09077274975983866,0.99913065149923,0.00072,0.9984112774301505
7672097,K02255.01,1,CANDIDATE,0.996,7.97033985,20.173883,1.81,0.44,-0.15,0.0202259999999999,0.000869,-0.000551,0.729,0.063,-0.057,5774,1.6136932667065111,0.15573872416439674,-0.1336124594260493,2717,7672097,7.97,0.00013,0.9910325696425494,0.0407986205882157,0.9996151284843672,0.00013,0.9994851785176643
9071593,K02257.01,1,CANDIDATE,1.0,32.563524900000004,21.8976,2.05,0.15,-0.12,0.021865,0.000656,-0.000947,0.813,0.045,-0.043,5229,1.9454652728574124,0.1224843210439653,-0.13299458040918588,2719,9071593,32.564,0.00029,0.99075316843267,0.05445770835129129,0.999462466073088,0.00029,0.9991726219579268
9071593,K02257.02,2,CANDIDATE,0.514,59.284064,10.66435,1.81,0.13,-0.11,0.0193,0.000286,-0.0017739999999999,0.813,0.045,-0.043,5229,1.7172412424490309,0.0983977170879541,-0.18210985945649225,2720,9071593,59.284,0.0021,0.9911407873462227,0.18014470754964618,0.9980359882533686,0.0021,0.9959401126780365
8561231,K02346.01,1,CANDIDATE,0.999,28.6853212,18.835445,2.69,0.64,-0.23,0.029427,4.9e-05,-0.005577,0.889,0.079,-0.071,5726,2.8630649866442233,0.25446775977788755,-0.5888189948323906,3114,8561231,28.685,0.0083,0.9909664646143062,0.06374013860926549,0.9993793948276004,0.0083,0.9910845458505314
6864885,K02434.01,1,FALSE POSITIVE,0.0,40.8777605,20.772655,29.55,9.27,-3.09,0.288798,71.42474,-4.168607,0.803,0.073,-0.066,5930,25.380091427416314,6276.935968552388,-366.3506741091192,2821,6864885,40.878,1.0,0.990755184129938,0.06784602348212493,0.9993208453884023,1.0,0.0
7778767,K02523.01,1,CANDIDATE,0.998,13.0313583,16.700882,2.88,0.43,-0.4,0.024587,0.005876,-0.003054,1.08,0.07,-0.065,5513,2.90611470739995,0.7196156429290715,-0.4011161913893987,3215,7778767,13.031,0.00013,0.9911428976864846,0.05732139919408821,0.9994566139028712,0.00013,0.9993266845430638
7778767,K02523.02,2,CANDIDATE,0.763,2.61090223,9.254996,1.8,0.27,-0.25,0.0153509999999999,0.006659,-0.00206,1.08,0.07,-0.065,5513,1.814445311477461,0.7958126754687563,-0.2668534933930509,3216,7778767,2.611,0.017,0.9913524570756995,0.08234266845800181,0.9992172753026692,0.017,0.9822305816225239
9602613,K02612.01,1,CANDIDATE,0.856,4.61225043,11.438283,0.51,0.06,-0.05,0.004852,0.000306,-0.000215,1.035,0.043,-0.041,5495,0.549597309023408,0.04150634997601788,-0.03266639004182305,2920,9602613,4.612,0.12,0.9913099710150832,0.07285024435289648,0.9993112004176534,0.12,0.879393856367535
9602613,K02612.02,2,CANDIDATE,0.952,7.57299816,8.334758,0.53,0.06,-0.05,0.005049,0.0002819999999999,-0.000339,1.035,0.043,-0.041,5495,0.5719119565661966,0.039810902361987685,-0.04458449241656993,2921,9602613,7.573,0.66,0.9913565331080132,0.09516993240737166,0.9990829545996622,0.66,0.33968820456388515
5807769,K02614.01,1,CANDIDATE,0.999,7.99022379,14.412554,1.97,0.31,-0.46,0.011686,0.000587,-0.000516,1.207,0.058,-0.055,5689,1.5436776194626227,0.10730781532076555,-0.09794872854610072,2923,5807769,7.99,0.00034,0.9912323336952827,0.062207701796843005,0.9994132595257845,0.00034,0.9990734590175457
8025596,K02615.01,1,CANDIDATE,0.997,4.69505576,14.638098,1.49,0.44,-0.15,0.014207,0.000759,-0.000571,1.088,0.107,-0.095,5999,1.6916664314120313,0.18933078893994496,-0.16260661448011945,2924,8025596,4.695,0.00047,0.9912377975821041,0.057930076931065666,0.9994564288552413,0.00047,0.9989866843336794
9391208,K01409.01,1,CANDIDATE,1.0,16.56062577,25.015602,2.94,0.68,-0.46,0.031445,0.0017739999999999,-0.007281,0.845,0.067,-0.061,5818,2.907982332698842,0.28298203112774434,-0.7053004239032846,1862,9391208,16.561,0.013,0.9906793789483778,0.03297855848514201,0.9996791461220137,0.013,0.9866833172224275
6185711,K00169.01,1,FALSE POSITIVE,0.0,11.70219638,51.785847,16.15,3.82,-1.18,0.194118,68.36763,-0.106498,1.227,0.092,-0.083,5758,26.067166533507425,9180.758286698167,-14.409397275517577,401,6185711,11.702,0.99,0.9825412967628337,0.003957159421611988,0.9999294061774949,0.99,0.009999294061774959
9425139,K01411.01,1,CANDIDATE,0.995,305.07624689999994,142.38934,7.82,1.25,-0.84,0.061965,0.003433,-0.003427,1.174,0.051,-0.048,5716,7.961556960577648,0.5605155897223577,-0.5475758636318074,1864,9425139,305.076,0.11,0.0008618125274310266,0.0006674975607609772,0.22562303503684789,0.11,0.2008045011827946
9726659,K01491.01,1,CANDIDATE,1.0,3.148661555,27.554878,2.15,0.4,-0.29,0.022587,0.003257,-0.001402,1.103,0.101,-0.091,5258,2.726575449550088,0.46574060052147254,-0.2815041700646744,1671,9726659,3.149,1.3e-05,0.9906182120112327,0.021628143873142863,0.9997906395683346,1.3e-05,0.9997776422900202
5564247,K01566.01,1,FALSE POSITIVE,0.001,1.7271772580000002,13.080097,1.42,0.25,-0.11,0.018093,0.005311,-0.001301,1.208,0.152,-0.13,5394,2.3919988863579156,0.7639347439063391,-0.30959240801999494,2621,5564247,1.727,0.019,0.9912840932152032,0.061723692040203906,0.9994215902765639,0.019,0.9804325800613092
5210475,K01568.01,1,FALSE POSITIVE,0.0,1.008917105,26.506721,1.51,0.37,-0.12,0.017433,0.002042,-0.000727,1.219,0.106,-0.096,5708,2.3257299811068464,0.3392844744776697,-0.20725304046922066,2626,5210475,1.009,0.24,0.9907211221647008,0.022553959206376675,0.9997838904129822,0.24,0.7598357567138665
12019440,K00186.01,1,CANDIDATE,0.998,3.24325988,1636.7843,12.91,2.11,-0.91,0.1166869999999999,2.8000000000000003e-05,-0.000205,1.071,0.055,-0.052,5823,13.677143414752694,0.7023819793081293,-0.6644975680777122,466,12019440,3.243,0.0078,3.6135079877699406e-61,2.9071830689695496e-56,0.0,0.0078,0.0
9401997,K01633.01,1,CANDIDATE,0.977,32.2964275,13.979327,1.9,0.14,-0.16,0.019489,0.001049,-0.000712,0.875,0.042,-0.04,5251,1.8662983163698714,0.1345956424790911,-0.10921413442360607,2283,9401997,32.296,0.056,0.9911491247918995,0.09544782243378146,0.9990577207730061,0.056,0.9431104884097178
10621666,K01636.01,1,FALSE POSITIVE,0.0,2.61841046,19.388746,1.12,0.29,-0.1,0.012462,0.000361,-0.00047,1.113,0.088,-0.08,5912,1.5179811090800404,0.12782190510878974,-0.12321682087406607,2318,10621666,2.618,0.0054,0.9910946689244979,0.03947488778809379,0.999630727377764,0.0054,0.9942327214499241
6849046,K00201.01,1,CANDIDATE,0.998,4.2253845430000005,1401.7281,9.0,1.42,-0.77,0.078185,0.000381,-4.7e-05,0.998,0.043,-0.041,5574,8.539598208375283,0.37028439688237497,-0.3508627329305354,530,6849046,4.225,0.00068,6.6799603706491454e-52,2.194936928073989e-48,0.0,0.00068,0.0
9455325,K01813.01,1,CANDIDATE,1.0,9.76785911,55.311665000000005,2.54,0.23,-0.15,0.0273269999999999,0.00035,-0.004763,0.831,0.035,-0.033,5371,2.4852863596306225,0.10940796693176835,-0.444277472468216,2380,9455325,9.768,0.011,0.9794720369156535,0.002916675072116419,0.9999386929508686,0.011,0.988939367328409
4851530,K01884.01,1,FALSE POSITIVE,0.011,23.11707222,17.629503,4.37,0.62,-0.56,0.050285,0.000637,-0.0055509999999999,0.805,0.067,-0.06,5275,4.430143464085704,0.3729663790744227,-0.5900822030482933,2078,4851530,23.117,0.0069,0.9910563629006566,0.06339717811466998,0.9993891560455348,0.0069,0.9924933708688206
4851530,K01884.02,2,CANDIDATE,0.989,4.77502117,14.301238,1.73,0.24,-0.22,0.019883,0.000425,-0.001437,0.805,0.067,-0.06,5275,1.7517061250157315,0.15052542715046266,-0.18186302287500652,2079,4851530,4.775,0.0014,0.991246129665573,0.05944250048937223,0.999441876480519,0.0014,0.9980426578534463
11413812,K01885.01,1,CANDIDATE,1.0,5.65378163,32.973896,1.82,0.58,-0.15,0.017893,0.000205,-0.0006799999999999,1.179,0.09,-0.082,5988,2.3087686820255473,0.17821584161963405,-0.18298426880335542,2080,11413812,5.654,0.0013,0.9899986122622806,0.014990620937315364,0.9998462536071298,0.0013,0.9985464534774405
9836149,K01958.01,1,CANDIDATE,1.0,17.815968899999998,29.285742,3.12,0.46,-0.21,0.030625,3.6e-05,-0.005214,1.044,0.059,-0.055,5964,3.4991297901459855,0.19779053078451028,-0.6236063584068522,2516,9836149,17.816,0.0057,0.9902612812085603,0.024476298495075398,0.9997532484199527,0.0057,0.994054654903959
8491277,K00234.01,1,CANDIDATE,1.0,9.61375316,83.48201,3.27,0.97,-0.53,0.026947,0.003355,-0.001042,1.185,0.09,-0.082,5997,3.4947187360779006,0.5096717088640588,-0.2770247276221334,33,8491277,9.614,1.6e-05,0.8557590506351426,0.0003323564805171839,0.9999439616180349,1.6e-05,0.999927962514649
3657758,K02034.01,1,CANDIDATE,1.0,3.609313059,38.35937,3.26,0.92,-0.31,0.034342,0.000537,-0.001398,0.971,0.086,-0.077,5668,3.6494571557072737,0.3282257566477154,-0.3253055805455451,2351,3657758,3.609,5.1e-05,0.9890990554117516,0.009597058716465571,0.9998932050847603,5.1e-05,0.999842210531301
3657758,K02034.02,2,CANDIDATE,1.0,2.3702932,9.094969,1.29,0.37,-0.12,0.013622,0.00158,-0.001246,0.971,0.086,-0.077,5668,1.44758329086962,0.21125685610104256,-0.17524216132397746,2352,3657758,2.37,0.0041,0.9913554042343377,0.08295428876151249,0.99921120677575,0.0041,0.9951144408279695
9790806,K02035.01,1,CANDIDATE,1.0,1.93155546,69.970215,2.25,0.26,-0.09,0.023982,0.005646,-0.004281,0.861,0.037,-0.035,5470,2.2598104142650386,0.5408098530970802,-0.41372356014255524,2353,9790806,1.932,1.0,0.9511803756428908,0.0008215696945481268,0.9999577980117066,1.0,0.0
8165946,K02105.01,1,CANDIDATE,1.0,6.42199919,21.660759,1.25,0.2,-0.07,0.011701,0.000348,-0.000429,1.019,0.046,-0.043,5985,1.304910179382708,0.07054191445279491,-0.07294559449682424,3315,8165946,6.422,5.9e-05,0.9909719787754994,0.03558795385818733,0.9996638202193125,5.9e-05,0.9996048400539196
12017109,K02106.01,1,CANDIDATE,1.0,9.75374033,17.274105,1.87,0.48,-0.17,0.019066,0.000712,-0.0009029999999999,0.819,0.07,-0.063,5806,1.7089405153221744,0.15939667630503243,-0.1543760749190389,3316,12017109,9.754,0.0046,0.9911379933141494,0.052038381545292195,0.9995091701390368,0.0046,0.9949114279563972
9225395,K02107.01,1,CANDIDATE,0.979,81.3153052,18.805635,2.55,0.3,-0.33,0.0239169999999999,0.001266,-0.0008529999999999,0.779,0.037,-0.035,5321,2.039048786354761,0.1450142767375724,-0.1169682610849622,3317,9225395,81.315,0.0012,0.9904810323275479,0.1477809433547657,0.9983334786497694,0.0012,0.9971354784753897
7286911,K02180.01,1,CANDIDATE,0.99,11.55562042,18.907585,2.11,0.25,-0.09,0.022688,0.000572,-0.0036969999999999,0.832,0.042,-0.04,5431,2.065870030707274,0.11656947112154954,-0.35097882510041395,3019,7286911,11.556,0.034,0.9910666755145037,0.047593746018271106,0.9995495590289685,0.034,0.9655648740219835
6962109,K02182.01,1,CANDIDATE,0.969,17.13263125,22.876215,2.31,0.51,-0.22,0.026597,0.000837,-0.000905,0.754,0.064,-0.058,5477,2.1947621140510947,0.19868435322707337,-0.18460748400522653,3021,6962109,17.133,0.00029,0.9908235194781244,0.03904115426249214,0.9996237316400476,0.00029,0.9993338407578719
8126558,K02259.01,1,CANDIDATE,1.0,12.19140405,15.443105,2.46,0.67,-0.41,0.023339,0.001287,-0.000725,0.942,0.08,-0.073,5516,2.4061162293292218,0.24363879652477266,-0.20088393683352512,2722,8126558,12.191,0.12,0.9911873320223432,0.06191933003879008,0.9994131356519769,0.12,0.8794835593737397
6634133,K02262.01,1,FALSE POSITIVE,0.0,9.94221873,22.974052,19.64,5.77,-2.65,0.196178,69.65608,-0.157727,1.072,0.081,-0.073,5213,23.015930828593,8172.167905535317,-18.571050781434444,2725,6634133,9.942,0.97,0.9908754738193877,0.03427929834831049,0.9996731325873021,0.97,0.029990193977619088
1872821,K02351.01,1,CANDIDATE,1.0,10.27380957,17.77157,1.68,0.16,-0.08,0.017115,0.000889,-0.0004759999999999,0.862,0.042,-0.04,5806,1.6146099517052601,0.11499000537118456,-0.0873503107017357,3118,1872821,10.274,0.00057,0.9911176807505006,0.050620363203525656,0.9995221556013603,0.00057,0.9989524279726675
5097868,K02435.01,1,CANDIDATE,1.0,6.80243431,12.355037,2.6,0.72,-0.22,0.029185,0.010173,-0.015735,0.952,0.078,-0.071,5836,3.040745702869368,1.0887978192841627,-1.6550191064058741,2822,5097868,6.802,0.99,0.9912853057289172,0.07072947361832248,0.9993308680759201,0.99,0.00999330868075921
9205907,K02528.01,1,CANDIDATE,0.997,12.02295362,16.464874,3.28,0.95,-0.32,0.034126,0.0006889999999999,-0.008376,1.16,0.106,-0.095,5982,4.332382883211678,0.4054381259435007,-1.120986692520688,3220,9205907,12.023,0.33,0.9911554254889154,0.05733837073555945,0.9994572189196268,0.33,0.6696363366761499
6351097,K02618.01,1,FALSE POSITIVE,0.0,12.49117388,13.794085999999998,1.36,0.36,-0.16,0.013681,0.003146,-0.001187,0.815,0.061,-0.056,5753,1.2202783531808457,0.2950976130235036,-0.1350548353788493,3048,6351097,12.491,0.061,0.9912329960531108,0.07007061992560185,0.9993335594064237,0.061,0.9383742122826318
8081905,K02619.01,1,CANDIDATE,1.0,3.27645723,15.281276,1.71,0.52,-0.17,0.016307,0.000733,-0.0007019999999999,0.999,0.108,-0.095,5812,1.7828837025075508,0.20874109797416074,-0.18610687089501177,3049,8081905,3.276,3.5e-05,0.9912257285397832,0.05398457142561449,0.9994948621180063,3.5e-05,0.9994598797978321
11599264,K01417.01,1,FALSE POSITIVE,0.0,8.428090255,188.63396,517.43,145.3,-45.63,5.886209,52.62047,-0.342099,1.125,0.118,-0.105,5761,724.7223526715486,6479.188158958977,-79.68287845349978,1904,11599264,8.428,,0.0004508655244405006,9.813317819025717e-08,0.9997824430176361,1.0,0.0
11100657,K01418.01,1,FALSE POSITIVE,0.0,8.344104632999999,154.93022,836.31,198.6,-79.84,9.139057,49.42976,-1.794301,0.757,0.063,-0.057,5447,757.1478982914831,4095.616117845205,-159.21080795816385,1905,11100657,8.344,,0.009548729802064867,1.3172578708831823e-06,0.9998633659683496,1.0,0.0
6438099,K02976.01,1,CANDIDATE,0.989,21.61313362,12.131297,1.94,0.23,-0.1,0.028166,0.015735,-0.002554,0.936,0.083,-0.075,5267,2.885256840422854,1.6320346575712306,-0.3491374615167965,3900,6438099,21.613,0.13,0.9912448733983548,0.09147176873208965,0.9991107371978514,0.13,0.8692263413621307
5768816,K03288.01,1,CANDIDATE,0.834,47.9869119,24.939644,3.35,0.88,-0.47,0.031301,7.099999999999999e-05,-0.004768,0.818,0.036,-0.034,5641,2.8021731787377298,0.12348671715556626,-0.44245302265601133,3659,5768816,47.987,0.0054,0.9903027855384072,0.05649835243188494,0.9994136294901362,0.0054,0.9940167958908895
11125797,K03371.01,1,CANDIDATE,0.998,58.1263775,10.819026,1.32,0.17,-0.04,0.0147949999999999,0.000925,-0.0006889999999999,1.07,0.051,-0.048,5406,1.7325357420400083,0.13620755732257944,-0.11202887321855697,4099,11125797,58.126,0.0044,0.9911407158726341,0.17540687044948863,0.998098614397291,0.0044,0.9937069804939429
11125797,K03371.02,2,CANDIDATE,1.0,12.25384348,10.144701,1.0,0.13,-0.03,0.011217,0.0004669999999999,-0.000866,1.07,0.051,-0.048,5406,1.313541968128618,0.08312905169029224,-0.11728758894656359,4100,11125797,12.254,0.0091,0.9913154408068963,0.09041404078499377,0.9991291807111657,0.0091,0.9900371051666942
6947668,K03455.01,1,CANDIDATE,1.0,14.0545718,10.198106,1.45,0.43,-0.13,0.015078,0.001019,-0.000795,0.739,0.065,-0.059,5783,1.2194714383652152,0.1352662377734571,-0.1166751755815162,4513,6947668,14.055,0.00027,0.9913098818915711,0.09272632595783001,0.9991040557500741,0.00027,0.9988342976550216
6364582,K03456.01,1,CANDIDATE,1.0,30.8609783,11.603067,1.08,0.14,-0.05,0.011914,0.001818,-0.001653,1.223,0.055,-0.052,5627,1.594657825541153,0.2536820848034389,-0.23140570012738576,4514,6364582,30.861,0.00091,0.9912268539784664,0.10995394519023725,0.9989065960569039,0.00091,0.9979975910544922
2717158,K03459.01,1,CANDIDATE,1.0,13.2226149,11.174874,1.75,0.46,-0.16,0.018529,0.000118,-0.0043939999999999,1.17,0.1,-0.091,5931,2.3725823686446006,0.20334694644547752,-0.592127380862481,4517,2717158,13.223,0.00038,0.9912924077903666,0.08542650736686284,0.999179515571991,0.00038,0.9987998273560736
6426592,K03554.01,1,CANDIDATE,0.522,394.67816267,2223.4897,52.16,12.5,-6.23,0.575438,0.010737,-0.010086,1.215,0.102,-0.092,5780,76.51705939607979,6.580403977252494,-5.947082487531427,4163,6426592,394.678,1.0,2.395675077786228e-86,6.812331615610623e-73,0.0,1.0,0.0
9965206,K03558.01,1,FALSE POSITIVE,0.0,16.227548674,3094.552,46.52,8.13,-3.1,0.535852,0.014128,-0.012789,1.144,0.109,-0.097,5297,67.08946615303296,6.632486511620244,-5.909587101788742,4205,9965206,16.228,1.0,9.722291642320711e-119,5.6628231578638216e-105,0.0,1.0,0.0
12784167,K03848.01,1,CANDIDATE,1.0,1.847892736,43.869167,1.51,0.35,-0.15,0.016387,0.000432,-0.0002549999999999,1.125,0.085,-0.077,5763,2.0176016844166873,0.1614537263844659,-0.1416176783181556,4629,12784167,1.848,2.8e-06,0.9876140418073017,0.006104165992828971,0.9999229756896435,2.8e-06,0.9999201759053116
3656121,K00386.01,1,CANDIDATE,1.0,31.158824900000003,63.95907,3.56,0.57,-0.46,0.02825,0.000627,-0.000266,1.035,0.046,-0.044,5951,3.1999431121004274,0.15896707131922624,-0.13933305013809572,472,3656121,31.159,0.0018,0.9581194989376796,0.0021897736747642955,0.9999040724240662,0.0018,0.9981042450937029
3656121,K00386.02,2,CANDIDATE,0.973,76.7324556,28.179665000000004,3.08,0.49,-0.4,0.024437,0.000263,-0.000972,1.035,0.046,-0.044,5951,2.7680357462087843,0.12657937884329407,-0.1611507286898877,473,3656121,76.732,0.0094,0.9892147906323876,0.07205418181877975,0.9991534072379737,0.0094,0.9897613652099368
10294509,K04143.01,1,FALSE POSITIVE,0.0,1.85447373,15.249657999999998,1.33,0.22,-0.1,0.016357,0.000588,-0.000986,0.803,0.067,-0.06,5341,1.437482792395545,0.1305975375656855,-0.13800379331598397,5095,10294509,1.854,1.0,0.9912315872102219,0.05283342394655816,0.9995065669371632,1.0,0.0
5428668,K02794.01,1,FALSE POSITIVE,0.0,0.7033999120000001,16.123820000000002,2.15,0.67,-0.21,0.021683,0.0002319999999999,-0.001118,1.124,0.112,-0.099,5955,2.6672832438333756,0.2673069543035438,-0.27222413138791235,3760,5428668,0.703,0.13,0.9912118184178624,0.04860921802287455,0.9995470062129254,0.13,0.869605895405245
6029239,K00304.02,2,CANDIDATE,0.786,5.518195,7.5584307,0.46,0.06,-0.02,0.004772,0.002048,-0.001096,0.927,0.04,-0.038,5767,0.48413181644852754,0.20882247020312147,-0.11294921915284205,82,6029239,5.518,0.92,0.9913716516392715,0.09720434149364877,0.9990628968979348,0.92,0.07992503175183474
6029239,K00304.01,1,CANDIDATE,1.0,8.512037736,116.80596,2.14,0.3,-0.11,0.022246,0.000489,-0.000218,0.927,0.04,-0.038,5767,2.2569145827145736,0.10929394735322644,-0.09512329623329313,81,6029239,8.512,0.0024,0.2344076258348474,2.497285835658168e-05,0.9999184347893139,0.0024,0.9975186305458196
7419318,K00313.02,2,CANDIDATE,1.0,8.43639829,61.167633,1.5,0.1,-0.08,0.017275,0.0016809999999999,-0.000554,0.856,0.036,-0.034,5188,1.618360524163101,0.1715584958183697,-0.08261725338770967,126,7419318,8.436,3.9e-06,0.9714993241346764,0.0018156868628035545,0.9999466366768507,3.9e-06,0.9999427368849677
7419318,K00313.01,1,CANDIDATE,1.0,18.73577127,70.01182,2.1,0.14,-0.12,0.024162,2e-05,-0.002357,0.856,0.036,-0.034,5188,2.2635500425371253,0.09521446654151955,-0.23841131538341764,125,7419318,18.736,1.1e-05,0.9424561931152766,0.0011029080251545825,0.9999325850890485,1.1e-05,0.9999215858306125
8197560,K03074.01,1,FALSE POSITIVE,0.0,1.02425556,27.297668,29.83,5.58,-2.38,0.357521,4.648117,-0.142756,0.937,0.129,-0.112,5337,36.66271332099484,476.6772736995633,-15.281062927894085,3608,8197560,1.024,1.0,0.9906612759191481,0.02125387898426703,0.9997952940309441,1.0,0.0
3328080,K03075.01,1,CANDIDATE,0.983,4.76559056,13.615041,0.92,0.28,-0.23,0.007495,0.000411,-0.000325,0.86,0.036,-0.035,5702,0.7054293811351623,0.048666174706111946,-0.04195131467669555,3643,3328080,4.766,0.086,0.9912628952516801,0.06245926260063972,0.9994128008780251,0.086,0.913463300002515
6779726,K03375.01,1,CANDIDATE,0.999,47.056332700000006,14.08191,2.57,0.75,-0.32,0.025508,0.001317,-0.001738,0.727,0.065,-0.058,5889,2.0295243898187767,0.20953923524964913,-0.2129287369989087,4106,6779726,47.056,0.016,0.9910726711312375,0.1197066816707519,0.9987750819908368,0.016,0.9827946806789833
4376629,K03378.01,1,FALSE POSITIVE,0.0,27.6775212,11.441388,23.04,2.98,-0.95,0.254797,69.86195,-2.233331,0.921,0.041,-0.039,5797,25.682505874166246,7041.8017673058075,-225.11334855573313,4108,4376629,27.678,1.0,0.9912420909100433,0.1057254435379141,0.9989554497463874,1.0,0.0
9763612,K03465.01,1,FALSE POSITIVE,0.0,16.0505464,10.279693,0.81,0.07,-0.03,0.008729,0.000546,-0.000367,0.81,0.034,-0.032,5428,0.7738075593065694,0.05829007692052632,-0.04464283275309981,4559,9763612,16.051,0.03,0.9913030992513412,0.09520247318889138,0.9990768869815804,0.03,0.969104580372133
5264304,K03563.01,1,FALSE POSITIVE,0.0,120.58167178,2436.5774,41.71,6.5,-3.04,0.567504,0.037042,-0.0547029999999999,1.099,0.098,-0.088,5294,68.25745242058898,7.5430035410844765,-8.553484695211452,4209,5264304,120.582,1.0,2.508255324962398e-93,3.869336761935622e-82,0.0,1.0,0.0
4949524,K03852.01,1,FALSE POSITIVE,0.0,1.233076007,27.583647,31.39,6.76,-2.69,0.351801,0.018989,-0.188292,1.013,0.092,-0.082,5602,39.002277737871246,4.120534935115367,-21.1123125600063,4633,4949524,1.233,1.0,0.9906364025001333,0.020875634301784046,0.9997984743751838,1.0,0.0
9092504,K02716.01,1,CANDIDATE,1.0,0.962864171,25.515627,1.52,0.36,-0.15,0.0172639999999999,0.0022719999999999,-0.001323,0.969,0.095,-0.085,5704,1.83083269745783,0.3004525647946134,-0.21325359761116336,3404,9092504,0.963,5.4e-05,0.9907905210414913,0.024281759722283892,0.9997686822547642,5.4e-05,0.9997146947459224
9092504,K02716.02,2,CANDIDATE,0.956,6.46004728,12.190126,1.8,0.43,-0.17,0.020507,0.0031219999999999,-0.002472,0.969,0.095,-0.085,5704,2.174750123190914,0.39379745685920403,-0.3242171028006179,3405,9092504,6.46,0.0065,0.99128979996652,0.07116714701750648,0.9993267606696836,0.0065,0.9928311367253307
5775129,K02802.01,1,CANDIDATE,0.988,3.84822189,14.959467000000002,1.72,0.28,-0.21,0.013198,0.000489,-0.000711,1.165,0.06,-0.056,5927,1.682741885697206,0.1067613557073181,-0.1214931215095364,3801,5775129,3.848,0.0044,0.9912323106174109,0.05579692442796792,0.9994772975260755,0.0044,0.9950795974169608
9898447,K02803.01,1,CANDIDATE,1.0,2.37752442,14.03587,0.53,0.07,-0.03,0.005152,0.0002529999999999,-0.000267,0.987,0.042,-0.039,5615,0.5565144721872641,0.036161818741032636,-0.03626798058523273,3802,9898447,2.378,0.0023,0.991260377553192,0.05822180407628353,0.9994549429623885,0.0023,0.997156196593575
5307568,K02804.01,1,FALSE POSITIVE,0.001,2.62838097,13.935052,1.01,0.29,-0.14,0.00862,0.0004849999999999,-0.000349,0.952,0.071,-0.065,5884,0.8981061490057889,0.08390371544783821,-0.07129066654906657,3803,5307568,2.628,1.7e-05,0.9912619893160608,0.058895305477211946,0.9994483458913064,1.7e-05,0.9994313552694262
8360640,K02982.01,1,CANDIDATE,0.999,4.0223109,14.053957999999998,1.37,0.31,-0.13,0.015181,0.006581,-0.001666,0.874,0.065,-0.059,5516,1.4520957975396425,0.638683396554402,-0.18709185532362343,3940,8360640,4.022,0.17,0.9912547112407976,0.05976284019611104,0.9994392326658608,0.17,0.8295345631126644
3654719,K03081.01,1,FALSE POSITIVE,0.0,25.9200092,9.957283,1.28,0.21,-0.08,0.016641,0.000662,-0.001591,0.912,0.077,-0.07,5517,1.6609544195821797,0.15502092707601275,-0.20364127022299636,3647,3654719,25.92,0.00065,0.9912826445943713,0.11385357825595477,0.9988701300815991,0.00065,0.9982208644970461
7106173,K03083.01,1,CANDIDATE,0.963,10.18318233,9.234554,0.79,0.13,-0.05,0.0066489999999999,0.000303,-0.000487,1.134,0.048,-0.046,5843,0.8251878848162473,0.05132348617254755,-0.06909028735870971,3649,7106173,10.183,0.0022,0.9913366035207364,0.09320147746851196,0.9991017876101977,0.0022,0.9969037636774554
7106173,K03083.02,3,CANDIDATE,0.979,6.2321233,7.3527875,0.61,0.1,-0.04,0.005154,0.000245,-0.000701,1.134,0.048,-0.046,5843,0.639647820475711,0.04071359346383069,-0.09078588897189536,3650,7106173,6.232,0.018,0.9913731786563743,0.09973396345816658,0.9990359804279525,0.018,0.9810533327802493
7106173,K03083.03,2,CANDIDATE,0.673,8.2942929,7.573117699999999,0.65,0.1,-0.04,0.005482,0.000433,-0.000315,1.134,0.048,-0.046,5843,0.680354938270828,0.06096836433642044,-0.047853719922341345,3651,7106173,8.294,0.019,0.9913663216341568,0.10150474219567632,0.9990161423931604,0.019,0.9800348356876903
9881662,K00327.01,1,CANDIDATE,1.0,3.254277742,46.75412,1.38,0.22,-0.12,0.0116189999999999,0.000192,-0.000248,1.187,0.051,-0.049,5945,1.5093950670305687,0.06948293250674113,-0.07014489009046028,214,9881662,3.254,1.3e-07,0.9863632577581039,0.0050157764376822615,0.999930305946943,1.3e-07,0.9999301759560032
9881662,K00327.02,2,CANDIDATE,1.0,91.3514816,15.753266,1.57,0.25,-0.14,0.013179,0.000521,-0.000308,1.187,0.051,-0.049,5945,1.7120507434715582,0.09995878795228079,-0.08121445829084983,215,9881662,91.351,9.8e-05,0.9906323771683938,0.20762297072840608,0.997522233356068,9.8e-05,0.9974244761771991
7889486,K03300.01,2,FALSE POSITIVE,0.0,24.2382519,10.754355,2.19,0.66,-0.18,0.022182,0.007011,-0.002612,0.948,0.097,-0.086,5763,2.301402041152781,0.7645641386664435,-0.34209262471363583,3704,7889486,24.238,0.82,0.9912697431498847,0.10497023848507402,0.9989670866797289,0.82,0.17981407560235124
7889486,K03300.02,1,FALSE POSITIVE,0.0,24.2416103,10.909596,1.61,0.49,-0.13,0.016319,0.004332,-0.001389,0.948,0.097,-0.086,5763,1.6931106261641078,0.48168082072980645,-0.21061560139700555,3705,7889486,24.242,0.026,0.9912661348509517,0.1038573333597975,0.9989788813108655,0.026,0.973005430396783
9991621,K03382.01,1,FALSE POSITIVE,0.0,18.9257333,14.665770000000002,16.74,4.08,-2.73,0.168616,70.03527,-2.452169,0.989,0.043,-0.04,5455,18.250658119934556,7580.477393071474,-265.41888754025746,4145,9991621,18.926,1.0,0.9911839469699923,0.07318730504937383,0.9992976336187549,1.0,0.0
8078502,K03383.01,1,CANDIDATE,0.916,37.8862977,14.600046,2.09,0.48,-0.2,0.023418,0.00134,-0.000988,0.874,0.081,-0.073,5513,2.23998283293481,0.2439764631542312,-0.20960590416768196,4146,8078502,37.886,0.0002,0.9911000557993758,0.09996395297387338,0.9990026368889217,0.0002,0.9988028363615439
12735740,K03663.01,1,CANDIDATE,0.963,282.5253558,471.11786,8.98,1.31,-0.47,0.090074,0.00018,-0.000458,0.954,0.042,-0.039,5725,9.404404045620439,0.4144566742667001,-0.3874191923644605,4617,12735740,282.525,0.00081,1.2193746006203672e-16,4.408170019852697e-15,0.0,0.00081,0.0
8543279,K03759.01,1,FALSE POSITIVE,0.0,7.549303632999999,227.33113,34.45,6.68,-2.87,0.3871159999999999,30.421940000000003,-0.076227,0.854,0.077,-0.07,5402,36.18115678089603,2843.3381859113347,-7.717039597223001,4268,8543279,7.549,1.0,1.356351209200355e-05,4.89047479062723e-09,0.9996394437923336,1.0,0.0
8588377,K03861.01,1,FALSE POSITIVE,0.0,0.99466172,34.991142,31.84,9.07,-6.61,0.285559,18.94977,-2.215576,1.14,0.093,-0.084,5750,35.6274024323559,2364.2455392428924,-276.43596366308094,4675,8588377,0.995,1.0,0.9897917700296128,0.011851829113908537,0.9998762999381627,1.0,0.0
10152836,K03952.01,1,FALSE POSITIVE,0.0,220.9290121,919.6245,5.24,1.61,-0.64,0.051019,0.0003259999999999,-0.005383,0.836,0.064,-0.058,5893,4.667901412471684,0.35859391438680277,-0.5894434884946347,4327,10152836,220.929,0.012,5.18555346893031e-34,1.4208621599487898e-30,0.0,0.012,0.0
4150496,K04046.01,1,FALSE POSITIVE,0.0,8.65312868,18.872547,20.38,6.26,-2.07,0.209028,7.06905,-0.072762,1.193,0.106,-0.095,5880,27.291560228857286,922.967591354769,-9.7455169804776,5436,4150496,8.653,1.0,0.9910836618360058,0.04543192504603275,0.999571815986927,1.0,0.0
4150496,K04046.02,3,FALSE POSITIVE,0.0,94.22498,13.463907,1.84,0.57,-0.19,0.01888,0.003234,-0.002081,1.193,0.106,-0.095,5880,2.4650508884973577,0.47566981412098386,-0.33519358535529614,5437,4150496,94.225,0.16,0.9907741826873611,0.24745533560417474,0.9969380738574151,0.16,0.8374279820402286
10272389,K04048.01,1,FALSE POSITIVE,0.0,4.56447463,23.780445,1.13,0.18,-0.1,0.013419,0.001754,-0.000442,0.763,0.057,-0.051,5270,1.1205420184526806,0.16870022141441762,-0.08349888684483789,5472,10272389,4.564,1.0,0.9908697194190087,0.02943095809332909,0.9997205876918297,1.0,0.0
1995519,K02634.01,1,CANDIDATE,0.952,19.9401211,15.501348000000002,2.42,0.47,-0.2,0.0290589999999999,0.003888,-0.004141,0.965,0.096,-0.086,5623,3.0689614553706157,0.5116816957639069,-0.5158173237848908,2965,1995519,19.94,0.0027,0.9911527380681311,0.0701007455945285,0.9993270930129076,0.0027,0.9966289098617727
6198182,K02636.01,1,CANDIDATE,0.957,3.88148385,15.536409,0.59,0.09,-0.04,0.005515,0.000385,-0.000266,0.993,0.042,-0.04,5854,0.5993468414139189,0.04892058008879212,-0.03766346450758765,2967,6198182,3.881,0.017,0.9912165444444403,0.05352988746773418,0.9994988285857496,0.017,0.9825073484997918
6211812,K02638.01,1,CANDIDATE,0.97,2.524017517,15.191005,1.5,0.31,-0.17,0.01576,0.0010789999999999,-0.000359,0.824,0.068,-0.062,5420,1.421238228039265,0.15239517216213497,-0.11173100352677534,2969,6211812,2.524,0.041,0.9912308020852968,0.05365962362813999,0.9994983678823491,0.041,0.9585189347991728
6587105,K02721.01,1,CANDIDATE,1.0,33.878639,24.357214000000003,3.52,0.49,-0.5,0.030037,6.7e-05,-0.005548,0.931,0.048,-0.045,5528,3.0604810247136927,0.15793824875860532,-0.5843228309302265,3444,6587105,33.879,0.00036,0.9905453419530518,0.04650410192653441,0.9995344740460126,0.00036,0.999174641635356
9636563,K02892.01,1,FALSE POSITIVE,0.0,10.63609504,17.478907,1.36,0.28,-0.11,0.015415,0.000742,-0.000535,0.974,0.08,-0.073,5546,1.6431830318713818,0.15643254407914595,-0.1357177715166599,3509,9636563,10.636,0.014,0.991126597618177,0.05203130952054669,0.9995086037842732,0.014,0.9855154833312934
6636320,K02989.01,1,CANDIDATE,1.0,6.33125228,14.56336,1.31,0.23,-0.1,0.015805,0.000909,-0.000654,0.798,0.065,-0.059,5383,1.3803233895985403,0.13763486071412714,-0.11695019496640216,3946,6636320,6.331,0.0016,0.99123412128574,0.05985669035116863,0.9994369618091691,0.0016,0.9978378626702744
3324986,K03084.01,1,FALSE POSITIVE,0.0,1.540411479,10.680974,0.92,0.25,-0.08,0.0104269999999999,0.002448,-0.001024,1.026,0.081,-0.074,5769,1.1708201550150905,0.2900044618813898,-0.14266006458237204,3652,3324986,1.54,0.051,0.9913313278470215,0.07311502869264774,0.9993102137043566,0.051,0.9483453928054344
11912932,K03085.01,1,FALSE POSITIVE,0.0,3.74785358,15.608477,0.89,0.25,-0.08,0.009218,0.00021,-0.0005549999999999,0.913,0.069,-0.062,5706,0.921066394066197,0.0727034886323962,-0.08359170436279866,3653,11912932,3.748,0.00022,0.9912150246043713,0.053129872562228155,0.9995026970539505,0.00022,0.9992828064605986
10749059,K03086.01,1,CANDIDATE,0.994,174.731515,14.327529,3.0,0.17,-0.3,0.030591,0.001772,-0.001157,0.82,0.049,-0.046,5204,2.7453074084445004,0.22847421798405218,-0.18573802018433266,3687,10749059,174.732,0.014,0.9894019362617186,0.560561015068133,0.9863359928930291,0.014,0.9725272889925267
9020114,K03088.01,1,CANDIDATE,1.0,3.48412874,11.505404,1.16,0.17,-0.05,0.011556,0.000694,-0.000605,1.034,0.052,-0.049,5696,1.307710249307828,0.10243426090970469,-0.09234520101630841,3690,9020114,3.484,0.014,0.991311545069733,0.07116847086389458,0.9993284427004693,0.014,0.9853378445026627
9307105,K03304.01,1,FALSE POSITIVE,0.0,13.5437884,147.59172,32.21,7.1,-2.84,0.371471,3.046377,-0.139682,0.826,0.066,-0.06,5463,33.58059739211553,275.4024274636105,-12.860556998631965,4502,9307105,13.544,1.0,0.017334906068774997,2.5434811679007317e-06,0.999855817129437,1.0,0.0
6880517,K03305.01,1,CANDIDATE,0.97,65.6491001,15.467764,2.52,0.52,-0.22,0.028187,0.001394,-0.00077,0.755,0.07,-0.063,5436,2.3290524170179965,0.2447384530939985,-0.20449427012941335,4503,6880517,65.649,0.002,0.9908849551780702,0.14522531033853997,0.9984371178417547,0.002,0.9964402436060712
6615511,K03306.01,1,CANDIDATE,1.0,25.1593389,11.736576,1.76,0.53,-0.17,0.017285,0.000763,-0.001249,1.202,0.117,-0.104,5973,2.2738264140762645,0.24302498804662903,-0.2563231400753091,4504,6615511,25.159,9.2e-05,0.991243028201648,0.09952299896023128,0.9990236070509183,9.2e-05,0.9989316968790697
7353970,K03574.01,1,FALSE POSITIVE,0.0,198.443477,1705.5354,41.72,4.23,-2.79,0.440177,0.042294,-0.038618,1.088,0.047,-0.044,5420,52.413081915932544,5.52162861761703,-5.0633719062953615,4254,7353970,198.443,1.0,6.775344002840051e-65,4.620996979414085e-57,0.0,1.0,0.0
5535890,K03865.01,1,FALSE POSITIVE,0.0,3.255189932,27.806814000000003,1.39,0.21,-0.25,0.010158,9.1e-05,-0.000446,1.217,0.053,-0.05,5807,1.3529515432607604,0.0601543525588593,-0.08135400872165835,4681,5535890,3.255,1.0,0.9905961039590235,0.021260245481275822,0.9997937887998924,1.0,0.0
10360722,K04051.01,1,CANDIDATE,0.996,163.692336,15.790156,2.75,0.11,-0.21,0.029844,0.001623,-0.000798,0.867,0.041,-0.039,4989,2.8317804844575885,0.20408052946363714,-0.14818682187195925,5475,10360722,163.692,0.026,0.9894005257050029,0.4842103661579367,0.9899428792994533,0.026,0.9642043644376675
1718958,K04053.01,1,CANDIDATE,0.985,1.41975831,14.809012,0.85,0.13,-0.08,0.007542,0.003581,-0.000767,0.999,0.043,-0.041,5925,0.8245850790649383,0.39312485755457727,-0.09042912911298903,5477,1718958,1.42,0.25,0.9912444782075401,0.05416285063714584,0.9994941911798734,0.25,0.7496206433849051
6428794,K04054.01,1,CANDIDATE,0.999,169.135056,16.663416,2.21,0.15,-0.12,0.025256,0.004006,-0.002613,0.796,0.035,-0.033,5171,2.200194588975585,0.36214635874237466,-0.2452283913236023,5478,6428794,169.135,0.00067,0.989071385405584,0.4914636746018613,0.9893215820291164,0.00067,0.9886587365691569
4673628,K04056.01,1,CANDIDATE,0.838,3.951383138,16.476116,23.51,5.67,-3.06,0.23944,6.708576,-0.124795,1.247,0.095,-0.086,5570,32.677333686131384,915.5495610554161,-17.179726226315868,5480,4673628,3.951,0.99,0.9911889525130241,0.05003573023237196,0.9995317863609696,0.99,0.009995317863609705
6933567,K02643.01,1,CANDIDATE,0.918,9.08233411,15.25862,1.35,0.24,-0.13,0.015633,0.000831,-0.000724,0.826,0.065,-0.06,5354,1.4132071656493834,0.134203738042043,-0.12174338918959625,3005,6933567,9.082,0.0014,0.9912049762648346,0.05958615519158245,0.9994377882844885,0.0014,0.9980385753808902
3346154,K02723.01,1,CANDIDATE,1.0,1.952711161,21.784075,2.58,0.76,-0.26,0.024933,0.000925,-0.006212,1.062,0.082,-0.075,5741,2.8978940917128115,0.24824289847936107,-0.7504481356526652,3450,3346154,1.953,0.17,0.9909948036236661,0.03266462399794256,0.9996931526311668,0.17,0.8297453166838684
11283615,K02816.01,1,CANDIDATE,1.0,1.2895901790000002,14.052365,1.38,0.28,-0.12,0.015625,0.000533,-0.0008619999999999,0.767,0.064,-0.058,5467,1.3115922614365718,0.11823400701236227,-0.12277082381223983,3848,11283615,1.29,0.00077,0.9912633891484274,0.05710483779579684,0.9994662186201195,0.00077,0.998696629631782
4939533,K02899.01,1,CANDIDATE,0.985,5.77207177,12.219349,1.54,0.31,-0.15,0.016375,0.000987,-0.0008849999999999,1.031,0.098,-0.088,5591,1.8476658401239616,0.20796044367313038,-0.1866623404432718,3549,4939533,5.772,0.0027,0.9912910991223257,0.07021810499698213,0.9993365164487463,0.0027,0.9966383078543347
4175630,K02998.01,1,CANDIDATE,1.0,28.227413,19.216913,2.82,0.74,-0.26,0.030469,0.001181,-0.000761,1.005,0.1,-0.089,5858,3.35125687712371,0.3578655545533899,-0.3083555350490908,3989,4175630,28.227,0.00052,0.9909499983679915,0.06153759061693523,0.9994011465951493,0.00052,0.9988814579989199
12253769,K03310.01,1,CANDIDATE,0.904,20.5512722,15.7864275,1.64,0.18,-0.13,0.016358,0.0004969999999999,-0.003652,0.893,0.038,-0.036,5401,1.5986931657123082,0.08359012701102567,-0.36268789395685386,4509,12253769,20.551,0.0084,0.9911402334521877,0.06937822693897466,0.9993335966676407,0.0084,0.9909391944556325
11905409,K03312.01,1,CANDIDATE,1.0,18.0939004,9.789039,1.91,0.48,-0.16,0.020174,0.000739,-0.001748,1.01,0.114,-0.1,5904,2.229958834319154,0.2646218040209995,-0.2933944618112735,4511,11905409,18.094,0.0033,0.991307477504893,0.10177201654577181,0.9990064739926682,0.0033,0.9957097526284924
9714123,K03392.01,1,FALSE POSITIVE,0.0,50.35545898,1914.6945,31.66,9.74,-3.25,0.300401,0.000215,-0.00033,0.932,0.084,-0.076,5936,30.640845292033724,2.7617083207303144,-2.4988364160069563,4195,9714123,50.355,0.95,2.2417277884595579e-72,3.3191087827176423e-65,0.0,0.95,0.0
5710069,K03396.01,1,CANDIDATE,0.951,36.2580749,11.612474,1.82,0.43,-0.15,0.019643,0.005756,-0.002111,1.228,0.121,-0.108,5818,2.6399131485653156,0.8161385290509833,-0.36659894737974286,4199,5710069,36.258,0.00092,0.9912068078162649,0.11959172474872236,0.9987949659954757,0.00092,0.9978760746267598
10878263,K00341.01,1,CANDIDATE,1.0,7.170710381,104.67581,2.73,0.32,-0.26,0.026573,0.00059,-0.000372,0.881,0.038,-0.036,5497,2.56212286120375,0.1242936324443668,-0.11066868615636974,269,10878263,7.171,0.00035,0.48221876296322713,6.212638989690755e-05,0.9999332877936683,0.00035,0.9995833111429405
10878263,K00341.02,2,CANDIDATE,1.0,4.699652821,41.030235,1.74,0.2,-0.17,0.016925,0.000539,-0.0003509999999999,0.881,0.038,-0.036,5497,1.6318793296155296,0.08749416160450482,-0.07477933174795882,305,10878263,4.7,0.00055,0.9883951562458408,0.007976647202761361,0.99990559235213,0.00055,0.9993556442763363
4150804,K03678.01,1,CANDIDATE,1.0,160.88451966,288.8604,9.09,3.04,-2.02,0.079769,0.000131,-0.0006519999999999,0.902,0.038,-0.036,5650,7.874520915649385,0.3319945233273854,-0.3208053418217861,4666,4150804,160.885,0.0053,8.090088527630364e-09,6.456784955824488e-10,0.9201889461937846,0.0053,0.9153119447789575
9353742,K03867.01,1,CANDIDATE,1.0,0.938750221,38.891384,1.46,0.19,-0.06,0.01514,0.000505,-0.000262,0.938,0.045,-0.043,5497,1.5542188402970047,0.09081378943359848,-0.07615636136848779,4683,9353742,0.939,2.6e-05,0.9890592073592078,0.008792514704768772,0.9999018760489781,2.6e-05,0.9998758786002008
4769931,K04058.01,1,FALSE POSITIVE,0.0,1.87886973,17.658834,1.04,0.19,-0.08,0.0130009999999999,0.002064,-0.000746,0.888,0.066,-0.06,5448,1.2634939877925904,0.22148258978326144,-0.11200190920600608,5482,4769931,1.879,1.0,0.991160180409472,0.044294603010078586,0.999586642015654,1.0,0.0
6842682,K02649.01,1,CANDIDATE,0.992,7.56126152,13.309786,1.2,0.34,-0.11,0.012323,0.000642,-0.000499,0.991,0.078,-0.071,5853,1.3365141423514975,0.12615149525055688,-0.10999025954909722,3011,6842682,7.561,0.00018,0.9912613948812999,0.06687802349744046,0.9993681719044665,0.00018,0.9991882856335237
6525193,K02653.01,1,FALSE POSITIVE,0.0,1.710279417,17.869235999999997,1.57,0.37,-0.17,0.014075,0.00035,-0.000799,0.958,0.094,-0.084,5834,1.4756975907689402,0.14937460071726105,-0.1541435141264295,3788,6525193,1.71,0.00018,0.9911539250661275,0.04348864045841949,0.9995942157302014,0.00018,0.99941428877137
11963206,K02820.01,1,CANDIDATE,1.0,3.00912491,14.820099,1.22,0.16,-0.04,0.012546,0.000658,-0.000496,0.891,0.048,-0.045,5699,1.223394272306821,0.09198172215165586,-0.07846658447465794,3885,11963206,3.009,0.00019,0.9912388388299648,0.05557958488835853,0.9994798443840961,0.00019,0.999289943213663
4249611,K02821.01,1,CANDIDATE,0.983,79.2450351,12.376152,3.33,0.92,-0.46,0.033253,0.001825,-0.0014039999999999,0.922,0.075,-0.068,5648,3.355407021803423,0.3292585580391771,-0.2851531217377559,3886,4249611,79.245,0.0099,0.9909559569620211,0.21522855472066613,0.9974969762835091,0.0099,0.9876217562183023
2708885,K02907.01,1,FALSE POSITIVE,0.001,1.146934644,15.54263,1.39,0.3,-0.14,0.0147509999999999,0.0004799999999999,-0.000754,1.062,0.096,-0.087,5423,1.7144682046627115,0.1647157453307112,-0.16554871596225204,3591,2708885,1.147,0.0033,0.9912262515313282,0.05110314992052668,0.9995233045029411,0.0033,0.9962248775980814
10190075,K03007.01,1,CANDIDATE,0.946,11.1916199,10.262078,1.47,0.2,-0.1,0.0141129999999999,0.002443,-0.00259,1.053,0.049,-0.046,5638,1.6264142410174813,0.2915320662072811,-0.3068172699268962,4034,10190075,11.192,0.038,0.9913158677687836,0.08814804564948484,0.9991531573461379,0.038,0.9611853373669846
9650989,K03095.01,1,CANDIDATE,1.0,3.42390809,10.919047,1.25,0.2,-0.08,0.0112909999999999,0.000717,-0.000553,0.966,0.054,-0.051,5787,1.1936939410080436,0.10098799792680621,-0.08596310353206713,3732,9650989,3.424,0.022,0.9913226640314885,0.07414067073233647,0.9992990567125629,0.022,0.9773144774648865
3342952,K03215.01,1,FALSE POSITIVE,0.005,1.039046871,10.425457000000002,0.48,0.1,-0.07,0.004495,0.0004219999999999,-0.000269,0.884,0.037,-0.035,5689,0.43487597627737223,0.04470073453102767,-0.03120496038304872,3436,3342952,1.039,0.021,0.9913368501651539,0.07385062647586803,0.9993031685839917,0.021,0.9783178020437279
9838060,K03314.01,1,FALSE POSITIVE,0.0,23.81578356,752.5731,8.4,1.92,-0.69,0.093998,1.327495,-0.015805,0.829,0.078,-0.07,5561,8.52818473593632,120.44270991023417,-1.6046057549136097,4547,9838060,23.816,0.96,2.134337047090642e-26,1.690227180867915e-26,0.20807860071964845,0.96,0.008323144028785945
9031209,K03316.01,1,CANDIDATE,0.996,47.056847600000005,24.130754,2.84,0.47,-0.22,0.03515,0.001272,-0.0006309999999999,0.801,0.065,-0.059,5288,3.081351915271835,0.27378369156459437,-0.23360938915208154,4549,9031209,47.057,8.5e-05,0.9904016789058853,0.058993025970323715,0.9993924364127074,8.5e-05,0.9993074880556123
7130418,K03317.01,1,FALSE POSITIVE,0.001,15.52861675,15.838327,1.96,0.57,-0.19,0.020363,0.001141,-0.000683,1.147,0.11,-0.098,5750,2.5561635331770702,0.2839178451949831,-0.234625392090927,4550,7130418,15.529,0.18,0.9911608739861072,0.06360722250897194,0.9993942219231401,0.18,0.819503261976975
9966219,K03401.01,1,CANDIDATE,0.996,17.9559673,10.403063,1.96,0.28,-0.33,0.014983,0.000866,-0.004997,0.951,0.054,-0.051,5637,1.559418751274226,0.12635083256127042,-0.5267644812886876,4241,9966219,17.956,0.0042,0.9912954847166525,0.09731298060102675,0.9990533813826947,0.0042,0.9948573571808874
9892471,K03584.01,1,FALSE POSITIVE,0.0,8.268081087,2061.6868,50.31,14.89,-4.97,0.499643,0.425502,-0.033201,1.059,0.103,-0.092,5749,57.908087649587834,49.63580840462595,-6.33364445552932,4297,9892471,8.268,0.99,5.90514591045259e-78,1.884341265126199e-70,0.0,0.99,0.0
7376490,K03586.01,1,FALSE POSITIVE,0.0,5.877122413,1405.5465,45.95,13.62,-10.17,0.403463,0.071948,-0.0608289999999999,0.826,0.061,-0.056,5778,36.472641378775485,7.039693851754103,-6.029263962130639,4299,7376490,5.877,1.0,4.629832376791071e-52,1.6838010020224988e-48,0.0,1.0,0.0
9025971,K03680.01,1,CANDIDATE,0.999,141.2415405,336.2867,11.49,1.66,-1.21,0.103416,0.000364,-0.000305,1.014,0.053,-0.05,5705,11.476491687138182,0.6012146287193952,-0.5669132649155328,4668,9025971,141.242,0.014,1.3782763584533582e-10,1.1769800289352452e-11,0.914604932344074,0.014,0.901800463291257
5206233,K03779.01,1,FALSE POSITIVE,0.0,6.195861785,129.72899999999998,215.89,54.97,-18.32,2.43178,5.510721,-0.025093,0.872,0.075,-0.068,5608,232.07278972313108,526.2849438365649,-18.255169506092216,4319,5206233,6.196,,0.08884421423464922,8.849853365422857e-06,0.99990923813634,1.0,0.0
4472818,K03878.01,1,CANDIDATE,0.982,70.9672087,31.67353,2.84,0.42,-0.15,0.0263649999999999,0.002218,-0.000871,0.97,0.041,-0.039,5827,2.7988715367795005,0.2635087552211895,-0.1456470287933891,4728,4472818,70.967,5.1e-05,0.9885661044198772,0.05083391638131385,0.9993805591171887,5.1e-05,0.9993295907086737
4472818,K03878.02,2,CANDIDATE,0.999,15.3573445,9.701656,1.42,0.22,-0.07,0.013216,6.9e-05,-0.003903,0.97,0.041,-0.039,5827,1.4029920815504655,0.05975240281030338,-0.41815922719627974,4765,4472818,15.357,0.83,0.9913160795590023,0.09801728020554198,0.9990480632016292,0.83,0.169838170744277
8823833,K03968.01,1,FALSE POSITIVE,0.0,1.50650136,24.682170000000003,0.8,0.17,-0.14,0.007725,0.00106,-0.000239,0.853,0.063,-0.057,5607,0.7211589121098667,0.11237893819516119,-0.053104439424713795,4369,8823833,1.507,1.0,0.9908394672198975,0.026095212417495177,0.999752279600545,1.0,0.0
9664142,K02654.01,1,CANDIDATE,0.978,13.5631157,13.206010999999998,1.75,0.51,-0.17,0.017929,0.003638,-0.001376,1.099,0.108,-0.096,5853,2.1564391871224515,0.48618159144686035,-0.25074597950827454,3789,9664142,13.563,0.0047,0.9912445324834224,0.074379368261683,0.9992902294176347,0.0047,0.9945935653393717
10018233,K02655.01,1,CANDIDATE,0.894,16.2959916,14.116614000000002,1.83,0.21,-0.17,0.0174,0.001049,-0.000707,0.982,0.053,-0.05,5491,1.870011131386861,0.15131483363291326,-0.12181603354786404,3790,10018233,16.296,0.016,0.9912104481320051,0.07289675449043796,0.9993027621520125,0.016,0.9833139179575803
8547429,K02658.01,1,CANDIDATE,0.995,11.6601667,16.824768,2.08,0.33,-0.19,0.017606,0.0005769999999999,-0.005603,1.183,0.055,-0.052,5797,2.279443845739995,0.12965943475052255,-0.7323056598562481,3793,8547429,11.66,0.019,0.9911448564689062,0.055519228288750534,0.9994748192808643,0.019,0.9804847977145279
4072333,K02731.01,1,FALSE POSITIVE,0.0,2.007750531,18.92589,1.64,0.37,-0.16,0.017357,0.0004509999999999,-0.000888,1.172,0.109,-0.098,5645,2.226310480556255,0.21498356799671606,-0.21823937974178326,3491,4072333,2.008,0.00017,0.9911152951881628,0.04042800261810029,0.9996223203853349,0.00017,0.9994523845908694
7428736,K02827.01,1,CANDIDATE,0.993,7.06321927,14.2268095,1.21,0.19,-0.16,0.01355,0.000205,-0.001357,0.775,0.059,-0.053,5305,1.1492763064749558,0.08920428291286386,-0.1393723784438051,3892,7428736,7.063,0.00032,0.9912403539560319,0.06208432444562803,0.9994150405665484,0.00032,0.9990952277535671
5613821,K02915.01,1,CANDIDATE,0.999,5.06092282,13.158193,0.98,0.13,-0.06,0.0098739999999999,7.3e-05,-0.002477,0.922,0.039,-0.037,5637,0.996339847029942,0.04278341389752544,-0.2531205126289114,3633,5613821,5.061,0.0019,0.991272587790059,0.06486987889280728,0.999389250059471,0.0019,0.9974904104843579
12405333,K03009.01,1,CANDIDATE,0.986,0.764863517,11.064967,1.04,0.15,-0.13,0.011108,0.000615,-0.000843,0.764,0.035,-0.033,5231,0.928779637301787,0.06674323216567703,-0.08110314696380934,4036,12405333,0.765,0.0019,0.9913263556377007,0.07023180491075758,0.9993390872925189,0.0019,0.9974403430266631
11518201,K03104.01,1,CANDIDATE,0.981,1.236866732,11.330463,1.75,0.46,-0.19,0.018187,0.000867,-0.0061259999999999,0.793,0.063,-0.057,5621,1.5784023169991188,0.1462395900683194,-0.5436300970561716,3741,11518201,1.237,0.2,0.9913204099194469,0.06944615448663326,0.9993465808461169,0.2,0.7994772646768936
8753657,K00321.01,1,CANDIDATE,1.0,2.426304127,65.83189,1.41,0.21,-0.08,0.0132719999999999,0.001123,-0.000856,1.077,0.046,-0.044,5678,1.5643557829096282,0.14827433124191977,-0.11943413333718436,173,8753657,2.426,0.0052,0.9633004746219648,0.0011399318079804229,0.9999565216660417,0.0052,0.9947567477533783
8753657,K00321.02,2,CANDIDATE,0.996,4.62334491,20.600616,0.77,0.12,-0.05,0.007238,0.000169,-0.000346,1.077,0.046,-0.044,5678,0.8531349575572613,0.04152782826550686,-0.05364733080983265,174,8753657,4.623,1.5e-05,0.9910332150646736,0.03733830918914474,0.9996490627234397,1.5e-05,0.9996340679874989
3757778,K03402.01,1,FALSE POSITIVE,0.0,36.514374043,2339.201,33.27,10.15,-3.39,0.304683,0.000198,-0.000241,1.2,0.112,-0.101,5811,40.01408817644098,3.7347387561122187,-3.368001142022105,4242,3757778,36.514,0.98,4.760031968886428e-89,1.5873756619116223e-79,0.0,0.98,0.0
7131760,K03407.01,1,CANDIDATE,0.943,92.436978,13.0419855,2.89,0.59,-0.25,0.035765,0.000762,-0.00815,0.774,0.062,-0.056,5595,3.0295815389818777,0.25111709520129616,-0.7243322645841493,4247,7131760,92.437,0.052,0.9908175805761876,0.2476084271468216,0.996950104767731,0.052,0.945108699319809
5193077,K03492.01,1,FALSE POSITIVE,0.0,22.2941485,12.06953,1.5,0.31,-0.32,0.009837,0.000264,-0.001224,1.212,0.09,-0.082,5915,1.3048144177573622,0.10302593555624714,-0.18480433390407838,4656,5193077,22.294,1.0,0.9912441646208732,0.09287994882651976,0.9990955716968752,1.0,0.0
11395587,K00350.01,1,CANDIDATE,0.983,12.99065074,29.201063,2.02,0.3,-0.2,0.018005,0.000612,-0.000254,0.992,0.042,-0.04,5787,1.9547366398187767,0.10613201826741854,-0.08350463308942913,315,11395587,12.991,0.029,0.990341154226299,0.022658642184149327,0.9997738857104147,0.029,0.9707804430248127
12404954,K00361.01,1,CANDIDATE,1.0,3.247548814,38.281807,1.41,0.2,-0.07,0.013203,0.000294,-0.000342,0.956,0.041,-0.039,5703,1.3813825678957965,0.06675303466511329,-0.0667538927644191,379,12404954,3.248,2.3e-05,0.9891264109313945,0.00959292467535382,0.9998935223596562,2.3e-05,0.9998705248086419
3544595,K00069.01,1,CANDIDATE,1.0,4.72674037,244.8787,1.56,0.07,-0.07,0.015943,4e-05,-0.0008359999999999,0.943,0.04,-0.037,5648,1.6453761372545932,0.06991524105598308,-0.10775794243528598,519,3544595,4.727,0.00013,2.850221730208765e-06,1.202455294675969e-09,0.9995781198858625,0.00013,0.9994481747302774
9455677,K04076.01,1,CANDIDATE,0.995,124.827797,15.814648000000002,2.57,0.46,-0.38,0.022786,0.0010689999999999,-0.001241,0.764,0.038,-0.036,5340,1.9052190147243897,0.13026580779188593,-0.1372099173932055,4870,9455677,124.828,0.025,0.9901863100408997,0.3204716713375398,0.9953259054380759,0.025,0.970442757802124
5342061,K02666.01,1,CANDIDATE,0.989,64.034363,13.237282,3.47,0.8,-0.32,0.040604,67.00418,-0.012032,1.142,0.102,-0.091,5691,5.0747935435439215,8374.35672723197,-1.5572130688927497,3833,5342061,64.034,0.92,0.9910119122886334,0.16391711750091884,0.9982218704338015,0.92,0.07985774963470409
9995402,K02832.01,1,CANDIDATE,0.991,3.57551429,13.674439,0.89,0.21,-0.13,0.008876,0.000227,-0.000596,0.773,0.033,-0.031,5213,0.7508967819657689,0.03736845201812768,-0.05872885899010047,3931,9995402,3.576,0.00044,0.9912651892852888,0.06097268486960757,0.9994278357263473,0.00044,0.9989880874786277
10332213,K02919.01,1,CANDIDATE,1.0,2.522590567,11.662024,25.82,6.66,-2.23,0.274887,48.20747,-0.97084,0.908,0.069,-0.063,5591,27.316402654983637,4790.5313278738,-96.49409913258633,3637,10332213,2.523,1.0,0.9913109704070454,0.06926785493930787,0.9993476684417083,1.0,0.0
7090524,K02920.01,1,CANDIDATE,0.98,6.73968289,12.498557,1.48,0.23,-0.26,0.011491,0.002704,-0.000813,1.047,0.047,-0.044,5513,1.3167034150673294,0.31542697267914743,-0.10835272141233347,3638,7090524,6.74,1.7e-05,0.9912823662510238,0.06993357577504584,0.9993387388518907,1.7e-05,0.9993217500933302
11565544,K03013.01,1,CANDIDATE,0.998,3.76562031,11.634653,19.39,5.21,-1.73,0.208191,63.806830000000005,-0.060828,0.886,0.068,-0.062,5743,20.18734144981752,6187.060460965278,-6.065027774000551,4040,11565544,3.766,1.0,0.9913083236114119,0.07084056274772682,0.9993315228671336,1.0,0.0
12072872,K03017.01,1,CANDIDATE,0.98,2.46288834,10.592159,0.67,0.18,-0.12,0.006346,0.000453,-0.0003129999999999,0.895,0.038,-0.036,5893,0.6215936350050341,0.051627089147452676,-0.039561038388140686,4077,12072872,2.463,0.51,0.9913307556204765,0.07470257044073854,0.9992939802413667,0.51,0.4896540503182697
10031500,K03107.01,1,FALSE POSITIVE,0.0,8.589561999999999,9.873414,15.95,4.22,-2.46,0.154567,15.23936,-0.264025,1.143,0.095,-0.086,5766,19.33510183609678,1906.3233563104611,-33.05945118051201,3777,10031500,8.59,1.0,0.9913291952582807,0.08685718721324126,0.9991680282771821,1.0,0.0
10384298,K03224.01,1,CANDIDATE,1.0,3.43861067,10.745015,1.01,0.21,-0.33,0.006575,0.000231,-0.0008,0.82,0.034,-0.032,5392,0.5900557749181978,0.0320674986917284,-0.0753961597470392,3477,10384298,3.439,0.18,0.9913257733785515,0.07508464804891203,0.999289664486165,0.18,0.8194175248786554
3109550,K03225.01,1,CANDIDATE,0.867,4.8754765,9.534516,0.8,0.16,-0.22,0.005681,0.000535,-0.000434,0.852,0.036,-0.034,5513,0.5297217921595772,0.05467698846073858,-0.0456566510145182,3478,3109550,4.875,0.93,0.9913432553415569,0.08375883788713755,0.9992017270815631,0.93,0.06994412089570937
4271474,K03324.01,1,CANDIDATE,1.0,21.8634638,13.710323,2.37,0.44,-0.19,0.027476,0.001125,-0.002931,0.838,0.077,-0.069,5383,2.5198865123332492,0.25348872266551076,-0.3395703227372508,4596,4271474,21.863,0.059,0.9912010038569278,0.08218424093540908,0.9992051147612317,0.059,0.9402520129903191
10982872,K00343.01,1,CANDIDATE,1.0,4.761705895,95.51532,2.75,0.44,-0.48,0.020577,0.0017929999999999,-0.000278,1.116,0.048,-0.045,5794,2.51321537446514,0.24421715377912895,-0.10687629211631097,306,10982872,4.762,5.8e-07,0.6854427087172495,0.00012061998047936379,0.9999446394702953,5.8e-07,0.9999440595024044
10982872,K00343.02,2,CANDIDATE,1.0,2.024143568,62.41155,1.94,0.31,-0.34,0.014511,0.001889,-0.000383,1.116,0.048,-0.045,5794,1.7723316469292725,0.24298404479492175,-0.08541354452752781,307,10982872,2.024,7.6e-05,0.9707765678820959,0.0014728531361545452,0.99995559708293,7.6e-05,0.9998796004575518
10982872,K00343.03,3,CANDIDATE,0.998,41.8085031,13.963863,1.67,0.27,-0.29,0.01252,0.000525,-0.000234,1.116,0.048,-0.045,5794,1.529156654920715,0.0918550231707235,-0.06796116841823092,308,10982872,41.809,0.00016,0.991104607178694,0.11114434323876979,0.9988777186145817,0.00016,0.9987178981796033
7813039,K03787.01,1,FALSE POSITIVE,0.0,141.73403059,109.16092,10.3,1.38,-0.74,0.102722,0.023153,-0.008581,0.946,0.041,-0.039,5606,10.635013819594764,2.44098900038062,-0.9907066838241456,4362,7813039,141.734,0.99,0.1107780886837681,0.00047775484558707426,0.996163202095061,0.99,0.00996163202095062
8260198,K03888.01,1,FALSE POSITIVE,0.0,0.955297055,34.482887,18.16,2.08,-2.08,0.22654,2.496216,-0.037489,0.852,0.07,-0.063,5319,21.12360056254719,232.7647896183261,-3.8287358673356895,4773,8260198,0.955,1.0,0.9898705287558395,0.012311106427508652,0.9998724485802155,1.0,0.0
5895588,K03981.01,1,FALSE POSITIVE,0.132,0.849277809,21.778708,20.11,5.71,-1.91,0.21591,2.041625,-0.187229,1.033,0.098,-0.088,5743,24.409367979329218,230.82434326109578,-21.268775881583473,4415,5895588,0.849,1.0,0.9910019891644793,0.03206493952144582,0.9996992149894846,1.0,0.0
3937814,K04084.01,1,CANDIDATE,0.82,214.881456,15.338302,2.68,0.29,-0.37,0.024625,0.00157,-0.000683,0.858,0.041,-0.039,5322,2.3123149265353637,0.18423694948161115,-0.12312732088299556,4876,3937814,214.881,0.00062,0.987768881654578,0.7049882266498093,0.9704094290958429,0.00062,0.9698077752498035
3937814,K04084.03,2,CANDIDATE,0.409,8.19619768,7.277291,1.55,0.17,-0.21,0.014232,0.004832,-0.001839,0.858,0.041,-0.039,5322,1.3364006511452304,0.4582022029521683,-0.18305690068927785,4910,3937814,8.196,0.013,0.9913706589432887,0.10344112448548348,0.9989957172768273,0.013,0.9860087729522286
11253827,K02672.01,2,CANDIDATE,0.82,88.51220140000001,61.35698299999999,4.7,0.61,-0.37,0.045589,0.0009279999999999,-0.00081,0.903,0.038,-0.036,5593,4.505378393515605,0.21061131017688353,-0.1966466576667365,3839,11253827,88.512,0.0014,0.9401007980800101,0.007361047382380914,0.9995275075053127,0.0014,0.9981281689948053
11253827,K02672.02,1,CANDIDATE,1.0,42.9923284,78.22098000000001,3.32,0.42,-0.27,0.0321269999999999,0.004906,-0.001838,0.903,0.038,-0.036,5593,3.1749828170934964,0.5029131609103831,-0.2213949364011346,3840,11253827,42.992,0.00086,0.8646623328346407,0.0009006635300765748,0.9998589003121701,0.00086,0.9989990216579017
8095441,K02743.01,1,CANDIDATE,1.0,11.87457664,18.11126,1.32,0.16,-0.09,0.013737,0.000349,-0.000716,0.93,0.04,-0.038,5523,1.3981646012144473,0.06984362547137364,-0.09259883511143623,3540,8095441,11.875,0.0012,0.9910968903267158,0.05072598388475292,0.9995199742931323,0.0012,0.9983205503239806
5881813,K02744.01,1,CANDIDATE,0.987,109.6469948,22.06446,4.85,0.73,-1.7,0.030575,0.005278,-0.003381,0.939,0.053,-0.05,5337,3.142067521787692,0.5706560352054565,-0.3856357633437904,3541,5881813,109.647,0.0036,0.9895580085276275,0.18223962968006605,0.9976484249688311,0.0036,0.9940568906389433
5881813,K02744.02,2,CANDIDATE,0.579,11.615625,8.123982,2.84,0.43,-1.0,0.017915,0.000517,-0.006254,0.939,0.053,-0.05,5337,1.8410511742543418,0.11670911088725305,-0.650131566634726,3542,5881813,11.616,0.27,0.9913515854319593,0.10301160174475926,0.9989981375292551,0.27,0.7292686403963562
9815053,K02923.01,1,CANDIDATE,0.994,5.83892993,12.597187,1.19,0.18,-0.11,0.014115,0.000788,-0.000799,0.76,0.057,-0.052,5279,1.1740265825572618,0.1097678372561835,-0.1042554794780487,3641,9815053,5.839,0.062,0.9912828057429592,0.06841616933449708,0.9993541733487855,0.062,0.9373942146011608
6974658,K02925.01,1,CANDIDATE,0.999,0.7165318509999999,14.491310999999998,1.11,0.33,-0.2,0.009893,0.000392,-0.001756,0.858,0.036,-0.034,5552,0.9289637185061668,0.05361124231068394,-0.16894957477174855,3677,6974658,0.717,0.13,0.9912546733815295,0.05478194356850406,0.9994886759583352,0.13,0.8695551480837517
8709688,K03019.01,1,CANDIDATE,0.963,4.17939037,13.931228,1.52,0.24,-0.23,0.012013,0.000654,-0.000478,1.2,0.061,-0.058,5637,1.5776700415303295,0.11751103158149308,-0.09876987256229439,4079,8709688,4.179,0.056,0.991257186887969,0.060454519537001615,0.9994324870030538,0.056,0.9434642677308827
8709688,K03019.02,2,CANDIDATE,0.935,2.012094,7.517123,0.99,0.16,-0.15,0.00782,0.000499,-0.000707,1.2,0.061,-0.058,5637,1.0270023911401964,0.08378626742570723,-0.10528620872822005,4080,8709688,2.012,0.00097,0.9913784247414407,0.09215235560223321,0.9991172440967772,0.00097,0.9981481003700032
11618601,K03022.01,1,CANDIDATE,0.828,2.76263737,11.600199,1.25,0.38,-0.12,0.012679,0.00041,-0.0009,0.799,0.065,-0.059,5772,1.1087030360716084,0.09705917674540757,-0.11356142309100396,4083,11618601,2.763,0.0016,0.9913115512013341,0.06985159710463006,0.9993418025808873,0.0016,0.9977428556967579
11618601,K03022.02,2,CANDIDATE,0.972,5.05368985,10.617677,1.21,0.37,-0.11,0.012312,0.000589,-0.000882,0.799,0.065,-0.059,5772,1.0766110718600554,0.10160559843183688,-0.11076338074784749,4084,11618601,5.054,0.0022,0.9913242332575846,0.07779809802715076,0.9992616961887562,0.0022,0.9970633204571409
8581240,K03111.01,1,CANDIDATE,1.0,10.76800074,11.922952,0.92,0.13,-0.12,0.007669,3.4e-05,-0.000697,1.096,0.047,-0.045,5874,0.919883327586207,0.03965780337685796,-0.09173937219263954,3781,8581240,10.768,0.0018,0.9912833385525345,0.07784797213194865,0.9992576697639861,0.0018,0.9974590059584109
8581240,K03111.02,2,CANDIDATE,0.986,4.32848303,9.97758,0.66,0.1,-0.09,0.005511,0.000305,-0.000352,1.096,0.047,-0.045,5874,0.6610349482758621,0.04628147539319134,-0.05019278344702356,3782,8581240,4.328,0.025,0.9913370908225574,0.08045547157947062,0.999235415964251,0.025,0.9742545305651448
9569711,K03232.01,1,CANDIDATE,0.996,6.05919881,25.28146,1.21,0.18,-0.09,0.011561,0.000791,-0.000705,0.941,0.039,-0.037,5734,1.1906071334161843,0.09524086147642695,-0.08638854186220664,3486,9569711,6.059,0.14,0.9907608312820474,0.026987050161827352,0.9997413569190168,0.14,0.8597775669503545
12208887,K03333.01,1,FALSE POSITIVE,0.0,53.501860974,4289.295999999999,55.23,9.74,-4.51,0.676104,0.005039,-0.005057,1.145,0.116,-0.103,5436,84.72321890825573,8.606508053690906,-7.647689706052494,4640,12208887,53.502,1.0,4.6392360731396455e-166,1.0876156901468465e-144,0.0,1.0,0.0
7503885,K03417.01,1,CANDIDATE,1.0,91.078624,12.420644,3.26,1.03,-0.44,0.029618,0.00233,-0.00483,1.148,0.093,-0.084,5915,3.721183379184495,0.42020394733894106,-0.6651234395346571,4293,7503885,91.079,0.0041,0.9908670246020769,0.25206373277097766,0.9968937051049218,0.0041,0.9928064409139916
6137704,K03605.01,1,FALSE POSITIVE,0.0,178.26802035,1105.5472,34.07,3.57,-3.58,0.448226,0.041325,-0.039116,1.023,0.076,-0.069,5126,50.18294381585074,5.941848310625473,-5.5349560859482505,4388,6137704,178.268,1.0,4.0067253047572216e-41,3.9697765900294745e-37,0.0,1.0,0.0
11760860,K03892.01,1,CANDIDATE,1.0,2.41660149,26.65567,0.92,0.15,-0.06,0.008255,0.000272,-0.00022,1.022,0.044,-0.042,5705,0.9233182697269068,0.05005740311657353,-0.04522489937505262,4087,11760860,2.417,0.00068,0.9906963990048182,0.022852968065087267,0.9997803692282614,0.00068,0.9991005185771862
5551504,K03989.01,1,FALSE POSITIVE,0.001,1.204529346,14.231704,1.4,0.51,-0.61,0.008551,0.000426,-0.0007099999999999,1.144,0.086,-0.078,5340,1.0705978984394662,0.09655084127244754,-0.11502300022268994,5209,5551504,1.205,0.00079,0.9912593925590384,0.05628500660750545,0.9994740963723707,0.00079,0.9986845118362366
6421503,K03990.01,1,FALSE POSITIVE,0.0,2.15839583,19.690487,14.28,1.88,-1.01,0.197578,0.920619,-0.137653,0.723,0.057,-0.051,5272,15.63364830666373,72.85575156037524,-10.947680016187643,5210,6421503,2.158,1.0,0.9910851858498079,0.03830087372225107,0.9996417627281508,1.0,0.0
5088536,K00282.01,1,CANDIDATE,1.0,27.50871575,137.73535,2.98,0.13,-0.12,0.023998,0.001387,-0.000828,1.146,0.049,-0.046,5903,3.009838008998238,0.21638684330648547,-0.15931221215954045,577,5088536,27.509,1.1e-05,0.035240094748808765,6.966148055281e-06,0.9998092880509225,1.1e-05,0.999798290148754
5088536,K00282.02,2,CANDIDATE,0.999,8.45744892,24.473572,1.02,0.05,-0.04,0.0082469999999999,6.1e-05,-0.000389,1.146,0.049,-0.046,5903,1.034341780990423,0.04488264930573732,-0.06406302481929123,578,5088536,8.457,0.0004,0.9907941061018383,0.029879591744661135,0.9997138250806396,0.0004,0.9993139395506073
5088536,K00282.03,3,CANDIDATE,0.894,87.51777870000001,10.864963,1.85,0.08,-0.07,0.014911,0.001218,-0.004746,1.146,0.049,-0.046,5903,1.8701431182670525,0.1724245665056887,-0.5999597668823937,579,5088536,87.518,0.54,0.9909772055834525,0.2629000685334279,0.9967525555890687,0.54,0.45850617557097156
12456601,K02745.01,1,CANDIDATE,0.995,15.64588656,23.488997,2.18,0.67,-0.22,0.021809,0.000821,-0.0005679999999999,1.046,0.085,-0.077,5896,2.4966110747231314,0.22359171623286586,-0.19494826997167714,3576,12456601,15.646,0.00023,0.9907965453925631,0.03637197996716272,0.9996493903102592,0.00023,0.9994194709504879
11075737,K00292.01,1,CANDIDATE,1.0,2.586639524,57.04997,1.44,0.19,-0.16,0.013613,0.000151,-0.00032,0.988,0.043,-0.041,5780,1.4719540225899825,0.06611069265290241,-0.07020245959877608,630,11075737,2.587,0.00023,0.9785853810570389,0.0022473678710052225,0.9999507095352701,0.00023,0.9997207208720771
8758204,K02841.01,1,CANDIDATE,0.996,159.38878799999998,15.520331,2.73,0.14,-0.24,0.028604,0.001459,-0.0010789999999999,0.836,0.054,-0.05,5146,2.6170770105713563,0.21539662402234339,-0.18505564492939508,3976,8758204,159.389,0.0088,0.9895556342034283,0.4704332137972684,0.9906239676828794,0.0088,0.98190647676727
4858610,K02844.01,1,FALSE POSITIVE,0.0,2.72288246,14.0844,1.06,0.24,-0.11,0.01112,0.000638,-0.000486,0.818,0.063,-0.057,5458,0.9955006468663476,0.09560654405202741,-0.0818839822390355,3980,4858610,2.723,3.6e-05,0.9912581233391936,0.05835253360276674,0.9994535011020397,3.6e-05,0.999417520776
9838804,K03028.01,1,FALSE POSITIVE,0.0,1.33256952,13.605295000000002,1.06,0.26,-0.08,0.011871,0.000383,-0.0007509999999999,0.769,0.069,-0.062,5547,0.9990727196545431,0.0952627925131458,-0.10238677026402233,3425,9838804,1.333,0.57,0.9912735962353961,0.05903095169627144,0.9994477366639863,0.57,0.4297625267655142
6523351,K03117.01,1,CANDIDATE,0.976,6.06664931,11.132266,0.87,0.12,-0.04,0.008919,0.001139,-0.001701,0.922,0.039,-0.037,5569,0.8999751970488296,0.12107184175859674,-0.17539866102081936,3821,6523351,6.067,0.081,0.9913121723012891,0.07625533501874525,0.9992765324595771,0.081,0.9183351333303514
8008067,K00316.01,1,CANDIDATE,1.0,15.77111067,89.63718399999999,2.62,0.4,-0.31,0.021029,0.000394,-0.000152,1.052,0.045,-0.043,5620,2.421128368927762,0.11306426888640941,-0.10049789756012084,131,8008067,15.771,4.4e-06,0.7634686270966217,0.00023066054862313766,0.999928522218608,4.4e-06,0.9999241225331101
8008067,K00316.02,2,CANDIDATE,1.0,157.0659976,34.23117,2.63,0.41,-0.32,0.021105,0.0006129999999999,-0.000292,1.052,0.045,-0.043,5620,2.4298784643216713,0.12563632718601175,-0.1048556654312507,132,8008067,157.066,0.013,0.9811430847672955,0.16821945327375104,0.9961130785904456,0.013,0.9831636085687698
8008067,K00316.03,3,CANDIDATE,1.0,7.305706326,33.300167,2.11,0.33,-0.25,0.016939,7.7e-05,-0.0020329999999999,1.052,0.045,-0.043,5620,1.9502350773345078,0.0838923297000708,-0.24726689796823265,133,8008067,7.306,0.049,0.9899215094734984,0.015051839592425686,0.9998444138482988,0.049,0.9508520375697321
6587796,K03237.01,1,CANDIDATE,0.999,33.4203001,30.597952000000003,2.46,0.37,-0.28,0.021125,0.006843,-0.002786,0.992,0.042,-0.04,5731,2.293463566574377,0.7492382859567485,-0.31628751774689484,3522,6587796,33.42,0.02,0.9898102772617211,0.02903576163311008,0.9996921491223943,0.02,0.9796983061399465
7692093,K03337.01,1,CANDIDATE,0.971,11.16622885,10.157672,1.56,0.37,-0.13,0.017052,0.000938,-0.000813,0.749,0.066,-0.059,5552,1.3977857135036498,0.14519889063430033,-0.128703675211951,4644,7692093,11.166,0.0012,0.9913178864739823,0.08876043401814976,0.9991469011300581,0.0012,0.9979479248487021
7692093,K03337.02,2,FALSE POSITIVE,0.146,91.172033,7.4799576,1.58,0.38,-0.12,0.017331,0.001506,-0.001468,0.749,0.066,-0.059,5552,1.420655887915303,0.17581534274441238,-0.16432818545294972,4645,7692093,91.172,0.0064,0.9911037063990465,0.33049568157879744,0.9955689932298921,0.0064,0.9891973516732209
10545066,K00337.01,1,CANDIDATE,1.0,19.7830259,30.561613,2.1,0.32,-0.28,0.017519,0.000529,-0.000242,1.192,0.052,-0.049,5747,2.285435787440221,0.12125422610215085,-0.09911078190805962,262,10545066,19.783,8.8e-06,0.9900727436021862,0.023005532358096367,0.9997638965586889,8.8e-06,0.9997550986363992
6697817,K03508.01,1,CANDIDATE,0.975,190.800788,10.55995,1.67,0.27,-0.07,0.015465,0.000966,-0.0007509999999999,0.963,0.046,-0.043,5997,1.6298951487383586,0.12816644673690905,-0.10752379250486989,4741,6697817,190.801,0.008,0.9896964811724045,0.6928160040219872,0.9765197417843671,0.008,0.9687075838500921
8827930,K03801.01,1,CANDIDATE,0.99,288.3128666,95.7085,13.21,2.07,-2.3,0.0991529999999999,0.005108,-0.002946,1.087,0.082,-0.075,5675,11.79556800004718,1.0775154183039897,-0.8861134789598647,4410,8827930,288.313,0.01,0.06813948441963365,0.017815913334362124,0.751933987776654,0.01,0.7444146478988874
6471021,K00372.01,1,FALSE POSITIVE,0.006,125.6291479,104.77356,10.02,1.47,-1.33,0.082594,7.6e-05,-0.002247,0.921,0.04,-0.038,5819,8.325140759784798,0.3616507726963866,-0.4114404102680374,413,6471021,125.629,0.02,0.18356923487440732,0.0005035823285261827,0.997759171065504,0.02,0.977803987644194
3103227,K04091.01,1,CANDIDATE,0.958,225.585245,16.416048,3.71,0.64,-0.58,0.024932,0.001284,-0.000719,1.104,0.059,-0.055,5941,3.0123792489302796,0.22357270628507095,-0.1734035115019064,4917,3103227,225.585,0.0023,0.9868211496379535,0.7263879786109287,0.9645454031263594,0.0023,0.9623269486991688
6779260,K02678.01,1,CANDIDATE,1.0,3.833087643,112.07767,2.25,0.23,-0.12,0.024847,6.7e-05,-0.004568,0.789,0.033,-0.031,5397,2.145529147228165,0.08992326298957486,-0.40335237917021066,3882,6779260,3.833,0.00026,0.3318694591523205,3.3093977855532336e-05,0.9999333719072907,0.00026,0.9996733892305948
6779260,K02678.02,2,CANDIDATE,0.976,2.2165905,9.266786,0.48,0.05,-0.03,0.005287,0.00894,-0.00072,0.789,0.033,-0.031,5397,0.45653047053548956,0.7722017653700786,-0.06470754921984768,3883,6779260,2.217,1.0,0.9913530790879699,0.0817479072869019,0.9992234885859251,1.0,0.0
8326342,K02680.01,1,FALSE POSITIVE,0.0,14.4079035,99.980515,23.4,4.24,-1.84,0.294294,70.70151,-1.717744,1.042,0.08,-0.072,5440,33.56082146734206,8062.6885894637,-195.90252995951056,3918,8326342,14.408,1.0,0.5659710983885121,0.0001014392061312368,0.999922200949986,1.0,0.0
3545135,K02755.01,1,CANDIDATE,0.995,8.48299282,18.021414,0.8,0.11,-0.06,0.007876,9.3e-05,-0.000482,0.975,0.041,-0.039,5827,0.8404149682230052,0.0367073763540572,-0.061443852456362545,3621,3545135,8.483,0.0075,0.9911171738093353,0.04822468990321645,0.9995458898888575,0.0075,0.9920492957146911
10064256,K02849.01,1,CANDIDATE,1.0,5.95958637,12.840978,1.02,0.25,-0.08,0.0104269999999999,0.000535,-0.000482,0.816,0.061,-0.055,5452,0.9311786028190194,0.08442929816752,-0.07610572723674637,4020,10064256,5.96,0.17,0.9912770697587159,0.06736261175562457,0.99936441529953,0.17,0.8294724646986099
8358012,K02929.01,1,FALSE POSITIVE,0.0,10.06478627,15.078204,1.49,0.28,-0.11,0.016687,0.003778,-0.001498,0.881,0.067,-0.061,5438,1.6089317798105967,0.38426959747326944,-0.18240523891547897,3685,8358012,10.065,1.0,0.9912064435087329,0.06136556790197186,0.9994199990330926,1.0,0.0
6949898,K03031.01,1,CANDIDATE,0.991,7.64809462,10.221423,1.19,0.3,-0.1,0.0127879999999999,0.000775,-0.000723,0.816,0.067,-0.06,5641,1.1420266589478891,0.11654551461969795,-0.10592597136584755,3429,6949898,7.648,0.014,0.9913252106873469,0.08346831934797266,0.9992030758783564,0.014,0.9852142328160595
7097534,K03126.01,1,FALSE POSITIVE,0.0,2.21396685,15.943098,0.84,0.24,-0.1,0.008276,0.000417,-0.000298,0.929,0.071,-0.064,5986,0.8414332152655426,0.07702579789139674,-0.06540791914064432,3829,7097534,2.214,0.0073,0.9912112973364655,0.0505267546653522,0.9995281573422959,0.0073,0.9922316017936972
6964159,K03129.01,1,FALSE POSITIVE,0.0,25.503628,11.2608,1.61,0.47,-0.16,0.016771,0.000118,-0.004122,0.957,0.076,-0.069,5815,1.7565250688868612,0.14004056436384135,-0.44991378114791336,3865,6964159,25.504,0.0037,0.9912537656701015,0.10342115446275921,0.9989822124071004,0.0037,0.9952859782211941
10917433,K03248.01,1,CANDIDATE,0.961,6.91261536,11.120144,0.64,0.1,-0.07,0.005657,1.3e-05,-0.00065,1.115,0.048,-0.045,5761,0.6903105357255221,0.02975971524157728,-0.08406858061307942,3566,10917433,6.913,0.016,0.9913102589684304,0.07738492435047535,0.9992647533593219,0.016,0.9832765173055726
7117003,K03514.01,1,FALSE POSITIVE,0.0,428.32173928,7372.316,49.76,11.17,-5.56,0.565342,0.001979,-0.002257,1.215,0.092,-0.083,5662,75.17457552872516,5.698310716721481,-5.144144650866117,4747,7117003,428.322,0.92,1.2750125903677568e-289,4.9459381166296674e-245,0.0,0.92,0.0
4814502,K04004.01,1,CANDIDATE,1.0,4.94330596,18.537338,1.41,0.19,-0.13,0.012786,0.000159,-0.002441,0.905,0.039,-0.036,5651,1.2663878493896301,0.05680038550386933,-0.24696100922726705,5257,4814502,4.943,2.8e-06,0.9911153528946026,0.043731339193714254,0.9995900519426484,2.8e-06,0.999587253090503
8142787,K04005.01,1,CANDIDATE,0.997,178.139072,17.83006,2.25,0.22,-0.16,0.023396,0.001222,-0.000687,0.927,0.042,-0.04,5431,2.3735850749433682,0.16411856196820943,-0.12388572483062259,5258,8142787,178.139,0.005,0.9884888036490378,0.5087937566773849,0.9879377978433864,0.005,0.9829981088541695
8951205,K04099.01,1,CANDIDATE,0.996,4.95060632,14.243670000000002,1.28,0.22,-0.1,0.0163759999999999,0.0004059999999999,-0.001148,0.769,0.059,-0.054,5431,1.3782170716083482,0.11112467230929494,-0.13675199531680424,4959,8951205,4.951,0.036,0.9912469942450269,0.059865976724197925,0.9994377031726713,0.036,0.9634579458584551
3747817,K04103.01,1,CANDIDATE,0.999,184.77271,16.886051000000002,2.41,0.22,-0.1,0.027576,0.0013599999999999,-0.000793,0.989,0.046,-0.044,5273,2.9847710081802163,0.20234064247474673,-0.15811580221064603,4962,3747817,184.773,0.00071,0.9885078391835824,0.5558594383276436,0.9854498951225803,0.00071,0.9847502256970433
3747817,K04103.02,2,CANDIDATE,0.868,14.2378417,7.9679656,1.1,0.1,-0.04,0.012587,0.002031,-0.000569,0.989,0.046,-0.044,5273,1.3623916695664484,0.22878202672373815,-0.08641076701549089,4963,3747817,14.238,0.037,0.9913486041323709,0.10854275749593188,0.9989374237168449,0.037,0.9619767390393216
6432345,K02757.01,1,CANDIDATE,0.998,234.635652,21.258717,2.56,0.25,-0.19,0.0264589999999999,0.000972,-0.000832,0.876,0.039,-0.037,5422,2.5366525671406897,0.146416037246125,-0.1335730495236852,3623,6432345,234.636,0.038,0.9834159950823839,0.6827319460679296,0.9637109139895211,0.038,0.9270898992579193
7903086,K02761.01,1,FALSE POSITIVE,0.0,1.846861455,19.478437,2.23,0.62,-0.16,0.023754,0.006267,-0.000656,1.039,0.1,-0.089,5591,2.7010694774414796,0.7585593842851602,-0.24309894219004766,3627,7903086,1.847,1.0,0.9910951363815685,0.03870148161057993,0.9996382727338975,1.0,0.0
12602314,K02853.01,1,CANDIDATE,0.992,1.4070201180000002,15.100548000000002,1.12,0.04,-0.09,0.012061,0.000618,-0.000503,0.844,0.04,-0.038,5018,1.1140616377422603,0.07775815620702474,-0.06837119430773762,4025,12602314,1.407,0.00052,0.9912370453820617,0.05301187981799438,0.9995051179383793,0.00052,0.9989853752770513
4547603,K02855.01,1,CANDIDATE,0.963,1.4007557430000002,16.541586,1.3,0.19,-0.19,0.011144,0.0004599999999999,-0.00055,1.037,0.047,-0.045,5487,1.2647460026428388,0.07753250792354152,-0.08311684435506503,4027,4547603,1.401,0.025,0.9911970697643652,0.04769998846663414,0.9995551519051161,0.025,0.9745662731074882
10880507,K02936.01,1,CANDIDATE,0.73,6.4802138,12.623598,1.26,0.16,-0.12,0.011743,0.003996,-0.001107,0.955,0.044,-0.041,5496,1.2273428250849483,0.42146058507148904,-0.1271338885473471,3725,10880507,6.48,6.2e-05,0.991280371674479,0.0690133134478331,0.9993479350216591,6.2e-05,0.9992859754496878
9532424,K02941.01,1,FALSE POSITIVE,0.0,4.30908594,13.953673,1.62,0.44,-0.29,0.013553,0.001635,-0.002035,0.949,0.073,-0.066,5754,1.4076189549616156,0.20139562248334128,-0.23292657499510444,3729,9532424,4.309,0.0074,0.9912562300736399,0.060486855837770005,0.999432101212668,0.0074,0.9920363036636943
4385148,K02942.01,1,CANDIDATE,0.954,13.84301228,14.495762,1.98,0.5,-0.18,0.02167,0.00117,-0.000681,0.897,0.077,-0.07,5745,2.1273297324125346,0.21573157882958663,-0.17896778652554224,3730,4385148,13.843,0.0022,0.9912088603940536,0.06813362479814175,0.9993515330379484,0.0022,0.997152959665265
4385148,K02942.02,2,CANDIDATE,0.973,24.2758992,12.554711,2.25,0.56,-0.2,0.024621,0.000725,-0.0013039999999999,0.897,0.077,-0.07,5745,2.417027473083942,0.21934957032404379,-0.2279576653289486,3764,4385148,24.276,0.0021,0.9912245977687767,0.09268940427250905,0.9990955822660095,0.0021,0.9969974815432509
6357290,K03040.01,1,CANDIDATE,0.882,4.8099878,12.766799,1.59,0.43,-0.17,0.015608,0.000808,-0.000769,0.882,0.078,-0.07,5988,1.5066046279889251,0.15438673002431666,-0.1407390488241648,3471,6357290,4.81,0.0011,0.9912820631761229,0.06644740219190809,0.9993740268801866,0.0011,0.9982747154506184
4366323,K03258.01,1,CANDIDATE,0.736,40.3511707,10.252698,1.88,0.38,-0.17,0.020966,0.001574,-0.001,1.047,0.098,-0.088,5665,2.4024022104517995,0.288260214704333,-0.23216803641633918,3573,4366323,40.351,0.0031,0.9912295132839294,0.139549838590158,0.998564996075534,0.0031,0.9954694445876998
3236705,K03343.01,1,CANDIDATE,0.864,83.2664103,11.199243,2.89,0.43,-0.47,0.022432,0.0016489999999999,-0.001221,0.817,0.038,-0.036,5539,2.005734794361943,0.17447825564800415,-0.14046384695364555,4687,3236705,83.266,0.051,0.9909883012699815,0.24380757087867183,0.9970680740368774,0.051,0.9462176022609966
11810124,K03344.01,2,CANDIDATE,0.999,11.6044881,11.719749,1.88,0.28,-0.34,0.0147509999999999,0.000874,-0.000606,0.875,0.046,-0.044,5533,1.412579735480106,0.11189150737021368,-0.0917239759914588,4688,11810124,11.604,0.007,0.991285353987237,0.0800647581745098,0.9992348700522538,0.007,0.992240225961888
11810124,K03344.02,1,CANDIDATE,0.972,3.63898953,12.672195,1.68,0.25,-0.3,0.013212,0.000507,-0.000805,0.875,0.046,-0.044,5533,1.2652025940724891,0.08234840805276471,-0.09995142069994599,4689,11810124,3.639,0.00012,0.9912874534378392,0.06561696326441209,0.9993827846977574,0.00012,0.9992628587635937
11810124,K03344.03,3,CANDIDATE,0.814,208.54335,8.227344500000001,2.84,0.42,-0.52,0.022302,0.001344,-0.001472,0.875,0.046,-0.044,5533,2.1356757684684116,0.17079349142923184,-0.17721033407323625,4690,11810124,208.543,0.0026,0.9896954222105685,0.7857896778914655,0.9618060508110831,0.0026,0.9593053550789742
11241912,K03346.01,1,CANDIDATE,0.999,14.42735088,17.863062,1.53,0.25,-0.13,0.013498,0.000724,-0.003495,1.171,0.052,-0.049,5929,1.7298552920651902,0.1204571404641705,-0.45371795575977125,4692,11241912,14.427,0.00082,0.9910934578396849,0.05391739270001166,0.9994878533422834,0.00082,0.9986682733025427
11623629,K00365.01,1,CANDIDATE,0.755,81.737872,86.0518,2.16,0.25,-0.15,0.022652,0.000403,-0.000168,0.863,0.036,-0.034,5559,2.139443413856028,0.0970244979500206,-0.085769124204724,404,11623629,81.738,3.7e-05,0.6721389450382773,0.0009788414427207822,0.9995220654421085,3.7e-05,0.9994850831256872
7364176,K00373.01,1,CANDIDATE,1.0,135.1879934,62.985138,2.32,0.31,-0.2,0.023453,0.000441,-0.000185,0.945,0.04,-0.038,5731,2.4255691911810975,0.11234437389029643,-0.0993950308130006,414,7364176,135.188,0.81,0.8925426104199485,0.014744103816797178,0.9981983241170808,0.81,0.1896576815822453
5350447,K04008.01,1,FALSE POSITIVE,0.0,70.7511986,18.261812,27.74,7.4,-4.95,0.271356,8.073546,-0.261835,0.846,0.067,-0.06,5771,25.124258171281145,747.5146031763963,-24.308125648270842,5261,5350447,70.751,1.0,0.9906489690332915,0.13040516529362284,0.9985844749939424,1.0,0.0
8934103,K04009.01,1,CANDIDATE,0.997,175.13891999999998,16.485638,3.06,0.45,-0.59,0.022585,0.001209,-0.00079,0.948,0.054,-0.05,5518,2.3432136461741755,0.18316455325878575,-0.1482962098311884,5262,8934103,175.139,0.0067,0.9889312049915567,0.5213196007180676,0.9878103096686369,0.0067,0.981191980593857
8934103,K04009.02,2,CANDIDATE,0.93,77.79271800000001,8.293034,2.17,0.31,-0.42,0.015988,0.000343,-0.002315,0.948,0.054,-0.05,5518,1.6587690845708531,0.10096616697383497,-0.25562106977181986,5296,8934103,77.793,0.77,0.9911383955552806,0.2679278009123412,0.9967277842930603,0.77,0.22924739038740385
5369827,K02690.01,1,CANDIDATE,1.0,3.606940379,45.816166,2.04,0.26,-0.07,0.022221,0.003471,-0.003252,0.849,0.036,-0.034,5508,2.064689481390008,0.3341836365096854,-0.31327213684086425,3963,5369827,3.607,0.0036,0.9867626580096645,0.005423511490312199,0.9999268472833307,0.0036,0.9963271106331106
9008737,K02768.03,1,CANDIDATE,1.0,11.83271013,10.77723,1.17,0.3,-0.1,0.012494,0.003059,-0.001321,0.785,0.039,-0.036,5639,1.073382755946388,0.26816028710383427,-0.12370529999839876,3667,9008737,11.833,0.089,0.9913042652937711,0.08589705937810682,0.9991757053196973,0.089,0.9102490675462444
11259686,K00294.01,1,CANDIDATE,0.59,34.4359387,46.869064,2.78,0.48,-0.48,0.018691,0.000491,-0.000264,1.137,0.049,-0.047,5929,2.325821912267178,0.11738677475587646,-0.10159969682949022,35,11259686,34.436,0.0084,0.983967569929446,0.008610764430982503,0.9998584805674716,0.0084,0.9914596693307048
8617363,K02945.01,1,CANDIDATE,0.988,19.94752741,14.430404,2.52,0.57,-0.2,0.026742,0.0016879999999999,-0.000925,0.871,0.087,-0.077,5749,2.5491506083878677,0.30120345177375724,-0.24199139103223707,3767,8617363,19.948,0.044,0.9911870334401403,0.07568444813522907,0.9992719639268407,0.044,0.9553039975140597
9714550,K03048.01,1,CANDIDATE,1.0,4.73292061,12.931488,0.97,0.2,-0.08,0.011209,0.000752,-0.0004019999999999,0.932,0.071,-0.065,5595,1.1433158840297004,0.11605843611776466,-0.08966282351168443,3511,9714550,4.733,0.00047,0.9912786558710032,0.0655806435704817,0.9993825219609643,0.00047,0.9989128121756428
9349757,K03348.01,1,CANDIDATE,0.94,36.433786700000006,12.819838,2.2,0.33,-0.31,0.018302,0.0009599999999999,-0.000749,1.049,0.065,-0.06,5574,2.1011521156242132,0.17058012151207227,-0.14777461922942126,4694,9349757,36.434,0.0031,0.9911694091802096,0.11044481535804117,0.9988938492709354,0.0031,0.9957972783381955
9349757,K03348.02,2,CANDIDATE,0.997,17.718978600000003,7.945239999999999,1.44,0.22,-0.2,0.011983,0.00081,-0.000855,1.049,0.065,-0.06,5574,1.3757024260476969,0.12615045930539165,-0.12580354050696518,4729,9349757,17.719,0.015,0.991341549939368,0.11483509163728012,0.9988669025027644,0.015,0.983883898965223
8628665,K03434.01,1,CANDIDATE,1.0,10.2856373,9.876122,1.24,0.2,-0.11,0.010713,0.0007509999999999,-0.000776,0.963,0.055,-0.052,5842,1.1290699468757863,0.10209296803239785,-0.10200856060490639,4386,8628665,10.286,0.063,0.9913251674334183,0.08925411242839267,0.9991424173504762,0.063,0.9361964450573962
11015108,K00344.01,1,CANDIDATE,1.0,39.30944096,95.34753,2.87,0.37,-0.14,0.0304339999999999,0.000544,-0.000212,0.888,0.038,-0.036,5607,2.9577091011829757,0.13716659802528264,-0.12166431673148044,309,11015108,39.309,2.3e-06,0.5954675547172316,0.00022544837598710758,0.9998468065171721,2.3e-06,0.9998445068695171
8883727,K03822.01,1,FALSE POSITIVE,0.0,2.529073751,59.187557,25.8,4.95,-2.29,0.3084659999999999,13.325079999999998,-0.128773,0.776,0.062,-0.057,5465,26.197055413289696,1131.659425086348,-11.104288903035787,4500,8883727,2.529,1.0,0.9758675048206726,0.0019046186290449484,0.9999528102851297,1.0,0.0
8686097,K00374.01,1,CANDIDATE,0.992,172.70460830000002,79.35191999999999,2.85,0.45,-0.44,0.023415,0.000463,-0.0001889999999999,1.224,0.052,-0.049,5851,3.1365992593757865,0.14698100740865122,-0.12809345181581291,438,8686097,172.705,3.6e-05,0.560676377057764,0.008173940041565861,0.9935424432626672,3.6e-05,0.9935066757347096
9009953,K04014.01,1,CANDIDATE,0.982,234.240739,19.096905,3.41,0.57,-0.57,0.025002,0.0023769999999999,-0.004926,1.092,0.048,-0.045,5812,2.98800173181475,0.31296938261356927,-0.6014478231447475,5300,9009953,234.241,0.066,0.9848828516092364,0.7158440826947636,0.9613324161943774,0.066,0.8978844767255484
3955817,K04117.01,1,CANDIDATE,1.0,4.24263096,14.401643,1.1,0.06,-0.06,0.012243,0.000647,-0.000609,0.804,0.038,-0.036,5078,1.077276916121319,0.07637741963539611,-0.07209903087437994,5006,3955817,4.243,0.00025,0.9912453683650214,0.05848946775827414,0.9994513325542121,0.00025,0.9992014697210736
2989706,K02692.01,1,FALSE POSITIVE,0.0,1.257689465,38.528683,2.45,0.61,-0.24,0.028494,0.000705,-0.000719,1.105,0.103,-0.092,5676,3.4458720990120812,0.3323216430794775,-0.299783041912347,3965,2989706,1.258,0.088,0.9891297630907625,0.009090386199938133,0.9998991829392605,0.088,0.9119080548406057
5695396,K00283.01,1,CANDIDATE,0.976,16.09196369,98.37853,2.13,0.31,-0.21,0.019184,0.001723,-0.000628,1.003,0.042,-0.04,5680,2.1058311928014093,0.20868027476803738,-0.10865075551921341,580,5695396,16.092,0.0091,0.5961101928562612,0.00011825155851849319,0.9999198701042691,0.0091,0.9908205992863203
5695396,K00283.02,2,CANDIDATE,0.983,25.5172744,10.622858,0.83,0.12,-0.08,0.0074719999999999,0.000365,-0.000436,1.003,0.042,-0.04,5680,0.8202028082053753,0.05277220686831821,-0.05796984895400268,581,5695396,25.517,1.0,0.9912688875264156,0.10809166559441322,0.998932543725886,1.0,0.0
11547513,K00295.01,1,CANDIDATE,1.0,5.317440164,70.34148,1.94,0.3,-0.22,0.016817,0.002353,-0.0009689999999999,0.976,0.041,-0.039,5923,1.7963121089856529,0.26241973456454915,-0.12595745060150182,36,11547513,5.317,2.3e-08,0.9482062361877309,0.0008477678226013553,0.999953653181144,2.3e-08,0.99995363018221
11547513,K00295.02,2,CANDIDATE,0.958,10.10575764,17.889442000000003,1.28,0.2,-0.14,0.011144,0.001522,-0.00132,0.976,0.041,-0.039,5923,1.190349178957966,0.17008927786507738,-0.14880307909577314,37,11547513,10.106,0.0016,0.991114141464224,0.0500437243516313,0.9995276958852084,0.0016,0.997928451571792
5475042,K03050.01,1,CANDIDATE,0.892,1.242639742,13.234499,1.02,0.21,-0.09,0.011446,0.00073,-0.000432,0.955,0.077,-0.07,5520,1.1963012838220486,0.1229837184950153,-0.09862886855078348,3513,5475042,1.243,0.00049,0.9912821197185064,0.06054772103822492,0.99943319104223,0.00049,0.9989434687786194
8827575,K03052.01,1,CANDIDATE,0.977,10.12956201,12.274704,0.78,0.07,-0.04,0.008451,0.0002279999999999,-0.000743,1.134,0.048,-0.045,5383,1.0488288185565064,0.05264590603217149,-0.10116921635774745,3515,8827575,10.13,0.51,0.9912774392841016,0.07513406896377839,0.9992851631927072,0.51,0.4896497299644265
8827575,K03052.02,2,CANDIDATE,0.87,15.6112238,11.277081,0.91,0.09,-0.05,0.009854,0.000226,-0.00072,1.134,0.048,-0.045,5383,1.2229510327837905,0.058875540961378356,-0.10168495914412733,3516,8827575,15.611,0.12,0.9912834994485671,0.08815738091922361,0.9991498744340633,0.12,0.8792518895019757
2716801,K03053.01,1,CANDIDATE,0.959,42.5217006,12.974654,2.45,0.75,-0.25,0.024534,0.000699,-0.001465,1.048,0.103,-0.092,5911,2.8139287664233574,0.28794590608713083,-0.29875490932577414,3517,2716801,42.522,0.00066,0.9911372812496839,0.1202295722874697,0.9987779890490889,0.00066,0.9981187955763164
2716801,K03053.02,2,CANDIDATE,0.553,9.476705699999998,8.125606,1.38,0.43,-0.14,0.013848,0.001053,-0.001018,1.048,0.103,-0.092,5911,1.5882972836647369,0.1973679012225249,-0.1818617960986294,3518,2716801,9.477,0.0017,0.9913558990946703,0.09955034510532906,0.9990360076962562,0.0017,0.9973376464831726
10030778,K03265.01,1,FALSE POSITIVE,0.0,29.47316279,165.75145,48.98,15.18,-4.75,0.5000760000000001,0.1144839999999999,-0.2497619999999999,1.079,0.106,-0.095,5838,59.05285681204381,14.711313995111801,-29.948603785639044,3613,10030778,29.473,1.0,0.0027938205743412484,8.318801599316758e-07,0.9997030744444593,1.0,0.0
8081239,K03352.01,1,CANDIDATE,0.998,10.35857039,12.548059,1.68,0.5,-0.22,0.015084,0.000856,-0.0006129999999999,0.78,0.066,-0.059,5893,1.287640363705009,0.1311889930938847,-0.11056550414453155,4733,8081239,10.359,0.0011,0.9912705714687937,0.07396081607591584,0.9992966590050686,0.0011,0.998197432680163
7091432,K03353.01,1,CANDIDATE,1.0,11.55532445,14.371882,1.7,0.21,-0.18,0.019441,0.0003399999999999,-0.005256,1.014,0.076,-0.069,5149,2.1574463805373774,0.1660458047286675,-0.6014713545703804,4734,7091432,11.555,0.00018,0.9912207718358989,0.06619136408002485,0.9993721883263241,0.00018,0.9991923013324254
9845909,K03354.01,1,CANDIDATE,0.937,11.5706005,7.8654885,1.33,0.35,-0.16,0.013484,0.000643,-0.001264,0.771,0.06,-0.054,5718,1.1377754994336773,0.1038439316760431,-0.13313807952694884,4735,9845909,11.571,0.0043,0.9913556570643705,0.10479159948509126,0.9989792842434774,0.0043,0.9946836733212304
7288306,K03443.01,1,CANDIDATE,0.985,96.169569,17.212970000000002,2.07,0.33,-0.14,0.0269839999999999,0.001402,-0.0008,1.05,0.095,-0.086,5340,3.1008380380065326,0.32352072169781065,-0.2700996607944381,4431,7288306,96.17,0.0016,0.990445886389112,0.20320577257288464,0.9975399184116658,0.0016,0.995943854542207
9674592,K03729.01,2,FALSE POSITIVE,0.0,6.87366398,304.21152,12.01,2.87,-1.03,0.136634,1.303113,-0.022313,1.129,0.121,-0.106,5662,16.882477523313618,161.02262218963148,-3.1801639619017075,4130,9674592,6.874,0.035,1.2685047901943348e-08,1.2881366301818163e-11,0.9989845236503514,0.035,0.9640200653225891
4820550,K03823.01,1,CANDIDATE,1.0,202.1168173,55.80787,5.8,0.72,-0.34,0.057885,0.000834,-0.002217,0.92,0.04,-0.038,5541,5.8282385697206145,0.2669528025171365,-0.3282982742459502,4501,4820550,202.117,0.88,0.8784029768603554,0.07854432924321339,0.9882003389502612,0.88,0.11858404067403133
10031907,K03828.01,1,FALSE POSITIVE,0.0,8.58965725,67.17444,27.86,8.25,-2.18,0.286052,4.183987999999999,-0.102958,0.927,0.072,-0.065,5697,29.020719689592244,424.4824536787573,-10.641723376902798,4539,10031907,8.59,1.0,0.957408438378709,0.001146536748791146,0.9999489362726679,1.0,0.0
6862332,K04023.01,1,FALSE POSITIVE,0.0,119.0192648,22.74429,4.44,1.19,-0.42,0.044969,6.7e-05,-0.004889,0.917,0.082,-0.074,5754,4.513007147637176,0.4036182655579579,-0.6110426767722287,5342,6862332,119.019,0.0017,0.9891854711061243,0.1997884308351568,0.9972704227720958,0.0017,0.9955750630533832
5128673,K02698.01,1,CANDIDATE,0.95,87.97242270000001,43.503696000000005,3.39,0.52,-0.52,0.026755,0.00061,-0.000293,1.196,0.053,-0.051,5837,3.502027810533602,0.17452542874983107,-0.15417998908530506,4009,5128673,87.972,0.00031,0.9809890254537735,0.02826621023946413,0.9994362838050634,0.00031,0.9991264585570838
6346809,K02775.01,1,CANDIDATE,1.0,17.57704569,17.63702,27.21,6.98,-3.74,0.27658,6.781329,-0.007175,0.788,0.06,-0.055,5653,23.85231001887742,584.8258790040849,-1.7760915984388346,3674,6346809,17.577,1.0,0.9910860133609797,0.0577785892941644,0.9994484630707156,1.0,0.0
6545051,K02777.01,1,FALSE POSITIVE,0.0,1.99566293,18.140957,1.11,0.16,-0.09,0.0131849999999999,0.00387,-0.000719,0.869,0.076,-0.069,5235,1.2539590848382738,0.3840472909320748,-0.12078638953923146,3709,6545051,1.996,1.0,0.9911434069094006,0.04283266000182389,0.9996001313376364,1.0,0.0
7769819,K02778.01,1,CANDIDATE,1.0,2.21571296,17.881384,1.7,0.36,-0.25,0.0172289999999999,0.002531,-0.002032,0.842,0.07,-0.063,5417,1.5876531088912569,0.267989659896777,-0.22175094870241785,3710,7769819,2.216,0.0014,0.991151274409222,0.043823640521815185,0.999590822980923,0.0014,0.9981913958287498
8681833,K02865.01,1,CANDIDATE,0.982,1.3115589090000002,15.153018,1.15,0.35,-0.12,0.010897,0.000487,-0.000507,1.064,0.093,-0.084,5926,1.2689135485779008,0.124567729908555,-0.11627990610794457,3411,8681833,1.312,9.5e-05,0.991236007204563,0.05272464703617521,0.9995078897785881,9.5e-05,0.9994129365290592
8884274,K02868.01,1,CANDIDATE,1.0,10.65275054,15.265494,2.2,0.49,-0.19,0.024669,0.001415,-0.00082,0.754,0.066,-0.06,5602,2.0356651724452552,0.21303757559897415,-0.17555390186941955,3415,8884274,10.653,0.0003,0.9911987356381394,0.06113487922572599,0.9994218105272957,0.0003,0.9991219839841375
7216284,K03056.01,1,CANDIDATE,0.972,6.69958851,11.795227,1.24,0.22,-0.09,0.01426,0.00094,-0.000711,0.919,0.086,-0.077,5296,1.4342289765290712,0.16417055464244348,-0.1398370285199735,3554,7216284,6.7,9e-05,0.991297374179972,0.07349382686665533,0.9993036158148254,9e-05,0.999213678489402
3234843,K03057.01,1,CANDIDATE,0.997,29.727220000000003,16.292034,3.02,0.91,-0.29,0.031506,0.0059409999999999,-0.002502,0.782,0.052,-0.048,5815,2.6963947779385853,0.539139737642906,-0.2706370716243759,3555,3234843,29.727,0.054,0.991075702621282,0.07780120569711514,0.9992403229931106,0.054,0.9452813455514826
3234843,K03057.02,2,CANDIDATE,1.0,10.61368712,16.158089999999998,2.06,0.63,-0.19,0.021552,0.001085,-0.000688,0.782,0.052,-0.048,5815,1.8444962944877925,0.15383799323110467,-0.12761329770465385,3556,3234843,10.614,0.0001,0.9911715102600046,0.0572661472668169,0.9994589387026644,0.0001,0.9993589928087941
7285757,K03271.01,1,CANDIDATE,0.963,19.548966600000004,11.059722,1.89,0.35,-0.15,0.023621,0.004997,-0.003101,0.716,0.062,-0.056,5549,1.850950299710546,0.42309988635334905,-0.2828503473513043,3619,7285757,19.549,0.19,0.991276841049174,0.09536593067150044,0.9990723179830651,0.19,0.8092485775662828
7285757,K03271.02,2,CANDIDATE,1.0,7.41834569,9.0123415,1.12,0.21,-0.09,0.0140139999999999,0.000825,-0.000931,0.716,0.062,-0.056,5549,1.0981422251447188,0.11498470579816202,-0.11268983951584448,3620,7285757,7.418,0.0038,0.9913462842539286,0.09054208749566363,0.9991309492477437,0.0038,0.9953342516406023
4948730,K03272.01,1,FALSE POSITIVE,0.0,23.0295222,28.107641,20.81,6.1,-2.6,0.198709,59.67708,-1.017667,1.187,0.096,-0.087,5877,25.813786416608988,7752.499649968111,-132.21609824312202,3742,4948730,23.03,1.0,0.9903162319197781,0.029254813566664976,0.9997053119184665,1.0,0.0
5211922,K03273.01,1,FALSE POSITIVE,0.0,27.6853358,51.554775,3.11,0.39,-0.19,0.04461,0.000645,-0.0065099999999999,0.984,0.078,-0.07,5216,4.804086044550717,0.38709471575928056,-0.7799300197785943,3743,5211922,27.685,0.00051,0.980890649904799,0.005340736975024634,0.9998953950633405,0.00051,0.9993854484118582
5280587,K03274.01,1,CANDIDATE,0.997,35.6225528,15.579355,2.24,0.59,-0.2,0.023364,0.001727,-0.0016589999999999,0.901,0.074,-0.067,5799,2.303856603133652,0.25456561216865226,-0.23687890684295818,3744,5280587,35.623,0.0029,0.9910730745429018,0.09003552893691118,0.9991087783762701,0.0029,0.9962113629189789
4263529,K03358.01,1,CANDIDATE,1.0,10.10404351,47.393806,4.05,0.91,-0.39,0.04465,0.001947,-0.0107,0.857,0.037,-0.035,5530,4.187798150799145,0.25697696430901396,-1.0180402157825557,4739,4263529,10.104,0.81,0.9855917985231534,0.005388978457528255,0.999920792579166,0.81,0.18998495059004147
6619815,K03361.01,1,CANDIDATE,0.484,65.94078689999999,16.05288,2.33,0.64,-0.28,0.02222,0.000917,-0.0009449999999999,1.1,0.102,-0.091,5982,2.674977881953184,0.27150021303902255,-0.2488238344086309,4777,6619815,65.941,0.0048,0.9908477897518188,0.14034193092328476,0.9984920715087581,0.0048,0.993699309565516
4815520,K00367.01,1,CANDIDATE,0.998,31.578651216,289.96722,4.52,0.68,-0.36,0.041835,0.00045,-0.000136,1.002,0.042,-0.04,5733,4.587657110338535,0.1985278250463081,-0.18374625018660742,406,4815520,31.579,0.26,3.4411169966514654e-08,5.986312064908439e-11,0.9982603579404316,0.26,0.7387126648759194
3446746,K00385.01,1,CANDIDATE,1.0,13.14496741,33.60837,1.59,0.16,-0.13,0.016418,0.0020559999999999,-0.00074,0.907,0.039,-0.037,5411,1.6297124902781273,0.21578193020034453,-0.09907344874797228,471,3446746,13.145,2.3e-05,0.9897570473321651,0.016281452645021996,0.9998287151886261,2.3e-05,0.9998057191281768
5088400,K04127.01,1,CANDIDATE,0.991,8.82715783,13.88664,1.67,0.23,-0.06,0.017452,0.001208,-0.001196,0.862,0.046,-0.043,5550,1.6464021546690157,0.14389720556602698,-0.1395551577237443,5048,5088400,8.827,0.0073,0.9912431046046519,0.06551702847464953,0.9993806262683066,0.0073,0.992085147696548
10275805,K02782.01,1,FALSE POSITIVE,0.0,112.645961,21.566843,35.36,11.02,-3.43,0.326725,7.323798,-0.346439,0.831,0.074,-0.067,5895,29.714391841413914,666.0767335076231,-31.59825718938777,3714,10275805,112.646,1.0,0.989576141574777,0.19626205498973393,0.9974278211791858,1.0,0.0
4861791,K02870.01,1,FALSE POSITIVE,0.0,5.62950902,11.66244,2.11,0.57,-0.2,0.021476,0.001795,-0.0066269999999999,0.948,0.094,-0.083,5822,2.228153919204631,0.2889549841842414,-0.7146966773634158,3417,4861791,5.63,0.27,0.9913029204291529,0.0729013373858768,0.9993101151642629,0.27,0.7294963840699119
10793172,K02871.01,1,CANDIDATE,0.989,12.0999065,12.935891,1.39,0.21,-0.2,0.011614,0.000587,-0.000627,0.851,0.04,-0.037,5547,1.0816701311666246,0.074657735298843,-0.07497861376030465,3418,10793172,12.1,0.00038,0.9912560050241905,0.07402774798367827,0.9992947864743709,0.00038,0.9989150544555105
10793172,K02871.02,2,CANDIDATE,0.995,5.36375016,11.9805565,1.15,0.17,-0.16,0.00963,0.000718,-0.000301,0.851,0.04,-0.037,5547,0.8968902499685376,0.07905021327725133,-0.04802616858299209,3419,10793172,5.364,0.019,0.9912971849143423,0.0709505476984766,0.9993295401065629,0.019,0.9803422788445383
10793172,K02871.04,3,CANDIDATE,0.949,7.9788198,7.9889746,0.99,0.14,-0.15,0.008249,0.000641,-0.000703,0.851,0.04,-0.037,5547,0.768270786291845,0.06977156891503575,-0.07350237917917049,3420,10793172,7.979,0.0086,0.9913608984062343,0.09812372591131231,0.9990518787844518,0.0086,0.9904600326269054
7136729,K02872.01,1,FALSE POSITIVE,0.0,3.17319407,20.517807,0.91,0.12,-0.12,0.010595,0.000569,-0.000469,0.882,0.066,-0.06,5369,1.0227111759061163,0.09419886343438878,-0.08300480807336448,3421,7136729,3.173,0.0044,0.9910452517532156,0.03664982314290486,0.9996562461290814,0.0044,0.9952577586461135
5966322,K00303.01,1,CANDIDATE,0.995,60.92818866,81.35701999999999,2.78,0.39,-0.38,0.024899,0.000574,-0.000221,1.015,0.043,-0.041,5638,2.7658677030109486,0.13339974025784573,-0.11439005756959097,80,5966322,60.928,0.00076,0.7984576500005005,0.0009719708154170075,0.9997544217028054,0.00076,0.9989946083423112
8760040,K02963.01,1,CANDIDATE,0.999,18.2206024,15.275195000000002,1.78,0.3,-0.23,0.0129509999999999,0.000583,-0.000399,1.124,0.055,-0.052,5949,1.593136802605072,0.10592626416407984,-0.08855113213021243,3818,8760040,18.221,0.00014,0.9911676601483915,0.06925482035045126,0.9993369475876561,0.00014,0.9991970404149938
8760040,K02963.02,2,CANDIDATE,0.913,7.35101287,10.0476,1.42,0.23,-0.19,0.010277,7.2e-05,-0.00101,1.124,0.055,-0.052,5949,1.2642009821922982,0.06249119968502215,-0.13732042325533284,3852,8760040,7.351,0.0011,0.991329002998547,0.08409232087332077,0.9991969254515035,0.0011,0.9980978088335068
3342467,K03278.01,1,FALSE POSITIVE,0.0,88.1804682,23.183668,2.78,0.58,-0.2,0.030375,0.001648,-0.001086,0.921,0.043,-0.041,5497,3.061677005332872,0.21914905036435448,-0.1748116038514264,3748,3342467,88.18,0.001,0.9898403371207141,0.12263364702911381,0.9985653603869686,0.001,0.9975667950265816
3544640,K03279.01,1,CANDIDATE,1.0,30.8278245,13.308066,2.42,0.68,-0.27,0.023114,0.0014119999999999,-0.000946,1.051,0.103,-0.092,5982,2.658650688994462,0.30702730795662236,-0.25690823529827395,3749,3544640,30.828,0.0083,0.991177374320203,0.09768946291918336,0.9990363081930241,0.0083,0.990744306835022
10653179,K03280.01,1,CANDIDATE,1.0,47.1607932,10.610574,2.58,0.67,-0.28,0.02451,0.001414,-0.0012289999999999,0.854,0.073,-0.066,5936,2.290786618738988,0.23624072536332036,-0.21103877066903462,3750,10653179,47.161,0.0039,0.9911940497000983,0.15110472734851096,0.9984186009256505,0.0039,0.9945247683820404
11177676,K03281.01,1,CANDIDATE,0.958,47.0320478,10.485104,1.98,0.42,-0.31,0.017222,0.00107,-0.000846,0.859,0.041,-0.039,5375,1.6190497889818778,0.12684778656800605,-0.10829976636704547,3751,11177676,47.032,0.0028,0.991198279148424,0.1520542087925148,0.9984076541213966,0.0028,0.9956121126898567
10484409,K03366.01,1,FALSE POSITIVE,0.001,10.6784787,8.515262,1.12,0.25,-0.1,0.012911,0.0014119999999999,-0.000709,0.871,0.069,-0.063,5459,1.2307263295526052,0.16619911615572616,-0.11176808783318949,4782,10484409,10.678,0.23,0.9913473620640223,0.09877089753692679,0.9990434306334676,0.23,0.76926344158777
5257082,K03368.01,1,CANDIDATE,0.955,10.08535311,8.850205,1.45,0.46,-0.15,0.014096,0.000546,-0.001225,1.03,0.085,-0.077,5947,1.5889731965768938,0.14485483193675724,-0.18215047400190723,4784,5257082,10.085,0.0059,0.9913432143915102,0.0955847412207479,0.999077102835652,0.0059,0.9931825479289216
10798838,K03449.01,1,FALSE POSITIVE,0.0,62.127677128,830.7088,38.61,6.7,-5.02,0.438163,0.042694,-0.052608,1.106,0.085,-0.077,5344,53.03643012279764,6.581808162530672,-7.360906557699347,4473,10798838,62.128,0.99,1.1166595569385712e-29,8.068100575025016e-29,0.0,0.99,0.0
8560940,K03450.01,1,FALSE POSITIVE,0.0,31.9730649,12.304457,1.09,0.29,-0.09,0.012353,0.002045,-0.000834,1.242,0.1,-0.09,5811,1.6791036005852,0.309103163925076,-0.1663002130672213,4474,8560940,31.973,0.94,0.99120313577474,0.10663879288681954,0.9989406161400273,0.94,0.05993643696840169
6756202,K03547.01,1,FALSE POSITIVE,0.0,290.7778719,3444.8755,45.27,6.05,-4.07,0.564828,0.0193419999999999,-0.027156,0.984,0.074,-0.067,5207,60.82677230153536,5.026288221761251,-5.070085203083403,4156,6756202,290.778,0.99,5.512213347408736e-134,1.3724334487468884e-114,0.0,0.99,0.0
2307206,K03549.01,1,FALSE POSITIVE,0.0,204.0329342,2607.3408,57.35,12.53,-4.98,0.65162,0.005945,-0.007934,1.249,0.123,-0.109,5553,89.07181450824314,8.809246322635236,-7.8485719492556765,4158,2307206,204.033,0.95,1.6964334760394004e-100,3.255610450520856e-87,0.0,0.95,0.0
7620844,K03551.01,1,FALSE POSITIVE,0.0,58.621578824,2771.4924,40.43,4.96,-4.52,0.51068,0.026124,-0.026976,0.967,0.076,-0.069,5232,54.045405470047825,5.068127642014848,-4.798135079486662,4160,7620844,58.622,0.98,3.2405663624167947e-106,7.87984188811925e-94,0.0,0.98,0.0
11624249,K00356.01,1,CANDIDATE,1.0,1.82708193,263.46945,5.95,3.57,-3.56,0.030822,0.000294,-0.000109,0.915,0.05,-0.047,5311,3.086493493738988,0.17121112981232273,-0.1589164938480202,375,11624249,1.827,2.7e-06,5.452973780468126e-07,2.724359032587736e-10,0.9995003904919729,2.7e-06,0.9994976918409185
8042789,K03838.01,1,FALSE POSITIVE,0.0,4.618309224,54.201195,25.43,5.08,-2.19,0.285711,10.71241,-0.122963,0.903,0.08,-0.072,5452,28.235674530911776,1058.667557718505,-12.358731618767846,4585,8042789,4.618,1.0,0.9812610101863121,0.0029001466526208703,0.9999444552598302,1.0,0.0
5895158,K03935.01,1,CANDIDATE,1.0,1.0936658540000002,21.155846,1.29,0.38,-0.12,0.013555,0.0004669999999999,-0.000315,0.834,0.065,-0.059,5845,1.2372259720299519,0.10542757824395407,-0.092126944574024,4237,5895158,1.094,0.0006,0.991029199299351,0.03372995297006043,0.999684018267367,0.0006,0.9990842078564065
4180401,K02709.01,1,FALSE POSITIVE,0.0,15.4126766,24.201456,2.82,0.45,-0.2,0.0302139999999999,0.0007469999999999,-0.011322,0.811,0.061,-0.055,5240,2.681714466052093,0.21232460166373873,-1.0212351075553925,4056,4180401,15.413,0.019,0.9907501671222837,0.0343579864183939,0.999667814032545,0.019,0.9806741255659266
6350476,K02710.01,1,FALSE POSITIVE,0.0,1.110599919,21.53885,1.07,0.17,-0.13,0.011346,0.000322,-0.000324,0.81,0.06,-0.055,5227,1.00579912566071,0.07978463415680168,-0.07408883923064884,4057,6350476,1.111,1.0,0.9910116178360059,0.032790388017137094,0.9996925116008724,1.0,0.0
9943435,K02788.01,1,FALSE POSITIVE,0.0,0.777663575,19.104475,0.95,0.24,-0.09,0.010684,0.0002839999999999,-0.000389,1.142,0.087,-0.079,5769,1.3353141123835892,0.10774181376421126,-0.10438620193978998,3753,9943435,0.778,0.0023,0.9911146865548404,0.03907035082397912,0.9996354941031694,0.0023,0.9973363324667321
11662184,K02791.01,1,CANDIDATE,0.995,27.5722144,18.632256,1.94,0.31,-0.17,0.016268,0.000138,-0.001088,1.235,0.063,-0.059,5910,2.1987941709665244,0.1137054867139062,-0.18071879856311818,3756,11662184,27.572,0.00041,0.9909838712684726,0.06349761180710885,0.9993831181110776,0.00041,0.998973371032652
7019524,K02877.01,1,CANDIDATE,0.981,5.30873978,13.079889,1.08,0.33,-0.12,0.010322,0.000503,-0.000439,0.954,0.073,-0.066,5914,1.0776945462496852,0.09776771555499815,-0.08751946715918944,3460,7019524,5.309,0.00021,0.9912736240732245,0.06550529869541258,0.9993829221528433,0.00021,0.9991730517391911
11802615,K00296.01,1,CANDIDATE,1.0,28.86236571,54.010296,2.53,0.37,-0.37,0.021303,0.000165,-0.001885,1.092,0.047,-0.045,5725,2.5459323611250944,0.11133784180660246,-0.24850951673621544,38,11802615,28.862,9.3e-05,0.978084004137765,0.004516574060024661,0.9998983376474161,9.3e-05,0.9998053471020149
5014903,K02966.01,1,FALSE POSITIVE,0.0,7.72768833,12.786533,1.89,0.53,-0.23,0.018376,0.0011619999999999,-0.000757,0.768,0.066,-0.06,5765,1.5445275449282656,0.16479374520647763,-0.13641375962379157,3856,5014903,7.728,0.14,0.9912730447783653,0.06962975436611282,0.9993411166982521,0.14,0.8594333603604968
5980783,K02967.01,1,CANDIDATE,0.983,37.3033197,17.627789,2.31,0.57,-0.25,0.0258569999999999,0.001805,-0.004592,1.216,0.113,-0.102,5646,3.441083142209903,0.3999445290874438,-0.6758473707417394,3857,5980783,37.303,0.0051,0.9909700686905968,0.08008007684185234,0.9992067713971595,0.0051,0.994110816863034
4848321,K04573.01,1,FALSE POSITIVE,0.0,1.50178705,10.707642,0.93,0.29,-0.1,0.008605,0.00047,-0.000494,0.97,0.078,-0.071,5964,0.9134947685942612,0.088799158390643,-0.08497647434251311,5285,4848321,1.502,0.00017,0.991330951564446,0.072929576249022,0.9993120708261257,0.00017,0.9991421877740853
6067545,K05236.01,1,FALSE POSITIVE,0.0,550.86514,12.134006,2.06,0.34,-0.2,0.016926,0.000732,-0.000625,1.053,0.045,-0.043,5910,1.9505907633715076,0.11859517117577684,-0.10738959932238716,6192,6067545,550.865,0.048,0.8557053359226219,0.9936089211245966,0.0,0.048,0.0
7269974,K00456.02,2,CANDIDATE,1.0,4.309381978,29.807705,1.89,0.28,-0.25,0.015879,0.0004769999999999,-0.000254,1.066,0.049,-0.047,5539,1.852523854738233,0.10172492172787173,-0.08688720220450064,225,7269974,4.309,1.0,0.9903974420692616,0.018615282909797557,0.9998160889701869,1.0,0.0
7269974,K00456.01,1,CANDIDATE,1.0,13.69942266,99.55829,3.85,0.57,-0.51,0.032372,0.000428,-0.000181,1.066,0.049,-0.047,5539,3.776680031839919,0.18063813747915702,-0.16784762415647347,191,7269974,13.699,1.5e-05,0.577307503159002,0.00010348710186734299,0.9999242210631812,1.5e-05,0.9999092221998653
8223655,K05488.01,1,FALSE POSITIVE,0.0,280.16049560000005,53.81772,19.25,3.54,-1.52,0.220656,6.795054,-0.100709,0.91,0.085,-0.077,5387,21.975592290460607,676.7367450285923,-10.200731657180262,5890,8223655,280.16,0.97,0.7784955868196175,0.28359615936046223,0.8873662177359258,0.97,0.026620986532077798
8890783,K00464.01,1,CANDIDATE,0.963,58.36205791,201.45831,7.02,1.95,-0.79,0.06741,0.00251,-0.001011,0.892,0.04,-0.038,5592,6.580708250062924,0.38356733640718915,-0.2972098518929407,235,8890783,58.362,3.2e-05,7.73896767400614e-05,8.850435136326285e-08,0.9988564688004864,3.2e-05,0.9988245053934848
8890783,K00464.02,2,CANDIDATE,1.0,5.350156114,67.36277,2.6,0.72,-0.29,0.024953,0.000492,-0.000217,0.892,0.04,-0.038,5592,2.435965182670526,0.1193290271292489,-0.10591443558796111,349,8890783,5.35,1.2e-06,0.9581155440271489,0.001067011686547022,0.9999533052759039,1.2e-06,0.9999521053319375
10141271,K05768.01,1,FALSE POSITIVE,0.0,15.403276500000002,8.251826,1.32,0.17,-0.15,0.01518,0.007903,-0.0011769999999999,1.043,0.087,-0.079,5272,1.7327644755222753,0.9136158334505617,-0.1878182150518083,5585,10141271,15.403,0.00062,0.9913415283713336,0.10842495029866393,0.9989378416590704,0.00062,0.9983185001972418
10155434,K00473.01,1,CANDIDATE,1.0,12.70636123,38.16564,2.75,0.66,-0.22,0.029987,0.002284,-0.003085,0.775,0.058,-0.053,5573,2.543420561052731,0.27158853435742014,-0.3141990287180415,358,10155434,12.706,0.0034,0.988867856644646,0.011425495064755029,0.9998698913558337,0.0034,0.9964703337252239
3634051,K06103.01,1,FALSE POSITIVE,0.0,453.54212,35.408863000000004,9.23,1.76,-4.1,0.02813,0.002815,-0.001308,1.228,0.054,-0.051,5874,3.7805201277372262,0.413235792145299,-0.23569718121446429,5601,3634051,453.542,0.0012,0.7032783572380309,0.9673289632754792,0.0,0.0012,0.0
3634051,K06103.02,2,CANDIDATE,0.755,122.8054416,9.364022,118.62,22.57,-52.68,0.361369,6.952184,-0.064837,1.228,0.054,-0.051,5874,48.56604258941606,934.3384359017416,-8.944136401932617,5602,3634051,122.805,1.0,0.9907964236791774,0.42759102609311084,0.9930610407663113,1.0,0.0
12404305,K00486.01,1,CANDIDATE,1.0,22.18332255,59.862904,2.78,0.38,-0.39,0.024673,0.000545,-0.000362,1.068,0.049,-0.046,5565,2.88387655971558,0.14684875778822337,-0.13122081426237242,321,12404305,22.183,1.1e-05,0.9705746370433517,0.0025601638883917042,0.9999221830959205,1.1e-05,0.9999111839519065
5177859,K04246.02,2,CANDIDATE,0.98,8.75630628,9.002639,1.12,0.33,-0.25,0.008347,0.000473,-0.000654,0.925,0.039,-0.037,5839,0.8449978460074251,0.05968343842043131,-0.07433559974870907,5492,5177859,8.756,0.0006,0.9913435862119724,0.09257646152782326,0.9991091504941507,0.0006,0.9985096850038542
5177859,K04246.01,1,FALSE POSITIVE,0.364,6.98472143,10.99175,1.19,0.34,-0.26,0.008855,0.000432,-0.000587,0.925,0.039,-0.037,5839,0.8964245748647118,0.05780181098268749,-0.06940430746912009,5491,5177859,6.985,0.00047,0.9913125453725846,0.07818635512975497,0.9992566903304728,0.00047,0.9987870396860176
9641076,K04250.01,1,FALSE POSITIVE,0.0,2.17818699,13.85082,1.03,0.27,-0.16,0.0101409999999999,0.000131,-0.000868,0.786,0.061,-0.055,5584,0.8723420035552394,0.06863227893749581,-0.09644261979234103,4834,9641076,2.178,0.00025,0.9912653726157414,0.05881286025952502,0.9994493815442298,0.00025,0.9991995191988438
8741470,K04251.01,1,CANDIDATE,1.0,6.23968392,9.789279,1.55,0.41,-0.3,0.012425,0.001105,-0.004974,0.912,0.039,-0.037,5751,1.2401513528819532,0.12237895720921219,-0.4990027375020795,4835,8741470,6.24,0.36,0.9913360120222182,0.08410843606702105,0.9991974123792168,0.36,0.6394863439226988
7801070,K04361.01,1,CANDIDATE,0.974,75.87813440000001,11.199573,3.39,0.91,-0.49,0.031915,0.000401,-0.0037939999999999,1.157,0.092,-0.084,5579,4.04121227402152,0.32532793948571787,-0.5629196779810149,5230,7801070,75.878,0.39,0.9910335503305827,0.22050387013220385,0.9974406221281029,0.39,0.6084387794981427
7427764,K04364.01,1,CANDIDATE,1.0,4.56383697,10.996368,1.22,0.24,-0.13,0.013,0.000815,-0.001022,0.794,0.063,-0.058,5408,1.1296588535112004,0.1142350917416314,-0.12122859862989073,5232,7427764,4.564,0.00049,0.9913184765311153,0.07512452495420466,0.9992886534685438,0.00049,0.9987990020283443
10647452,K04366.01,1,CANDIDATE,0.953,0.762950224,12.50449,1.0,0.18,-0.08,0.012509,0.000883,-0.0004769999999999,0.808,0.045,-0.042,5385,1.1061586223256985,0.09945928361348694,-0.07131105265041271,5233,10647452,0.763,0.012,0.9912988735044715,0.06332198069659183,0.9994066170929962,0.012,0.9874137376878802
12407623,K04370.01,1,FALSE POSITIVE,0.0,1.181165291,10.934171,1.52,0.2,-0.14,0.018593,0.000293,-0.001923,0.825,0.075,-0.067,5203,1.6787532771992195,0.15488986774317623,-0.22075669654273847,5236,12407623,1.181,0.15,0.9913277078853442,0.07138043048177893,0.9993275531179864,0.15,0.8494284201502884
3732894,K04476.01,1,FALSE POSITIVE,0.0,1.5403795569999998,12.967635,0.81,0.2,-0.13,0.00812,0.00044,-0.000419,0.838,0.064,-0.058,5812,0.7447036861313869,0.06973617134988311,-0.0642909185318111,4932,3732894,1.54,0.00038,0.9912870510762318,0.062034618153102405,0.9994186829801106,0.00038,0.9990389038805781
6276791,K04477.01,2,CANDIDATE,0.999,5.30179786,8.380222,1.22,0.33,-0.11,0.012946,0.000607,-0.000878,1.095,0.094,-0.085,5749,1.5514335450226526,0.1517530277454732,-0.1599204086742868,4933,6276791,5.302,0.0011,0.9913603324297798,0.09146833041977133,0.999122602936796,0.0011,0.9980235680735655
6276791,K04477.02,1,CANDIDATE,0.973,9.32867952,11.328061,1.62,0.44,-0.15,0.017152,0.001098,-0.000752,1.095,0.094,-0.085,5749,2.0554756808457086,0.22011208920342218,-0.18324842661479812,4934,6276791,9.329,0.0035,0.9912998330912487,0.07932015849202138,0.9992438682222635,0.0035,0.9957465146834856
7905106,K04582.01,1,CANDIDATE,0.828,4.22426989,8.32915,0.35,0.05,-0.02,0.0036229999999999,0.001032,-0.0003259999999999,0.941,0.039,-0.037,5735,0.3731138867197229,0.10739940276683893,-0.03663852024181637,5293,7905106,4.224,0.97,0.9913631636606458,0.09021618670170868,0.999136090652673,0.97,0.029974082719580214
9413156,K04700.01,1,CANDIDATE,1.0,3.83488354,9.321168,1.2,0.26,-0.11,0.0142189999999999,0.000946,-0.001009,0.855,0.082,-0.073,5515,1.330511475349223,0.15530196881569677,-0.14771244200599074,4996,9413156,3.835,0.084,0.9913488927119434,0.08360527700047075,0.9992038474643278,0.084,0.9152707242773243
9413156,K04700.02,2,CANDIDATE,0.573,66.47762,7.323951200000001,1.83,0.39,-0.16,0.021656,0.001049,-0.001939,0.855,0.082,-0.073,5515,2.0264123011578157,0.21772763373708431,-0.25070683392287313,4997,9413156,66.478,0.0035,0.9912154405271932,0.24400434972031654,0.9971395774019589,0.0035,0.9936495888810521
8625732,K04701.01,1,FALSE POSITIVE,0.0,31.97181,8.885191,0.95,0.26,-0.08,0.010165,0.0007599999999999,-0.000536,0.891,0.069,-0.063,5632,0.9912165453530077,0.10669804234362419,-0.08742922181849819,5031,8625732,31.972,0.1,0.9912885616767713,0.13445256534459069,0.9986348889231834,0.1,0.8987714000308651
5651846,K04827.01,1,CANDIDATE,0.989,31.1920226,8.405147999999999,1.65,0.35,-0.16,0.019451,0.001321,-0.00104,0.907,0.076,-0.069,5675,1.9307794888780516,0.20825195749338013,-0.17953337369260614,6098,5651846,31.192,0.089,0.991300656508462,0.13717095884421945,0.9986048577027722,0.089,0.9097290253672254
11709124,K00435.04,4,CANDIDATE,1.0,3.93276627,24.820826,1.5,0.2,-0.15,0.014124,0.000318,-0.000513,1.071,0.05,-0.048,5688,1.6555055283790585,0.0858063118830314,-0.09550233783707633,93,11709124,3.933,1.3e-05,0.9908104133111976,0.02692953014189465,0.9997433212594642,1.3e-05,0.9997303245962877
11709124,K00435.05,2,CANDIDATE,0.915,62.3026877,33.319363,3.05,0.4,-0.3,0.028719,0.002725,-0.002048,1.071,0.05,-0.048,5688,3.366218016816637,0.3559712918898847,-0.2835227297643291,94,11709124,62.303,0.00035,0.9884281393742428,0.03888523290557068,0.9995263390867449,0.00035,0.9991765048680646
11709124,K00435.06,6,CANDIDATE,0.997,9.91937693,14.60874,1.32,0.17,-0.13,0.012428,0.000548,-0.000407,1.071,0.05,-0.048,5688,1.456713587276617,0.09354551722827441,-0.08085901423397925,95,11709124,9.919,4.8e-05,0.9912201893782405,0.06332989278284984,0.9994011237346554,4.8e-05,0.9993531524807161
11709124,K00435.01,1,CANDIDATE,1.0,20.5498184,93.74424,4.04,0.54,-0.4,0.038064,0.002459,-0.001866,1.071,0.05,-0.048,5688,4.461566300780267,0.35560960909074046,-0.29634580389148,91,11709124,20.55,2.5e-05,0.6794479972562405,0.0001829274694291984,0.9999136821429454,2.5e-05,0.9998886843008917
11709124,K00435.03,5,CANDIDATE,0.884,33.0405509,21.18267,2.36,0.32,-0.23,0.022276,0.000348,-0.0009279999999999,1.071,0.05,-0.048,5688,2.6110196226403217,0.12853999482888373,-0.15976654486754518,92,11709124,33.041,0.01,0.990797414906718,0.05782459485344233,0.9994299593683862,0.01,0.9894356597747023
3355104,K04975.01,1,FALSE POSITIVE,0.0,47.0628978,11.769422,4.1,1.18,-0.4,0.04181,0.013511,-0.0052179999999999,0.943,0.087,-0.078,5838,4.3149455120500875,1.4500985530214245,-0.6460532174861039,5831,3355104,47.063,0.87,0.991157959195762,0.13979952200574344,0.9985501747840175,0.87,0.12981152272192228
10189542,K05773.01,1,FALSE POSITIVE,0.0,24.614775,8.096771,1.28,0.32,-0.12,0.013761,0.000939,-0.000921,0.843,0.064,-0.058,5654,1.269582785536748,0.12959661350434448,-0.12186073840454051,5587,10189542,24.615,0.0015,0.9913231857522142,0.1265553314485228,0.9987317931820027,0.0015,0.9972336954922297
10470779,K05796.01,1,FALSE POSITIVE,0.0,495.854189,9.024842,2.41,0.34,-0.28,0.021121,0.000548,-0.001842,1.031,0.054,-0.051,5607,2.383178638733325,0.13929800063218112,-0.2389465850532272,5593,10470779,495.854,0.02,0.933696043355696,0.9927148347022323,0.0,0.02,0.0
5979863,K06018.01,1,FALSE POSITIVE,0.0,16.621853404,2090.239,22.32,5.96,-3.2,0.225371,0.000538,-0.000155,0.986,0.082,-0.075,5949,24.319710583029195,2.0233647607336778,-1.8499521796988685,5984,5979863,16.622,0.59,3.9951129451228634e-79,2.4181294068272552e-71,0.0,0.59,0.0
3663494,K06352.01,1,CANDIDATE,0.88,5.11683678,8.210594,1.16,0.36,-0.12,0.011703,0.000539,-0.0012109999999999,1.197,0.101,-0.092,5955,1.5331152763497358,0.14737686934680347,-0.19761683494970517,6409,3663494,5.117,0.011,0.9913631765807233,0.09228536980628942,0.999114263016646,0.011,0.9881240061234629
3748855,K06355.01,1,CANDIDATE,1.0,4.37198905,8.651935,0.93,0.27,-0.11,0.009309,0.000694,-0.000722,0.869,0.067,-0.061,5823,0.8853322048357662,0.09495102368960633,-0.09261302323702192,6411,3748855,4.372,0.25,0.9913581118174216,0.0884061998726829,0.9991546054608397,0.25,0.7493659540956298
4863369,K06465.01,1,FALSE POSITIVE,0.001,4.24748886,8.241066,1.01,0.26,-0.1,0.010053,0.000955,-0.00056,1.045,0.09,-0.081,5807,1.1497288485558772,0.14742443216308734,-0.10974416329976171,6805,4863369,4.247,0.0036,0.9913643944707874,0.09080878717224974,0.9991299742140046,0.0036,0.9955331063068341
4914709,K06470.01,1,FALSE POSITIVE,0.0,8.65303996,11.460257,1.88,0.31,-0.18,0.020507,0.001101,-0.001405,0.91,0.077,-0.07,5301,2.042334997011075,0.20466469551932584,-0.21038248394578316,6810,4914709,8.653,0.9,0.9912989566811976,0.07771670665044979,0.9992603662356258,0.9,0.09992603662356256
3217264,K00401.03,3,CANDIDATE,0.997,55.3291399,16.517689999999998,1.67,0.19,-0.13,0.016221,0.00065,-0.000704,0.989,0.043,-0.041,5376,1.7557285510476968,0.10381219630255203,-0.10537600323352544,541,3217264,55.329,0.0072,0.9909026948634693,0.11544652949238644,0.9988017745397354,0.0072,0.9916104017630493
3217264,K00401.01,1,CANDIDATE,1.0,29.19899219,150.68636,4.15,0.49,-0.32,0.0404589999999999,0.000799,-0.0004509999999999,0.989,0.043,-0.041,5376,4.379201124889871,0.20912040208559138,-0.18799267410183715,514,3217264,29.199,9.5e-05,0.010921745882989121,2.644678807550437e-06,0.9997604960558824,9.5e-05,0.9996655188087571
3217264,K00401.02,2,CANDIDATE,1.0,160.0191598,46.990246,4.28,0.5,-0.33,0.041725,0.002575,-0.005273,0.989,0.043,-0.041,5376,4.516230429225396,0.3409358470369916,-0.6006630755588921,515,3217264,160.019,0.052,0.9580643224265558,0.0738542265840893,0.9965095212192367,0.052,0.9446910261158364
5785279,K04259.01,1,CANDIDATE,0.885,0.909127736,10.0180235,0.98,0.26,-0.17,0.008986,0.0005099999999999,-0.00057,0.771,0.06,-0.054,5486,0.7582357340485778,0.07303205379924048,-0.07164853587795157,4842,5785279,0.909,0.0022,0.9913438975761812,0.07586547649490852,0.9992831850669873,0.0022,0.99708476205984
5351250,K00408.04,4,CANDIDATE,1.0,3.42806306,15.834582,1.21,0.14,-0.1,0.012074,0.000645,-0.000489,0.881,0.042,-0.04,5559,1.164154270356154,0.08335281147271674,-0.0708289875255595,551,5351250,3.428,2.7e-05,0.9912098344041118,0.05197991912550304,0.9995137613048698,2.7e-05,0.9994867744333146
5351250,K00408.05,5,FALSE POSITIVE,0.005,93.803766,7.901837299999999,2.05,0.25,-0.16,0.020536,0.0001159999999999,-0.00286,0.881,0.042,-0.04,5559,1.980045726025673,0.09505521315603224,-0.29004054265665274,552,5351250,93.804,0.021,0.9910733809693708,0.33362339383948625,0.9954906084946098,0.021,0.9745853057162229
5351250,K00408.01,1,CANDIDATE,1.0,7.381980206000001,87.59254,3.42,0.41,-0.27,0.034222,0.000668,-0.000289,0.881,0.042,-0.04,5559,3.299626258085829,0.16997845923297625,-0.15238214358273888,548,5351250,7.382,6.5e-05,0.8098211294144244,0.00023271678430762855,0.9999453359321807,6.5e-05,0.9998803394853452
5351250,K00408.02,2,CANDIDATE,1.0,12.56096618,44.640903,2.74,0.33,-0.21,0.027423,0.000868,-0.0004799999999999,0.881,0.042,-0.04,5559,2.6440783962213694,0.15130483230528827,-0.12866104029397707,549,5351250,12.561,3.2e-05,0.986760443887517,0.006948921054788978,0.9999061125631011,3.2e-05,0.999874115567499
5351250,K00408.03,3,CANDIDATE,1.0,30.8261043,25.828817,3.18,0.38,-0.24,0.031848,0.000424,-0.006506,0.881,0.042,-0.04,5559,3.0707292696954442,0.15199230971610742,-0.6426039957153843,550,5351250,30.826,0.022,0.9904457268099479,0.03961455194431852,0.9996020979745547,0.022,0.9776108518191144
10991114,K04374.01,1,CANDIDATE,1.0,3.70386741,10.74156,0.86,0.17,-0.07,0.010182,0.00079,-0.000395,0.89,0.039,-0.037,5496,0.9917599241756859,0.08837295694146954,-0.056393458500169205,5240,10991114,3.704,0.026,0.9913252076238331,0.07543037255852038,0.9992860799653858,0.026,0.9733046418862857
12108364,K04592.01,1,FALSE POSITIVE,0.0,0.70544189,10.579472,1.04,0.31,-0.1,0.010659,0.0003549999999999,-0.000776,0.998,0.094,-0.084,5838,1.1642076779826327,0.11630828516779049,-0.12955956513745567,5334,12108364,0.705,1.2e-05,0.9913349788838752,0.07264358001652893,0.9993153009093767,1.2e-05,0.9993033091257658
2303903,K04709.01,1,CANDIDATE,0.8,3.70858595,9.874765,1.33,0.25,-0.11,0.015797,0.001417,-0.000692,0.815,0.078,-0.07,5420,1.4090152141800902,0.18482144560808794,-0.13585102744840533,5036,2303903,3.709,0.2,0.991340183395231,0.08022907987965555,0.9992380295642094,0.2,0.7993904236513676
9278216,K04710.01,1,CANDIDATE,0.998,9.4527721,9.767796,1.3,0.36,-0.12,0.013921,0.0009279999999999,-0.001034,1.067,0.095,-0.085,5973,1.6256172854108983,0.18080912886672143,-0.17705872043387486,5037,9278216,9.453,0.62,0.9913290511247207,0.08873413962926775,0.999148284727877,0.62,0.37967634819659324
5645170,K04837.01,1,CANDIDATE,0.989,5.38613715,7.783955000000001,0.86,0.12,-0.06,0.011945,0.000802,-0.001139,0.872,0.07,-0.064,5516,1.1399507657941104,0.11929809330004691,-0.13716919573033876,6138,5645170,5.386,0.28,0.9913687604426801,0.09548772760642547,0.9990808824992882,0.28,0.7193382353994875
3553900,K04992.01,1,CANDIDATE,0.969,12.5747207,9.398239,1.45,0.29,-0.13,0.0171,0.000522,-0.00162,0.915,0.075,-0.068,5654,1.7123820239743268,0.14977695659338292,-0.20618442607274717,5835,3553900,12.575,0.28,0.9913283091217728,0.09574820213909076,0.9990737514806503,0.28,0.7193331010660682
8439618,K05518.01,1,FALSE POSITIVE,0.0,558.21886,10.167838,3.1,0.66,-0.24,0.035749,0.002014,-0.001717,1.158,0.1,-0.091,5679,4.530602005631764,0.467140140964319,-0.4172638522845926,5934,8439618,558.219,0.014,0.8659722531132746,0.9938112357474435,0.0,0.014,0.0
10460984,K00474.01,1,CANDIDATE,1.0,10.94577783,44.60486,2.84,0.46,-0.38,0.023673,0.0002279999999999,-0.002299,1.041,0.047,-0.045,5888,2.697040594339919,0.12450817869851853,-0.28669841479493463,359,10460984,10.946,0.016,0.9868664372757652,0.006772717594521557,0.999909251699606,0.016,0.9839107036724123
10460984,K00474.02,2,CANDIDATE,0.999,28.9869016,24.698427,2.7,0.44,-0.36,0.022565,0.001315,-0.002777,1.041,0.047,-0.045,5888,2.570807291483136,0.1895179460488017,-0.3353306752586364,270,10460984,28.987,0.037,0.990571917732693,0.04174178995083822,0.9995854032712064,0.037,0.9626007433501717
10460984,K00474.03,3,CANDIDATE,1.0,94.886902,19.497467,4.24,0.69,-0.56,0.035401,40.01582,-0.007261,1.041,0.047,-0.045,5888,4.033199597863705,4558.961307898826,-0.8454109225513916,271,10460984,94.887,0.87,0.9902179766226546,0.17293127623842897,0.9979344779351227,0.87,0.12973148213156596
10460984,K00474.04,4,CANDIDATE,1.0,5.03505665,14.266844,1.63,0.26,-0.22,0.013596,0.000199,-0.002438,1.041,0.047,-0.045,5888,1.5489783263906367,0.07351782235816767,-0.285715666068568,272,10460984,5.035,0.0048,0.9912461325229339,0.0598497108527065,0.9994378098471279,0.0048,0.9946405083598617
11015323,K00479.01,1,CANDIDATE,1.0,34.18884323,77.942184,2.97,0.35,-0.26,0.0293769999999999,0.00061,-0.000293,0.94,0.041,-0.039,5515,3.0221690419707925,0.14599331411440664,-0.12896001492485767,278,11015323,34.189,3.6e-05,0.8784356822071493,0.0007873186399439419,0.9998909592713313,3.6e-05,0.9998549631967976
12834874,K00487.01,1,CANDIDATE,1.0,7.65880048,48.160652,2.19,0.56,-0.23,0.023499,0.000669,-0.000292,0.828,0.063,-0.057,5657,2.129429046123836,0.17299203987411252,-0.148960105158614,322,12834874,7.659,8.9e-06,0.9853489603304543,0.004866630691156992,0.999927284753153,8.9e-06,0.9999183854003186
8439323,K04153.01,1,CANDIDATE,1.0,4.62602867,13.297741,1.65,0.44,-0.15,0.018932,0.000491,-0.002568,0.958,0.075,-0.068,5834,1.9849312105461867,0.16370144156320982,-0.3038789794674782,5140,8439323,4.626,0.37,0.9912707099268175,0.06375881283532403,0.9994002929824756,0.37,0.6296221845789596
5551228,K04154.02,1,FALSE POSITIVE,0.0,122.906853,21.024153,3.55,1.01,-0.33,0.03757,0.000806,-0.012117,1.239,0.112,-0.101,5692,5.094434198181475,0.47330519088764345,-1.6947163324929315,5175,5551228,122.907,0.71,0.9894278106647121,0.23390794906648463,0.9967375426422905,0.71,0.2890538873662643
4252322,K00396.01,1,CANDIDATE,1.0,14.591504451,86.46115999999999,36.85,9.97,-9.97,0.257211,55.03341999999999,-0.125805,0.937,0.07,-0.063,5940,26.37622169328908,5643.513593669404,-13.022249717110078,507,4252322,14.592,1.0,0.8122474890475448,0.00028854036479416986,0.9999332841102242,1.0,0.0
7368137,K04265.01,1,FALSE POSITIVE,0.0,2.18242002,13.799748,0.7,0.19,-0.05,0.0082069999999999,0.00199,-0.000669,0.779,0.06,-0.054,5808,0.6996894840328381,0.1780114287268185,-0.0748701581672669,4882,7368137,2.182,0.019,0.9912665524641127,0.05903528787739831,0.9994472438137347,0.019,0.9804577461812738
7703910,K04379.01,1,FALSE POSITIVE,0.0,1.2755113059999998,11.114742,0.84,0.26,-0.12,0.007605,0.0005009999999999,-0.000548,1.248,0.105,-0.095,5921,1.038717047571105,0.11099461525629441,-0.10887648746362218,5277,7703910,1.276,6.5e-05,0.9913242515302179,0.07057312403623629,0.9993354688590569,6.5e-05,0.9992705120535811
12554634,K04714.01,1,CANDIDATE,1.0,2.049602348,9.185251,1.08,0.18,-0.08,0.012687,0.0009199999999999,-0.000906,0.852,0.068,-0.061,5356,1.182992497294236,0.1275682779390565,-0.11962651764159972,5041,12554634,2.05,0.091,0.9913546711952781,0.08199772399634556,0.9992210483565734,0.091,0.9082919329561253
4902202,K04717.01,1,FALSE POSITIVE,0.405,216.456055,9.974652,3.61,0.53,-0.54,0.028585,0.001873,-0.00113,0.949,0.056,-0.052,5645,2.968847327350239,0.2617893398307331,-0.20059297795875375,5166,4902202,216.456,0.004,0.9891694378566904,0.7867112022069838,0.9596143016685846,0.004,0.9557758444619103
8320630,K04846.01,2,FALSE POSITIVE,0.0,19.254536,7.338132400000001,1.32,0.35,-0.12,0.013911,0.003378,-0.001887,1.042,0.091,-0.082,5668,1.5863883987855525,0.40937739363174064,-0.24878124712699717,6182,8320630,19.255,0.00086,0.991348103751217,0.12257191921520218,0.9987808291235859,0.00086,0.9979218776105396
8320630,K04846.02,1,CANDIDATE,0.862,32.526674,7.528005,1.26,0.34,-0.11,0.013319,0.000838,-0.001158,1.042,0.091,-0.082,5668,1.5188776567769946,0.16348597256278338,-0.1781174059945688,6183,8320630,32.527,0.039,0.9913143841998876,0.1483272327449563,0.9984740604103608,0.039,0.9595335720543567
3745690,K00442.01,1,CANDIDATE,0.982,13.54057461,42.19916,2.17,0.31,-0.26,0.019582,0.000507,-0.000359,1.085,0.049,-0.047,5767,2.325253142933551,0.12104483681454613,-0.10937471737667544,139,3745690,13.541,0.00033,0.9876592466801812,0.008521696414311239,0.9998926066522968,0.00033,0.9995626420921015
3745690,K00442.02,2,CANDIDATE,1.0,1.7323464030000002,33.456579999999995,1.37,0.19,-0.16,0.0123349999999999,0.000393,-0.0002299999999999,1.085,0.049,-0.047,5767,1.4647123643185131,0.08095285674970354,-0.06907675522312885,140,3745690,1.732,1.6e-05,0.990003344173405,0.013493416382647765,0.9998618852655768,1.6e-05,0.9998458874754126
3745690,K00442.03,3,CANDIDATE,0.868,7.0257409,15.921431,1.56,0.23,-0.18,0.014129,0.002189,-0.001547,1.085,0.049,-0.047,5767,1.677739845598414,0.2707495586752375,-0.19755165157033683,141,3745690,7.026,0.0014,0.9911934555964091,0.05486581204988529,0.9994842307552015,0.0014,0.9980849528321443
3836522,K05012.01,1,FALSE POSITIVE,0.0,1.540393027,46.5175,2.17,0.55,-0.36,0.021033,0.022312,-0.000878,0.933,0.071,-0.064,5466,2.1476639201013086,2.284116222054592,-0.17245562875010625,5876,3836522,1.54,1.0,0.9865744918062878,0.004955512468022858,0.9999322285267612,1.0,0.0
8552607,K05542.01,1,FALSE POSITIVE,0.0,1.061934307,22.867847,18.7,5.41,-1.81,0.197293,0.403041,-0.095908,0.867,0.065,-0.059,5853,18.720361450210795,38.26872956717018,-9.189070115341803,5939,8552607,1.062,1.0,0.9909463595352644,0.02966750583622427,0.9997206597234574,1.0,0.0
7219906,K06033.01,1,FALSE POSITIVE,0.0,35.08976902,247.66399,33.1,8.61,-2.86,0.358269,1.163272,-0.146752,1.12,0.086,-0.078,5603,43.914779841429656,142.62779288787348,-18.24624809141652,6032,7219906,35.09,1.0,1.5385807841362308e-06,1.6620258534201183e-09,0.9989197685840367,1.0,0.0
11134879,K00480.01,1,CANDIDATE,1.0,4.30165843,83.365845,2.42,0.55,-0.24,0.0255889999999999,0.004696,-0.000878,0.807,0.061,-0.055,5480,2.260009707887608,0.4485529400088416,-0.17244641077871012,279,11134879,4.302,0.0013,0.8642167084506042,0.00030520847959500223,0.999952031864301,0.0013,0.9986520942228775
2161949,K06259.01,1,CANDIDATE,0.813,4.78113942,8.089111,1.14,0.31,-0.22,0.009326,0.000654,-0.000727,1.047,0.08,-0.073,5683,1.0686255372829094,0.11082853808021949,-0.11176281386587086,6792,2161949,4.781,0.016,0.9913655668828152,0.09257153230468519,0.9991114844106619,0.016,0.9831257006600913
2161949,K06259.02,2,CANDIDATE,0.967,7.18864064,7.6470246,1.3,0.36,-0.24,0.010693,0.000681,-0.000924,1.047,0.08,-0.073,5683,1.225264086442864,0.12187698885760286,-0.1360444663983846,6793,2161949,7.189,0.39,0.9913673418491484,0.09922155507404963,0.9990408247157512,0.39,0.6094149030766082
2557816,K00488.01,1,CANDIDATE,1.0,9.3789167,36.6241,2.03,0.41,-0.27,0.023007,0.003639,-0.0013039999999999,0.969,0.074,-0.068,5684,2.4398730230776486,0.42853986075177497,-0.22008998262832666,323,2557816,9.379,1.7e-05,0.9893039696214464,0.012121540145045424,0.9998673378094514,1.7e-05,0.9998503400647085
4948863,K06479.01,1,FALSE POSITIVE,0.0,8.643550046,2281.505,38.21,7.98,-2.66,0.468421,0.070124,-0.066745,1.073,0.096,-0.086,5679,55.00719944753649,9.59329850026013,-8.992809588803778,6853,4948863,8.644,1.0,1.2542942146958141e-86,8.277110970086217e-78,0.0,1.0,0.0
6607644,K04159.01,1,CANDIDATE,0.987,0.971915957,14.952725,0.79,0.05,-0.07,0.008139,9.1e-05,-0.000712,0.886,0.04,-0.038,5197,0.7892020887553486,0.03670626150873453,-0.07689054737973,5181,6607644,0.972,0.00011,0.9912423270862423,0.05319693421733829,0.9995035953614112,0.00011,0.9993936499659214
7610663,K04160.01,1,CANDIDATE,0.987,3.03196812,14.200007,0.9,0.25,-0.14,0.008297,0.0004669999999999,-0.000361,0.971,0.042,-0.04,5755,0.8817059583280896,0.06258862807054029,-0.05282951477934916,5182,7610663,3.032,0.085,0.9912543332984308,0.05816429548649982,0.9994551347066661,0.085,0.9145014482565995
3645438,K04385.01,2,CANDIDATE,1.0,7.298141999999999,12.195742,1.6,0.09,-0.1,0.017565,0.0007099999999999,-0.001176,0.847,0.052,-0.049,5122,1.6282272548294738,0.11968301049228987,-0.14407047250183078,5284,3645438,7.298,0.00045,0.9912873264181034,0.07212640814079711,0.9993167850193354,0.00045,0.9988670924660767
3645438,K04385.02,1,CANDIDATE,0.911,386.370512,13.001594,2.96,0.17,-0.19,0.032485,0.0018399999999999,-0.001359,0.847,0.052,-0.049,5122,3.0112702745878424,0.2515335837177498,-0.21498250129490493,5318,3645438,386.371,0.0046,0.9683233698235565,0.9784001353456532,0.0,0.0046,0.0
3645438,K04385.03,3,CANDIDATE,0.946,17.369511199999998,8.176327,1.45,0.08,-0.09,0.0159319999999999,0.00244,-0.000843,0.847,0.052,-0.049,5122,1.4768526401333912,0.24367761845682845,-0.11578454656327718,5319,3645438,17.37,0.029,0.9913384723891563,0.11241840899338029,0.9988933719305656,0.029,0.9699254641445791
6186182,K04496.01,1,CANDIDATE,0.967,96.384483,9.164617,2.41,0.74,-0.24,0.022095,0.001442,-0.001471,0.884,0.075,-0.068,5919,2.1376161726025673,0.22880926053524833,-0.21746547590156518,4981,6186182,96.384,0.0012,0.9910029207055611,0.3222838343656319,0.9956826496715575,0.0012,0.9944878304919517
4844367,K04498.01,1,CANDIDATE,0.983,17.1622587,10.310347,22.42,2.72,-1.07,0.218648,6.729959,-0.012264,0.918,0.046,-0.044,5733,21.967045319154295,676.1438945528421,-1.62071803839979,4983,4844367,17.162,1.0,0.9912995289578198,0.09670661807596864,0.9990603519137169,1.0,0.0
6144039,K04602.01,1,CANDIDATE,0.961,2.85855049,10.196333,1.23,0.14,-0.13,0.011676,0.000575,-0.003668,0.969,0.045,-0.043,5440,1.2382299916310093,0.08381489868987194,-0.3928499877513699,5378,6144039,2.859,0.017,0.9913366683290664,0.07733748323786589,0.9992674944355736,0.017,0.9822799470301689
2976017,K04849.01,1,CANDIDATE,0.994,3.19938075,8.471165,0.62,0.1,-0.04,0.008036,0.0004799999999999,-0.000674,0.808,0.06,-0.055,5483,0.7106156118801913,0.06772126766302805,-0.07675977317521185,6185,2976017,3.199,0.014,0.9913630632979376,0.08785550164832451,0.9991608640586157,0.014,0.9851726119617951
6786224,K04850.01,1,CANDIDATE,0.999,3.04185157,9.081595,0.71,0.21,-0.07,0.007624,0.000442,-0.000569,0.945,0.041,-0.039,5802,0.7884935621696451,0.05709611109906087,-0.0672453525574488,6186,6786224,3.042,0.38,0.9913542551693656,0.08394345086399625,0.9992008320224417,0.38,0.6195045158539139
3854101,K05018.01,1,FALSE POSITIVE,0.0,293.5056071,49.642525,48.59,6.08,-6.09,0.442295,6.678814999999999,-0.26158,0.951,0.052,-0.049,5455,46.033712647322545,695.1303229372049,-27.328163584671266,5881,3854101,293.506,1.0,0.812906164778844,0.4085866610068985,0.8409945064362677,1.0,0.0
6511182,K05288.01,1,CANDIDATE,0.994,29.5632952,7.9092245,1.9,0.51,-0.16,0.0210169999999999,0.00158,-0.001464,0.885,0.073,-0.066,5595,2.0356234750975237,0.22718448755379012,-0.2077317870576608,5579,6511182,29.563,0.15,0.9913145631541611,0.13828071450551938,0.9985940302309282,0.15,0.848804925696289
6543192,K05297.01,1,CANDIDATE,0.962,8.0906952,7.458956,0.8,0.09,-0.05,0.008151,0.000679,-0.000737,0.917,0.041,-0.039,5372,0.8180195525893532,0.07733815008588234,-0.08173762804986155,5583,6543192,8.091,0.064,0.9913683174606787,0.10197887498773438,0.9990112554849718,0.064,0.9350745351339336
4078311,K04166.01,1,CANDIDATE,1.0,9.84262076,14.454476,2.41,0.58,-0.21,0.022683,0.001133,-0.001009,1.031,0.087,-0.079,5585,2.559426213834004,0.2509753021285569,-0.22676633582972283,5221,4078311,9.843,0.0057,0.991224678304402,0.06395730073613783,0.9993950974624488,0.0057,0.9936985454069128
7838675,K04169.01,1,FALSE POSITIVE,0.0,1.005205893,13.766089,0.85,0.23,-0.08,0.009003,0.000468,-0.000455,0.96,0.075,-0.068,5718,0.945892841681349,0.0887614163001246,-0.0823063874573671,5224,7838675,1.005,0.00025,0.9912709158156124,0.05802833532793666,0.9994575264209875,0.00025,0.9992076620393823
6525280,K04277.01,1,FALSE POSITIVE,0.0,1.7103198119999998,16.312979000000002,0.56,0.07,-0.03,0.006258,8.3e-05,-0.000398,1.176,0.051,-0.048,5774,0.8054272819028441,0.03652623440270926,-0.06086575997211364,4927,6525280,1.71,0.23,0.9912025834202407,0.048760691562046196,0.9995450404349117,0.23,0.769649681134882
4861784,K04278.01,1,FALSE POSITIVE,0.0,5.62978034,13.255269,1.61,0.36,-0.15,0.017539,0.000868,-0.0006349999999999,0.823,0.077,-0.069,5497,1.579749108497986,0.16720532143398478,-0.14426737752688426,4928,4861784,5.63,0.0024,0.9912686415519757,0.06502789390302371,0.9993873795582202,0.0024,0.9969888498472805
5444548,K00409.01,1,CANDIDATE,1.0,13.24931848,74.35540999999999,2.86,0.43,-0.34,0.0243229999999999,0.001754,-0.001066,1.068,0.049,-0.046,5799,2.8429671933677207,0.242990490560423,-0.17469601961011075,587,5444548,13.249,0.00043,0.9246414823562786,0.0007161767459410216,0.9999415895795841,0.00043,0.9995116146960649
8109107,K04501.01,1,FALSE POSITIVE,0.0,6.67410577,11.537556,1.62,0.47,-0.26,0.014216,0.000533,-0.003182,1.191,0.101,-0.092,5949,1.8529881070979108,0.1718112532671966,-0.4387625645227976,5021,8109107,6.674,0.00025,0.9913026637580395,0.07482616036521288,0.9992904057241535,0.00025,0.9990405831227225
10907132,K04503.01,1,CANDIDATE,1.0,5.89089509,8.614958,1.54,0.47,-0.15,0.015019,0.000826,-0.000959,1.012,0.095,-0.085,5869,1.6634317454694185,0.18097730524238406,-0.1755043299263919,5022,10907132,5.891,0.00045,0.9913556461832339,0.090834822446354,0.9991288105081284,0.00045,0.9986792025433998
6520753,K04504.01,1,CANDIDATE,0.995,4.13029832,10.777867,1.44,0.33,-0.14,0.016301,0.001241,-0.001231,0.876,0.075,-0.068,5490,1.5627942664862822,0.1790473749017697,-0.16924796589711727,5023,6520753,4.13,0.00017,0.9913235372031212,0.07576303067951894,0.999282534051571,0.00017,0.9991126560207823
6520753,K04504.02,2,CANDIDATE,0.809,8.119342999999999,9.522111,1.5,0.34,-0.15,0.016902,0.001455,-0.001299,0.876,0.075,-0.068,5490,1.6204127778756607,0.19673648635230082,-0.17700657485954968,5024,6520753,8.119,0.048,0.9913363410224109,0.08835477319736758,0.9991529979217383,0.048,0.9511936540214948
8573168,K04610.01,1,FALSE POSITIVE,0.001,0.89628253,10.303943,0.76,0.19,-0.07,0.008471,0.000536,-0.000416,0.878,0.07,-0.063,5561,0.813977974232318,0.08285011088087917,-0.070775379316972,5417,8573168,0.896,0.027,0.9913392097427258,0.07431939910707704,0.9992985830372532,0.027,0.9723175212952473
10220837,K04613.01,1,CANDIDATE,0.934,1.962282625,10.950456,0.81,0.22,-0.12,0.0075489999999999,0.000419,-0.000469,0.822,0.035,-0.033,5726,0.6791171508620599,0.047507514694358835,-0.050234099687092686,5420,10220837,1.962,0.017,0.9913255793672678,0.07221948714597427,0.9993188648087246,0.017,0.9823304441069762
8360041,K04854.01,1,CANDIDATE,0.984,2.63527677,7.9871445,0.76,0.05,-0.06,0.008055,0.002778,-0.000676,0.817,0.035,-0.033,5215,0.7202297507393656,0.2503010623257196,-0.06708027653639673,5520,8360041,2.635,0.027,0.9913709805350092,0.09006790398856816,0.9991384384307257,0.027,0.972161700593096
6425597,K04861.01,1,CANDIDATE,0.977,29.1206519,8.623144,1.6,0.38,-0.14,0.01865,0.00118,-0.001566,1.092,0.097,-0.088,5671,2.2288709822552226,0.24307548471992116,-0.2593999136783609,5526,6425597,29.121,0.069,0.9913017665939136,0.13096201250460285,0.9986776946453882,0.069,0.9297689337148565
6615600,K05307.01,1,FALSE POSITIVE,0.0,2.19509634,12.670282,1.32,0.35,-0.11,0.013793,0.000798,-0.000695,0.84,0.081,-0.072,5799,1.2680064944626228,0.1425913790777295,-0.12607502983249602,5620,6615600,2.195,0.0024,0.9912915332579673,0.06407394989899477,0.9993985766814331,0.0024,0.9970000200973976
6675757,K05310.01,1,CANDIDATE,0.982,22.2903562,7.840215,1.13,0.16,-0.1,0.010324,0.000842,-0.001004,0.985,0.043,-0.04,5596,1.1129295711678833,0.10295275391931186,-0.11728870572290079,5622,6675757,22.29,0.21,0.9913331536844496,0.12420639905494557,0.9987601085415917,0.21,0.7890204857478574
8891684,K05581.01,1,CANDIDATE,0.968,374.878133,14.203887,4.27,1.07,-1.18,0.028862,0.0068099999999999,-0.00168,0.815,0.061,-0.056,5636,2.5743493772023656,0.6372469038197385,-0.2318267842268503,6018,8891684,374.878,0.0038,0.9689583181655889,0.9729863067286285,0.0,0.0038,0.0
9583881,K00467.01,1,CANDIDATE,1.0,18.00932214,230.01062,4.96,1.57,-0.39,0.05176,0.002682,-0.0013599999999999,1.077,0.084,-0.076,5815,6.100893258243141,0.5712741870886255,-0.4593934886970482,351,9583881,18.009,7.2e-06,9.381804464471452e-06,4.788365652128923e-09,0.9994896162279143,7.2e-06,0.9994824199026775
7830321,K06044.01,1,FALSE POSITIVE,0.0,2.027383251,80.96738,31.12,8.28,-4.84,0.3256739999999999,6.036745,-0.050052,1.234,0.106,-0.096,5544,43.98268150975332,815.2787255671263,-7.576265575863968,6079,7830321,2.027,1.0,0.8890271042287449,0.000352670586619581,0.9999559623285288,1.0,0.0
11192998,K00481.01,1,CANDIDATE,1.0,7.650243512999999,68.67351,2.3,0.45,-0.18,0.028274,0.000481,-0.000193,0.782,0.036,-0.034,5409,2.4197888005914927,0.11875979311548922,-0.10649694367438141,280,11192998,7.65,4.1e-07,0.9530458082052922,0.0010046669800109962,0.9999504527832678,4.1e-07,0.9999500428035821
11192998,K00481.02,2,CANDIDATE,1.0,1.55400389,55.116364,1.59,0.31,-0.12,0.019515,0.00036,-0.000157,0.782,0.036,-0.034,5409,1.6701626385917445,0.08283063892734872,-0.07384844083776287,281,11192998,1.554,3.2e-06,0.9807785772601785,0.002560516461686816,0.9999496898542239,3.2e-06,0.9999464900152164
11192998,K00481.03,3,CANDIDATE,1.0,34.25951418,43.793594,2.41,0.46,-0.19,0.029532,0.000757,-0.000389,0.782,0.036,-0.034,5409,2.527452884596023,0.13317439041810294,-0.11482162439258481,316,11192998,34.26,2.1e-06,0.9858103598391862,0.010855973319172724,0.9998420254092438,2.1e-06,0.9998399257409905
9490653,K04173.01,1,FALSE POSITIVE,0.0,1.227986164,13.674689,1.17,0.31,-0.17,0.011491,0.000356,-0.0008869999999999,0.845,0.069,-0.062,5746,1.0626689453026679,0.09280964936850766,-0.11317295326804008,5228,9490653,1.228,0.061,0.99127233278067,0.05863217008162516,0.9994516197446819,0.061,0.9384850709402563
8324518,K04393.01,1,CANDIDATE,0.936,1.62888267,11.443328,0.92,0.19,-0.08,0.010339,0.000627,-0.0006259999999999,1.119,0.093,-0.084,5398,1.266170169534986,0.13026776419380195,-0.12211192734511532,5328,8324518,1.629,0.0045,0.9913173572679018,0.06933318256895195,0.999347491569534,0.0045,0.9948504278574711
5802637,K04398.01,1,CANDIDATE,0.979,7.3422467,10.581186,1.6,0.34,-0.14,0.017463,0.001096,-0.001074,0.838,0.072,-0.065,5573,1.6015714865655675,0.1704077039445529,-0.15853824163025138,5365,5802637,7.342,0.047,0.9913193836303139,0.08096754122533205,0.9992285335106117,0.047,0.9522647924356129
8345384,K04399.01,1,CANDIDATE,0.958,42.1003351,13.519419,1.42,0.16,-0.07,0.0158449999999999,0.002758,-0.002548,0.833,0.034,-0.033,5595,1.4445104918355058,0.2582535922422062,-0.23923366875724275,5366,8345384,42.1,0.44,0.9911197543242656,0.11509800875164458,0.9988346094653078,0.44,0.5593473813005724
6850504,K00070.03,3,CANDIDATE,0.563,77.6114427,75.38519000000001,2.59,0.29,-0.23,0.02568,0.000598,-0.000273,0.887,0.037,-0.035,5465,2.492884141706519,0.1190934490143581,-0.10187376640285833,522,6850504,77.611,1e-05,0.8462619815858421,0.0020682730506000626,0.9996234839522152,1e-05,0.9996134877173758
6850504,K00070.01,1,CANDIDATE,1.0,10.854095934000002,203.21265,2.99,0.33,-0.27,0.029604,0.001495,-0.000524,0.887,0.037,-0.035,5465,2.8738061577523277,0.18823476539648104,-0.12428345636551325,520,6850504,10.854,6.6e-06,0.00011654982585165292,3.329358470646752e-08,0.9997143736148034,6.6e-06,0.9997077754999376
6850504,K00070.02,2,CANDIDATE,1.0,3.696121272,108.19572,1.78,0.19,-0.16,0.017627,0.000379,-0.000113,0.887,0.037,-0.035,5465,1.7111397494494087,0.08030197548990531,-0.06840487193667864,521,6850504,3.696,3.7e-06,0.4140326239334895,4.4531621420191805e-05,0.9999369729873676,3.7e-06,0.9999332732205675
6850504,K00070.04,4,CANDIDATE,0.999,6.09855603,16.530762,0.84,0.09,-0.08,0.008309,0.000339,-0.0002379999999999,0.887,0.037,-0.035,5465,0.8065955737320665,0.047063985531610494,-0.039328949462557126,523,6850504,6.099,8.1e-05,0.9911785453082047,0.05166948871439953,0.9995150881967354,8.1e-05,0.9994341274745915
6850504,K00070.05,5,CANDIDATE,0.963,19.5776073,12.244888,0.9,0.1,-0.08,0.008912,0.0004509999999999,-0.000312,0.887,0.037,-0.035,5465,0.8651317550969042,0.05673699666826825,-0.045636247813893575,524,6850504,19.578,0.0042,0.9912487568486935,0.0878139763937336,0.9991501009873847,0.0042,0.9949536705632377
4545570,K04506.01,1,CANDIDATE,0.997,5.60473115,10.654026,1.11,0.19,-0.09,0.013128,0.000795,-0.000789,0.893,0.075,-0.068,5401,1.2830201662471683,0.13284658669876198,-0.12446331150842038,5026,4545570,5.605,0.00093,0.9913222543344673,0.07829931990750201,0.9992563644498385,0.00093,0.9983270560309001
9216775,K04513.01,1,CANDIDATE,0.872,3.91794676,11.472025,0.94,0.11,-0.04,0.009856,0.000462,-0.000691,0.874,0.041,-0.038,5500,0.9427479204631262,0.0625197879679918,-0.07777362993157726,5064,9216775,3.918,0.0002,0.9913110869545303,0.07184979489949238,0.9993214798406794,0.0002,0.9991216155447114
5955621,K04624.01,1,FALSE POSITIVE,0.0,14.0801852,9.391261,1.04,0.16,-0.06,0.008751,0.000645,-0.001149,0.998,0.043,-0.04,5984,0.9558102439277623,0.08160275714866326,-0.13121405430624505,5427,5955621,14.08,0.38,0.9913248907960567,0.09813074527987298,0.9990478169307134,0.38,0.6194096464970423
6468904,K04743.01,1,CANDIDATE,0.998,49.5387264,10.238926,20.52,4.61,-1.54,0.251507,6.7874490000000005,-0.086467,0.933,0.073,-0.066,5683,25.68119191522464,693.0642605279394,-9.014043435604922,5082,6468904,49.539,0.99,0.9911957833800672,0.16040521935813612,0.9983030070465136,0.99,0.009983030070465145
11805075,K00436.01,1,CANDIDATE,0.804,199.83920527,624.0963,21.48,4.95,-1.75,0.2263929999999999,0.003101,-0.0031079999999999,1.22,0.095,-0.086,5457,30.227781953498603,2.389941089810351,-2.170843394016814,96,11805075,199.839,0.9,3.0323256171729225e-22,7.679046926965865e-21,0.0,0.9,0.0
4276114,K05054.01,1,FALSE POSITIVE,0.0,3.722404453,1533.95,144.2,34.47,-14.8,1.652686,5.99455,-0.370986,1.048,0.098,-0.088,5747,189.55493100453057,687.7737647861386,-45.42983960091671,5927,4276114,3.722,,4.0907832556929774e-57,8.135101205682491e-53,0.0,1.0,0.0
9011877,K05597.01,1,CANDIDATE,0.996,7.77710639,10.173459,0.73,0.03,-0.06,0.007848,0.000504,-0.000589,0.868,0.036,-0.034,5067,0.745524937830355,0.056994291346744684,-0.06311464800945586,6023,9011877,7.777,0.00026,0.9913257664419733,0.08392713330885418,0.9991983457738552,0.00026,0.998938554203954
9026007,K05602.01,1,FALSE POSITIVE,0.313,403.163148,8.940252000000001,2.49,0.43,-0.11,0.023645,0.001474,-0.001295,0.985,0.05,-0.047,5812,2.5489364306726654,0.20491361136715702,-0.1851513206705977,6025,9026007,403.163,0.069,0.9718362352024804,0.9856645970590034,0.0,0.069,0.0
7977197,K00459.01,1,CANDIDATE,1.0,19.44639139,73.35643,3.24,0.89,-0.48,0.031094,0.001709,-0.003128,1.152,0.053,-0.05,5815,3.920238856279889,0.28098847090806345,-0.4295085714266175,229,7977197,19.446,0.011,0.9256652718175712,0.0008632350357724928,0.999930618784224,0.011,0.9889313819775974
7977197,K00459.02,2,CANDIDATE,1.0,6.91986988,21.593683,1.39,0.38,-0.2,0.0133669999999999,0.001335,-0.001524,1.152,0.053,-0.05,5815,1.6852715247923358,0.1853125927860472,-0.20559321092273136,230,7977197,6.92,7.1e-05,0.9909720509147387,0.03607148425083319,0.9996590843958781,7.1e-05,0.999588108600886
11152511,K05874.01,1,CANDIDATE,0.534,287.33114,15.635027,2.07,0.26,-0.25,0.018829,0.000332,-0.001241,1.203,0.052,-0.05,5422,2.4789989249150515,0.11572769519495357,-0.1931624660581,5719,11152511,287.331,0.97,0.9823902685991313,0.890872750483057,0.8536640113666096,0.97,0.02560992034099831
11341314,K05887.01,1,FALSE POSITIVE,0.0,9.8338474,9.949767,0.98,0.15,-0.12,0.007489,0.001045,-0.0005549999999999,1.108,0.049,-0.047,5934,0.908127958784294,0.13293019740322734,-0.07754503846037032,5722,11341314,9.834,1.0,0.9913249139837095,0.08814818767996337,0.9991540457225652,1.0,0.0
4150703,K06389.01,1,FALSE POSITIVE,0.0,8.653237800000001,7.215924,0.96,0.12,-0.04,0.010289,0.000846,-0.000837,0.906,0.046,-0.044,5561,1.020198828624465,0.09858838582810625,-0.0966566812950158,6536,4150703,8.653,0.22,0.9913706743939802,0.10463681044680391,0.9989827538712795,0.22,0.7792065480195981
4454752,K00496.01,1,CANDIDATE,1.0,1.616883373,40.888733,4.47,1.01,-2.18,0.022557,0.000496,-0.00345,0.847,0.037,-0.035,4868,2.09097194347785,0.10226029989027037,-0.33127207808850384,1026,4454752,1.617,0.81,0.9885465551140684,0.007637773027039455,0.9999108265587717,0.81,0.18998305704616658
9946525,K00398.01,1,CANDIDATE,0.963,51.84688984,188.06175,8.73,0.7,-0.42,0.095348,0.0007469999999999,-0.001326,0.815,0.039,-0.037,5228,8.504575719544423,0.4123855926595895,-0.4038063442012066,509,9946525,51.847,0.0092,0.0002824289909250751,2.214866726187224e-07,0.9992160005717596,0.0092,0.9900232133664995
9946525,K00398.02,2,CANDIDATE,1.0,4.180048081,102.849686,3.44,0.27,-0.17,0.037538,0.000838,-0.000584,0.815,0.039,-0.037,5228,3.3482061853448277,0.1767982760645884,-0.16068203425977842,510,9946525,4.18,2.1e-05,0.5321401942990706,6.782446053161093e-05,0.9999403644159174,2.1e-05,0.9999193656682646
9946525,K00398.03,3,CANDIDATE,1.0,1.7293670769999998,36.352104,1.82,0.15,-0.09,0.019899,0.000599,-0.00049,0.815,0.039,-0.037,5228,1.7748935713723886,0.10034065382591083,-0.09166783792027657,511,9946525,1.729,1.1e-05,0.98954713232303,0.010822535897872774,0.9998844276911115,1.1e-05,0.9998734289624069
10063208,K04292.01,1,CANDIDATE,0.995,9.3281912,11.1252775,0.59,0.09,-0.03,0.006063,0.000354,-0.000298,1.056,0.044,-0.042,5524,0.7007045572615151,0.050261306580284965,-0.04430342688616426,4973,10063208,9.328,0.014,0.9913039096100122,0.08046822478406886,0.9992323294052717,0.014,0.9852430767935979
2831055,K04400.01,1,CANDIDATE,0.995,2.20923119,11.010214,0.84,0.26,-0.11,0.007076,0.000392,-0.000376,1.072,0.046,-0.044,5991,0.8301681459854013,0.05817283661231837,-0.055740417737690964,5367,2831055,2.209,0.00018,0.9913239158846915,0.07220420570530017,0.9993188884178457,0.00018,0.9991390110179305
7703882,K04403.01,1,CANDIDATE,1.0,5.88350251,11.783633,1.27,0.37,-0.12,0.013655,0.000774,-0.0009029999999999,1.031,0.1,-0.089,5840,1.5407558501919203,0.17309068552305412,-0.16754579407771392,5368,7703882,5.884,0.015,0.9912998047944018,0.07257505306227971,0.9993131963975607,0.015,0.9843234984515973
10003058,K04519.01,1,CANDIDATE,0.898,148.568877,9.631365,5.97,1.14,-1.94,0.0183289999999999,0.001318,-0.000976,1.208,0.061,-0.058,5810,2.423199446639806,0.21291999327130381,-0.17374056729144458,5068,10003058,148.569,0.29,0.9905097756076008,0.535506648462778,0.9889540498197742,0.29,0.7021573753720396
6311891,K04627.01,1,CANDIDATE,0.944,7.51731745,9.023955,1.19,0.15,-0.07,0.011854,0.000725,-0.000859,0.93,0.043,-0.041,5520,1.2065111147118048,0.09250456588779335,-0.10233854700432853,5463,6311891,7.517,0.086,0.9913458876389915,0.09061285923296986,0.9991301620610469,0.086,0.9132049681237969
6520519,K04749.01,1,CANDIDATE,0.825,1.97650073,8.173038499999999,0.97,0.31,-0.1,0.009654,0.000659,-0.000642,0.998,0.085,-0.077,5792,1.0544385892902088,0.11509171125021066,-0.10740357086759159,5121,6520519,1.977,0.00071,0.9913696052848759,0.08795969134099453,0.9991604148991627,0.00071,0.9984510110045843
11904151,K00072.01,2,FALSE POSITIVE,0.0,0.837491225,30.367825,1.43,0.08,-0.06,0.012545,0.00026,-0.000149,1.087,0.046,-0.044,5676,1.492394587764284,0.07032300219406393,-0.06295655899143356,525,11904151,0.837,0.00017,0.990386932867512,0.016795271305631933,0.9998341940395595,0.00017,0.9996642222265728
11904151,K00072.02,1,CANDIDATE,0.982,45.29422297,93.40869,2.26,0.12,-0.09,0.019806,0.000328,-0.000128,1.087,0.046,-0.044,5676,2.356187102850491,0.10707292650646816,-0.09658256823861422,526,11904151,45.294,9.9e-05,0.6200285918123352,0.00029108914606338184,0.9998215602318193,9.9e-05,0.9997225778973564
4478142,K05067.01,1,CANDIDATE,0.898,219.931324,9.900649,2.3,0.29,-0.14,0.023063,0.002006,-0.002919,0.836,0.038,-0.036,5564,2.1101121205008813,0.20708670030604834,-0.28210389588868695,5964,4478142,219.931,0.79,0.9890860705824073,0.797559006427299,0.9565278200679395,0.79,0.20087084221426726
6869373,K05331.01,1,CANDIDATE,0.884,31.5034587,7.505692999999999,1.17,0.11,-0.05,0.012966,0.001021,-0.001235,1.122,0.067,-0.063,5268,1.592143946073496,0.157344898057402,-0.1760394762442177,5665,6869373,31.503,0.11,0.9913173437401247,0.14626640673323338,0.9984994097332196,0.11,0.8886644746625655
9141355,K05622.01,1,CANDIDATE,0.954,469.61309000000006,13.892415,3.24,0.64,-0.28,0.038837,0.000267,-0.0070819999999999,0.863,0.054,-0.051,5474,3.6680895225113264,0.23090243458378454,-0.7031313963195966,6066,9141355,469.613,0.0011,0.9263247084084822,0.9904600268555763,0.0,0.0011,0.0
8364115,K06056.01,1,FALSE POSITIVE,0.0,7.73590441,52.450905000000006,21.3,6.54,-1.73,0.2267949999999999,6.708017,-0.097204,0.889,0.066,-0.059,5927,22.065749945491437,652.6505964873853,-9.570056572494355,6125,8364115,7.736,0.98,0.9824256233713735,0.0035056498200167897,0.9999370676513994,0.98,0.019998741353028007
4274071,K06399.01,1,CANDIDATE,0.827,6.76890076,8.565714999999999,1.24,0.34,-0.23,0.010077,0.000683,-0.000638,1.243,0.147,-0.126,5737,1.3708370788289703,0.1868558862331661,-0.16383581665182367,6578,4274071,6.769,0.00056,0.9913546312787556,0.09244592098633375,0.9991116794253645,0.00056,0.9985521768848863
7257966,K04185.01,1,CANDIDATE,0.992,3.035206175,14.005139000000002,3.59,0.8,-0.37,0.037643,0.015802,-0.009981,0.84,0.072,-0.065,5505,3.46056466838661,1.4826697405063065,-0.9558412281137516,5272,7257966,3.035,0.47,0.9912590384657227,0.0589956988524918,0.9994471583043861,0.47,0.5297069939013247
7661893,K04296.01,1,CANDIDATE,0.992,2.49385348,10.817567,0.59,0.06,-0.05,0.006317,0.000397,-0.000367,0.97,0.041,-0.038,5615,0.670603887647873,0.050790190848190545,-0.04699007736120709,5010,7661893,2.494,0.35,0.9913267032969266,0.07354810223973761,0.9993054300431182,0.35,0.6495485295280269
12107008,K04297.01,1,FALSE POSITIVE,0.0,5.93725628,14.451204999999998,0.86,0.13,-0.12,0.009854,0.000398,-0.0005099999999999,1.06,0.079,-0.072,5428,1.143146468034231,0.09690346006051503,-0.09761953470964263,5011,12107008,5.937,0.68,0.9912383964391558,0.059950159920245265,0.9994363040062684,0.68,0.3198196172820058
5308537,K04409.01,1,CANDIDATE,0.999,14.2651545,11.675163,1.06,0.18,-0.18,0.00749,0.0003259999999999,-0.000432,1.239,0.054,-0.052,5825,1.0156324765605336,0.06255771736307367,-0.07244564018277111,5406,5308537,14.265,0.0029,0.9912786490478845,0.08387115774857329,0.9991945397865114,0.0029,0.9962968756211306
6891513,K04413.01,1,FALSE POSITIVE,0.002,9.9398272,10.994687,101.71,31.23,-10.38,0.989789,0.0,0.0,1.13,0.103,-0.093,5798,122.4065118060974,11.157407713299143,-10.074164245988547,5410,6891513,9.94,1.0,0.9913049021320699,0.08202857654742714,0.9992162036544967,1.0,0.0
5003670,K04524.01,1,CANDIDATE,1.0,7.99144696,10.7262335,1.53,0.23,-0.12,0.01394,0.000417,-0.0034509999999999,0.84,0.042,-0.04,5702,1.2815203750314623,0.07466813868225831,-0.32307027073432076,5072,5003670,7.991,0.00085,0.9913150703121919,0.08099202215413992,0.9992278928769087,0.00085,0.9983785491679633
5003670,K04524.02,2,CANDIDATE,0.607,4.52628739,9.255154,1.02,0.15,-0.08,0.009313,0.000754,-0.000373,0.84,0.042,-0.04,5702,0.8561548961741756,0.08146915997159813,-0.053272511603234804,5073,5003670,4.526,0.0016,0.9913484944454722,0.08494348269955417,0.9991898834878922,0.0016,0.9975911796743115
5003670,K04524.03,3,CANDIDATE,0.989,3.33930957,8.40802,1.2,0.18,-0.09,0.010966,0.001784,-0.002409,0.84,0.042,-0.04,5702,1.0081171042033727,0.17157637540505793,-0.22660544123553455,5074,5003670,3.339,0.00017,0.9913637119489566,0.0884459418170869,0.9991547414288393,0.00017,0.9989848851227964
3765917,K04526.01,1,CANDIDATE,0.924,30.539293100000005,11.202491,2.72,0.46,-0.5,0.01877,0.000821,-0.001039,1.224,0.084,-0.078,5812,2.5143697671784544,0.20462267369875972,-0.21223776266853936,5108,3765917,30.539,0.00078,0.9912385368965828,0.11244062471437496,0.998880241694351,0.00078,0.9981011151058293
3765917,K04526.02,2,CANDIDATE,1.0,11.8187288,8.598025999999999,2.09,0.35,-0.38,0.014436,0.000267,-0.001397,1.224,0.084,-0.078,5812,1.933800850239114,0.13744696679998172,-0.2240686137000325,5109,3765917,11.819,0.011,0.9913436008007026,0.10000882459918811,0.9990296841164625,0.011,0.9880403575911815
9873759,K04635.01,1,FALSE POSITIVE,0.0,4.99473798,15.130614,0.82,0.17,-0.06,0.009222,0.000177,-0.000655,0.884,0.065,-0.059,5406,0.8921971642335765,0.0678008480559197,-0.0869568275977835,5470,9873759,4.995,0.47,0.9912236725894442,0.05617391793491801,0.9994730324264592,0.47,0.5297207071860234
8938937,K04758.01,3,FALSE POSITIVE,0.406,37.1083458,7.907230999999999,1.71,0.44,-0.14,0.018237,0.000538,-0.002509,0.787,0.072,-0.065,5591,1.570766339714951,0.15099049043666501,-0.2520530099648216,5128,8938937,37.108,0.04,0.9912948838467549,0.1550111064220379,0.998389044584874,0.04,0.958453482801479
7949593,K04759.01,1,CANDIDATE,0.929,17.7662938,9.780214,1.54,0.23,-0.08,0.014903,0.0021149999999999,-0.003075,0.921,0.056,-0.052,5724,1.5021620546658696,0.23192577484021118,-0.3213419738425229,5129,7949593,17.766,0.0044,0.9913084939415769,0.10130441497133812,0.9990116700084664,0.0044,0.9946160186604291
9935642,K04885.01,1,CANDIDATE,1.0,9.33955596,9.466705,2.67,0.78,-0.58,0.022231,0.0015019999999999,-0.00924,0.75,0.058,-0.053,5516,1.8247514512018628,0.18738381127805925,-0.7693159819028035,5609,9935642,9.34,0.14,0.99133454313035,0.09046290411262649,0.9991305965993799,0.14,0.8592523130754667
4813750,K05088.01,1,CANDIDATE,0.627,49.1782244,7.6310887,1.79,0.37,-0.25,0.019512,0.001126,-0.001594,1.057,0.094,-0.085,5674,2.2571490071734206,0.23928902705652447,-0.25874228753838374,5972,4813750,49.178,0.00061,0.9912659274733484,0.18834791239696788,0.9979553568761432,0.00061,0.9973466041084488
7047299,K05351.01,1,FALSE POSITIVE,0.0,35.882272887,3918.9077,35.21,9.67,-2.6,0.397063,0.0445399999999999,-0.000917,1.086,0.082,-0.074,5840,47.19246913582305,6.381313204800859,-3.2175395519981924,5706,7047299,35.882,1.0,2.3350131115048517e-151,2.006762140080617e-132,0.0,1.0,0.0
11716643,K05929.01,1,CANDIDATE,0.939,466.002988,42.02669,4.92,1.32,-0.43,0.051475,0.005874,-0.005614,1.059,0.05,-0.048,5830,5.9658972741788325,0.7367610114587375,-0.7046098046414027,5767,11716643,466.003,0.2,0.5308183053099357,0.9585653395684638,0.0,0.2,0.0
4357985,K06406.01,1,FALSE POSITIVE,0.0,8.65298599,10.339706,1.36,0.17,-0.15,0.016628,0.001348,-0.001139,0.904,0.073,-0.066,5210,1.6450984832620188,0.18823947698717686,-0.16469394543900678,6585,4357985,8.653,0.73,0.9913206508446796,0.08413594308072099,0.9991956898340484,0.73,0.26978283625519306
5171707,K06532.01,1,CANDIDATE,1.0,0.813998812,9.265632,1.36,0.38,-0.2,0.012555,0.001396,-0.0007019999999999,1.094,0.097,-0.087,5705,1.5032025184054871,0.21377710415547665,-0.14613222088836614,6282,5171707,0.814,0.12,0.9913559291219199,0.07990768690682344,0.9992427385167161,0.12,0.8793336098947101
9828127,K04192.01,1,CANDIDATE,1.0,18.0541469,15.734565,1.51,0.18,-0.09,0.015187,0.000711,-0.0005639999999999,0.942,0.045,-0.043,5505,1.5656920679901836,0.10472374624860203,-0.09213480194388993,5312,9828127,18.054,0.00061,0.9911532560284912,0.06682315837795141,0.9993608457326127,0.00061,0.9987512356167159
9828127,K04192.02,2,CANDIDATE,0.995,32.0273169,7.998034,1.14,0.15,-0.06,0.011529,0.000717,-0.001019,0.942,0.045,-0.043,5505,1.1885733753775483,0.0932084053118809,-0.1182361761383208,5313,9828127,32.027,0.0049,0.9913065778322799,0.14272593901428438,0.9985399557845084,0.0049,0.9936471100011642
8507475,K04300.01,1,CANDIDATE,1.0,3.58273837,12.543833,1.64,0.37,-0.16,0.017176,0.001297,-0.0008939999999999,0.677,0.059,-0.053,5448,1.2726065546186762,0.14674811740236085,-0.11963802756828155,5014,8507475,3.583,0.031,0.991290342044018,0.06616446435756121,0.9993774781068332,0.031,0.9683967762855213
12734396,K04303.01,1,FALSE POSITIVE,0.0,200.721168,9.691528,3.32,0.53,-0.58,0.025993,0.001669,-0.001155,0.898,0.051,-0.048,5564,2.5545605382897056,0.21898265267311914,-0.17756679340389062,5018,12734396,200.721,0.012,0.9896222502472287,0.7412965308348851,0.9699514542879407,0.012,0.9583120368364855
12647577,K04530.01,1,CANDIDATE,0.999,12.636204800000002,9.943496,1.1,0.16,-0.07,0.010119,0.00058,-0.0007469999999999,1.024,0.046,-0.044,5766,1.1340207681852503,0.08258379966205859,-0.09686376890265792,5113,12647577,12.636,0.024,0.9913182662423166,0.09226313467632394,0.9991098532984595,0.024,0.9751312168192964
11655826,K04643.01,1,CANDIDATE,1.0,5.59346375,9.279454,1.43,0.46,-0.15,0.0140419999999999,0.000965,-0.001068,0.787,0.062,-0.057,5874,1.209447877516981,0.1264384210841508,-0.12702318648974237,4815,11655826,5.593,0.021,0.9913458574025518,0.08627746816032644,0.9991757064368919,0.021,0.9781930166017172
10189546,K00427.01,1,CANDIDATE,1.0,24.61480613,53.93441800000001,4.2,0.45,-0.5,0.038975,0.00502,-0.00086,0.828,0.037,-0.035,5313,3.5318310171784546,0.4815015304848802,-0.16840875706346883,45,10189546,24.615,0.022,0.9788284868732003,0.0042147447570951785,0.999908451573174,0.022,0.9779104656385641
10189546,K00427.02,2,CANDIDATE,1.0,42.949522,27.550690000000003,2.98,0.32,-0.35,0.027673,0.000976,-0.0005099999999999,0.828,0.037,-0.035,5313,2.507667985590234,0.14275531972954159,-0.11563707595907455,46,10189546,42.95,0.00026,0.990067061397178,0.04286321686490825,0.9995507129574308,0.00026,0.9992908297720619
10189546,K00427.03,3,CANDIDATE,0.995,117.033521,13.216369,2.68,0.29,-0.32,0.024911,0.001121,-0.000703,0.828,0.037,-0.035,5313,2.257381461678832,0.1431588502024675,-0.11473167564834508,47,10189546,117.034,0.0018,0.9905610571483573,0.33410759528756473,0.9952189377994876,0.0018,0.9934275437114485
10937029,K00433.01,2,CANDIDATE,1.0,4.030466786,218.61652,4.48,0.42,-0.21,0.048052,0.00073,-0.000195,0.872,0.042,-0.04,5234,4.585760920714825,0.23160015691167377,-0.2111775611004246,55,10937029,4.03,5.2e-07,3.121882224899869e-05,8.995874303501475e-09,0.9997118535263093,5.2e-07,0.9997113336761455
10937029,K00433.02,1,CANDIDATE,0.992,328.240201,225.933,10.99,1.03,-0.51,0.1178839999999999,0.0005059999999999,-0.000636,0.872,0.042,-0.04,5234,11.250059110495837,0.5440080978115833,-0.519614820999243,89,10937029,328.24,0.012,3.310537047957255e-07,1.606335723189773e-06,0.0,0.012,0.0
10221505,K04768.01,1,CANDIDATE,0.957,3.43633133,9.665986,1.44,0.12,-0.13,0.020187,0.001292,-0.00161,0.852,0.071,-0.064,5201,1.8823259669645103,0.19778443114919314,-0.20622740744920756,5914,10221505,3.436,0.31,0.9913442046543485,0.08106414691030535,0.9992297598946693,0.31,0.6894685343273218
10747501,K04891.01,1,CANDIDATE,0.983,4.7309013,10.886312,1.39,0.43,-0.14,0.0139949999999999,0.000592,-0.001093,0.944,0.086,-0.077,5941,1.4458670236596927,0.1452278122646677,-0.16327935924754947,5612,10747501,4.731,0.00041,0.9913201064743277,0.07592341775903144,0.999280603586436,0.00041,0.9988708985389655
12416597,K04895.01,1,CANDIDATE,0.921,12.460565,7.6062803,1.1,0.11,-0.09,0.010763,0.0008039999999999,-0.0007379999999999,0.891,0.043,-0.041,5438,1.0495291370028947,0.09333854228666279,-0.08666753211137959,5616,12416597,12.461,0.0025,0.9913578018089507,0.10819220980831451,0.9989424071098192,0.0025,0.9964450510920447
3847138,K00444.01,1,CANDIDATE,1.0,11.72291212,47.386738,2.08,0.26,-0.21,0.020002,0.000633,-0.0002569999999999,0.922,0.041,-0.039,5550,2.018309663793103,0.11015929385093268,-0.08922491229745273,143,3847138,11.723,1e-05,0.9854802686851956,0.005548049389230525,0.9999178008813067,1e-05,0.9999078017032978
9391817,K05663.01,1,CANDIDATE,0.965,140.884533,11.95487,1.52,0.26,-0.2,0.011447,0.000505,-0.000533,1.178,0.05,-0.048,5960,1.4757759511389377,0.09034613494306122,-0.09131200932163894,6111,9391817,140.885,0.0012,0.9903818274836703,0.4572583243788391,0.9918180212152764,0.0012,0.990627839589818
9394762,K05664.01,1,FALSE POSITIVE,0.0,77.138911,11.215458,3.39,1.02,-0.27,0.03408,0.227926,-0.010517,0.893,0.068,-0.061,5778,3.33069220488296,22.277011638772876,-1.0527226672788885,6112,9394762,308.57,0.68,0.9910253890038322,0.22415163139236424,0.9973836496128138,1.0,0.0
11923213,K05943.01,1,CANDIDATE,0.4,27.2020672,8.062192999999999,1.87,0.33,-0.36,0.012294,0.000815,-0.001149,1.118,0.051,-0.049,5877,1.5042446237729676,0.12104844568496324,-0.15527805376497586,5770,11923213,27.202,0.34,0.9913175408772051,0.1320147976890615,0.9986678895056083,0.34,0.6591208070737014
9214712,K06064.01,1,FALSE POSITIVE,0.0,265.2996227,847.60876,33.81,8.81,-2.94,0.358753,0.014905,-0.013538,0.936,0.082,-0.074,5873,36.74978865554996,3.563229929211274,-3.219433060743953,6167,9214712,265.3,0.99,2.1123835187514066e-31,8.045578653204765e-28,0.0,0.99,0.0
9214712,K06064.02,2,FALSE POSITIVE,0.0,265.299451,32.636223,7.1,1.85,-0.62,0.075359,0.000148,-0.011155,0.936,0.082,-0.074,5873,7.719593489932041,0.6764590856560834,-1.295461746380688,6168,9214712,265.299,0.43,0.9594312565228754,0.6073875700428382,0.9345846681816165,0.43,0.5327132608635214
8590149,K06182.01,1,CANDIDATE,0.56,19.2405821,7.109093700000001,1.19,0.06,-0.09,0.012881,0.001406,-0.000681,0.829,0.041,-0.039,5033,1.1686583500031462,0.14004600797903924,-0.08270504145152839,5818,8590149,19.241,0.17,0.9913517363983023,0.12445526515389486,0.9987599588971888,0.17,0.8289707658846667
2970670,K06299.01,1,CANDIDATE,0.894,0.947554749,11.153532,0.67,0.08,-0.02,0.00734,0.000583,-0.000336,0.904,0.039,-0.037,5508,0.7261861238358923,0.06563843416614938,-0.04459216697038469,6228,2970670,0.948,0.062,0.9913243318034434,0.06999793317427228,0.9993412987750594,0.062,0.9373821382510057
5461440,K00504.01,1,CANDIDATE,0.932,40.606895,28.843336,2.67,0.38,-0.3,0.023844,0.004691,-0.00075,0.865,0.041,-0.039,5548,2.2572448782406243,0.4567904461426369,-0.12409086768550662,1072,5461440,40.607,0.0062,0.9899311739972592,0.03743125454827331,0.9996044727021872,0.0062,0.9934069249714337
5084171,K04202.01,1,CANDIDATE,0.949,153.979362,14.797884,2.53,0.77,-0.25,0.025664,0.001357,-0.0008699999999999,0.886,0.077,-0.07,5858,2.4885222270324694,0.25315422744408933,-0.2139442442324214,5354,5084171,153.979,0.0018,0.9897957401626375,0.46047447392838375,0.9912010775115887,0.0018,0.9894169155720678
11037128,K04309.01,1,FALSE POSITIVE,0.0,3.7948721,11.367813,16.1,4.43,-1.18,0.185948,7.092565,-0.0935059999999999,0.961,0.079,-0.072,5883,19.556825239051097,745.9525047285011,-9.942919596341394,5056,11037128,3.795,1.0,0.9913133939746371,0.07224086265940248,0.9993176819914731,1.0,0.0
7103919,K04310.01,1,CANDIDATE,0.986,10.7769944,11.672962,1.15,0.25,-0.17,0.012328,0.00084,-0.00073,0.966,0.074,-0.067,5455,1.3033264462622702,0.13362107169827211,-0.11885986257933787,5057,7103919,10.777,0.0056,0.9912886966463716,0.07925384486208048,0.9992435792918577,0.0056,0.9936478152478232
5126182,K04428.01,1,CANDIDATE,0.912,13.00291716,11.4969635,1.28,0.35,-0.11,0.0146699999999999,0.003904,-0.001107,0.999,0.079,-0.072,5796,1.6039065380379955,0.4452800048402207,-0.16736527395735573,5456,5126182,13.003,0.026,0.9912861825153028,0.08320971572461013,0.9992021643417033,0.026,0.973222908068819
3547760,K04535.01,1,CANDIDATE,0.981,9.8480917,8.013927,0.88,0.11,-0.1,0.0107599999999999,0.00079,-0.000666,0.948,0.085,-0.076,5289,1.1163594789831257,0.12937186400256684,-0.11306763302244459,5117,3547760,9.848,0.059,0.9913568492018862,0.10091994596304717,0.9990213650422376,0.059,0.9400791045047456
4750669,K04649.01,1,CANDIDATE,0.842,3.38419892,9.775006,1.2,0.27,-0.11,0.013798,0.000625,-0.001201,0.931,0.08,-0.072,5613,1.4058833165429145,0.1365631470407586,-0.16369413511181047,4821,4750669,3.384,0.54,0.9913425366742673,0.08037220918699382,0.9992367606762854,0.54,0.45964890991109125
6717252,K04651.01,1,CANDIDATE,0.97,1.19260017,8.514938,0.77,0.21,-0.15,0.0069209999999999,0.00055,-0.00032,0.956,0.041,-0.039,5600,0.7241194237981269,0.0653896502680772,-0.04464950324536743,4856,6717252,1.193,0.0097,0.9913662417580411,0.08478469724477425,0.999193211018924,0.0097,0.9895010368720404
4277304,K04774.01,1,CANDIDATE,0.986,51.567801,10.004025,1.3,0.24,-0.18,0.013584,0.000234,-0.001168,0.814,0.035,-0.033,5285,1.2101397689403472,0.056053497655751176,-0.11503776936281698,5954,4277304,51.568,0.012,0.9911948130888444,0.16781607697380824,0.9982085949192158,0.012,0.9862300917801852
9910828,K04897.01,1,FALSE POSITIVE,0.0,8.48032079,15.17209,0.95,0.11,-0.11,0.011917,0.000673,-0.000547,0.843,0.065,-0.058,5415,1.0994562935281902,0.10508050972136915,-0.09093364917126961,5652,9910828,8.48,0.0025,0.9912097334968483,0.05936226732008594,0.999440339613044,0.0025,0.9969417387640115
8803757,K04904.01,1,CANDIDATE,0.995,3.5944891000000005,8.480067,0.98,0.14,-0.12,0.00854,0.000608,-0.000601,0.84,0.042,-0.039,5525,0.7850921092373522,0.06830138760764864,-0.06619128132816685,5656,8803757,3.594,0.00022,0.9913621739805062,0.08836300543467389,0.9991554591784388,0.00022,0.9989356449774196
5027859,K05117.01,1,CANDIDATE,0.984,33.3726538,8.500976,1.95,0.43,-0.15,0.0224639999999999,0.001601,-0.001687,0.734,0.064,-0.058,5504,1.804540385602811,0.20321763725595896,-0.19671736437773182,6051,5027859,33.373,0.097,0.9912927747098311,0.1409118497387071,0.998559253318306,0.097,0.9016990057464304
5094412,K05124.01,1,FALSE POSITIVE,0.0,276.879492,10.918966,11.67,1.08,-1.42,0.11064,0.019992,-0.073433,0.83,0.051,-0.048,5324,10.050177107978858,1.9181351514758915,-6.695688163424108,6053,5094412,276.879,0.93,0.9862516744399243,0.9062829276964711,0.8651946463204906,0.93,0.0605636252424343
7516073,K05395.01,1,FALSE POSITIVE,0.0,601.13797,7.961684,1.81,0.46,-0.56,0.011937,0.000667,-0.000951,1.207,0.09,-0.081,5786,1.5768337962968788,0.14692629674059435,-0.16425270468685288,5716,7516073,601.138,0.14,0.8273928649793109,0.9941877513279888,0.0,0.14,0.0
8043638,K00460.01,1,CANDIDATE,1.0,17.58751692,100.84191,4.03,0.68,-0.68,0.033351,0.000754,-0.000347,0.942,0.045,-0.042,5432,3.4382956580984136,0.1817152203664169,-0.15741851255818295,231,8043638,17.588,8e-05,0.5375161074918507,0.00010042705221672048,0.9999135829452037,8e-05,0.9998335898585682
9456887,K05677.01,1,CANDIDATE,0.884,20.5142642,7.763436,1.14,0.12,-0.12,0.011132,0.000608,-0.001228,0.841,0.043,-0.041,5213,1.0245959835766423,0.07665517680598036,-0.12357145731982105,6115,9456887,20.514,0.0032,0.9913384441883935,0.12145314596831959,0.9987921366591859,0.0032,0.9955960018218765
12265150,K05963.01,1,FALSE POSITIVE,0.0,1.6860096430000002,34.93605,1.81,0.53,-0.18,0.018813,0.002097,-0.000776,0.937,0.071,-0.064,5783,1.9292170969198341,0.2600239205298081,-0.15393552311552683,5809,12265150,1.686,0.94,0.9897861017574727,0.012046698075668435,0.9998741706989294,0.94,0.059992450241935814
9844088,K00470.01,1,CANDIDATE,1.0,3.750832927,205.47449,4.61,1.33,-0.42,0.044422,0.000546,-0.000213,0.954,0.073,-0.066,5776,4.637991390573874,0.35944796347388697,-0.32163707370044936,354,9844088,3.751,0.0037,0.00010333213110133791,2.465610353588753e-08,0.9997614144205363,0.0037,0.9960622971871803
9549471,K06070.01,1,FALSE POSITIVE,0.0,15.71377375,313.64734,10.85,2.97,-1.36,0.10354,0.159625,-0.031974,1.087,0.083,-0.076,5812,12.317459993392902,19.012793755069016,-3.9000064911952332,6175,9549471,15.714,1.0,4.843063595902694e-09,7.279489973766393e-12,0.998496924561403,1.0,0.0
11255761,K00482.01,1,FALSE POSITIVE,0.0,4.99270186,36.734825,26.6,7.08,-3.8,0.256173,22.9149,-0.22915,0.913,0.073,-0.066,5724,25.596912710687764,2289.667253749254,-22.971409913627568,317,11255761,4.993,1.0,0.9893960324114227,0.01113037284643642,0.9998793662295885,1.0,0.0
10593535,K04204.01,1,CANDIDATE,0.974,20.9254083,11.433498,1.26,0.2,-0.2,0.00951,0.000511,-0.00039,1.246,0.056,-0.053,5821,1.2968269132267807,0.09084430242650297,-0.07662367681286296,5356,10593535,20.925,9.5e-05,0.9912641025229597,0.0949864178068388,0.9990750365707883,9.5e-05,0.9989801244423141
3450040,K04205.01,1,CANDIDATE,0.986,1.166960319,14.387222,0.88,0.12,-0.03,0.008944,0.000475,-0.000295,1.065,0.05,-0.048,5619,1.0424730921218222,0.07389532987725962,-0.058222114080362576,5357,3450040,1.167,7.6e-05,0.991255761258211,0.055616729089161765,0.9994804905636073,7.6e-05,0.9994045300463246
8128067,K04314.01,1,FALSE POSITIVE,0.0,12.4285576,13.047004,2.22,0.44,-0.18,0.026996,0.004989,-0.004809,1.104,0.103,-0.092,5492,3.261759594261264,0.6752495857570303,-0.6414763702849408,5060,8128067,12.429,1.0,0.9912522318148004,0.07384031610325302,0.9992964082106545,1.0,0.0
5791986,K00413.01,1,CANDIDATE,1.0,15.22895514,57.036846,3.0,0.64,-0.28,0.033813,0.00199,-0.003312,0.823,0.063,-0.057,5456,3.0455588463220487,0.2940734188307223,-0.36535387132704283,591,5791986,15.229,0.00087,0.9765205665736785,0.002813361309844635,0.9999321647736721,0.00087,0.999062223790319
5791986,K00413.02,2,CANDIDATE,1.0,24.67458244,25.773003,2.33,0.5,-0.22,0.026266,0.00235,-0.002941,0.823,0.063,-0.057,5456,2.3657956601749306,0.27856711873693746,-0.3114777248104833,592,5791986,24.675,0.00036,0.9905272159791333,0.03581578792113939,0.9996447568465754,0.00036,0.9992848847341106
5511659,K04541.01,1,CANDIDATE,0.967,8.529122300000001,9.873334,2.08,0.32,-0.32,0.017152,0.000206,-0.001712,0.799,0.046,-0.043,5544,1.4998402456581927,0.08820766321891813,-0.1700783134055388,5156,5511659,8.529,0.008,0.9913293369780459,0.08677275535865954,0.9991689275647047,0.008,0.991175576144187
5511659,K04541.02,2,CANDIDATE,0.629,17.236085,7.351248,1.98,0.31,-0.3,0.016355,0.001192,-0.001047,0.799,0.046,-0.043,5544,1.4301473424521776,0.13283020185625846,-0.11960761276394812,5157,5511659,17.236,0.0041,0.9913520801142994,0.11867142090326117,0.9988253945149989,0.0041,0.9947302103974873
6527078,K04657.01,1,CANDIDATE,0.521,7.57600886,10.2443905,0.54,0.09,-0.05,0.00635,0.0003689999999999,-0.0003819999999999,0.916,0.039,-0.037,5361,0.6365795085577649,0.045858257424350644,-0.04612684261878387,4861,6527078,7.576,0.2,0.991324968474706,0.08323548180147629,0.9992054783821703,0.2,0.7993643827057363
6527078,K04657.02,2,CANDIDATE,0.969,10.4314847,8.862012,0.77,0.13,-0.07,0.009133,1e-05,-0.002547,0.916,0.039,-0.037,5361,0.9155717561666248,0.03899465517891875,-0.25799794427057066,4862,6527078,10.431,0.018,0.9913422732131383,0.09603733395859147,0.9990721669214578,0.018,0.9810888679168716
8054719,K04776.01,1,CANDIDATE,0.969,7.5861587,10.027519,1.07,0.24,-0.17,0.011302,0.0017629999999999,-0.001623,1.233,0.099,-0.089,5934,1.5251123405172415,0.26756794848277593,-0.24512112585650356,5956,8054719,7.586,0.011,0.9913288103739183,0.08453353881420805,0.9991923046778066,0.011,0.9882011893263507
3849187,K04780.01,1,CANDIDATE,1.0,6.60180003,8.885752,1.25,0.29,-0.1,0.013259,0.0011539999999999,-0.001111,0.877,0.072,-0.066,5591,1.2726055696419583,0.1522624646301094,-0.14332879316913086,5959,3849187,6.602,0.69,0.9913500074368604,0.09015441996908861,0.9991354142886961,0.69,0.30973197842949585
7098355,K00454.01,1,CANDIDATE,1.0,29.00789166,36.558846,2.64,0.43,-0.22,0.03013,0.002055,-0.002866,0.817,0.062,-0.057,5295,2.6940437479549457,0.27488149718160604,-0.3178004307515108,189,7098355,29.008,1.9e-05,0.9887341863844714,0.017166089396476566,0.9998009902982934,1.9e-05,0.9997819940794778
7674050,K05412.01,1,FALSE POSITIVE,0.0,472.2265706,911.7493,48.18,13.67,-4.3,0.5239560000000001,0.0273089999999999,-0.030126,1.178,0.118,-0.105,5763,67.54972169607352,7.627605371417922,-7.164990962243979,5755,7674050,472.227,1.0,5.231924034382526e-35,2.246490963231622e-28,0.0,1.0,0.0
9649222,K06071.01,1,FALSE POSITIVE,0.0,5.918619554,3800.485,29.98,9.64,-3.21,0.2827679999999999,0.000955,-0.0005809999999999,0.974,0.091,-0.082,5957,30.14204213793102,2.817984971885494,-2.538381364017192,6176,9649222,5.919,0.94,1.5680788658394145e-146,1.088653905718592e-128,0.0,0.94,0.0
9851123,K06074.01,1,FALSE POSITIVE,0.0,8.4803048,456.50208,4.13,0.96,-0.38,0.046587,0.000602,-0.000412,0.871,0.074,-0.067,5478,4.44085256872955,0.38163308332637597,-0.34385422051638964,5507,9851123,8.48,,1.2238620141642234e-14,1.0548491243065557e-16,0.9913809799462817,1.0,0.0
10026458,K06076.01,1,FALSE POSITIVE,0.0,9.93443795,107.227135,35.54,7.73,-3.31,0.326094,6.557369,-0.171272,1.065,0.105,-0.094,5763,38.00807474310974,764.3071219783778,-20.242621005837265,5509,10026458,9.934,1.0,0.41723797725651013,5.359664119583322e-05,0.9999251368215022,1.0,0.0
11497977,K00483.01,1,CANDIDATE,1.0,4.79860021,73.07672,2.51,0.62,-0.2,0.027166,0.003261,-0.0011539999999999,0.849,0.064,-0.058,5631,2.524159779102693,0.35779116751734763,-0.20305832393831716,318,11497977,4.799,1.9e-06,0.9369870895384128,0.0006804095518358524,0.999954210918393,1.9e-06,0.9999523110053923
4847534,K00499.01,1,CANDIDATE,1.0,9.66857386,32.688408,1.9,0.33,-0.19,0.020759,0.00266,-0.002464,0.794,0.06,-0.054,5288,1.8038913953876163,0.26834649933763677,-0.2467707171374524,1029,4847534,9.669,0.0056,0.9899645323982779,0.016430768766508716,0.9998306555658295,0.0056,0.9942316038946608
5632701,K04213.01,1,FALSE POSITIVE,0.0,3.67515329,13.70344,0.71,0.09,-0.04,0.0073739999999999,0.001766,-0.000628,0.937,0.043,-0.041,5968,0.7561817292662872,0.18439287199606846,-0.07240244957242152,5399,5632701,3.675,1.0,0.9912642002609734,0.06094584406122919,0.9994280386206003,1.0,0.0
10549924,K04214.01,1,FALSE POSITIVE,0.008,0.715825886,12.149057,0.58,0.15,-0.07,0.005801,0.00043,-0.000356,0.834,0.062,-0.056,5640,0.5294834277938585,0.05558580480678451,-0.048164789043474814,5400,10549924,0.716,0.036,0.9913061203027311,0.06491553377973402,0.9993911593670135,0.036,0.963413077629801
2857607,K04659.01,1,CANDIDATE,0.999,41.8681996,10.880907,1.25,0.33,-0.11,0.013675,1.5e-05,-0.002868,0.92,0.04,-0.038,5852,1.3768880096904101,0.059883744329454015,-0.29431589341854203,4864,2857607,41.868,0.0019,0.9912065775028438,0.13698658369021113,0.9985918327080735,0.0019,0.9966945082259282
12071754,K04914.01,1,CANDIDATE,1.0,5.47455167,9.887408,1.4,0.23,-0.27,0.009788,0.000308,-0.0025239999999999,1.18,0.054,-0.051,5613,1.26403594387113,0.07020128738700336,-0.33049952754416967,5699,12071754,5.475,8e-05,0.9913360585589185,0.08249551730145079,0.9992141914310624,8e-05,0.999134254295748
12470954,K00439.01,1,CANDIDATE,1.0,1.902208647,343.7984,4.45,0.53,-0.33,0.043475,0.000407,-0.00022,0.973,0.043,-0.041,5400,4.629519168056254,0.2091334688179212,-0.19647903802465883,135,12470954,1.902,2.9e-05,3.694985970782351e-10,5.574280824623074e-13,0.9984913932375807,2.9e-05,0.9984624369871768
7829836,K05433.01,1,CANDIDATE,0.562,237.819002,9.357273,2.55,0.4,-0.18,0.022527,0.0013,-0.001037,0.981,0.049,-0.047,5876,2.4185541869966016,0.18459098767838455,-0.16069273747012916,5796,7829836,237.819,0.0048,0.9886506263795127,0.8482201272371153,0.9358460448123631,0.0048,0.9313539837972638
10019643,K00471.01,1,CANDIDATE,1.0,21.34736612,39.393997,3.2,0.54,-0.54,0.0273449999999999,0.001473,-0.003978,0.913,0.041,-0.039,5395,2.7323237736754242,0.19161968983544223,-0.4142649070125241,355,10019643,21.347,0.0021,0.9882329495050728,0.012105718202839478,0.9998540888851687,0.0021,0.9977543952985098
10019643,K00471.02,2,CANDIDATE,0.998,7.81100952,13.908585999999998,1.36,0.22,-0.23,0.0116,0.002997,-0.001527,0.913,0.041,-0.039,5395,1.1590768248175183,0.3039513800198786,-0.16041065844744157,356,10019643,7.811,0.00061,0.9912459388654886,0.06432099234901945,0.999392908706862,0.00061,0.9987832790325508
10288922,K06078.01,1,FALSE POSITIVE,0.0,10.157715971,255.40018,42.27,13.08,-4.07,0.3925889999999999,1.785995,-0.181631,1.042,0.097,-0.087,5993,44.770227524320404,203.71467631471202,-21.047504458778864,5511,10288922,10.158,1.0,1.0270954254177784e-06,5.883052573559692e-10,0.9994272151945208,1.0,0.0
9183378,K04222.01,1,CANDIDATE,0.996,3.38557445,13.11794,1.63,0.42,-0.64,0.010068,0.0006219999999999,-0.00052,1.248,0.056,-0.053,5718,1.3751220558771708,0.10499877355478214,-0.09194954931231353,5439,9183378,3.386,0.016,0.9912784596889784,0.06327516288895368,0.9994056821701618,0.016,0.9834151912554392
7429240,K04450.01,1,CANDIDATE,1.0,196.436796,11.060613,2.33,0.28,-0.19,0.022558,0.001362,-0.000958,0.819,0.041,-0.039,5466,2.021938536905361,0.15858463084215582,-0.1290106203425098,4844,7429240,196.437,0.00087,0.989478485848412,0.705548129479573,0.9745208922680461,0.00087,0.9736730590917728
8937762,K04668.01,1,CANDIDATE,0.978,15.07277287,10.633059,1.73,0.36,-0.13,0.020577,0.002973,-0.0037,1.132,0.086,-0.078,5521,2.549247136106217,0.41613417422747156,-0.4908896008700349,4905,8937762,15.073,0.59,0.9912985671521493,0.09143305469873958,0.9991166504517807,0.59,0.4096378266852301
6839010,K04674.01,1,CANDIDATE,0.987,4.84350003,7.976379400000001,0.9,0.24,-0.16,0.007775,0.001138,-0.001466,1.197,0.051,-0.048,5762,1.0185397995060408,0.15526798220853805,-0.19634394785657305,4907,6839010,4.844,0.00012,0.9913670557655709,0.0933973262400515,0.9991028978432314,0.00012,0.9989830054954901
8278073,K04799.01,1,CANDIDATE,0.994,12.0729757,9.005999000000001,1.69,0.28,-0.43,0.009058,0.000941,-0.00044,1.031,0.046,-0.043,5438,1.022055400295746,0.1155554689616311,-0.06543623987378736,6003,8278073,12.073,0.0063,0.9913362545610538,0.09761102168598325,0.9990546562217193,0.0063,0.9927606118875225
10810859,K04801.01,1,CANDIDATE,0.414,82.401274,8.411982,2.21,0.37,-0.12,0.020272,0.000839,-0.002232,1.035,0.063,-0.059,5893,2.2962565227787564,0.1690206858525555,-0.2847000135165712,6005,10810859,82.401,0.36,0.991112159429782,0.2823640071690828,0.9964715938091965,0.36,0.6377418200378857
4473613,K04803.01,1,CANDIDATE,0.995,4.36125889,10.114161,1.2,0.17,-0.05,0.012616,0.000559,-0.001228,0.885,0.043,-0.04,5520,1.2219358501132644,0.08035120721762426,-0.13113638749355963,6040,4473613,4.361,0.025,0.9913346943650174,0.07972285303656224,0.9992427700644192,0.025,0.9742617008128087
7935997,K05447.02,1,FALSE POSITIVE,0.0,3.87594316,10.725665,0.68,0.09,-0.03,0.00694,0.000461,-0.000307,0.882,0.037,-0.035,5701,0.6699023653410521,0.052630173368998084,-0.039810213796169294,5803,7935997,3.876,0.7,0.991325085518571,0.0757290434326455,0.9992830113666756,0.7,0.29978490341000275
8773869,K00462.01,1,FALSE POSITIVE,0.0,1.5763411269999998,32.86635,2.96,1.53,-1.53,0.016263,0.0004059999999999,-0.00016,0.893,0.067,-0.06,5087,1.5894086657280393,0.12567824826787208,-0.10792994316678858,233,8773869,1.576,1.0,0.9900852451388378,0.014074271986214644,0.9998570477049494,1.0,0.0
3337548,K06325.01,1,FALSE POSITIVE,0.0,2.97586085,7.4813848,0.85,0.18,-0.1,0.009317,0.000578,-0.000919,0.815,0.069,-0.063,5481,0.8310308761483766,0.08722403712899086,-0.10414319969136204,6317,3337548,2.976,0.37,0.9913772192831086,0.09382513959302657,0.999099433855195,0.37,0.6294326433287728
9947389,K04460.01,1,CANDIDATE,0.972,284.727213,10.6837435,2.02,0.3,-0.29,0.017149,0.000917,-0.001235,1.085,0.052,-0.049,5503,2.0363479801944377,0.14622390769902305,-0.173099476801815,4852,9947389,284.727,0.32,0.9858569862578181,0.9181284499209008,0.8391213263922386,0.32,0.5706025019467221
11912987,K04461.01,1,FALSE POSITIVE,0.0,3.74786694,14.703155,0.89,0.28,-0.09,0.008421,0.000181,-0.000542,0.954,0.071,-0.064,5957,0.8792158277435187,0.06810854050630619,-0.0817392178199789,4853,11912987,3.748,0.82,0.9912393432960389,0.0567515335729711,0.999468247396325,0.82,0.17990428453133855
4587135,K04680.01,1,CANDIDATE,0.767,54.0812235,10.334499,1.54,0.37,-0.12,0.018566,0.001178,-0.001041,1.003,0.084,-0.077,5757,2.0379932196388113,0.21413160376253537,-0.19374292492456807,4946,4587135,54.081,0.067,0.9911744760132032,0.17049598016686018,0.9981698527283568,0.067,0.9312924725955569
4270799,K04810.01,1,CANDIDATE,0.854,115.238544,10.220816,3.17,0.47,-0.35,0.02801,0.00088,-0.008783,0.849,0.046,-0.043,5589,2.6025809987729676,0.16300289021327927,-0.8266593884186583,6046,4270799,115.239,0.07,0.9908056486415132,0.37961950741871864,0.9943216388548574,0.07,0.9247191241350173
5021176,K00447.01,1,FALSE POSITIVE,0.0,4.045057186,50.52304,30.33,7.32,-3.94,0.319275,11.27509,-0.120966,1.232,0.099,-0.09,5906,43.04860444877926,1520.2510253109958,-16.610541358530504,181,5021176,4.045,1.0,0.9842038508296095,0.003808578103572465,0.9999386398751133,1.0,0.0
11812199,K06090.01,1,FALSE POSITIVE,0.0,37.32030954,188.76498,36.96,11.68,-3.89,0.360084,0.6395350000000001,-0.19802,0.944,0.071,-0.064,5910,37.20139916737981,66.13156912338279,-20.612944100230386,5556,11812199,37.32,0.99,0.0003152792505392487,1.6215514781990694e-07,0.999485839776404,0.99,0.00999485839776405
3356193,K06331.01,1,CANDIDATE,0.452,5.8229815,7.7581415,1.36,0.33,-0.11,0.015533,0.001617,-0.0014199999999999,0.913,0.087,-0.078,5704,1.5520638206802164,0.21904035992002982,-0.1942005623386507,6356,3356193,5.823,0.039,0.9913683141793865,0.09633147982754595,0.9990718467951435,0.039,0.9601080447701329
5456979,K06579.01,1,CANDIDATE,0.997,2.6528082000000004,8.3019705,1.17,0.35,-0.13,0.0114939999999999,0.000498,-0.001242,1.122,0.105,-0.094,5778,1.4113915252328093,0.1455512299539002,-0.1929795783593956,6422,5456979,2.653,0.013,0.9913665332190642,0.08812437872967617,0.9991583889447799,0.013,0.9861693298884978
9509343,K04346.01,1,CANDIDATE,0.95,6.39269778,9.810187,1.21,0.1,-0.12,0.011795,0.000786,-0.00079,1.069,0.051,-0.049,5246,1.379936512632142,0.11309372076727583,-0.11199646398371871,5186,9509343,6.393,0.004,0.9913353124696574,0.08419327326384263,0.9991964629722038,0.004,0.995199677120315
4060229,K04570.01,1,CANDIDATE,0.996,35.0175053,11.686475,2.13,0.33,-0.36,0.017393,0.003939,-0.001947,1.227,0.064,-0.06,5944,2.335621773958595,0.5427971391753387,-0.2853103698219327,5249,4060229,35.018,0.0049,0.9912093696627301,0.11670756866934315,0.9988282117701235,0.0049,0.9939339535324498
6929285,K04572.01,1,FALSE POSITIVE,0.002,4.60690612,11.035789,0.9,0.19,-0.08,0.01066,0.000667,-0.000528,0.831,0.066,-0.06,5529,0.9694863173294737,0.09802347802140696,-0.08488664341938497,5251,6929285,4.607,0.0013,0.9913176364506175,0.0749666431625235,0.9992902003108783,0.0013,0.9979911230504742
9115800,K00421.01,1,CANDIDATE,1.0,4.454194254,1030.3761,11.76,3.12,-1.77,0.117743,0.000558,-0.00074,0.889,0.068,-0.062,5359,11.455665229974201,0.877929075261813,-0.8021703189500837,6,9115800,4.454,0.00038,2.9635810623173667e-37,5.986353058484104e-36,0.0,0.00038,0.0
9773980,K04691.01,1,CANDIDATE,0.965,3.3879165,9.56524,1.09,0.18,-0.18,0.008048,0.000505,-0.000596,1.15,0.057,-0.054,5706,1.0129062798892523,0.08099505513990417,-0.08881955986269024,4987,9773980,3.388,0.011,0.9913459374317704,0.08158003378517502,0.9992245793474103,0.011,0.9882331089745887
7287677,K04815.01,1,CANDIDATE,0.848,18.3721835,8.597889,1.12,0.32,-0.08,0.012401,0.005157,-0.001285,0.799,0.062,-0.057,5937,1.0843935917914675,0.45873242645731227,-0.13642051600609367,6089,7287677,18.372,0.12,0.9913289464304228,0.11095886913101201,0.9989083227754977,0.12,0.879039324042438
5905728,K05209.01,1,FALSE POSITIVE,0.0,7.87173698,9.173014,0.54,0.12,-0.08,0.005301,0.000265,-0.000426,1.188,0.09,-0.082,5428,0.6892197287314372,0.06255696007283221,-0.07301285425721984,6150,5905728,7.872,1.0,0.9913427072195907,0.090184914020168,0.9991343565426952,1.0,0.0
8037038,K05466.01,1,CANDIDATE,1.0,4.09513876,9.745558,1.75,0.56,-0.18,0.0166009999999999,5.9e-05,-0.004803,1.047,0.092,-0.083,5858,1.9022359580134542,0.16728633658244174,-0.5706403569711287,5845,8037038,4.095,0.011,0.9913414791602955,0.08147814860048282,0.9992252312628496,0.011,0.9882337537189582
8075618,K05471.01,1,FALSE POSITIVE,0.0,8.780603773,2200.5942,52.34,11.82,-4.72,0.576032,0.0144889999999999,-0.1223819999999999,1.143,0.11,-0.098,5487,72.05701980921218,7.167564384198952,-16.508635760071467,5847,8075618,8.781,0.99,1.9465626254505403e-83,4.246883813324256e-75,0.0,0.99,0.0
9962595,K05745.01,1,FALSE POSITIVE,0.0,11.374442708,1209.9965,22.86,3.45,-2.01,0.259038,0.303938,-0.00451,1.033,0.078,-0.071,5297,29.285136689497858,34.4323141180997,-2.07639572548901,5542,9962595,11.374,0.98,2.241721250032112e-44,6.549775136573981e-42,0.0,0.98,0.0
10002266,K05750.01,1,FALSE POSITIVE,0.0,12.71368909,8.373584,1.09,0.27,-0.09,0.012715,0.001015,-0.000842,0.712,0.057,-0.051,5715,0.9907858916435943,0.1120128826768233,-0.0966509728292797,5544,10002266,12.714,0.078,0.991345328619196,0.10303262717771519,0.9989971782475316,0.078,0.9210753983442242
3003991,K06099.01,1,FALSE POSITIVE,0.0,7.244778994,6136.673000000001,25.68,5.74,-1.92,0.298437,0.0008,-0.00028,0.819,0.061,-0.055,5530,26.749768203671657,1.993641443638171,-1.7965577877146337,5598,3003991,7.245,0.81,1.086284696602436e-238,6.676134534871472e-207,0.0,0.81,0.0
3559935,K00492.01,1,CANDIDATE,1.0,29.9111886,32.622295,2.9,0.29,-0.35,0.027392,0.000913,-0.00042,0.885,0.041,-0.039,5268,2.653080755096904,0.15141639123343062,-0.12379031063984468,1022,3559935,29.911,9.7e-05,0.989549746794284,0.023475893340103058,0.9997461200873567,9.7e-05,0.9996491447137082
4768756,K06451.01,1,FALSE POSITIVE,0.0,2.40440112,10.201152,0.42,0.03,-0.03,0.005036,0.001255,-0.000321,0.783,0.033,-0.032,5433,0.43154981934306574,0.1090718083951061,-0.032675913521808285,6757,4768756,2.404,1.0,0.9913375984521174,0.07673874193234448,0.9992737154650093,1.0,0.0
9285568,K04241.01,1,CANDIDATE,0.992,2.55315031,12.37913,1.25,0.34,-0.12,0.012589,0.000553,-0.000681,0.966,0.082,-0.074,5970,1.3309195840359929,0.12720734877919557,-0.1248123730177806,5486,9285568,2.553,4.9e-05,0.9912966084691516,0.06582195911511386,0.9993813770169621,4.9e-05,0.9993324073294882
9514372,K04242.01,1,CANDIDATE,0.996,145.78655600000002,12.051897,1.82,0.24,-0.15,0.0175759999999999,0.001032,-0.000899,0.871,0.039,-0.037,5578,1.675412126730421,0.1237144121995799,-0.11139655000263488,5487,9514372,145.787,0.094,0.9903022143242148,0.4769337290549235,0.9910709315426754,0.094,0.8979102639776639
10554999,K00534.02,2,CANDIDATE,1.0,2.735900074,37.10211,1.56,0.24,-0.13,0.018704,0.000558,-0.000407,0.83,0.037,-0.035,5299,1.6990104178202867,0.09113485045053349,-0.08062152569210433,1294,10554999,2.736,0.0013,0.9893825387617277,0.010402871917534999,0.9998871890470394,0.0013,0.9985873357012783
10554999,K00534.01,1,CANDIDATE,1.0,6.400157105,39.781902,2.52,0.37,-0.22,0.030148,7.900000000000001e-05,-0.004767,0.83,0.037,-0.035,5299,2.738546090485779,0.12229049672004287,-0.44815294814456613,1293,10554999,6.4,0.0002,0.9886722068231099,0.009041593212652356,0.9998954599934338,0.0002,0.9996954809014351
9334490,K07161.01,1,FALSE POSITIVE,0.0,18.84497113,181.69836,5.35,0.57,-0.51,0.070473,0.000714,-0.001238,0.954,0.099,-0.087,5220,7.357912009092624,0.7671873314508125,-0.6833405893555545,7021,9334490,18.845,0.049,0.0007470122460873614,2.014939132752005e-07,0.9997304683604874,0.049,0.9507436754108235
11823054,K00543.02,2,CANDIDATE,1.0,3.137845914,25.52837,1.5,0.07,-0.11,0.016057,0.000179,-0.0009199999999999,0.796,0.036,-0.034,5044,1.3988170935690913,0.06515659431047162,-0.09996666822139541,647,11823054,3.138,8.6e-05,0.9907703343471206,0.025188207739368616,0.9997592925862341,8.6e-05,0.9996733132870717
11823054,K00543.01,1,CANDIDATE,1.0,4.302139338,53.66931999999999,2.46,0.12,-0.19,0.0262959999999999,0.0031379999999999,-0.001614,0.796,0.036,-0.034,5044,2.2907949363201525,0.29234299036277533,-0.1713007217640696,646,11823054,4.302,0.00011,0.9817768050934297,0.0030043341644835054,0.9999440671796275,0.00011,0.9998340733322376
10026457,K07275.01,1,FALSE POSITIVE,0.0,9.93442075,2159.8782,34.03,4.84,-2.08,0.465854,0.019463,-0.029408,0.898,0.083,-0.075,5382,45.78356653731438,4.6438993041765,-4.793178495160395,7418,10026457,9.934,1.0,7.750661534268463e-82,1.0005752974654707e-73,0.0,1.0,0.0
5738496,K00556.01,1,FALSE POSITIVE,0.0,9.50150926,28.963373,25.77,7.75,-2.58,0.259878,14.82457,-0.1077279999999999,1.109,0.088,-0.079,5938,31.54165793817644,1799.2749228909986,-13.266710064763803,732,5738496,9.502,1.0,0.9904136507010372,0.021714213273609284,0.9997851600774537,1.0,0.0
11922648,K07494.01,1,FALSE POSITIVE,0.0,1.75643185,7.730833,0.58,0.16,-0.05,0.0065439999999999,0.000328,-0.0005769999999999,1.171,0.091,-0.083,5696,0.8386555809212055,0.07755317568983383,-0.0948766852145845,7476,11922648,1.756,0.0022,0.9913760388548393,0.09041062071876249,0.9991353458238776,0.0022,0.9969372480630652
2577353,K07635.01,1,CANDIDATE,0.872,60.458443,8.224685000000001,1.59,0.46,-0.31,0.012311,0.001614,-0.000484,1.106,0.086,-0.078,5865,1.4901566112194817,0.22714045138698158,-0.12031865794426928,7170,2577353,60.458,0.11,0.9912124296461982,0.21303344057702017,0.9976000976067101,0.11,0.887864086869972
5806800,K07741.01,1,FALSE POSITIVE,0.0,125.288206,8.682215,1.5,0.24,-0.08,0.0141419999999999,0.000958,-0.001105,1.08,0.048,-0.046,5881,1.671544889252442,0.13542832200536242,-0.148752197301224,7575,5806800,125.288,0.22,0.990819435396032,0.45127524780058664,0.9923798795447157,0.22,0.7740563060448783
7834712,K07850.01,1,CANDIDATE,0.966,66.119119,10.450334,3.0,0.85,-0.34,0.026737,0.001826,-0.001966,1.157,0.125,-0.11,5828,3.385552015369368,0.43272077016167754,-0.4069115370060607,7231,7834712,66.119,0.19,0.9911161744447955,0.2013550488663388,0.9977401259681626,0.19,0.8081695020342118
9640649,K07951.01,1,CANDIDATE,0.971,0.862329309,8.789984,1.09,0.31,-0.11,0.011096,0.001276,-0.000684,0.805,0.07,-0.063,5806,0.9775653152529575,0.14093768893514547,-0.09738791112401887,7651,9640649,0.862,0.08,0.9913629072520611,0.0827093080617325,0.9992144346506048,0.08,0.9192772798785565
9650579,K07953.01,1,CANDIDATE,0.335,432.96905,7.316128,1.43,0.33,-0.12,0.014757,0.002398,-0.000741,1.001,0.079,-0.072,5580,1.6166485251856277,0.29204795388595556,-0.14181462475483095,7653,9650579,432.969,0.23,0.9673627814559097,0.9898531400435603,0.0,0.23,0.0
8822216,K00581.01,1,CANDIDATE,1.0,6.996926239,93.73316,3.21,0.77,-0.31,0.032904,0.000624,-0.0002569999999999,0.866,0.069,-0.062,5713,3.118530846463629,0.2554153979513109,-0.2245913762961191,872,8822216,6.997,0.00012,0.7132685394544419,0.00014397754517803915,0.9999421131955272,0.00012,0.9998221201419437
8822216,K00581.02,2,CANDIDATE,0.962,151.863949,13.330562,2.41,0.58,-0.23,0.024748,0.001094,-0.000589,0.866,0.069,-0.062,5713,2.345532500251699,0.21372044801331352,-0.1769605865311459,873,8822216,151.864,0.0056,0.9900487176569575,0.4792138491238671,0.9907510503174457,0.0056,0.985202844435668
9570741,K00586.01,1,CANDIDATE,1.0,15.77980122,33.72235,2.11,0.62,-0.2,0.02126,0.000686,-0.000341,0.943,0.072,-0.066,5941,2.194110059463881,0.1818705282768183,-0.1575453742171313,915,9570741,15.78,0.00014,0.9896816120148578,0.016900246779298085,0.9998207695431418,0.00014,0.9996807946354057
8307354,K08155.01,2,FALSE POSITIVE,0.0,320.56794551,7.195110000000001,2.43,0.56,-0.2,0.027436,0.0,0.0,0.853,0.079,-0.071,5546,2.5612577233199088,0.23720909747042535,-0.2131879230430405,7712,8307354,320.568,0.74,0.9851879690187529,0.9620711928031618,0.6186414058773706,0.74,0.16084676552811636
5638699,K08256.01,1,FALSE POSITIVE,0.11,343.56446,7.629894,1.8,0.28,-0.34,0.012412,0.001457,-0.00069,1.201,0.057,-0.054,5770,1.6314291952554743,0.20656793669422746,-0.11664466472095472,7981,5638699,343.564,0.11,0.9828641252451314,0.971946164221378,0.3959640937793357,0.11,0.3524080434636088
6422155,K00510.02,2,CANDIDATE,1.0,6.38899658,32.128864,2.89,0.42,-0.3,0.025119,0.000346,-0.003481,1.063,0.053,-0.05,5527,2.92226143073559,0.15115872669374317,-0.4276594127455262,1154,6422155,6.389,4.6e-06,0.990098619872997,0.016189882611757342,0.9998354303694508,4.6e-06,0.9998308311264711
6422155,K00510.03,3,CANDIDATE,0.932,14.62709685,15.998437,2.7,0.39,-0.28,0.023474,0.00011,-0.005345,1.063,0.053,-0.05,5527,2.7308875681789573,0.1367590713592185,-0.6349484609062742,1155,6422155,14.627,0.0024,0.9911595140658722,0.061941170591379366,0.9994110452667563,0.0024,0.9970124587581161
6422155,K00510.04,4,CANDIDATE,0.998,35.1184432,14.461804999999998,3.26,0.47,-0.34,0.0283089999999999,0.00187,-0.007178,1.063,0.053,-0.05,5527,3.2933754863925127,0.2725633969198575,-0.8493115774624792,1156,6422155,35.118,0.091,0.9911189490033651,0.09656179901334136,0.9990422647272054,0.091,0.9081294186370297
6422155,K00510.01,1,CANDIDATE,1.0,2.940304817,38.672123,2.59,0.38,-0.27,0.022515,5.8e-05,-0.0026609999999999,1.063,0.053,-0.05,5527,2.619320678092751,0.13077061756433506,-0.3331877195192993,1118,6422155,2.94,2.1e-05,0.9890492299837514,0.009261093614729645,0.9998965025129438,2.1e-05,0.999875504686391
8015907,K00517.01,1,CANDIDATE,1.0,2.752359689,127.52513,2.54,0.29,-0.13,0.025966,0.002345,-0.0005269999999999,0.901,0.039,-0.037,5462,2.560432312830355,0.25642165620540025,-0.11728602939796924,1164,8015907,2.752,1.3e-05,0.11040071025736795,9.86754358966242e-06,0.9999204874101976,1.3e-05,0.9999074884438612
7987749,K06948.01,1,FALSE POSITIVE,0.0,17.030857558,3017.7617,73.8,24.64,-30.08,0.474955,0.017314,-0.024439,1.187,0.091,-0.083,5575,61.700209489759004,5.237704524030803,-5.356576471525591,6262,7987749,17.031,1.0,1.0295254126081275e-115,2.1398769760910327e-102,0.0,1.0,0.0
9941859,K00528.02,2,CANDIDATE,1.0,96.6781852,37.79153,3.29,0.59,-0.53,0.028035,0.000534,-0.000841,0.897,0.04,-0.038,5387,2.7521776210514726,0.13345522677630012,-0.14286303268791972,1252,9941859,96.678,0.017,0.9845389430014949,0.0500788944008721,0.9991721083976834,0.017,0.9821861825549228
9941859,K00528.03,3,CANDIDATE,1.0,20.55280311,33.833244,2.99,0.53,-0.48,0.025416,0.004202,-0.001099,0.897,0.04,-0.038,5387,2.4950721033224266,0.4272492979597533,-0.15103740223847992,1253,9941859,20.553,0.074,0.9895538149006252,0.018211857148429083,0.9998041810345057,0.074,0.9258186716379524
9941859,K00528.01,1,CANDIDATE,1.0,9.57665962,66.11585,2.88,0.51,-0.46,0.024495,0.000538,-0.000227,0.897,0.04,-0.038,5387,2.4046581354612386,0.11953221881227206,-0.10427850561010696,1251,9941859,9.577,0.0011,0.9600798941152516,0.0012658480574071526,0.9999472993479992,0.0011,0.9988473573187164
10053138,K07279.01,1,CANDIDATE,0.769,11.772814599999998,7.914059,0.93,0.17,-0.15,0.008052,0.00045,-0.000695,0.956,0.041,-0.039,5401,0.8424519000755096,0.05934728074762249,-0.0804280401000055,7422,10053138,11.773,0.00027,0.9913545086438199,0.1047767024955947,0.998979309564199,0.00027,0.9987095851506167
3110177,K07644.01,1,CANDIDATE,0.988,3.39904814,7.6781254,0.81,0.2,-0.12,0.007945,0.000685,-0.000757,0.89,0.069,-0.063,5766,0.7738688467467908,0.08972909872949478,-0.09185604465570588,7213,3110177,3.399,0.06,0.9913738331048046,0.09317592549140694,0.9991059515006148,0.06,0.9391595944105778
3230095,K07647.01,1,FALSE POSITIVE,0.0,7.04716175,8.211484,1.1,0.2,-0.09,0.012952,5.6000000000000006e-05,-0.002076,0.914,0.073,-0.066,5496,1.2955867180971559,0.10362834960966659,-0.22776287240513174,7216,3230095,7.047,0.59,0.991359422536225,0.09518540321689307,0.9990830991294095,0.59,0.40962407064305795
5888187,K07749.01,1,CANDIDATE,0.656,133.6348207,8.24968,1.89,0.12,-0.19,0.018879,0.000914,-0.001786,0.812,0.035,-0.033,5202,1.6777160967153284,0.10875149469873907,-0.1727417804145354,6916,5888187,133.635,0.99,0.9907754620672019,0.4962297223924093,0.9908289383735709,0.99,0.009908289383735717
9770983,K07961.01,1,FALSE POSITIVE,0.382,7.02932339,8.076329,0.92,0.24,-0.08,0.008228,0.000745,-0.000539,0.92,0.07,-0.064,5977,0.8284485955197582,0.09797968838162292,-0.07916180867549512,7673,9770983,7.029,0.0032,0.9913614547980683,0.09605864049752161,0.9990740132784645,0.0032,0.9958769764359734
11714107,K08063.01,1,CANDIDATE,0.471,405.35457,8.28041,2.11,0.56,-0.24,0.021319,0.001292,-0.001702,0.903,0.074,-0.067,5650,2.106871437657312,0.21473969417656827,-0.2296279386130566,7905,11714107,405.355,0.023,0.9724759498356825,0.986411043182691,0.0,0.023,0.0
8742735,K08165.01,1,FALSE POSITIVE,0.0,331.92622,8.063830000000001,2.25,0.55,-0.18,0.02583,0.001735,-0.002408,0.946,0.092,-0.082,5652,2.674231488484772,0.31607644732068724,-0.34042076481177896,7734,8742735,331.926,0.0042,0.9836811585506124,0.96602564954513,0.528292843284232,0.0042,0.5260740133424382
8009500,K06951.01,1,FALSE POSITIVE,0.0,38.47674409,4760.222,33.8,4.36,-3.94,0.391811,0.000301,-0.000356,1.027,0.079,-0.071,5294,44.038297782359045,3.3877303002122394,-3.0447801090099356,6265,8009500,38.477,0.96,1.4742860344034882e-184,1.4215146229972476e-160,0.0,0.96,0.0
4165473,K00550.01,1,CANDIDATE,1.0,13.02363236,43.55852,2.3,0.3,-0.19,0.022266,0.00073,-0.000342,0.95,0.043,-0.04,5627,2.314990779952177,0.12938368839391867,-0.10375640020182055,691,4165473,13.024,4.2e-05,0.9871805592995163,0.007610805959287601,0.9999004087676251,4.2e-05,0.9998584129504569
12004680,K07503.01,1,FALSE POSITIVE,0.0,2.52122764,7.804159599999999,0.91,0.2,-0.08,0.010318,0.000588,-0.000982,0.891,0.073,-0.066,5546,1.006135987698213,0.10041318295092451,-0.12134250442088661,7520,12004680,2.521,0.00066,0.9913736931830723,0.09106272443831781,0.9991282454239637,0.00066,0.998468820781984
5952448,K07753.01,1,FALSE POSITIVE,0.0,0.905675699,7.685798599999999,0.77,0.23,-0.08,0.0077769999999999,0.001008,-0.00032,0.778,0.062,-0.057,5730,0.6621786156871298,0.10075185832824667,-0.055641925794754174,6919,5952448,0.906,0.0007,0.9913781244716102,0.08946058616355403,0.9991455327789017,0.0007,0.9984461309059565
9607164,K00587.01,1,CANDIDATE,1.0,14.03490255,51.662617,2.41,0.32,-0.28,0.028141,0.003258,-0.0015949999999999,0.755,0.057,-0.051,5258,2.3252515013056883,0.32138475966935176,-0.20503724069541596,916,9607164,14.035,0.00022,0.9823910841689648,0.0041627841150106365,0.999925072068837,0.00022,0.9997050885529818
8748435,K08167.01,1,FALSE POSITIVE,0.0,259.85736,7.501077,1.33,0.22,-0.1,0.016364,0.0006929999999999,-0.001138,0.731,0.055,-0.049,5374,1.3091526929901836,0.11303083499512556,-0.12644972926159617,7748,8748435,259.857,0.73,0.9883643550124545,0.9031544325099982,0.8902118019386269,0.73,0.24035718652342927
8808064,K08169.01,1,FALSE POSITIVE,0.153,447.97028,7.349570299999999,2.0,0.62,-0.2,0.020665,0.001334,-0.001549,0.764,0.06,-0.055,5911,1.7278746133274603,0.17565577452130027,-0.17957549670534975,7750,8808064,447.97,0.002,0.9626618858299327,0.9909099810766283,0.0,0.002,0.0
10965008,K00536.01,1,CANDIDATE,0.921,81.1701587,45.641262,4.71,0.81,-0.89,0.037029,0.001307,-0.005428,0.943,0.043,-0.041,5460,3.821528757849861,0.220364630901664,-0.5843109357593658,1296,10965008,81.17,0.078,0.9797472608067243,0.02139866201967791,0.9995479874154181,0.078,0.9215832443970154
11972666,K00545.01,1,FALSE POSITIVE,0.0,1.09173174,13.533141,1.07,0.2,-0.08,0.012475,0.000306,-0.000516,0.831,0.063,-0.057,5354,1.1345536405896048,0.0904031793548013,-0.09087587298291751,649,11972666,1.092,5e-05,0.9912759400274419,0.05910274700411063,0.9994471726212768,5e-05,0.9993972002626458
11068630,K07404.01,1,CANDIDATE,0.91,1.817079849,8.821142,1.39,0.45,-0.14,0.013225,0.000788,-0.0012699999999999,1.117,0.107,-0.095,5808,1.6167106881607098,0.18238354228204448,-0.20738800956151224,7164,11068630,1.817,0.22,0.991360605351738,0.08381764979563801,0.9992027303822892,0.22,0.7793781296981857
12022718,K07508.01,1,FALSE POSITIVE,0.0,4.627775175,572.669,32.62,9.75,-2.61,0.3418199999999999,4.275651,-0.109413,1.23,0.097,-0.088,5845,46.01358136483764,575.5717195725715,-15.09188986281738,7557,12022718,4.628,0.98,3.353379561223101e-19,1.270295934938947e-20,0.9621189336981697,0.98,0.01924237867396341
5978361,K00558.01,1,CANDIDATE,1.0,9.17858526,44.101025,2.3,0.52,-0.2,0.026756,0.003371,-0.001074,0.895,0.07,-0.064,5506,2.620762574565819,0.3886401922411815,-0.21491388448333104,734,5978361,9.179,0.028,0.9871665514947443,0.006823406711007613,0.9999106843170774,0.028,0.9719131851561992
3531231,K07657.01,1,FALSE POSITIVE,0.0,62.060783,9.814416,2.11,0.5,-0.17,0.024658,0.000604,-0.005011,0.998,0.088,-0.079,5526,2.693220088535112,0.24647126545641393,-0.5873716540036314,7259,3531231,62.061,0.15,0.9911572235597402,0.19769692818801976,0.9978015957178203,0.15,0.8481313563601472
3644631,K07659.01,1,FALSE POSITIVE,0.0,358.96247,7.556082000000001,2.37,0.72,-0.23,0.023964,0.0013449999999999,-0.00151,1.179,0.104,-0.094,5743,3.092121650704757,0.32328833678657903,-0.31422797265021796,7261,3644631,358.962,0.36,0.9811980952637867,0.9773221333298083,0.174188953134226,0.36,0.11148093000590464
6106046,K07762.01,1,CANDIDATE,0.977,8.507351199999999,7.893211999999999,1.38,0.43,-0.14,0.0132699999999999,0.001165,-0.000897,0.774,0.064,-0.058,5914,1.1240751299395837,0.13556473447436332,-0.11343998060758317,6958,6106046,8.507,0.0095,0.991361282408361,0.09961557884053653,0.9990359121403546,0.0095,0.9895450709750213
6147851,K07766.01,1,FALSE POSITIVE,0.001,3.06026014,9.113384,0.83,0.24,-0.1,0.007509,0.000649,-0.000575,1.021,0.078,-0.071,5878,0.8390566853290963,0.09678794494764527,-0.08679051537322373,6961,6147851,3.06,0.36,0.9913537294483868,0.08378031718386526,0.9992024782074475,0.36,0.6394895860527664
8182107,K07870.01,1,CANDIDATE,0.982,92.552007,7.5794725,2.1,0.6,-0.4,0.015755,0.000838,-0.002945,0.879,0.067,-0.061,5808,1.5156214331896554,0.1408717887710669,-0.30220147883714965,7861,8182107,92.552,0.94,0.9910928500931875,0.33421264507136034,0.9954885956544767,0.94,0.05972931573926865
9873004,K07970.01,1,CANDIDATE,0.959,1.98514635,8.30868,1.28,0.28,-0.11,0.0138729999999999,0.000826,-0.001071,0.721,0.066,-0.06,5581,1.0946848474232238,0.11953893588276596,-0.1242603932417176,7693,9873004,1.985,0.0013,0.9913676856661939,0.08713699364710058,0.9991688307801703,0.0013,0.9978699113001561
8873873,K08174.01,1,CANDIDATE,0.665,295.06066,7.372084,0.64,0.07,-0.07,0.007668,0.000543,-0.000546,1.055,0.078,-0.071,5332,0.8853561726025673,0.09063891806606049,-0.08674345390901059,7755,8873873,295.061,0.018,0.9867720307440144,0.9438408498404454,0.7747034256200825,0.018,0.7607587639589211
10600261,K00597.01,1,CANDIDATE,1.0,17.30795548,36.02527,3.56,0.57,-0.78,0.022671,0.000677,-0.00035,1.008,0.054,-0.051,5566,2.5010056030707277,0.15339206478863068,-0.13229863188116622,960,10600261,17.308,0.00072,0.9892123448328056,0.014574210028420288,0.999838713273411,0.00072,0.9991188293998541
10600261,K00597.02,2,CANDIDATE,1.0,2.09227115,24.470907,2.06,0.33,-0.45,0.013112,0.000433,-0.000376,1.008,0.054,-0.051,5566,1.4464816491316386,0.09102989205494143,-0.08412248240922479,961,10600261,2.092,1.8e-05,0.990847735108841,0.026781669393168433,0.9997458155230998,1.8e-05,0.9997278200984204
10600261,K00597.03,3,CANDIDATE,0.9,52.8148051,21.870878,3.33,0.53,-0.73,0.0212,0.0008849999999999,-0.000461,1.008,0.054,-0.051,5566,2.3387287188522525,0.1588368165657283,-0.12879443928020834,985,10600261,52.815,0.017,0.9905444529839724,0.0763285259962119,0.9992111725183531,0.017,0.9822245825855411
9075882,K08175.01,1,FALSE POSITIVE,0.0,367.01607,8.487341,2.46,0.7,-0.22,0.0260959999999999,0.000723,-0.002549,0.801,0.064,-0.058,5931,2.28765176617165,0.19346040685626348,-0.27815519695142604,7756,9075882,367.016,0.59,0.9791747714226233,0.9784762409731789,0.03314415914522184,0.59,0.013589105249540956
9084832,K08176.01,2,FALSE POSITIVE,0.008,568.08251,7.883763,2.14,0.6,-0.35,0.020638,0.001192,-0.000618,0.796,0.059,-0.053,5359,1.7978942004782281,0.1689427196541166,-0.1312582615105577,7768,9084832,568.083,0.99,0.8754474909887832,0.9939951505947593,0.0,0.99,0.0
8329346,K08275.01,1,CANDIDATE,0.229,389.875816,7.391050999999999,3.76,0.63,-0.29,0.043549,0.001432,-0.005272,0.866,0.079,-0.071,5289,4.12742827111125,0.4002345798476096,-0.6034664038210182,8044,8329346,389.876,0.74,0.9768605192385003,0.9845950837459503,0.0,0.74,0.0
8098960,K06966.01,1,CANDIDATE,0.98,8.47484677,7.9195485,1.35,0.28,-0.11,0.015752,0.0035259999999999,-0.002747,0.849,0.071,-0.064,5564,1.4636149908129874,0.3497397048868654,-0.27806617281168866,6346,8098960,8.475,0.025,0.9913609578620822,0.09938215180556378,0.9990383841184276,0.025,0.9740624245154669
8265218,K00522.01,1,CANDIDATE,1.0,12.82993461,62.248104000000005,3.31,0.82,-0.28,0.035889,0.002933,-0.00129,0.964,0.075,-0.068,5862,3.786359507488044,0.4272351773231281,-0.2997637738182207,1244,8265218,12.83,0.023,0.9683177336338945,0.0018059381292268365,0.9999408048342567,0.023,0.9769421663230689
10068030,K00529.01,1,FALSE POSITIVE,0.0,2.023123903,69.42990999999999,2.87,0.58,-0.25,0.032684,0.0008759999999999,-0.000337,1.015,0.079,-0.072,5559,3.630652636861313,0.29886805674914624,-0.2602502927800313,1254,10068030,2.023,0.021,0.9529968081255671,0.0008578764584566484,0.999957651953047,0.021,0.978958541262033
9540675,K07188.01,1,FALSE POSITIVE,0.0,3.55643514,7.6422644,0.75,0.21,-0.17,0.006185,0.000336,-0.000329,1.151,0.086,-0.078,5831,0.7791094700950164,0.07197356054689753,-0.06712065553351539,7112,9540675,3.556,0.99,0.9913740379434877,0.09364613541506121,0.9991009950752824,0.99,0.009991009950752833
4270253,K00551.01,1,CANDIDATE,1.0,11.6370303,30.17394,2.9,0.45,-0.49,0.022173,0.000732,-0.0004269999999999,1.062,0.056,-0.053,5579,2.577106874244903,0.1603282114864013,-0.1378559477095554,692,4270253,11.637,0.0013,0.9902528246697784,0.02056688397969268,0.9997933066984561,0.0013,0.9984935753997481
4270253,K00551.02,2,CANDIDATE,1.0,5.68798675,28.342422,2.76,0.43,-0.47,0.021092,0.003692,-0.001298,1.062,0.056,-0.053,5579,2.451465214069972,0.44815883726827715,-0.19423518247748503,693,4270253,5.688,0.0023,0.990521195452861,0.02129867433441101,0.9997917465563559,0.0023,0.9974922255392763
11137061,K07411.01,1,CANDIDATE,0.67,1.88912273,8.133816,0.59,0.1,-0.05,0.0072209999999999,0.000442,-0.000322,0.935,0.071,-0.064,5413,0.7389114758211577,0.07206928340608786,-0.06036392833680481,7205,11137061,1.889,0.41,0.9913703113620176,0.08807799014074433,0.9991592460514312,0.41,0.5895039551703445
6231721,K07773.01,1,CANDIDATE,0.95,2.69339974,7.3883557,1.04,0.19,-0.11,0.011019,0.001206,-0.000678,0.92,0.078,-0.071,5355,1.109464641958218,0.1535989836501511,-0.10950457685985264,6967,6231721,2.693,0.2,0.9913789359032642,0.09400914649781754,0.9990976656643403,0.2,0.7992781325314723
6277410,K07774.01,1,CANDIDATE,0.851,6.32589574,8.370732,1.14,0.31,-0.1,0.012726,0.000826,-0.0013289999999999,0.885,0.073,-0.066,5749,1.232590014944626,0.12937364979286567,-0.15817370062522748,7001,6277410,6.326,0.28,0.9913584655202906,0.09304949747343096,0.9991056848378013,0.28,0.7193560930832169
8222395,K07873.01,1,CANDIDATE,0.965,1.93188768,7.295529400000001,0.57,0.16,-0.06,0.0056799999999999,0.000474,-0.0008179999999999,0.969,0.072,-0.065,5896,0.6023592285426524,0.06730543291809199,-0.0956968751733742,7864,8222395,1.932,0.14,0.9913814449693507,0.09347028363262651,0.9991036343852784,0.14,0.8592291255713393
8242769,K07875.01,2,CANDIDATE,0.826,21.9711574,7.432082,1.32,0.39,-0.17,0.012115,0.0009019999999999,-0.001149,1.063,0.095,-0.086,5763,1.4094190546344072,0.1639428671253606,-0.17569836084195664,7866,8242769,21.971,0.0086,0.9913407663157313,0.12703856574902428,0.9987288493661879,0.0086,0.9901397812616386
9906688,K07976.01,1,CANDIDATE,0.975,5.82561701,8.317393,1.21,0.36,-0.15,0.011488,0.0004969999999999,-0.00115,0.962,0.081,-0.073,5999,1.20949187314372,0.11449498094657104,-0.15193076041794987,7699,9906688,5.826,0.029,0.9913602403266727,0.09264889741641848,0.9991101126173748,0.029,0.9701359193514709
9093859,K08177.01,1,FALSE POSITIVE,0.0,3.0447752,7.550752,0.68,0.11,-0.06,0.007929,0.0005009999999999,-0.000896,0.754,0.065,-0.058,5390,0.6542944242700729,0.06993324272665843,-0.08944186912274114,7769,9093859,3.045,1.0,0.991376175615691,0.09347512727562218,0.9991030303122872,1.0,0.0
5737869,K06624.01,1,FALSE POSITIVE,0.112,26.2402438,7.319212400000001,1.16,0.27,-0.18,0.012164,0.001284,-0.0009,1.11,0.087,-0.079,5649,1.4776883381575634,0.1942782625534803,-0.1517038418840001,6591,5737869,26.24,0.49,0.991333158685324,0.1366887129587478,0.9986157757691979,0.49,0.509294045642291
8115647,K06970.01,1,CANDIDATE,0.987,40.7698541,8.182845,1.87,0.31,-0.25,0.014137,0.001838,-0.000683,1.003,0.05,-0.047,5880,1.5518210786401962,0.21607993680929677,-0.10444511396669705,6350,8115647,40.77,0.16,0.9912786092824233,0.16081261217830622,0.9983140248587618,0.16,0.8385837808813599
8760760,K07088.01,1,CANDIDATE,1.0,2.68814059,7.9685,0.92,0.17,-0.07,0.011448,0.000709,-0.001308,0.994,0.085,-0.077,5636,1.2453730427888243,0.13149208551359232,-0.1719118892493864,7490,8760760,2.688,0.59,0.9913711418323785,0.09026261762295308,0.9991364073430102,0.59,0.40964592701063424
11073351,K00537.01,1,CANDIDATE,1.0,2.820190603,49.710533,2.53,0.4,-0.27,0.020656,0.002557,-0.000904,1.192,0.06,-0.056,5829,2.694672163100931,0.360094909806313,-0.17301476890819253,1297,11073351,2.82,3e-05,0.9848193435795266,0.003967032373240327,0.9999386059883845,3e-05,0.9999086078302049
6501635,K00560.01,1,CANDIDATE,1.0,23.67513153,33.20943,2.76,0.43,-0.23,0.032391,0.005035,-0.003773,0.817,0.062,-0.056,5309,2.896208796548578,0.5009843702221219,-0.3914329629759142,735,6501635,23.675,1.8e-05,0.9895913345858414,0.020156757081282815,0.9997836269212795,1.8e-05,0.999765630815995
12356914,K07526.01,1,FALSE POSITIVE,0.0,27.308150159,6237.347,47.06,8.09,-4.33,0.583164,0.000924,-0.0008759999999999,1.168,0.105,-0.095,5541,74.5447400463126,6.70240870297142,-6.0641763255248735,7607,12356914,27.308,1.0,9.129715895500286e-243,4.056652171484212e-210,0.0,1.0,0.0
7445445,K00567.01,1,CANDIDATE,1.0,10.68758211,65.98891,2.64,0.69,-0.29,0.028544,0.000682,-0.00263,0.832,0.037,-0.035,5788,2.5990917734709282,0.1312105339461284,-0.26325544675066814,779,7445445,10.688,0.00036,0.9600258902614374,0.0013036790674883767,0.999945645801342,0.00036,0.9995856653688535
7445445,K00567.02,2,CANDIDATE,1.0,20.30303506,37.89774,2.16,0.56,-0.24,0.023337,0.002727,-0.002217,0.832,0.037,-0.035,5788,2.12496513163856,0.26568287478042296,-0.22077698732767376,780,7445445,20.303,1.2e-05,0.9886854344410315,0.013320176491630056,0.99984550533788,1.2e-05,0.9998335071918159
7445445,K00567.03,3,CANDIDATE,1.0,29.02235217,32.837140000000005,2.55,0.66,-0.29,0.027485,6.8e-05,-0.0038929999999999,0.832,0.037,-0.035,5788,2.5026638660961487,0.11146845137942743,-0.36978331414086035,781,7445445,29.022,0.0025,0.9895321976987583,0.022746244032573526,0.9997537773916361,0.0025,0.997254392948157
9782691,K00590.01,1,CANDIDATE,1.0,11.38840217,28.622696,3.04,0.49,-0.59,0.01914,0.000588,-0.000455,1.035,0.051,-0.048,5877,2.168032253649635,0.12589234000076804,-0.11298602639337689,951,9782691,11.388,0.0059,0.9904228660580308,0.02301965949469835,0.9997721610483918,0.0059,0.9938735052982063
9782691,K00590.02,2,CANDIDATE,0.955,50.6985408,22.80585,3.58,0.57,-0.7,0.022503,0.000754,-0.000459,1.035,0.051,-0.048,5877,2.5489670743927757,0.15188842216842358,-0.12914129056697932,952,9782691,50.699,0.013,0.9904844295147026,0.06895380053143964,0.9992885012288287,0.013,0.986297750712854
3533483,K08088.01,1,FALSE POSITIVE,0.0,308.185801,8.03421,2.12,0.44,-0.18,0.023885,0.001843,-0.0017,0.731,0.055,-0.05,5380,1.9108477188994462,0.20593627431533623,-0.188625711693304,7974,3533483,308.186,0.12,0.9856257299969138,0.9518866910304277,0.711468127425022,0.12,0.6260919521340194
9771576,K08185.01,1,FALSE POSITIVE,0.001,398.71694,11.356028,21.25,3.36,-1.82,0.252342,6.729711999999999,-0.197226,0.759,0.058,-0.053,5303,20.961133906147747,559.0150409455673,-16.448102936108377,7777,9771576,398.717,1.0,0.9683602575205031,0.9830335068337323,0.0,1.0,0.0
9239670,K08282.01,1,FALSE POSITIVE,0.116,456.55308,7.491992,1.48,0.32,-0.39,0.010443,0.000315,-0.001605,1.082,0.081,-0.073,5678,1.2366192263717593,0.09980732226156082,-0.20756406521833942,8051,9239670,456.553,0.69,0.959236944876061,0.9913724957568616,0.0,0.69,0.0
2441151,K00603.01,1,FALSE POSITIVE,0.0,2.192009479,136.40614,35.9,8.3,-6.76,0.292251,2.880154,-0.149452,1.037,0.048,-0.045,5499,33.16791852282594,326.87575707593265,-17.02244570239002,994,2441151,2.192,1.0,0.05285016142802719,4.926438445114201e-06,0.9999117108020261,1.0,0.0
10010452,K08287.01,1,FALSE POSITIVE,0.266,358.74318,7.710121000000001,2.25,0.51,-0.17,0.024907,0.001877,-0.0009369999999999,0.82,0.062,-0.056,5482,2.235212043480997,0.23861363484269432,-0.17427704617372272,7636,10010452,358.743,1.0,0.9810813220874159,0.97705500483656,0.17886073607299302,1.0,0.0
5812960,K00507.01,1,CANDIDATE,1.0,18.49234792,60.3851,3.34,0.52,-0.42,0.036503,0.00116,-0.0004509999999999,0.749,0.057,-0.052,5289,2.992222138167002,0.24676832858390887,-0.21100164109598762,1112,5812960,18.492,0.0023,0.9705082002344291,0.002303937498236831,0.9999298262795641,0.0023,0.9976299876791211
10266615,K00530.01,1,CANDIDATE,1.0,10.94026745,24.899769,2.08,0.52,-0.18,0.022096,0.004553,-0.000987,0.808,0.061,-0.056,5749,1.9539276456078534,0.42878953606659787,-0.16111013260225684,1288,10266615,10.94,0.0018,0.9907425022557369,0.03020495660307894,0.9997089744782461,0.0018,0.9979094983241853
11232745,K07421.01,1,FALSE POSITIVE,0.0,4.81712182,773.0808,43.45,8.68,-3.72,0.50044,0.0026969999999999,-0.125826,0.94,0.087,-0.078,5419,51.4829381953184,4.772981326123621,-13.63111160045475,7248,11232745,4.817,0.91,4.160236619009613e-27,2.48299147891205e-27,0.4031609962841124,0.91,0.0362844896655701
3934657,K07676.01,1,CANDIDATE,0.904,5.3694084,7.346263400000001,0.62,0.19,-0.05,0.006556,0.000139,-0.001066,0.912,0.068,-0.062,5753,0.6543607460357412,0.05072425242733577,-0.11532371911896266,7310,3934657,5.369,0.1,0.9913748079624691,0.09841421179442425,0.9990503104574655,0.1,0.899145279411719
4048898,K07678.01,1,CANDIDATE,0.967,13.0914878,7.643167500000001,0.79,0.12,-0.14,0.005595,0.000489,-0.000505,1.185,0.05,-0.048,5919,0.725607723618802,0.07042137066457159,-0.07178559606241604,7345,4048898,13.091,0.035,0.9913559887410942,0.108999366974411,0.9989333261395613,0.035,0.9639706597246767
4054784,K07679.01,1,CANDIDATE,1.0,1.8679943,7.4732122,0.7,0.14,-0.07,0.007812,0.001253,-0.000268,0.855,0.064,-0.058,5487,0.7309906213818274,0.1293861904690623,-0.055568139930041345,7346,4054784,1.868,0.91,0.9913792493934218,0.0922217920520676,0.9991165966105497,0.91,0.08992049369494945
6469946,K07781.01,1,FALSE POSITIVE,0.0,0.7158023090000001,23.79851,25.52,3.78,-2.02,0.308722,2.055838,-0.091411,0.845,0.071,-0.064,5239,28.550107225805437,190.13568004904607,-8.725721073686625,7008,6469946,0.716,1.0,0.9908981071196953,0.027505910048275233,0.9997401984313825,1.0,0.0
8489260,K07889.01,1,CANDIDATE,0.386,130.235324,7.605977,2.44,0.68,-0.23,0.024722,0.002133,-0.001436,0.821,0.079,-0.07,5616,2.221315335294488,0.2870848791361966,-0.22916785094004732,7924,8489260,130.235,0.034,0.990846007696344,0.49358123903565543,0.990995631985117,0.034,0.9573017804976229
8508493,K07890.01,1,FALSE POSITIVE,0.001,349.85525,8.185003,2.63,0.77,-0.26,0.027213,0.002486,-0.002924,0.967,0.098,-0.087,5941,2.8799593073087086,0.3929442833097684,-0.40360169558402803,7925,8508493,349.855,0.34,0.981715368211188,0.9734086623522692,0.31820211215195704,0.34,0.21001339402029162
10160922,K07990.01,1,CANDIDATE,0.789,87.487573,7.8486037,1.87,0.49,-0.16,0.020983,0.001837,-0.001846,1.007,0.091,-0.082,5774,2.3124934262050085,0.2909587287521763,-0.27721594450420783,7735,10160922,87.488,0.013,0.9911081415100769,0.3101425844431825,0.9959665789239956,0.013,0.9830190133979837
4371172,K08093.01,1,FALSE POSITIVE,0.0,73.992267,8.607452,2.86,1.38,-1.68,0.013831,0.001979,-0.001372,0.936,0.07,-0.064,5271,1.4168141503901335,0.22874477813639077,-0.17069771829290245,8002,4371172,73.992,0.71,0.9911448595274266,0.25037481735966094,0.9970159589039762,0.71,0.2891346280821531
4557341,K08094.01,1,FALSE POSITIVE,0.005,361.901618,7.1529336,0.95,0.11,-0.08,0.012107,0.000752,-0.001379,0.824,0.061,-0.055,5053,1.091810357034986,0.10550704649474177,-0.14413835139553635,8003,4557341,361.902,0.27,0.9812126377480023,0.9786664701520591,0.12163572100129005,0.27,0.08879407633094173
4645492,K08095.01,1,FALSE POSITIVE,0.3,508.04103,8.32845,1.89,0.18,-0.07,0.017893,0.001005,-0.0015,0.943,0.042,-0.04,5672,1.8466232969890508,0.1323714983779515,-0.17349435485720854,8004,4645492,508.041,0.35,0.9290264120174174,0.9931205333430038,0.0,0.35,0.0
4763020,K08097.01,1,FALSE POSITIVE,0.017,384.09781,7.1536813,1.63,0.34,-0.51,0.009146,0.000489,-0.000959,1.193,0.089,-0.08,5884,1.1941395882519508,0.10960125057564941,-0.14862714729031698,8006,4763020,384.098,0.0066,0.978115280553607,0.9837406166502077,0.0,0.0066,0.0
10028127,K08193.01,1,CANDIDATE,0.519,367.947848,8.615878,3.72,0.9,-0.3,0.039795,0.007028,-0.007913,0.905,0.08,-0.072,5570,3.941491042269695,0.7784173493115324,-0.8441459594943346,7796,10028127,367.948,0.58,0.9788932283412266,0.9785797341237548,0.014950969417741988,0.58,0.006279407155451636
6266741,K00508.01,1,CANDIDATE,1.0,7.930583519,71.042274,3.05,0.47,-0.17,0.0270389999999999,0.004337,-0.001019,1.004,0.045,-0.043,5674,2.9710351795242778,0.4948035614913988,-0.16949368660981629,1113,6266741,7.931,1.2e-05,0.9440985156344822,0.0008412772754332797,0.9999501447728961,1.2e-05,0.9999381453711589
6266741,K00508.02,2,CANDIDATE,1.0,16.6658994,48.868120000000005,2.85,0.44,-0.16,0.025297,0.000143,-0.000891,1.004,0.045,-0.043,5674,2.779624872829096,0.12557172891305562,-0.1541340243941782,1114,6266741,16.666,1.7e-06,0.9841979868421507,0.005403425331084249,0.9999127727577997,1.7e-06,0.9999110729060859
6664842,K06750.01,1,CANDIDATE,0.788,5.21395046,8.140921,1.24,0.19,-0.27,0.008015,0.0007019999999999,-0.000695,1.156,0.053,-0.05,5523,1.0140160203246915,0.10024554650285449,-0.09825930225136698,6333,6664842,5.214,0.005,0.9913640008346902,0.09288097784603391,0.9991080470378464,0.005,0.9941125068026572
7381695,K06873.01,1,FALSE POSITIVE,0.086,0.948683571,10.48579,1.12,0.24,-0.11,0.011996,0.002917,-0.000966,0.963,0.086,-0.078,5576,1.2642885356783287,0.327507277306429,-0.14440072306978216,6737,7381695,0.949,0.0013,0.9913360290256715,0.07342420919003309,0.9993074447481914,0.0013,0.9980083450700188
7385387,K06874.01,1,FALSE POSITIVE,0.0,1.65546056,10.601633,0.9,0.2,-0.08,0.010068,0.000758,-0.0004769999999999,1.001,0.099,-0.088,5438,1.1029624823181474,0.13709480485617326,-0.11014831923252157,6738,7385387,1.655,0.0048,0.9913324426803273,0.07366951002030431,0.9993046567782927,0.0048,0.9945079944257569
8167504,K06983.01,1,CANDIDATE,0.99,7.702172900000001,7.75047,0.85,0.12,-0.06,0.008061,0.00053,-0.000678,0.999,0.046,-0.043,5620,0.8813286028032973,0.07074343770713601,-0.08327026660007128,6395,8167504,7.702,0.011,0.9913649007661123,0.09932260569110868,0.9990394662348207,0.011,0.9880500321062377
12555616,K07540.01,1,CANDIDATE,0.347,21.980467,8.091769000000001,0.92,0.24,-0.14,0.009047,0.000491,-0.000741,0.84,0.063,-0.057,5573,0.831701207525799,0.07699623938134613,-0.08846236082491846,6950,12555616,21.98,0.0062,0.9913294826305736,0.12152627510921273,0.9987900472795201,0.0062,0.9925975489863872
4073017,K07681.01,1,CANDIDATE,1.0,6.05552018,7.941939,0.92,0.17,-0.07,0.010451,0.000886,-0.000673,0.852,0.065,-0.059,5352,0.9744978788698716,0.11114145858690816,-0.09215170981642722,7348,4073017,6.056,0.062,0.9913652684509648,0.09546094004051699,0.9990807925794787,0.062,0.9371377834395509
8545603,K07893.01,1,FALSE POSITIVE,0.025,55.884827,7.4219,2.11,0.6,-0.19,0.02222,0.001042,-0.003433,0.769,0.073,-0.066,5668,1.8700527192927259,0.1980007716210274,-0.330510051467595,7928,8545603,55.885,0.59,0.991249667743657,0.20983563483833692,0.9976557534138614,0.59,0.40903885889968317
8555967,K07894.01,1,CANDIDATE,0.837,347.97611,8.54345,1.62,0.49,-0.15,0.016926,0.001239,-0.000797,1.017,0.078,-0.071,5995,1.8839038996664987,0.19973545988247768,-0.15864098885063485,7929,8555967,347.976,0.014,0.9816172295644016,0.9721168798737578,0.3471011469788734,0.014,0.34224173092116916
5305225,K08100.01,1,FALSE POSITIVE,0.0,322.50741,9.132104,2.11,0.58,-0.25,0.020725,0.000366,-0.004141,0.767,0.057,-0.052,5708,1.7396959755694688,0.1328866449692,-0.36706849685952886,8009,5305225,322.507,0.46,0.9838027481392916,0.9582724810753619,0.6219060241832446,0.46,0.3358292530589521
10205598,K08198.01,3,FALSE POSITIVE,0.008,373.89398,8.046221000000001,2.51,0.27,-0.24,0.032878,0.039922,-0.009555,1.091,0.084,-0.076,5263,3.925668266832368,4.776302420246818,-1.1731939774388753,7812,10205598,373.894,0.88,0.9786483032366878,0.9807489190398839,0.0,0.88,0.0
10214873,K08200.01,1,FALSE POSITIVE,0.0,5.959695592999999,9.210644,1.13,0.32,-0.1,0.011755,0.0,0.0,0.94,0.071,-0.064,5717,1.2092996932418827,0.09134072151082305,-0.08233529826327711,7814,10214873,5.96,0.019,0.9913461876949364,0.08721169965343842,0.9991659601217796,0.019,0.9801818068794658
11923074,K08295.01,1,FALSE POSITIVE,0.0,1.75647084,8.623289999999999,0.69,0.19,-0.06,0.007608,0.000483,-0.000531,0.815,0.063,-0.057,5813,0.6785964265039014,0.06787942834823969,-0.06704982635764274,7644,11923074,1.756,4.9e-05,0.991363616268319,0.08491237463718475,0.9991916354519933,4.9e-05,0.9991426750618562
12117215,K08296.01,1,FALSE POSITIVE,0.116,272.54288087,7.5996466,2.35,0.61,-0.2,0.025994,0.0,0.0,0.807,0.064,-0.058,5677,2.2957791373961745,0.18206922527057637,-0.16500023540145986,7645,12117215,272.543,0.27,0.9878151890912084,0.9196444826425131,0.8588283917711044,0.27,0.6269447259929062
6763884,K06763.01,1,CANDIDATE,0.971,2.44693823,7.283589999999999,0.56,0.08,-0.05,0.00495,0.000323,-0.0005549999999999,1.011,0.042,-0.04,5820,0.5476963039579662,0.04236676117512398,-0.06511954417779475,6343,6763884,2.447,0.91,0.9913807228123908,0.09432515159630118,0.9990945059887488,0.91,0.08991850553898736
7447895,K06878.01,1,CANDIDATE,1.0,2.4056253030000003,8.087268,1.11,0.23,-0.09,0.012218,0.009025,-0.001084,0.955,0.073,-0.067,5450,1.2769883877107977,0.9483029082487267,-0.14443822041411739,6742,7447895,2.406,0.92,0.9913700119928189,0.08910670690968252,0.9991484359791593,0.92,0.0799318748783327
7461314,K06881.01,1,FALSE POSITIVE,0.0,0.773595312,10.060088,0.96,0.27,-0.09,0.009365,0.000269,-0.000965,1.078,0.085,-0.077,5973,1.1048669895230303,0.09271898158365507,-0.13852737272388646,6778,7461314,0.774,0.22,0.991343503176704,0.07547073628977426,0.9992871864708934,0.22,0.7794440054472969
8231877,K06996.01,1,FALSE POSITIVE,0.0,1.307761491,1592.999,29.17,2.91,-2.6,0.396962,0.100382,-0.0566679999999999,1.009,0.077,-0.07,5112,43.835256980021384,11.578630350793121,-6.957491252557774,6438,8231877,1.308,1.0,1.9730352197442644e-59,8.21542468791853e-55,0.0,1.0,0.0
9651602,K07215.01,1,CANDIDATE,0.971,3.90735046,8.902447,0.83,0.16,-0.06,0.009441,0.0007509999999999,-0.000758,0.797,0.065,-0.059,5497,0.8234927398848477,0.09381684165667273,-0.08993153755137738,7235,9651602,3.907,0.0011,0.9913552501525762,0.08621188714451898,0.99917729380556,0.0011,0.9980781987823739
12116489,K00547.01,1,CANDIDATE,1.0,25.30291816,104.07783,3.95,0.22,-0.37,0.0407709999999999,0.0010279999999999,-0.000364,0.843,0.038,-0.036,5127,3.7615114998269474,0.1942809310588967,-0.16410680912598508,652,12116489,25.303,0.00017,0.44207251791981567,8.972720849335706e-05,0.9998867476132515,0.00017,0.9997167668661572
12116489,K00547.03,2,CANDIDATE,0.882,12.3860474,8.032078,1.11,0.06,-0.1,0.011472,0.000397,-0.001336,0.843,0.038,-0.036,5127,1.0584008223005286,0.06014772296667213,-0.13128448120207706,686,12116489,12.386,0.076,0.9913514348206257,0.10494321624041189,0.998977130556732,0.076,0.9230548686344204
11288492,K07434.01,1,CANDIDATE,0.986,5.704593,8.239894999999999,0.95,0.2,-0.08,0.010452,0.00146,-0.000863,0.833,0.063,-0.057,5523,0.9528572837276617,0.15135790835193935,-0.10218152952978951,7294,11288492,5.705,0.23,0.9913616173475872,0.09297108729222883,0.9991068444180565,0.23,0.7693122702019035
11288772,K07435.01,1,CANDIDATE,1.0,1.36752316,10.241317,0.82,0.13,-0.06,0.007198,0.000363,-0.00053,1.012,0.054,-0.051,5838,0.7972156404480242,0.05853163993903708,-0.07113240789301907,7295,11288772,1.368,0.033,0.9913392181370302,0.07523113484340252,0.9992892788719157,0.033,0.9663127326691424
11296724,K07437.01,1,CANDIDATE,0.668,1.9997244,8.192667,0.84,0.2,-0.09,0.008536,0.0016179999999999,-0.000235,1.025,0.094,-0.084,5838,0.9575505883463377,0.2016308882883814,-0.0827820541483044,7297,11296724,2.0,0.0038,0.9913692884944536,0.08787141407567223,0.9991613076381726,0.0038,0.9953644946691474
6887030,K07795.01,1,CANDIDATE,1.0,5.44085762,7.938199000000001,0.97,0.19,-0.09,0.011602,0.003113,-0.001131,0.796,0.061,-0.055,5519,1.0107165672036245,0.2820352282794309,-0.1207675524542971,7057,6887030,5.441,0.6,0.9913664794855309,0.09454914815526376,0.9990906178322663,0.6,0.3996362471329065
6936966,K07797.01,1,FALSE POSITIVE,0.0,36.4721523,7.8202724,0.7,0.15,-0.06,0.0071769999999999,0.000183,-0.001161,1.012,0.074,-0.067,5853,0.7948897820916073,0.06155680265743955,-0.13893903871198196,7092,6936966,36.472,0.96,0.9912983980211548,0.15441316067555183,0.998397046561125,0.96,0.03993588186244504
8560927,K07897.01,1,FALSE POSITIVE,0.0,31.9714488,7.7449193,0.87,0.18,-0.21,0.006036,0.000908,-0.000283,1.016,0.076,-0.068,5846,0.6711605089353133,0.11275680595938505,-0.05484554091460471,7932,8560927,31.971,0.015,0.9913116412879459,0.1450052992271991,0.9985135579325097,0.015,0.9835358545635221
10656823,K00598.01,1,CANDIDATE,1.0,8.30783912,50.371227000000005,2.15,0.36,-0.18,0.025018,0.0006,-0.000237,0.806,0.036,-0.035,5320,2.2068412118676064,0.11187911844548803,-0.09808440975719963,986,10656823,8.308,4.7e-06,0.9839281722422437,0.00415453508881244,0.9999318552574407,4.7e-06,0.9999271555777209
10656823,K00598.02,2,CANDIDATE,0.999,34.0963441,14.434025,1.71,0.28,-0.15,0.019891,0.000574,-0.0008789999999999,0.806,0.036,-0.035,5320,1.7545878385665743,0.09330226831738182,-0.10870661784981973,987,10656823,34.096,0.0017,0.9911248699604344,0.09517729931523712,0.9990580751801585,0.0017,0.9973596764523522
6587002,K00612.01,2,CANDIDATE,1.0,20.73989406,38.613728,2.11,0.15,-0.11,0.025087,0.002391,-0.002601,0.789,0.034,-0.032,5132,2.166253057371634,0.22658471279230838,-0.24116828443439145,1038,6587002,20.74,1.8e-05,0.9884795110229744,0.012710731339652606,0.9998499522927204,1.8e-05,0.9998319549935792
6587002,K00612.02,1,CANDIDATE,0.998,47.4277116,46.8974,2.33,0.17,-0.12,0.0277399999999999,0.002864,-0.0018329999999999,0.789,0.034,-0.032,5132,2.3953386140825486,0.2679823456903794,-0.18571535891497284,1039,6587002,47.428,0.00016,0.9826846621429731,0.01079396513380934,0.9998077302126268,0.00016,0.9996477609757928
6587002,K00612.03,3,CANDIDATE,0.995,122.0804953,18.941614,2.92,0.2,-0.15,0.034713,0.000504,-0.00885,0.789,0.034,-0.032,5132,2.997454553375912,0.13630241815587724,-0.7738035686467011,1040,6587002,122.08,0.27,0.9898053443995349,0.2610076143022032,0.9963622237947276,0.27,0.7273444233701511
6042663,K06651.01,1,FALSE POSITIVE,0.0,30.971766472,5374.158,51.72,13.73,-4.55,0.571344,0.011414,-0.023377,0.944,0.08,-0.072,5633,59.02732752881952,5.139427436227172,-5.108983828167532,6680,6042663,30.972,0.99,9.783280582844104e-209,3.455707881394655e-181,0.0,0.99,0.0
6838050,K00512.01,1,CANDIDATE,1.0,6.51003001,40.47481,2.78,0.75,-0.5,0.022098,0.000731,-0.000339,0.967,0.073,-0.067,5638,2.3386374443430653,0.1927525874822246,-0.16596008961320052,1159,6838050,6.51,2.1e-05,0.9884835975819525,0.008591888326764018,0.9998990320542289,2.1e-05,0.9998780341745558
7592922,K06890.01,1,CANDIDATE,0.952,2.15888911,8.309589,0.72,0.1,-0.07,0.0091849999999999,0.000659,-0.000717,0.776,0.061,-0.055,5269,0.7800534061162765,0.08301962956745562,-0.08224712788944376,6783,7592922,2.159,0.012,0.991367349019184,0.08737665459836381,0.9991662930724081,0.012,0.9871762975555393
7602351,K06892.01,1,CANDIDATE,0.786,17.580602600000002,7.420501700000001,1.87,0.29,-0.35,0.012611,0.006845,-0.002051,1.07,0.056,-0.053,5846,1.4767832539957213,0.8052862042314134,-0.25107005276974453,6785,7602351,17.581,0.025,0.9913502889857793,0.11875190152583008,0.998824244984306,0.025,0.9738536388596983
8248103,K07002.01,1,CANDIDATE,0.78,4.83014159,8.7853,1.3,0.35,-0.15,0.012676,0.001418,-0.000539,1.237,0.104,-0.095,5693,1.7160715278756609,0.24014129726175346,-0.15064432317284382,6444,8248103,4.83,0.66,0.9913551814441889,0.08823253878549063,0.9991561382769373,0.66,0.33971308701415864
8938628,K07109.01,1,FALSE POSITIVE,0.0,3.431126546,5044.028,47.48,14.75,-11.08,0.448692,0.130099,-0.117714,1.084,0.081,-0.074,5815,53.230563561792096,15.938580233612369,-14.43003126527187,7543,8938628,3.431,0.94,1.4318643972389668e-195,2.3998598727769682e-170,0.0,0.94,0.0
11356602,K07439.01,1,FALSE POSITIVE,0.0,323.2575,13.118262,2.01,0.31,-0.28,0.015382,0.000178,-0.0009789999999999,1.112,0.048,-0.045,5872,1.8719793337528317,0.08365816833610233,-0.14118769359516226,7299,11356602,323.257,0.0019,0.9803734967862976,0.9465080806881624,0.6457682270197284,0.0019,0.6445412673883909
5303551,K00553.01,1,FALSE POSITIVE,0.0,2.399069173,32.5147,1.78,0.5,-0.27,0.0162889999999999,0.0037189999999999,-0.0008529999999999,0.907,0.073,-0.066,5654,1.616907464620554,0.39142837606752073,-0.14495783376627966,695,5303551,2.399,1.0,0.9901166139559411,0.014664744157527379,0.9998514372672322,1.0,0.0
4384909,K07693.01,1,CANDIDATE,0.655,6.41097179,7.288214999999999,1.4,0.32,-0.13,0.013772,0.0009339999999999,-0.001371,0.837,0.071,-0.064,5383,1.2615542403095896,0.13701062284458748,-0.1583581806567879,7394,4384909,6.411,0.0029,0.991373736083989,0.10046764197572088,0.9990281600437716,0.0029,0.9961309783796446
6105359,K08116.01,1,FALSE POSITIVE,0.253,235.544698,7.1159897,2.13,0.55,-0.55,0.015515,0.000807,-0.00151,0.857,0.065,-0.059,5533,1.455177789689781,0.1338295829011964,-0.17347645592391928,7627,6105359,235.545,0.025,0.9892413060150589,0.8639809181424055,0.930918521406434,0.025,0.9076455583712731
10515564,K08211.01,1,CANDIDATE,0.266,5.0487451,7.110107000000001,0.67,0.15,-0.05,0.007408,0.000642,-0.000688,0.886,0.068,-0.062,5450,0.7183203186508936,0.08315457649742147,-0.08352973404093492,7848,10515564,5.049,0.017,0.9913785127296408,0.09953008793758988,0.9990387687724316,0.017,0.9820551097033002
6960456,K00613.01,1,FALSE POSITIVE,0.0,5.07442951,20.756702,1.38,0.32,-0.1,0.014777,9e-06,-0.001031,0.889,0.067,-0.061,5448,1.43771065034294,0.10835743416298822,-0.14069119853588558,1041,6960456,5.074,1.0,0.9910235327556214,0.03719357612343949,0.9996500947640928,1.0,0.0
6381846,K00509.01,1,CANDIDATE,1.0,4.16696628,57.862125,2.74,0.34,-0.22,0.026616,0.000517,-0.000205,0.937,0.048,-0.045,5460,2.7293914979864082,0.14953344417257602,-0.13275571803716849,1115,6381846,4.167,2.4e-07,0.9773468342804895,0.00217112290490672,0.9999495677281665,2.4e-07,0.9999493277402702
6381846,K00509.02,2,CANDIDATE,1.0,11.46347165,39.453987,3.0,0.37,-0.24,0.029133,0.000767,-0.000448,0.937,0.048,-0.045,5460,2.987502348618802,0.17207021298421835,-0.15065233440410516,1116,6381846,11.463,0.0069,0.9885831684156199,0.010132960748860777,0.999881779748269,0.0069,0.9929825954680059
6381846,K00509.03,3,FALSE POSITIVE,0.0,39.6034,13.178303,2.22,0.27,-0.18,0.021546,0.000802,-0.00073,0.937,0.048,-0.045,5460,2.209478103983136,0.1399101624837001,-0.12985983921799488,1117,6381846,39.603,0.0022,0.9911435735671321,0.11328091994921854,0.9988584559788775,0.0022,0.996660967375724
8037145,K00520.01,1,CANDIDATE,1.0,12.75934489,50.40442,2.58,0.1,-0.19,0.028553,0.000117,-0.002015,0.796,0.035,-0.033,4965,2.4874151132016107,0.10984517293075244,-0.20358705749744174,1205,8037145,12.759,3e-05,0.9834917434596426,0.004482791443709873,0.999924415933517,3e-05,0.999894418201039
8037145,K00520.02,3,CANDIDATE,1.0,5.4331329020000005,23.608395,1.61,0.06,-0.12,0.0178569999999999,0.002491,-0.001642,0.796,0.035,-0.033,4965,1.5556253870500796,0.22753005224374284,-0.1569101901717033,1206,8037145,5.433,1.0,0.9908731231273684,0.03026085008217876,0.9997125711628038,1.0,0.0
8037145,K00520.03,2,CANDIDATE,1.0,25.75274977,28.693022,2.27,0.09,-0.16,0.02519,0.007023,-0.0009519999999999,0.796,0.035,-0.033,4965,2.1944449515479487,0.6193756536596189,-0.12310426294745877,1207,8037145,25.753,0.0022,0.9902082782157517,0.029344617920029122,0.9997010518262549,0.0022,0.9975017095122372
8037145,K00520.04,4,CANDIDATE,0.905,51.1658019,10.171093,1.51,0.05,-0.11,0.0166979999999999,0.003012,-0.002446,0.796,0.035,-0.033,4965,1.4546582691920376,0.27007567513039915,-0.22145445004378322,1208,8037145,51.166,0.0048,0.9911913943022437,0.1650433757935303,0.9982433557003749,0.0048,0.9934517875930131
9024857,K07124.01,1,FALSE POSITIVE,0.0,35.026564845,1828.4366,34.88,8.1,-2.71,0.39437,0.0100019999999999,-0.0088799999999999,1.094,0.097,-0.087,5546,47.21768038100931,4.354481752044306,-3.9025881824045685,7588,9024857,35.027,1.0,6.804505282379832e-69,1.9549930931444887e-62,0.0,1.0,0.0
9024857,K07124.02,2,FALSE POSITIVE,0.005,379.11996,8.084263,2.74,0.64,-0.21,0.0309769999999999,0.009248,-0.0036299999999999,1.094,0.097,-0.087,5546,3.7088573805373657,1.1550582971412426,-0.5252480399342183,7589,9024857,379.12,0.94,0.9777816645576624,0.9819085864895005,0.0,0.94,0.0
11656721,K00541.01,1,CANDIDATE,1.0,13.64617478,38.652847,2.06,0.47,-0.16,0.022774,0.0007639999999999,-0.000383,0.904,0.07,-0.063,5569,2.25315569267556,0.19013977374086682,-0.1615303460000339,643,11656721,13.646,3.6e-05,0.988716735504269,0.011191870517607047,0.999870832417277,3.6e-05,0.99983483706731
10586619,K07345.01,1,CANDIDATE,0.902,377.501257,10.777698,2.16,0.32,-0.1,0.021072,0.001439,-0.000832,1.082,0.055,-0.052,5764,2.495263845456834,0.21242523738193334,-0.1552014489041072,6945,10586619,377.501,0.0062,0.9743700394306852,0.9786223353320499,0.0,0.0062,0.0
11411639,K07445.01,1,CANDIDATE,0.948,6.933574,7.7034254,1.3,0.25,-0.1,0.0150419999999999,0.001942,-0.001098,0.864,0.075,-0.068,5510,1.4223378998238012,0.22127916434054903,-0.15267876410829367,7338,11411639,6.934,0.46,0.9913670191802879,0.09843196470045686,0.9990492552028879,0.46,0.5394865978095595
7595157,K00568.01,1,CANDIDATE,1.0,3.383540239,24.679447,1.65,0.21,-0.21,0.015341,0.00256,-0.000888,0.872,0.037,-0.036,5302,1.4640422518248175,0.25208338764714167,-0.10409094531289767,782,7595157,3.384,0.00077,0.9908241102990639,0.0269599612994926,0.9997434097369795,0.00077,0.998973607311482
7595157,K00568.02,2,CANDIDATE,0.989,2.358952404,14.349433,0.96,0.12,-0.12,0.008881,0.00029,-0.000534,0.872,0.037,-0.036,5302,0.8475431352881952,0.045378701689520066,-0.06181734758121382,783,7595157,2.359,0.0086,0.9912528473019673,0.056893092002656624,0.9994676700863415,0.0086,0.990872248123599
10353968,K00618.01,1,CANDIDATE,1.0,9.07098164,48.7044,2.94,0.83,-0.28,0.028977,0.000837,-0.00036,0.775,0.06,-0.055,5672,2.4577549470645605,0.20308996551927114,-0.1770738224829569,1079,10353968,9.071,5.6e-05,0.984928574798856,0.004785562603555661,0.9999264189604203,5.6e-05,0.9998704230809586
6128245,K06666.01,1,CANDIDATE,0.955,1.118510435,8.018559,0.75,0.21,-0.08,0.00789,0.000466,-0.000785,0.91,0.071,-0.064,5918,0.7857815929398438,0.07689330078149224,-0.09574008001814016,6726,6128245,1.119,0.31,0.9913732924309852,0.08769511575987812,0.9991635436791884,0.31,0.6894228451386399
9119458,K00525.01,1,FALSE POSITIVE,0.0,11.53029332,38.911926,3.98,1.1,-0.89,0.031664,0.000936,-0.0004309999999999,0.926,0.07,-0.064,5770,3.2089298207903347,0.26046276621103465,-0.22604371563634898,1248,9119458,11.53,0.036,0.9887217782847556,0.01057320130247225,0.9998781040267123,0.036,0.9638824922817506
8311864,K07016.01,1,CANDIDATE,0.771,384.847556,7.6023917,1.09,0.2,-0.1,0.012491,0.000737,-0.0006889999999999,1.108,0.082,-0.075,5579,1.514678372703247,0.14336221958695242,-0.13225897756126587,6478,8311864,384.848,0.0086,0.9774413251946626,0.9835129621947674,0.0,0.0086,0.0
9025739,K07125.01,1,CANDIDATE,0.999,7.918267,7.728578,0.93,0.28,-0.12,0.008395,0.00056,-0.000925,0.887,0.071,-0.064,5966,0.8149440175088095,0.08491449785126563,-0.10733390003521397,7590,9025739,7.918,0.0036,0.9913648059292717,0.09981717042778299,0.999034142325138,0.0036,0.9954376194127674
10513530,K00533.01,1,CANDIDATE,1.0,16.54967098,40.86483,2.95,0.63,-0.41,0.029514,0.000493,-0.004351,0.783,0.059,-0.053,5372,2.529142447992701,0.19520043410818189,-0.4102736311511242,1291,10513530,16.55,1.2e-05,0.9879735602734039,0.009948277961752744,0.9998776844184618,1.2e-05,0.9998656858862488
10513530,K00533.02,2,CANDIDATE,0.999,3.52467888,11.125127,1.46,0.31,-0.2,0.014627,9.6e-05,-0.004605,0.783,0.059,-0.053,5372,1.2534311373175182,0.0948051514359353,-0.4036337337261881,1292,10513530,3.525,0.011,0.9913186295205102,0.07317892106107689,0.9993085430885835,0.011,0.9883161491146091
11669239,K00542.01,1,CANDIDATE,0.999,41.8854433,38.99938,3.28,0.88,-0.6,0.02918,0.000194,-0.004752,0.93,0.07,-0.064,5735,2.9699674647621443,0.22441629008834627,-0.52507431498275,644,11669239,41.885,0.00025,0.9874669350072994,0.017857429311631125,0.9997692301151855,0.00025,0.9995192878076568
11669239,K00542.02,2,CANDIDATE,0.992,13.81733587,17.675926,2.04,0.55,-0.37,0.0181759999999999,0.000592,-0.004919,0.93,0.07,-0.064,5735,1.8499701384344223,0.1517226735292549,-0.5165932605281558,645,11669239,13.817,0.0016,0.9911037705341398,0.05410181126571673,0.999486601897487,0.0016,0.9978874233344509
11506235,K07454.01,1,FALSE POSITIVE,0.0,20.413052415,2878.115,35.03,10.8,-3.6,0.3331159999999999,0.007276,-7.7e-05,0.883,0.068,-0.062,5941,32.191384259312855,2.5768500853126586,-2.2603359446553153,7343,11506235,20.413,1.0,3.187928227361637e-110,1.077024472298828e-97,0.0,1.0,0.0
11601357,K07459.01,1,FALSE POSITIVE,0.402,3.55027051,7.364884,1.15,0.24,-0.1,0.0131949999999999,0.001395,-0.001102,0.858,0.073,-0.066,5497,1.2390251961678738,0.1681425611027923,-0.14068345591108453,7381,11601357,3.55,0.018,0.991377758813188,0.09546657453030964,0.9990820739070467,0.018,0.9810985965767198
8096395,K07587.01,1,CANDIDATE,0.897,366.088938,21.286785,2.57,0.78,-0.31,0.024943,0.000487,-0.0034969999999999,1.014,0.079,-0.071,5941,2.7680255681160335,0.22232365581106373,-0.4337833006919047,7044,8096395,366.089,0.0017,0.9534928584800435,0.9520908250050117,0.030691791986647066,0.0017,0.030639615940269763
4840156,K07709.01,1,FALSE POSITIVE,0.0,2.69487041,8.86209,0.97,0.26,-0.2,0.007445,0.000295,-0.000721,1.021,0.078,-0.071,5823,0.8319053165901081,0.07159392652333603,-0.09918332476123934,7441,4840156,2.695,0.021,0.9913582757234468,0.08477495490713301,0.9991925615239248,0.021,0.9782095177319223
5009688,K07713.01,1,FALSE POSITIVE,0.198,1.381257093,7.817109599999999,1.1,0.33,-0.15,0.008874,0.000609,-0.000624,1.084,0.088,-0.08,5861,1.0527667554744526,0.11191089487453686,-0.10731582003453669,7478,5009688,1.381,0.039,0.9913755460373916,0.08932305138079796,0.9991467179432943,0.039,0.9601799959435058
6685403,K08126.01,2,FALSE POSITIVE,0.001,429.60143,7.777108999999999,2.74,0.69,-0.3,0.028607,0.00182,-0.001328,0.861,0.069,-0.063,5587,2.695621571215076,0.2758231368013149,-0.2335873453946155,7659,6685403,429.601,0.23,0.9673262977207329,0.9893977610595955,0.0,0.23,0.0
3541946,K00624.01,1,CANDIDATE,1.0,17.79001678,66.87443499999999,2.7,0.36,-0.19,0.026716,0.000543,-0.0003779999999999,0.9,0.039,-0.037,5569,2.6314637993959225,0.12595009615234237,-0.11441006320883895,1123,3541946,17.79,2.6e-06,0.9545691942005757,0.0013809673640492153,0.9999341847399945,2.6e-06,0.9999315849111142
3541946,K00624.02,3,CANDIDATE,0.999,49.5674085,26.813261,2.91,0.38,-0.21,0.028762,7.6e-05,-0.004009,0.9,0.039,-0.037,5569,2.8329900358671027,0.12299092464420468,-0.4116948192720396,1124,3541946,49.567,0.019,0.9900491229474776,0.05060498673092194,0.9994642638084148,0.019,0.9804744427960549
3541946,K00624.03,2,CANDIDATE,1.0,1.311842968,49.34426,1.43,0.19,-0.1,0.014172,0.0004639999999999,-0.000268,0.9,0.039,-0.037,5569,1.3959090045305813,0.0758137401541498,-0.06316748941187812,1125,3541946,1.312,6.5e-05,0.9851526017930875,0.003972932084052577,0.9999398844468109,6.5e-05,0.9998748883543219
6187508,K06672.01,1,CANDIDATE,1.0,2.28494301,8.627483999999999,1.0,0.18,-0.09,0.0115599999999999,0.00095,-0.000794,0.883,0.069,-0.062,5396,1.117125571985895,0.126683329689556,-0.10972776061823415,6732,6187508,2.285,0.28,0.9913625423280339,0.08561768127067947,0.9991841899164101,0.28,0.7194126167398153
6878408,K06786.01,1,CANDIDATE,0.556,455.62395,13.303884,3.0,0.87,-0.3,0.030751,0.001444,-0.001736,1.001,0.104,-0.091,5883,3.368812007724012,0.38409535626850805,-0.36050152454778606,6432,6878408,455.624,0.044,0.9385597698495929,0.9895717490703325,0.0,0.044,0.0
7602070,K00514.01,1,FALSE POSITIVE,0.0,11.75560012,38.851402,22.39,4.69,-1.89,0.254375,34.56722,-0.13562,1.105,0.084,-0.076,5644,30.76239612501573,4180.327001330364,-16.536876577138457,1161,7602070,11.756,1.0,0.9887295876794295,0.010664192322494706,0.9998771298142616,1.0,0.0
6936977,K06791.01,1,FALSE POSITIVE,0.0,36.473115046,4803.0005,53.1,10.19,-4.72,0.634783,0.015636,-0.123913,0.892,0.066,-0.06,5452,61.96887294317896,4.832543178208341,-12.794678306275006,6469,6936977,36.473,0.97,3.101514119863196e-186,5.069542457706238e-162,0.0,0.97,0.0
2571238,K00084.01,1,CANDIDATE,1.0,9.286964466,223.70905,2.1,0.26,-0.1,0.023784,0.000354,-0.000106,0.884,0.037,-0.035,5546,2.3010211834885475,0.10221793447881419,-0.09167915031680877,598,2571238,9.287,1.1e-07,1.84590519522915e-05,6.668236875222095e-09,0.9996387618471637,1.1e-07,0.9996386518868999
5903312,K00008.01,1,FALSE POSITIVE,0.0,1.16015259,36.647564,1.4,0.2,-0.12,0.013013,0.001035,-0.0010119999999999,0.939,0.04,-0.038,5842,1.3372927117260254,0.12065748382801204,-0.11723739466349882,389,5903312,1.16,0.00014,0.989507253986219,0.010476240134763986,0.9998877337034896,0.00014,0.999747749420771
10665749,K07359.01,1,CANDIDATE,0.965,4.237447181,7.679031,2.26,0.68,-0.29,0.020826,0.003595,-0.006118,1.082,0.098,-0.089,5993,2.466133487352127,0.4807467635632296,-0.7523331682533232,7026,10665749,4.237,0.71,0.9913723140452284,0.0944330044991317,0.9990924704728062,0.71,0.28973681643711385
11602794,K07460.01,1,CANDIDATE,0.925,5.70509519,8.405696,1.58,0.37,-0.2,0.015647,0.001466,-0.001292,0.714,0.059,-0.053,5455,1.2226798358608106,0.15274412022429731,-0.1357567759068269,7382,11602794,5.705,0.55,0.991359165235195,0.09190008829045658,0.9991179220425115,0.55,0.4496030649191301
11619964,K07466.01,1,FALSE POSITIVE,0.0,10.368552685,7700.6265,61.14,16.71,-9.0,0.593091,0.002445,-0.082433,1.25,0.1,-0.091,5855,81.13622591162222,6.499510426599856,-12.730303201093978,7387,11619964,10.369,0.99,2.1305309338300327e-300,3.038995010210445e-259,0.0,0.99,0.0
5097856,K07716.01,1,CANDIDATE,0.23,483.36405,7.1056905,1.27,0.25,-0.1,0.01617,0.000304,-0.002316,0.83,0.08,-0.071,5700,1.4688301142084066,0.1442419743785315,-0.24504286377792706,7481,5097856,483.364,0.0085,0.9490080377465114,0.9925840163435112,0.0,0.0085,0.0
6265961,K06680.01,1,CANDIDATE,0.913,5.52507406,8.149264,0.8,0.12,-0.08,0.007094,0.00044,-0.000591,1.073,0.048,-0.045,5601,0.8330563166058393,0.06370660411844528,-0.0776994903777391,6772,6265961,5.525,0.0042,0.9913632857026208,0.09329219041152374,0.9991036169084304,0.0042,0.994907381717415
6947623,K06793.01,1,CANDIDATE,0.972,3.62657392,8.468717,0.79,0.16,-0.07,0.009052,0.000641,-0.000615,0.834,0.063,-0.058,5416,0.8262168571608355,0.08554723981665678,-0.08032752533755089,6471,6947623,3.627,0.063,0.9913622780594061,0.08847933260110498,0.9991542497249046,0.063,0.9362075319922357
9157634,K00526.01,1,CANDIDATE,1.0,2.104721971,120.485374,2.89,0.79,-0.26,0.027167,0.000391,-0.000179,0.899,0.069,-0.063,5703,2.6729130424270076,0.2087270290942331,-0.18813815154592373,1249,9157634,2.105,5.4e-06,0.19147337051436547,1.678535940106345e-05,0.9999291199719856,5.4e-06,0.9999237203547378
10593626,K00087.01,1,CANDIDATE,0.881,289.864067,35.636192,2.34,0.22,-0.23,0.024234,0.000951,-0.003242,0.85,0.035,-0.034,5516,2.25438187924742,0.12823186199014222,-0.314781608470883,602,10593626,289.864,0.039,0.9363299867654505,0.6544557930802486,0.8712098325599053,0.039,0.8372326490900689
5709725,K00555.01,2,CANDIDATE,1.0,3.701765401,28.447165,1.63,0.12,-0.17,0.0166669999999999,0.002127,-0.001338,0.856,0.04,-0.037,5252,1.5614017282909545,0.21220023812231278,-0.14236148773646434,730,5709725,3.702,1.8e-05,0.9905353771521876,0.020414732154334765,0.999800870885391,1.8e-05,0.9997828744697151
5709725,K00555.02,1,CANDIDATE,0.97,86.49437040000001,30.617346,3.07,0.21,-0.33,0.031289,0.002529,-0.002635,0.856,0.04,-0.037,5252,2.9312232961238354,0.27366735526120284,-0.27746919123156527,731,5709725,86.494,0.0072,0.9882885715805653,0.07106888002094444,0.9990933867662659,0.0072,0.9918999143815488
11662440,K07469.01,1,FALSE POSITIVE,0.0,13.639480425,1841.8331,44.0,9.57,-4.42,0.476272,0.03515,-0.0384,0.95,0.088,-0.079,5461,49.5178877548452,5.864765862195758,-5.735492382546748,7389,11662440,13.639,1.0,2.603621145521918e-69,4.7630614998049245e-63,0.0,1.0,0.0
8344004,K00573.01,1,CANDIDATE,1.0,5.996533443,58.03445,2.96,0.44,-0.35,0.024912,0.002918,-0.0007019999999999,1.049,0.051,-0.048,5622,2.8600099171910394,0.3627103864891182,-0.15369324392855704,827,8344004,5.997,1.5e-05,0.9768123167554441,0.002213022302543196,0.9999473505072749,1.5e-05,0.9999323512970173
8344004,K00573.02,2,CANDIDATE,0.999,2.06190864,23.648258,1.63,0.24,-0.19,0.013746,9.6e-05,-0.000801,1.049,0.051,-0.048,5622,1.5781027746350362,0.07751132463819953,-0.11692186309137406,828,8344004,2.062,0.00015,0.9908965616509111,0.028470171976130436,0.9997307776656355,0.00015,0.9995808180489856
9347066,K07933.01,1,FALSE POSITIVE,0.0,20.004714,7.5677705,0.89,0.15,-0.07,0.009662,0.0012439999999999,-0.001156,0.873,0.066,-0.059,5299,0.923133969638812,0.13783041455156095,-0.1268499843420696,7613,9347066,20.005,0.16,0.9913428015301444,0.12209964387903136,0.9987854296115527,0.16,0.8389797608737042
9390228,K07934.01,1,CANDIDATE,0.943,22.6432436,7.3129215,2.12,0.65,-0.22,0.0217599999999999,0.002352,-0.003167,0.802,0.071,-0.064,5880,1.9099267656682521,0.2668461854134698,-0.3170172062666104,7614,9390228,22.643,0.79,0.9913412718547695,0.12939559475447893,0.998701836039861,0.79,0.20972738556837076
9392016,K07935.01,1,FALSE POSITIVE,0.0,350.65158,7.152328999999999,1.31,0.35,-0.11,0.0144219999999999,0.000998,-0.001263,1.14,0.087,-0.079,5882,1.7993423351371634,0.18536472175608687,-0.20094349747353957,7615,9392016,350.652,0.0029,0.9825007015803663,0.9752535821786854,0.2980713305438709,0.0029,0.29720692368529367
10718726,K00600.01,1,CANDIDATE,1.0,3.595769013,37.563694,2.39,0.38,-0.38,0.0183,5.6000000000000006e-05,-0.000906,1.212,0.063,-0.06,5763,2.427376623458344,0.1263939752338403,-0.16994759878692256,989,10718726,3.596,9.2e-07,0.9892680446268933,0.010195568655919198,0.999888255299195,9.2e-07,0.9998873354020001
12554485,K08238.01,1,CANDIDATE,0.444,495.662346,8.735097999999999,2.73,0.56,-0.33,0.030468,0.001593,-0.008092,0.991,0.075,-0.068,5515,3.304464244840171,0.3039620048344119,-0.906450652296665,7919,12554485,495.662,0.04,0.9352346383922796,0.9927470066270129,0.0,0.04,0.0
4644604,K00628.01,1,CANDIDATE,1.0,14.48584765,43.133007,2.88,0.45,-0.37,0.024271,0.000185,-0.004016,0.979,0.043,-0.041,5784,2.600481794503524,0.11592647693845641,-0.443856935690115,1165,4644604,14.486,0.009,0.9872710091053499,0.008067477087228483,0.9998951391914103,0.009,0.9908960829386876
4659405,K00630.01,1,FALSE POSITIVE,0.0,4.532402495,37.715553,3.69,0.99,-0.81,0.028823,0.220213,-0.006508,0.831,0.062,-0.056,5575,2.6213418503177697,20.02848683882625,-0.6176763561341311,1167,4659405,4.532,1.0,0.989211070362817,0.010245142216878566,0.9998871036913244,1.0,0.0
7812179,K00515.01,1,FALSE POSITIVE,0.0,17.79421914,103.92036,25.27,5.49,-2.2,0.287451,23.40659,-0.123118,1.21,0.092,-0.083,5485,38.065597383431914,3099.6107840116756,-16.51162256960529,1162,7812179,17.794,0.95,0.4677226282068335,7.950161563868537e-05,0.9999095184346373,0.95,0.04999547592173191
8394475,K07032.01,1,CANDIDATE,0.914,3.64049242,7.847150999999999,0.61,0.09,-0.03,0.005936,0.0004309999999999,-0.0005549999999999,0.957,0.041,-0.039,5749,0.6217120510948905,0.05241349873922886,-0.06341005789102634,6527,8394475,3.64,0.95,0.9913710838380683,0.0924396450310703,0.9991134509782603,0.95,0.04995567254891306
3629119,K08242.01,1,CANDIDATE,0.175,331.55459,7.1282005,1.36,0.32,-0.11,0.015518,0.000989,-0.002142,0.862,0.065,-0.059,5762,1.4639507584319154,0.14453793953063512,-0.22555277857023062,7945,3629119,331.555,0.0094,0.984347172723786,0.9677795765312894,0.5223720825014425,0.0094,0.517461784925929
5113822,K00638.01,1,CANDIDATE,1.0,23.6421965,60.679752,2.9,0.4,-0.14,0.03015,0.000606,-0.000241,0.919,0.039,-0.037,5750,3.032398572394916,0.1423912349965947,-0.12447079676463188,1175,5113822,23.642,1.7e-07,0.9686102104128655,0.0024671349847913623,0.9999198497169219,1.7e-07,0.9999196797305475
5113822,K00638.02,2,CANDIDATE,0.954,67.0930642,53.49991,3.51,0.48,-0.17,0.0364149999999999,0.001556,-0.003655,0.919,0.039,-0.037,5750,3.662513897637166,0.2205660058168748,-0.3960809086664894,1211,5113822,67.093,0.0077,0.9713832165005544,0.009209856518448675,0.9997261571480228,0.0077,0.992028265737983
7902204,K06931.01,1,CANDIDATE,0.972,2.54031121,9.051803,1.2,0.34,-0.09,0.012081,0.000686,-0.001034,1.192,0.136,-0.118,5778,1.5760231604580919,0.20085352472036944,-0.20624319888700104,6212,7902204,2.54,0.0065,0.9913557201367096,0.08343783717756605,0.9992062195192372,0.0065,0.9927113790923622
8443812,K07041.01,1,CANDIDATE,0.888,8.361373200000001,7.563681,0.79,0.12,-0.09,0.009364,0.0006889999999999,-0.000695,1.122,0.09,-0.081,5470,1.1498408075761393,0.12515972412337897,-0.11905395044223573,7314,8443812,8.361,0.0047,0.9913663300888469,0.10167960217844475,0.999014256657162,0.0047,0.9943188896508733
10815677,K07376.01,1,CANDIDATE,0.756,1.284241817,10.361855,1.18,0.34,-0.11,0.011768,0.000896,-0.000405,0.946,0.093,-0.083,5849,1.218364543418072,0.1514976075632156,-0.11482622995187747,7074,10815677,1.284,0.00043,0.9913373786783977,0.07448560962199867,0.9992967381656267,0.00043,0.9988670405682154
11854636,K07484.01,1,FALSE POSITIVE,0.235,37.0200232,7.907945,2.14,0.57,-0.19,0.0221449999999999,0.004404,-0.005351,0.944,0.077,-0.07,5685,2.287868898817005,0.49177480254418593,-0.5782740524744061,7467,11854636,37.02,0.44,0.9912951103188734,0.15479909080389376,0.998391693720471,0.44,0.5590993484834638
7664272,K07845.01,1,FALSE POSITIVE,0.146,341.01495,7.394858,1.72,0.3,-0.21,0.017606,0.0026,-0.002253,1.106,0.083,-0.075,5327,2.131077678265794,0.35301517803459237,-0.3086327356318681,7226,7664272,341.015,0.63,0.9832982286502115,0.9713430498021248,0.42426856170879135,0.63,0.1569793678322528
7941200,K00092.01,1,CANDIDATE,0.972,65.7045275,81.88671,2.78,0.42,-0.25,0.0243889999999999,0.001802,-0.001188,1.071,0.045,-0.043,5918,2.8586890634123967,0.24298047824590327,-0.18045292242412495,607,7941200,65.705,0.2,0.7815586525943573,0.0010155040128120801,0.9997158836890875,0.2,0.79977270695127
8625925,K00580.01,1,CANDIDATE,1.0,6.521209629,58.743534,2.54,0.61,-0.25,0.025899,0.003411,-0.000683,1.074,0.086,-0.078,5822,3.0441828338472186,0.46921758708043915,-0.23521030455385877,871,8625925,6.521,0.0003,0.9757519647596191,0.0021150808974061846,0.9999473275349391,0.0003,0.9996473433366786
9604563,K07949.01,1,CANDIDATE,0.912,1.001916708,8.045534,0.62,0.1,-0.05,0.007686,0.000572,-0.000736,0.961,0.076,-0.069,5521,0.8083644824754593,0.08778411563007565,-0.09675067405546564,7649,9604563,1.002,0.0026,0.99137313438223,0.08736406519377876,0.9991669881938121,0.0026,0.9965691540245082
6384840,K06699.01,1,FALSE POSITIVE,0.039,2.49904083,7.869708500000001,1.04,0.27,-0.14,0.010208,0.001004,-0.000875,1.116,0.1,-0.09,5525,1.2467756496350366,0.16588556243697938,-0.1467336858681829,6823,6384840,2.499,0.00027,0.9913728405728414,0.09061312225542231,0.999132891948552,0.00027,0.998863126067726
9597345,K00711.01,1,CANDIDATE,0.483,44.6996563,58.786575,3.05,0.47,-0.32,0.0267399999999999,0.003296,-0.000682,1.053,0.046,-0.043,5497,3.0815784599169276,0.40298794847633024,-0.14836617762479914,997,9597345,44.7,0.0013,0.9667450866314106,0.004140136510303029,0.9998569920177068,0.0013,0.9985571779280839
9597345,K00711.02,2,CANDIDATE,0.972,3.619309734,40.834072,1.47,0.23,-0.15,0.012902,0.0004669999999999,-0.000233,1.053,0.046,-0.043,5497,1.4868558447961238,0.08435204457572537,-0.06638924194296973,998,9597345,3.619,3.9e-06,0.9884895974814852,0.007944795137369093,0.9999067464720525,3.9e-06,0.9999028468357413
9597345,K00711.03,3,CANDIDATE,0.772,124.5245224,28.535248,2.69,0.41,-0.29,0.023514,0.000713,-0.000368,1.053,0.046,-0.043,5497,2.709806877579914,0.14409955766221147,-0.11850519805866165,999,9597345,124.525,0.00017,0.987306007563048,0.14981510473555437,0.9977343716364976,0.00017,0.9975647567933194
5796675,K00652.01,1,CANDIDATE,1.0,16.080657264000003,253.61078,4.43,0.38,-0.23,0.049706,0.000873,-0.000288,1.154,0.052,-0.049,5303,6.277664184306568,0.30360353865972906,-0.26902616193444884,1261,5796675,16.081,0.003,1.1256279694971694e-06,7.501193420176341e-10,0.9993335999828078,0.003,0.9963355991828594
2444412,K00103.01,1,CANDIDATE,1.0,14.91095177,107.95887,2.62,0.33,-0.17,0.026641,0.000444,-0.000197,0.88,0.038,-0.036,5650,2.56576366347848,0.11875983910052403,-0.10666401651941003,20,2444412,14.911,7.9e-05,0.3871173397646754,5.533001171834447e-05,0.9999123968944856,7.9e-05,0.999833403815131
5941160,K00654.01,1,CANDIDATE,1.0,8.59481851,29.628357,1.75,0.23,-0.13,0.017524,0.002886,-0.0008029999999999,0.99,0.043,-0.041,5675,1.8986805203876165,0.32338280848433476,-0.11727125589658707,1263,5941160,8.595,0.096,0.9903573638040726,0.020328905227818925,0.9997979599145912,0.096,0.9038173557627904
5941160,K00654.02,2,CANDIDATE,1.0,10.22215697,10.490836,1.72,0.23,-0.13,0.017212,0.002834,-0.003206,0.99,0.043,-0.041,5675,1.8648761194311603,0.3175605893723236,-0.3558442096740234,1264,5941160,10.222,0.14,0.9913139584437071,0.08538998159949895,0.9991819466129056,0.14,0.8592964740870989
9702072,K00714.01,1,CANDIDATE,1.0,4.182001885,165.43068,2.46,0.26,-0.1,0.0260199999999999,0.000597,-0.000295,0.84,0.035,-0.033,5328,2.3920487918449442,0.11378041440752489,-0.09780831945627969,1002,9702072,4.182,2.1e-07,0.0038894388480229265,5.445421411310497e-07,0.9998605391434753,2.1e-07,0.9998603291727621
6678383,K00111.02,3,CANDIDATE,1.0,23.66834635,99.441605,2.32,0.31,-0.26,0.021099,0.000762,-0.001355,1.062,0.045,-0.043,5979,2.4522788048389126,0.13653241932725504,-0.18617552730875508,63,6678383,23.668,1.5e-05,0.5508652771866807,0.00012461078508140227,0.9998983889388205,1.5e-05,0.9998833904629865
6678383,K00111.03,2,CANDIDATE,0.978,51.75530504,99.92415,2.61,0.35,-0.3,0.023742,0.001263,-0.000966,1.062,0.045,-0.043,5979,2.7594674337402467,0.18767153353820784,-0.15839618974074446,64,6678383,51.755,0.00057,0.4569457872214202,0.00019754551592929417,0.9997651819447694,0.00057,0.9991953157910609
6678383,K00111.01,1,CANDIDATE,0.999,11.427550984000002,148.07863999999998,2.35,0.32,-0.27,0.021404,8e-06,-0.0008039999999999,1.062,0.045,-0.043,5979,2.4877281169141705,0.10541630912470072,-0.13739818390937608,62,6678383,11.428,6.4e-08,0.017016152067916023,2.3595419946844955e-06,0.9998636943809182,6.4e-08,0.9998636303896418
9873254,K00717.01,1,CANDIDATE,1.0,14.70749512,29.69435,2.04,0.35,-0.34,0.0146169999999999,0.000536,-0.000293,1.206,0.05,-0.048,5676,1.9292522277560904,0.10678269395155134,-0.08597470413432723,1005,9873254,14.707,0.0018,0.9902614164364333,0.022491247582758823,0.9997737238249785,0.0018,0.9979741311220935
9873254,K00717.02,2,CANDIDATE,1.0,0.900375925,11.478353,0.82,0.13,-0.14,0.005833,0.0002529999999999,-0.000364,1.206,0.05,-0.048,5676,0.7698794721558015,0.046193892090067405,-0.05698317011595258,1006,9873254,0.9,0.0012,0.9913184945296908,0.06833254464377607,0.9993576843507783,0.0012,0.9981584551295574
6062088,K00658.01,1,CANDIDATE,1.0,3.162692075,64.98132,2.61,0.39,-0.35,0.022069,3.6e-05,-0.001574,1.041,0.047,-0.044,5821,2.514298520529197,0.113591869854151,-0.20844880630184617,1303,6062088,3.163,3.6e-07,0.9651176370969384,0.001233072966262766,0.9999553778730498,3.6e-07,0.9999550178891137
6062088,K00658.02,2,CANDIDATE,1.0,5.370639542,50.1357,2.54,0.38,-0.34,0.0214789999999999,0.003636,-0.001141,1.041,0.047,-0.044,5821,2.4470804260476853,0.4287260529169025,-0.16612078397023577,1304,6062088,5.371,0.0001,0.9843428091607453,0.004016515446362247,0.9999358547094692,0.0001,0.9998358611239982
6062088,K00658.03,3,CANDIDATE,1.0,11.32977062,14.24908,1.37,0.21,-0.18,0.011589,0.000629,-0.000317,1.041,0.047,-0.044,5821,1.320322876179839,0.09321389899420442,-0.06647296504713661,1305,6062088,11.33,0.0023,0.9912249314987923,0.06653001552132258,0.9993690490983199,0.0023,0.9970705002853938
9884104,K00718.01,1,CANDIDATE,1.0,4.585466941,62.9034,3.29,0.54,-0.71,0.020175,0.000306,-0.002172,1.18,0.052,-0.049,5788,2.605427581487541,0.12142570771664457,-0.30063748967113085,1042,9884104,4.585,2.7e-05,0.9691896578129846,0.0014839217335804397,0.9999527563238508,2.7e-05,0.9999257575994301
9884104,K00718.02,2,CANDIDATE,1.0,22.71443351,46.50063,4.01,0.66,-0.87,0.024589,0.000458,-0.002379,1.18,0.052,-0.049,5788,3.175457685313365,0.15192189325192418,-0.33432963420990325,1043,9884104,22.714,0.04,0.9851653125084484,0.007206554576718053,0.9998906954932872,0.04,0.9598950676735557
9884104,K00718.03,3,CANDIDATE,0.997,47.903427,22.787811,3.55,0.59,-0.77,0.0217699999999999,0.000133,-0.003624,1.18,0.052,-0.049,5788,2.8114081015605206,0.1250774752142842,-0.48234970826983087,1044,9884104,47.903,0.015,0.9905202275375633,0.06592579498577177,0.9993245261179521,0.015,0.9843346582261828
6347299,K00661.01,1,CANDIDATE,1.0,14.40090414,30.417171000000003,2.71,0.4,-0.45,0.02071,0.001145,-0.002701,0.991,0.043,-0.041,5815,2.246142001793355,0.1578611608554011,-0.3073282963815817,1308,6347299,14.401,0.00084,0.9901808457916996,0.021185241459894682,0.999785368990205,0.00084,0.9989455492802533
6347299,K00661.02,2,CANDIDATE,0.959,25.6613816,10.894302,1.78,0.27,-0.29,0.013624,0.001466,-0.002054,0.991,0.043,-0.041,5815,1.4776165442990183,0.17143795056326108,-0.23100615763700189,1309,6347299,25.661,0.0016,0.9912620916288376,0.10633431946213184,0.9989511403840833,0.0016,0.9973528185594687
6442340,K00664.01,1,CANDIDATE,1.0,13.13747785,35.811054,1.85,0.29,-0.27,0.014821,0.000176,-0.001405,1.092,0.047,-0.045,5762,1.7712652454694187,0.079084235136132,-0.18309100671432701,656,6442340,13.137,2e-05,0.9893669262544255,0.013771961007228026,0.9998499210175134,2e-05,0.999829924019093
6442340,K00664.02,2,CANDIDATE,0.999,7.78199862,20.25474,1.32,0.21,-0.19,0.010595,0.001369,-0.001188,1.092,0.047,-0.045,5762,1.2662138368361442,0.17244781878730392,-0.15126319031680815,657,6442340,7.782,5.9e-05,0.99103006783906,0.04042569645160739,0.99961868733654,5.9e-05,0.9995597098339871
6442340,K00664.03,3,CANDIDATE,1.0,23.4433748,11.136332,1.29,0.21,-0.18,0.010373,5.7e-05,-0.002164,1.092,0.047,-0.045,5762,1.2396825039642587,0.05378939723777193,-0.26361799641226863,658,6442340,23.443,0.00029,0.9912632830752433,0.10095150828493714,0.9990103333404549,0.00029,0.9987206203437862
8711794,K00105.01,1,CANDIDATE,1.0,8.981014925,183.9084,3.14,0.43,-0.48,0.029697,0.000371,-0.000184,1.082,0.047,-0.044,5666,3.5166026204694187,0.158946460807361,-0.14465453638184772,22,8711794,8.981,0.013,0.0006878137389945762,1.426592339651567e-07,0.9997927329402724,0.013,0.9867954274120488
10002866,K00723.01,2,CANDIDATE,1.0,3.936993144,76.264,3.36,0.74,-0.25,0.036449,0.0020859999999999,-0.003685,0.816,0.039,-0.037,5431,3.2550617525799144,0.2427068230946236,-0.36066971323280994,1088,10002866,3.937,0.0018,0.9206792357536208,0.0005241838788944524,0.9999548154551977,0.0018,0.9981548967873783
10002866,K00723.02,3,CANDIDATE,1.0,28.08185982,58.22654,3.63,0.8,-0.27,0.039445,0.000254,-0.0014529999999999,0.816,0.039,-0.037,5431,3.5226182016108734,0.169881631326448,-0.20579141640899604,1089,10002866,28.082,0.00038,0.972115732308404,0.003222502451407954,0.9999072665744124,0.00038,0.9995273018131141
10002866,K00723.03,1,CANDIDATE,1.0,10.08881066,82.97855,4.71,1.04,-0.35,0.05115,0.001702,-0.0094709999999999,0.816,0.039,-0.037,5431,4.56792802668009,0.2660198358756782,-0.8707949821163505,1090,10002866,10.089,0.11,0.8603828392927152,0.000348427917443434,0.9999434397456173,0.11,0.8899496613735994
6707835,K00666.01,1,CANDIDATE,1.0,22.24814617,63.322964,2.72,0.41,-0.13,0.026424,0.000907,-0.003415,0.987,0.042,-0.04,5629,2.8542970522275355,0.15604862157518987,-0.38659695253857346,662,6707835,22.248,0.00015,0.9630398540283462,0.0019641501629161285,0.9999244702645821,0.00015,0.9997744815940424
10225800,K00729.01,1,FALSE POSITIVE,0.0,1.423799421,58.502357,4.69,1.31,-0.56,0.042151,0.004021,-0.000999,1.051,0.096,-0.086,5962,4.84835100769255,0.6403406140126955,-0.413031256271525,1096,10225800,1.424,0.00037,0.9769888570935539,0.0019688410165576145,0.9999535361570147,0.00037,0.9995835533486366
7630229,K00683.01,1,CANDIDATE,1.0,278.1243979,51.01961,5.86,0.94,-0.5,0.051146,0.000614,-0.006644,1.097,0.048,-0.045,5799,6.140472030487037,0.2786094936450226,-0.8364894707780038,786,7630229,278.124,0.81,0.8213968817540448,0.3213648489394739,0.8970330122315899,0.81,0.17043627232400205
7906882,K00686.01,1,CANDIDATE,0.952,52.513548727,766.6954,12.43,1.67,-1.22,0.116129,0.000296,-0.000415,1.061,0.046,-0.043,5589,13.48464525599358,0.5856406519751279,-0.5486235167959935,789,7906882,52.514,0.26,4.1972763176300625e-27,9.464386724444389e-27,0.0,0.26,0.0
8557374,K00692.01,1,CANDIDATE,1.0,2.462344253,32.406216,1.33,0.22,-0.07,0.012128,0.00042,-0.000183,1.104,0.048,-0.045,5736,1.4653511764409766,0.08145083170491012,-0.06369016893492739,796,8557374,2.462,4.5e-05,0.9901293317357551,0.014802433242640958,0.9998502163496238,4.5e-05,0.9998052230898881
8557374,K00692.02,2,CANDIDATE,1.0,4.822969318,25.570423,2.22,0.35,-0.12,0.020176,0.001168,-0.003096,1.104,0.048,-0.045,5736,2.437741205134659,0.17649105679628133,-0.38704269353077414,830,8557374,4.823,0.12,0.9907520640505146,0.025850540736119722,0.999752301221093,0.12,0.8797820250745619
8802165,K00694.01,1,CANDIDATE,1.0,17.42115972,86.8946,3.11,0.47,-0.15,0.0292769999999999,6.6e-05,-0.001819,0.95,0.042,-0.04,5679,3.043922799993697,0.13474826496924852,-0.22845801431093501,833,8802165,17.421,8.3e-09,0.801237478901251,0.00029341548644498254,0.999927191225616,8.3e-09,0.9999271829262203
8805348,K00695.01,1,CANDIDATE,1.0,29.90721859,71.085464,2.16,0.26,-0.19,0.022053,0.000453,-0.0002529999999999,0.932,0.04,-0.038,5739,2.2494018369619937,0.10702860606868024,-0.095275232333506,834,8805348,29.907,3.1e-05,0.9304745180957545,0.0012375536303801831,0.9999074148471726,3.1e-05,0.9998764177173124
8962094,K00700.01,1,CANDIDATE,1.0,30.86436512,46.549694,2.23,0.28,-0.1,0.024615,0.000186,-0.002856,0.905,0.039,-0.036,5677,2.437989747593129,0.10666546090806907,-0.29903502714889063,839,8962094,30.864,0.0054,0.9844871383034864,0.008286534516599288,0.9998683355263109,0.0054,0.9944690465144689
8962094,K00700.02,2,CANDIDATE,1.0,9.36059705,33.322113,1.42,0.17,-0.07,0.0156509999999999,0.001047,-0.001573,0.905,0.039,-0.036,5677,1.550151433661581,0.12335400029830564,-0.1675567861557056,840,8962094,9.361,0.00094,0.9898784081243373,0.015575691013221198,0.9998382173428385,0.00094,0.9988983694185362
8962094,K00700.03,3,CANDIDATE,0.997,14.6672293,25.679129,1.21,0.15,-0.05,0.013386,0.002676,-0.000566,0.905,0.039,-0.036,5677,1.3258147780329725,0.27113231780963404,-0.0769683138670173,874,8962094,14.667,0.0033,0.990647080486017,0.030381220189809294,0.9997041766662779,0.0033,0.9964051528832791
8962094,K00700.04,4,CANDIDATE,0.976,68.1609897,17.723257,1.45,0.18,-0.07,0.015986,0.000292,-0.000699,0.905,0.039,-0.036,5677,1.5833314688207905,0.07410823989954823,-0.0935949990589325,875,8962094,68.161,0.046,0.9907160707898721,0.12990636186831986,0.9986009055321943,0.046,0.9526652638777133
9266431,K00704.01,1,CANDIDATE,1.0,18.39629744,57.642532,2.47,0.23,-0.12,0.02808,0.000233,-0.004025,0.762,0.032,-0.031,5316,2.341723048074503,0.10024137276951806,-0.34892101796725644,883,9266431,18.396,0.0025,0.9750836401930749,0.0028400478478572064,0.9999272214242139,0.0025,0.9974274033706534
9578686,K00709.01,1,CANDIDATE,1.0,21.3851584,58.81958,2.17,0.18,-0.15,0.0240599999999999,0.002815,-0.000748,0.857,0.036,-0.034,5376,2.2566276261640987,0.28052516997763666,-0.11374145380505714,926,9578686,21.385,5.9e-06,0.9726102618879071,0.002735130327278973,0.9999227645756906,5.9e-06,0.9999168650313797
